# SPDX-FileCopyrightText: 2026 Christopher Parrott for Pimoroni Ltd
#
# SPDX-License-Identifier: MIT

# Generated from editor/*.html and the autofx tables by tools/build_editor.py.
# Edit those and rebuild; edits here are lost.
#
# Each page is its length, its first and last characters, and the whole page as a zlib
# stream. The ends let a mount see the drive already holds a page without inflating it.


PICKER = (641271, '<!doctype html>\n<html>\n<head>\n<meta charset="utf-8">\n<title>Mighty FX Picker</title>\n<script src="catalogue.js"></script>\n<style>\n\n:root{\n --bg:#f5f3ef; --panel:#fff; --ink:#26221e; --dim:#8a8378; --line:#e2ddd4;\n --accent:#00857d; --accent-ink:#fff; --strip:#1f6feb; --mono:#c2570f; --dark:#191b1d;\n}\n*{box-sizing:border-box}\nbody{font:16px/1.5 system-ui,sans-serif;margin:0;background:var(--bg);color:var(--ink)}\nheader{display:flex;align-items:center;gap:.8rem;padding:.8rem 1.4rem;background:var(--panel);\n b', '\n  try { localStorage.setItem(WROTE_KEY, text); } catch (e) {}\n}\n\n// ---- the page, started ---------------------------------------------------------------------------\n// Every part is in place, so the always-on tab takes what they hold and the page is drawn once,\n// then the lights are set going, or held on one frame where motion is turned down\n\nstate.always.body = capture();\nworkOn(chosenTab);\nshowChosen();\ndraw();\nif (HOLDING_STILL) { beat = 0.37; paintAll(); } else { step(); }\n</script>\n</body>\n</html>\n', (
    b"x\xda\xcc\xbdyw\xdcF\x96'\xfa??\x05\x9a\x9a\x1a\x91\xe5\xccT\xae\\\x92\x96\xa6%\x97\xeb\xb9\xce\xb8\xec:\xb6\xfbt\xcfskx\x90\x99H\x12V&\x90\x05 E\xb18\xfc\xee\xef\xae\xb1\x00\x81\\$W\xbf"
    b'qw\x89$\x10\x08\x04"n\xdc\xb8\xeb\xef~\xfd/\x8b|^=n\x92\xe8\xbeZ\xaf\xde\x9c|\xad?\x92x\x01?\xd6I\x15G\xf3\xfb\xb8(\x93\xea\xf5\xe9\xb6Zv\xafN\xe1r\x95V\xab\xe4\xcd_\xd3\xbb\xfb\xea'
    b'1\xfa\xf3\x7fD\x7fK\xe7\x1f\x92\xe2\xebW|\xfd\xe4\xebr^\xa4\x9b**\x8b\xf9\xeb\xd3y\\\xc5\xab\xfcn\x9b\xf4~+O\xdf|\xfd\x8a\xefa\xa3\xea\x11\x1b\x9fL\x8b<\xaf\x9eN\xa2nwv7}\xb1\x9c,'
    b'G\xc9\xf2\x06\xfe\xda\xc4Y\xb2\x82\x0bK\xfa+\xcd>L_\x0c/\x86\xc3A\x82\x7f.\xd2\xf5\xf4\xc5U|5\xba\xbc\xc2?Wi\x96L_$\xc3\xc5b1\xbe\xc1\xae\xe2\xf9<\xc9\xaa\xe9\x8b~\xffjr\xb9\xb81'
    b"W\xb8\x1f\xe9\xb3\xac`(\xd3\x17\x83\xe5\xc52\x99\xe1\x85u\x9e\xe5\xd3\x17\xf3\xe1\xe4\xb2O\r\x16q\x01\xad\x07\xd7\x83\xd9`qs\xf2|\xf2\xc7\xa7Y\xfe\xa9[\xa6\xffH\xb3\xbb\xe9,/\x16I\xd1\x85+\xcf'\xb3"
    b'|\xf1\xf8\xb4\xcc\xe1\x8d\x83\x8b\xcd\xa7W\x83\xde$*\x1f\xcb*Yw\xb7i\xa7\x8c\xb3\xb2[&E\xba\xbcY\xc7\xc5]\x9aM\xfb7\xb3x\xfe\xe1\xae\xc8\xb7\xd9b\xfa1.\xce\xf0\xdb\xcfo\xe6\xf9*/\xe4o\x18'
    b'\xe7\xf9\xf3\t.CR<-\xd2r\xb3\x8a\x1f\xa7\xcbU\xf2\xe9&^\xa5wY7\x85\xce\xcb)~RR\xdc\xdc\xc5\x9bi\xef\xaaH\xd67\x9bx\xb1\xc0\xc1\xd1_\xd1\xa07\xc6\x8b\x8d\x97\xd1\xd4\x9e\xc3D\x99o\xa8'
    b'\xaa|=\x1dl>Ee\xbeJ\x17\x117\xc3Y=\xbf\xd9\xe4eZ\xa5y6-+X\xe6\xc7\x9b*\xdf\xc0\x07\xfc\x03F\xb8H>M\x87\xfd\x1b\x1cU\xf7\xa1\x801\xe0?:\xe8\xe8~@3\x82\xd3\x95L\x07\xbd'
    b'\x01\x8eD\xbf?\x8a\xb7U\x1e\xf5\xa3>L\xdd\x16\xde\x9d\xf1\xe4\xa5\xd9=LSe\xbf\x02\x87\x1f\xf5.\'\xf4\x154\xd6\x96A\xca\x87\x14\xf1"\xdd\x96\xd3\xab\xcd\'\xfc\xb8\x96\xcf\x9eo\x8b\x12\xe6y\x93\xa74yv'
    b'\x90\xbd+|\x91\x0ei\n\xb3\x1e\xcfV\xc9\xe2)\xdf\xc4\xf3\xb4z\x84\xe1\xe8\xb3\x8bd\x19oW\x956\xed\xc1\x07\xc8\x08\xdc5d\x92\xf3\xd7U\xaf\xd1[\x1f\x12\xdcB\xd3\x8b>\xcc\xc3:N\xb3\xa7u\x0c3\x99.'
    b'\xaa{\xb8\xe6\xcc\x17\xaf#M\x9a\x99\x9b\xbe\xac\xee\xf3\xc9I\x8f>\xec\xa9\xed{\x8f\x98\xb8\xc1\x98fN\xdf\xc1\xab\xa6dd\x063\xc4\x8b0d~ot?t\x17\xda[\xe6>,\x1e^h%\xe0Y\\&8\x10'
    b'&\xe1\x0b\xfa\x1e\xee\xf6M\xb9]C?\xb2\xad`\x8a"\x1aKp[\xd57N}\x89O\xa2#\x06p\xb3JK\xf8\x18\xe4N\xd3,\x87;\xfa5\xf5\x91M\xa7\xb0\x80\xb3\x0fi\xd5]\x00\x9bLWe\x17\xae~p'
    b'\xb6+>\xdd|h\x96,\xf3"y\x9a\xc3g!\x8b:=\xbd\xe1\x15\xef\x8dq^o\xee\x99&\xe4/\xda[\xe5}\x81l\xabo7lAm\x86\xb5\x15\x05\xa6h\x16T\xb6t\xb0\xc9IT\x150y0\x8c50'
    b'\xdf*\xae\x92\xb3\xf1d\x91\xdc\x9d\xf3\xf5\x15^\xe8\x02\xb9t\xf0\x9f\xf3\x1b\xba\xc8,\xc0<\x17\xf5\x06\xc3R\xbf\xed\xd7|\x93d\xef\x1b_\xd8xIw0j\xbcf\x88\xaf\x81\x7f\xce\x1b\x13u\x9f\x7f\x04\xaa\xd5\xce\xda'
    b"\xb7Wx\x14O\xbcj:\x0fD\x86\xd0\xb2\x8c\x1f\xcb'w\xef\x8d\xfb\xfd\x06\x07\xf0\xe8\tg\x0c\xf7\xd8\xfc>\xdd\x98\x95M3\xa4\x99\xeeN~<\x9ex\x0cyD\xaclB\x17\xed:\xf2\xb6\xbb\x86]\xc7\xef\xa4\xa3"
    b"\xc9P<\x0f'H\xf3\xcf<\xa2\x1e\x9da\xcd\xadO\x97\xcf\xb5\x11\x9ek\xcd6xU\x9bDi\xb6\xd9V\xbf\xa2$\xf0:\xdb\xaegI\xf1\xfe\x89\xc9rL\xdb\xdd~\x07\xedB\xfa\x9a\x9b*\xf9Tu\xe9\xf3\xf5\xc3"
    b"\xf5\xc3\x1cfS\xdc\xcd\xe2\xb3\xe1d\xd2\xd1\xff\xc1\x1c\xd4\xd9\xceE\x9d_7\x1f\x1a\\\x9c7\xa6H\x8f\x8b\xdaz\xea'\x95\xebx\xb5j,\xb6a\xe6W\x13\xd30Y%\xf3\xea\xe9\xff\x82\xa1\xd7\xa7y\xc8\x07\x92;"
    b'\xcc(\xdf\xe0V|j\n\x0b\xdc\xaa\xb7(r\x8f h\xb3m\xe2\x02VH\x8f\x82~}<\xde!M\xa4-lh\xe0\x9c\x06@\x8ft\xdf\xce\xa0\xf7N\xde\xb0\xe6\xb0\x1c<\x9f\xbc\xfac\xf46"J\x8c\xb2\xbc\x8a'
    b"\x96iU%\x8b\xe8C\x92l\xca(\xad\xca\x88\x9e}\x80\x89H\xe0\xcf\xe8!.\xa38[D\xd5}\x12\xf1\xc1\x82mx\x1c\x1d\xba\x9a/\x97 W\x80\xe0\x00\x03\x82\x9b'Q\x04\xbd\xc3#08\xa0_j\xb2N\x17"
    b'\x8b\x15\xb6\xa4\xbf@\xb2\\\xd3/<\x88*\xcf?D\x7f|%\xfcB\xb6\x8e\x11o\x8a\x048R\xfa1\xe1q\x97\x11\x88\xad\xab\x08\xc6\xf4p\x9fB\x8f\xc9\x02Zew\x1d\x1co\x86\xc3\xbd\xcfW\x8b\x92:_%\xd9'
    b"]uOc\xa7\xe9\xc5\x11\x82\xcc\x9c\xdd%\x1d $\xe7\xfd\xb3d\x95?\xc8\xa8\x1f\xcb\x086\x1c\xf6\x8f\xf7gy\\\xc0'\x95\xf4\x1a\x98\xa3\xda \xa3\x1e\x88!e\xc4<((\x82\xde\xac\x81\xd7\xc9\x9a\x8dF\x9bO"
    b'\xcf\xde\xf39\xbc\xe9M\x04\xe7Qu&\xec\xf1\x9c\xfe\xa0n\xcf\x9f>\xa6e:KW\xb8j\xf70\x7fI\xd6|\xba\x07SN\x7ft\x1aw\xe8\xb7\xd9*\x07\x15`ag3\x9e\xc1\x1e\xdaV\xc9\xcd*YV\xd3I'
    b'\xff\x0f$7N&\x7f\xf0N\x1f\xe7 \x80&\x1d\xfc\xe7<\xf0r\xef\x15\xcc\x96PR\x92#\xf4\xc6JM\xf3x5?\x1b\xf4\xfb\x7f\x88\xba\x11\xb2\xa8\xf3&\x8f\x12\xb2\xac\xe2\x19,e^\xc2\xda\xc0\xa6\x82\x11G\xf3'
    b'8C*\x9d%\xd1\xb6\x84%\xf8m[V@\xb6\x0f\xb8\xe2\xe9\xfc\x1e\xd6,\x05z\xc03\xa6\xc4\x05\x86\x83\x04n<\xd2J\xc1,Bw=\x1d\xa0\x15\x17\x91\xc3\xa04|\x98\x00?1\x07\xbe\x11\xa6oj\xa7\xd8\x90'
    b'\xd9\x01\xf6\x19\xf5\xe0\xa1\'l.[\xed\x17"\xf8\x07\xa4}\xd0\xd6\x90X\x91\xb6\xe2\x8a\xc8\x8e\xfe`Z\x9c\xc5\x85~\x13\xed\x91m\x16\xc53\xd8\xbaH\xd4@\x81s\x98p\x90\x9a\xf2\x9e\xb3\x07\x90f\x99\x8c\x13\xa0b'
    b'\x12yK\xa2\xed8*\xd3E\x12=\xa4\xd5=.\x14\xb4Y#q\x17\x15opx\x15\xec\x8e\x8f\xb0\x95\xb1E\x04\xe2\x10\x8f\xe8\x9e\xc9~M\xb3\x87\x1f\xd3\x83\xb7\xe2\x88\xf5\xd4FZ\xe9]\x93(i\xe9z\xc0\x8a\xc0'
    b'\xb3\xffH\xd4{\x80.\x9f\xdc3|\xd8r\x86\xc3$\xfd\xbf\xc0\x11`q\xd3\xac\xa3s\x81\xdf\x0c\xc4\x83\xdb\x16\xf6\xace\x1b)\x0f\x13w5\xa8\xac\xf9j\x05\x9f\x94\xd1\xd7\xa6U\x8f&[\xf8"N\x8e\xe1[[\x98'
    b"/\xe4\xbd\xd1v\x03_\x1e\x7fL\x98C\xc4\xb0\x06\xa5LsLS\\\xc28\x98\xf5\xc1\xb2\x00\xcd-\x8a\xf8!\xa3\xf9\xe0\xb7!'\x05v\xba\x04\x8e\xd1\xfd4%\xc9\xdf\xfc\xad\xdbTO\x0b\x9a.\x16\xcbo\x9c\t\xec"
    b"\x0e\x94^\xb4K+\xb1\xf2\x15\xf8\xfc'\x99\xdck\xe2\x19;\x1av\xab{\x90\x0b\xdc\x83\xe5\xc5|9\xbf\x9e-k\x07\xe2\xf5\x01=\x15\xd0\x89\xd7\xd3\xb2\x9f$I\x1c\xee\xe9>\x7fX\xc28\x9d\x05\xbe\xbc\n-0\x91"
    b'\n\xb3\x81!+\xc3!\xf9\x84\xba\x81\x87\xd2\x18~\x82\xa4\x03\xa7\xf0|\n\xbbw\xbb\x82\x81\xc1\xdf\xa5\xd9K\xd5\xbd\xddBpzF\x0b$\xdf"\x86\xf5\x14R)\xe3t1\x85\xe5\\\xc7wY\xbaL\xe12\x91\xc1\x03'
    b'l\x8b\x026"\xec\x10^T>\x03h\x0f\xe59\x90\x01n\xd2\x02(\xb8D\xee\x1f\xeb\x9e\x95m\xe5\xbd\x01\xb6\x17\x8e;\x9b\'H\x19\xa2k\xd2\x94\t\x17\x1c\xf0&\xf17\x88U\x11oB\xf2\xeaI\x14`@\xc8\xed'
    b"\xd2\xe5\xa3\xb2T\xbd\xdc\x142\xdcA\x88\x88\x9ed\xac&\x1f\xa7\x01\xfb]E\xe5\xc7;\xc3%\x89\x91\xf2~\xed\xc2\x7f\xb2'i\x96\xe6\tlDe_\xb8sy\x0bA\x03e\x07\xf7\xf1\x86x4=\t\xb3\x06\x9d|"
    b'\x0b\xa3|\x8cV8G\xf8LL\xbd\xf4\xa2o\xb0\xaf\xe87\xd0\x11\x81#T\xf9]B\x13\x8fK\x8d+-\xc7B\x87\x1656\xa7\x04<\x0fwq1\xe1#\xa0W\x91;\x96 #0W\x10\x96\x82\x17Ef\x88\xca'
    b'm\xb1\x8c\xe7\xc9\r]D\x9a\xc0\x8b\xf0\xd1\xf06\xe6\xb9x\xbd*\xb6\xc0"\x91\x01\xe0\xae\xf4\x0e\x0c<\x1d@E\xf2\x0e\x0e8\x12\x93j~\x7f\x03gU\xd1e\xc9\xd0\xd5V\x85%\x0ch\xff\xc3\x14\xfc\x00\'\xdb|'
    b'\x95\xc2\xd4,\x84q#\x13\x9a\x13\x15\xe3A\x064\xceCa\x1e\xa5\xbc\xd1%F\xc3\xfd\x98K%\xf3\xa6\xe8\xe4l\xc1\xbe\xca\x9a\xc3\xdf\xdb^c\xa8\xfb\x99F\xd1\xdb\xa4t\xea\xee\xa0>\x92\x98\xee\xe3E\xfe@&\x89'
    b'~\x84c"9\xbd\xdf\x19\x8cF\x9d\xc1\x90\xa5t\x9a\xa9\x7f\xc7\xb9\x10\x99\rg\x98\xe4\xd2;\xf88$\x05Z|\x95.W N\xbe\x84+\xb0\xc5\xf1\xad0J\x90VW\x0b\x96\x14\x98\x18\xe0pER!\xc1O\x17'
    b'\xda\x9c\x82k\x98\xe9RDD\xb8\x07\xff\x8f\xf2\x07\xbd:^\xc3Y\x92\xce\xab-\x12\xf7C\xca\xfb\x1f\xbf\x16$\xc1\xb4\xf27\x8a\xdd\xfd\x8e\x99\xccQO"\xfc\x1f\x99\xdaL\x07=x\x11r7\x97\x07\x17\xc9&\x89\x91'
    b'\\i\x85\x80\x19\xdea\x170\x7fl\x1b\xe8\x08\x8f\xd6\x9f\xd8k\xe7$z\x91\x8c\x93\xfe\xe2\x9a\xfe\xd2\xdf\x07\xac\xce\xc3\\~S\xdb\x93\xb2Yx\xb6`\xd3\xcdHf\xceV\x8f<[\x19~\xb6\xcc\x15\x13\xe3\xea\x81\x04'
    b'\xe5U\x9c\xd2<\x9a=\xc9\xa2\x87,\x10Rr\xe2lq\x96\xd4\xf0\xf0\xae\x1f\xb2\xb0\x03\x90VhK3\xd9\xd8y\x85^\xca\x80\xf8\xca\xd6N\x12b\xfb7lv\xe9\xd7f\\\x08\xb3\x0bc\xc8\xaaR\xad>\xdaik'
    b'\x9f"\xd3\xf5o\x02\xe2\xf0\x7f\x90<\x8c\x96\x9aZ\xe7$\x08\xc8\x86\x80i\xec\x16\t\x1e\x894\xd9\xdf!3\xc6\xd9v\x89\xb7\x84\xd3\xb3\x94\xd9\x81i\x9c\xd3\xfe\x9d\xe7[ \xd3\x19\xf1L\x8f\x97\xc6,\x97\x08\x83[$'
    b'\xf3\x94t+3\x85$\x1b\xe2\xb1\xf5\x81\xdeCs\x8ao\xc8\x94\xf5e\xd8-P\xd6B\x16\x10\xbb\xc4\x97\xeb\x01\xa8\xc3B\xea-\x8dv\x84\x04\x07\xbc\xa8(\xd2\x04\xb9\xf3&\x06}\xeb>^\xe5\xb4NrR\xde\x01\t'
    b'\x80@\x1eGh\x93\x17\n\x02\xd2Q\xc9\xd44\xb7\rg\xb4Z\xbca3\xfb\x1e\x90K\x93\xd5\xd2[\xf7\x90M.\xbcj\xc8\x85\xade\xcd\xea6r\x1a\x13\x1b\x13\x06L\xf7\xba\xfd\xde\x04\x1f\xa9s62R6\xd8\xd2'
    b'@\xd9\x92g>\xb8\x9a \x1d\xa8R\xd1w\xcdqr\x11\xf4r\x16[~\x80}\x0b\xe7R\xbe\xbd\xbbg\x9e\x0bS\x9c\xa2\xf4\xa0\rAN*\x9d\xf9B\xbd\x80Es3=\xb1Y;m\xc6S\x1cW\xce\n\xc9\xd4\xd2'
    b'z\xcbD\xb2,\xe0O\xa7oj1\xb3\xed\x1b\xf6\x8c\xbd@&\x11\xe7\xd5\x9b\xc2Ah\x02\x8d\x10A\x1c\x9bt\x19\x90\xbbh\xff\x97\xccN\x91V\x1f\x88\xd0\x97\xa8\xc4\xcc\x92\xea!A\x1e\x8eR\x9b5:@\xc3Y\x82'
    b'\xc4\x1c\xa7\xeb\x1a7\x98N\xe3%\xec<C\x14qU\x15g\x8b\xb8\x8a\xbbhD<\x0fP\x88\xbaQ@\xff\xb4\xa4\x11Twu\x7f\xfb\xea\x1d\x1a\xdf\x8d\x01\xa8?aC[\x80\xa9O\xc2\xc7%[\xbeCf\xc4\x0b\xd4'
    b'\x03^\rz\x17a\xf3\xf9\t\xf2\x80*\xe9\x96\xb0\x14h\xf3&\xcd\xd3\x12\\\x80\xbf\xb5\x10\xa1\xf1\n\x8d\x02\xeb\xcd\xb3\xe9\x98\x87\xb8\x05Yd\xfd\x03\xcd\x19\xf8\x15\x0f|r\xa0\xdd\xdf3V\x91\x8d2\xf4e\xa2G\xa9'
    b'\x16Ej\x82\xb9\x08Ba\xba)\xd3\x12\x17\xaei;\xb0c\x8e\x92\xb5\xe8$\xe2)(\xd6\xf1\xaaa\xcfkj\xa1$\xb3d\xa4!D\x8e9\x9a5\x1bv\x80\xb0\x85bN\nu,\x07!\xb2\xc1G\xdc\x93E2E'
    b'\x19\xf2\xee\x8e\x84V\x12"\x90\x90y/\x8bB\xdf\x89r`\xb9\xf1\x87$\x8bP-\x9f=*\xff\x05\x15\xac,\x8d\xe8\xa9\xbc\x1fE`\x11Ba\x13\t\x8f\x86\x8d\x9e\xa4$\xfd\xa1\xd8\x07\x0c\x1e\xf5\x9ay\x05\\\x1b\x1b'
    b'\x81\x8e\x0f\xf2r\xd9!\xa6N,&\xa6Q\x89\xba\xb4\x02\xce\xbeN@\xc5BA\x13\x0f]\x92\xa22:\n\xeer{xT9\xec\xcfx\x13\x17\x15\xf0\xf9U\nz\x04[T\x92\xc5]\xc2\xb6\r\xe4\x8bhcm\x9c'
    b'y\xb5=1\xf2\xb9\x84k\xf4T\x85\x07\xf9\xbe\x91\x9b\x8d\x8b\xaa\x8b\xbb\xcex3o\x02\xe6@\x1a\rSq\x87~\xef\xa1\xed\xaf&>\xd5]\x12\xd8Nl\xb1\xe1\xa3\xc4\xe7\x12;e\x00G\xa4\xc7\xcfT\xd5\x8f8\x84'
    b'\x95E\xfa!N\x01]\xeft\xff\xed\x90\xba\xeb\xeau\x9b\x18.J5o\xd8K\xda\xaf\xe1\xdd\xba\xcf\x08v\x12\xb5h\xa1\xfb\xcf>g\x89x\xd2;\xce\x024\r\xd3\xcd\x9b\x01\xed\xe1!.2\x7f\x1a\xe8\n\x1d9?'
    b'\xa1\x85\x88\xb7\x91\xaaJ\xcb\x9c\x7f\xa7-\x96\xb0\x8d\x10\x0f\x98\xcc\xe8tj\xad\xd1cB\xdd\xb7$\xbb=\xc0*g\x8fz\x82\xa1\x12\x9a\xa2\xfeO\x9b\xb9bQ5_.\xad\xd6\xc8Vi\xe2\x07\xd4z\x99<\xe8\xc9\x8f'
    b"oNXc\xc0'\xcb\xb02Y\xb3,\x0e\xc4\xb4FOD\xb0u2\xb1-\x06\xac(\xb4\xdcc\xe2\xcf\xcc\x9e\xc7m\xe7\xca\x0e\x1bM\xbf\xce\x87\xd1\xc9F\x06\x92/\xb5\x96J\xf0\x03p\x0e\xb5\xf7\xec\xf6\xed\xf1[\xdb"
    b'=`#v\x7f\x9b\x93y8\xb1.\xb0}\x9b\xcb\xdb\x8d\x970\xedM\xef\x8f;\xb8\xd0\x89\xc3\xa3\xf3\xac\xbd\xc6\xdc\xbb\xcdD\x9e\xed\xd4\xa8\xd1\xdarg\xccQ\xa1\xe9\xef\x12 \xd0\xf7\x02\x04x\xa6\xd9\xc7\xef\x9an\xc5'
    b'\xdb\x8a\xe3k\x18v\x94\x7f!\xff\x13\xe6\x85Z\x8dm\x1e\xf5P\x8d\x01\x95~\tz\x1c\x8b\x1b\xc0\xb5\xf3\x0fIM\xad\xe7\x8b]e\x87c\xeb\x98\xban*N\xac\x95\xc9\xbc=\x00\x03O\x88\xc8]5\x12\xe9\xb1\xa4c'
    b'\x93\x0fC:\xb8:\xa4\x94\xa3\x8e*22\xefO:m\xc5\x14b\x86\xcd\xbb\x06\x07\xed\x1e?>\xdf|\xae\xb5\x17\xfeCO\xd5M\x12\xfdK\xa4\xceU\xbc\xde\x04\xf60\x13e\x9dcr\xbc\x00Z\xe0\x1ba9\xd4\xd1'
    b'S\x9d\x8a\xe5\xc7\xe0w\x8d\xb0\xf1=\x882\x01wE<\xd3Q\xd4\xe7D\xd6E\x97\x82Er\xf6\x85u"\xa6\x06U\xe26E\xf21\x05f\x07\x12\x06\x8a=bxG\x9a\x8f\xef\na{\xf8\x0e%\xa2\xa0\xf1\xa7~'
    b'Z\xd3\x03\xac\xdf8\xfe\x9b\xd1Do\xad\xd8\xcbx\xa0\x91\t\xe3\x19\xe8U\xa1\xd7Dix;\xf4\xfc\xd3\xbc\xe50G\x96b\xde\x03R[RE5\xdd\xb1\xdf\xc1\xff\xeb\r\xcd\xfbf!\xe9\x9a\xb9\xf7\xc5N\xb5\xa0\xc1'
    b'\xbc\x83\x12\xb1g3\x13\xa3\x8ac,\xc5\x17\xe3b\xe2\xb2\xcc\xd1\xdf\x965}<\xc7\xf2\x1fC\xc3\x17D\xbbW\xea#\xc7\xde\xd1\x1d\x94\xef\xf7\x06\xd5\x8f\xbf\xf1\xa4\xd1\tL\\C\xbfp\xfa\xbd\x1e\xaam\x15)\xf7.'
    b'Fg\xc7c\x0f\xe5vt\xe5\xb2\xdd\x85,*1\x19\nQv\xdeB#\xd0\xc1s\xb4\xfa\x91\x9e\x8d\xdc\x06M\xb2@\xdbU\xee\xd9mh\x07\xa0p\xfd\x90\x17\x1f\x98\xf8q\x06\xe55\xdd\xddN\xc5@L\x93\x89\xdd\x9a'
    b'\xf0\xd1\xd8\x938\x14\x1b\\\xd5\xeb\x0fw\xc4\x9a\xc8\x8b\xcd;\xef\x8atq\x83\xfft\xa1\xf5\x06\xc5U\xdc\x14\xdbuV\x8a!\xf1\x0cyz\x17\xd9Z\x07\xce\xfcu\xfc\xe9\xec\x9a8Vg\xb0,\xce\x91\x94hl\x97\xf5'
    b'h\xb1\x91,\x03\xcc\xe1\xd3\x11\x06\xe4\x01\x1a\t\xeaz\x9d\xc3wv\xf0\xaaptS\xff\xaa\xec\xb8\x9b]\xe3\x9dp`\xc2\xb2\x03"\xfb\xff:\xd3P&j\x07K\x0e\n\xc4\x933\x8e\x19\xac\xaa\xdc\xddo\xb7\x96\x86Q'
    b'\x0f\x9d\x07\xea\xa7\x1b\xf2\x96\xf1\xd6\xbe\xf1ih#\xf3\x1fw%:\x1d\x80\x18\x81\xa5\xff/0\x05_z\xa6\xe0K\xd7\x14<\xb6\xd3\x11\xf5\xd0\xbek\x0f \np\x03&\xc4\x07\xd0\x84\xc3\xdd\x0e\x88|j1W\x1c\xa4'
    b'\xd4\xfbs/#j\x9f\xfa\x9e(\xda\xbeK_lN\xabD\xb7\xb61"\xc9\t\xd2\x11\x83\xabnf\xb6\x9e\x91-\n\xa5\x0b<\xb7\xc8\x82\x00G\x18\xba\xf5\xf2\xc5#\x9d=\xc4\'\xc9\xb1\x02J;E4#\xe9/\xe2'
    b"\xf2>Y4\xdc\x15\xe3\xf3\x1bi\xd5\x05\xbd\x00\xce\x81i\x97\xc3>\xd0\xbc\xa0\xc7\x95\xdb\x8f\xbb\x85\xf4\xcc\n\xf7\xe0\xc9'\xa6\xaf\xa0\x842\xa4c\xa6\xdaf\xd8\xe2\x00\xde@a\xbf\xc0\x01\x983\x89\xecAL\xa0)\xe6"
    b'\x9b\x8e\xd9}\xee\xf1\xf4 KoR\x85\xed\xc2\x11\xee\x0b\x8c\xccQ\xd9\x9e\xa4P\t\r\x0f\xd3A\xb3\x03j\xa7\x1d\x88\xab\xd9\x9c\xdb\x9e\xaa@\xa6\xcbc4\x84\x8b\x90\xad3\xec\x06S\xc9O\xac\x1a \xf1\x01e\x82p'
    b'\xd4CW$\x07\xcd\xf2&"\xf3\xd96\xa5p?\x9a\x9c\xce7y\x06C\x89\xcb\x8e\xb9\xb47D\xfc\xf8\xc3yP\xb7\xbe\xc1\xd8\xba\xb2(e\x97\xedG\xb2\xf5$\x02\x9fn$\xcb%\xc6\xe2\xc9\x8d~|\xb9\xbc\xbcj'
    b'\x06KC\xc3\x8f\xf1j\xab{\xf7E|5\xe9\xf7c\xba\xde\xd8\xd2\x12\x1cWv7\xdbl\xae\x0fL\x16\x17\x93\x0br\xd3\xd0\xb2g-G\xbd\xbc\xf3R\xde9\xcf\xd7k \x0b\xedD\xf2\x0f\x1c+`Z\x01\x1d\xcf\x9f'
    b'O$ \xf8\xa9\x112\xad\xd1\xa9\xb5\xc5l\xd0\xb2+h\xf0\x91\x08\xdc\xdac\xd2/\x92\xcb\xe5p9\xd8)\x1f]r\xf4\xb6\x1b\x93=hW\x8d\x9fO\x96y\x8e6\xda\x96(t\x89\xda\xf7\xc2A5\n\xfdf\xdf\xee'
    b'\x04\xe2<\xb1\x1e}\xd2i\xd8\xbd\xb3u|\xf5d\xf8$\x9b%l\xb6\x97%5cV\xc9\x86Jq\xbc\x92\x01\x92\xa33H\xcf%\xa9K=B\x89\xb8\xe81,\xaf\xbc\x89b\xf2\xbf\xa2\xa2\x98\xe9\xcd\xea\x1e\xf4\x84\x8e'
    b'Q\x1d\xe8O\x8aJd\xf7\xac\xbe\x1c\xfd\xba\xc2 \xa3\x98\x83\x148\xbe\xc9\x84s\x80\xd2\x95\x01\xb1\xb2\xe1\x07\xd8\xfd=\x99mJq@\xa2\xc5\x16\x03#\xacF\xc2c\x14%\xc0]\xcaa<\\\x8c\xfaF\x0fAo\xfb'
    b'\xac\xcd,\xcc\xdf\xd2E\xbbn`z0\xea\xca|\x01\x7f\x19v\x97a\xf8\xd1\xa2\x00i\xa4$\xbb\xaf\x06y\xd9/)\xb2\xa4\xe8\x89+\x85;0\xc6g\xf4\xa4f9Z!?\x98W<dS\xd6\xb0\xc9wR\xb9n'
    b'q~kJAc\xecR$Y\x18\xe7N\x83)\xe0\xa9*\xda$\x85\xbe\t\x8d\xc3\xeb\xbcP\xcf\xb0\x04\xbfd\x8f\xd8+\x9f\x9bhqu&\x12\xee\x07\xa2\x0f\x1a\x06%\xdb\xfap\x17\x9fq\xf6\xaa\x99JX\xbb\x13}'
    b'\xaf\xf1\xfa\x8e\x8a\xc6\xdb\x9f\x18\xa4m\xe7\xee\x01\x1c\x84\x04\xbe\xb3]\xc0\xfb\xddi\xc3\xeb\xfc\xb7\xda\xdc\xca"Z\x0f\x17F\x97\xdc\xc1j\xc2\xa4\xa3{\x8b\'\xdd#\x00\x90Bbt\xecfv\x91y\x8b\xf02i\x8fl'
    b')"\xda\xc8\xa2e\x91\xaf{\xb2\x05\x89\xf0\xfdh$\xfe.\xf2\xdb\x8a\xf0\x88\xfdR\x1c\x03\xc6F\x90ky\x9d\xf0\xc6\xbe\xb3j\x0e\xa9\xa9\xac\xaf\x9b\xb8\'\xfd\x02\xdc\xc8 \x8be\xaa#\x9a\x15\xeb}H\xb3V\x01\x86'
    b'f\xaa!\xbe\x0cH|\x81\xab\xb8\xaf6\xd8A\xd4#sl(n\xff\xd93\xa21\xcb \x05\x19\'\x88\xf8S\xcf\xf2"\x0e\x1b\xa2s\x0c\'\x14\xb7\x10\x9a\x85pF>)sH\xab\xa9\xce\xb4\xb07$\xe8\x15\x86\x98'
    b'\xa2\x8b\x15\xcd\xb9\xa6;\x9c\x96\xe5\xb6\xe0\x80#r\x7f\x88\x7fR\xb6I\xcd\'\x0f[\x9cwS"\xc1I\x96\xf3$\xd9\xc2\x86Mg \xf4BOw\xe8\xce\xc1\xc9\xd4\xa9hW\x15\xd5\x1dB\xf2\xd8@\xc2\x19\xea\xfb\xca'
    b'x 8\xfe\xa1\'\xba2\x1b\xa6\xf0\xc9\xbe\x04\xd52k\x93Q\xa3\xf2\xcfb\xf6v\xc3\x11\x17\x18\x7f\xa0\xe1G8qdUC7\x91D\xd9\xc1\'\x94\x89L\x1e\x87\x8cp\xd0\x1c\x19\xd2\xe9\xdb\xe0w"\xea\x9cg\x0e'
    b'\xe3\xc6\x88\xe9\xc6\xce\x8c(\x15=5\xedN\xed\x1a\xd9\xe1\x06 k\xe5\x19\xed\xb0\xf2\xe8\x03=\xf6z:\x8f\xb5<\x85\x13\xf8#\x85\x9dUD\x80\xa0W\x98\x00Bu-|H)\xbe\x82B2\xd4,\xd0\x93Xf\xe4'
    b'\xa6x_Y,\xb5\x15r\xe4\xe8rf\xe3\xcc\xa7\x91\xde1\x98\x1ecp\xb6\x15\xc7\x1d\xa1\xbbpjt\x13Z\xc2\x19lW\n\xf5\xb0\x94\x9b\xab[\x1d;\xc6\xb0(\x8fE`\xc8+\xb5G\xf5^\xe8\x15\x13Hs\x0c'
    b'a\xa2\xb0j\xf6\xfb\x91o\x02\xd8\xee\xa16\x8cq3\x19Nl\x18\xcf\xdcQ\xd4\xcb\x97O\x07\x193n|Z\x1e9}8\xa9\x88\x9e\xf1\xa8\x96\xc3s\xd94\xcdq\xa4\xaa\xd3\xc9\x97g\x04\xfa&\x0bP\xb5\x97\xf1\xf2'
    b"\xda|-9\x8e\xdd0\t6\xa1#\x15\xfd\x9c.p\x97\x19A\t\xdb\xe3\x06\xca%\x0e\x87\xfc\xb9%\x8b,\xe49\xcay'\x89}\x95\x98\xb2\x9e\x11@7\xdc\x92\xce\x0f\x9b\xd3\xc0\xfcI\x8d\xe1D\x80\xbc\x8f\x81\xb0\x90"
    b"\xc5\xd3A\xe2EY\xe0\x1b4\xcc\x90;*\xa9\x91\x91\x12\xb8\x99\x89\xc6\x94\xd0\xcd\xbf\xd0\xd91{d\xf1\xc0Dh\xc3~\x02\xf9\x86\xa5\x96\x88\xd7\xa0\xc3'\x0c\x86\xd7\xa2+d!wKJ\xb6\x10\x8b?;\xb4\xd9g"
    b'\xbd\xb0\x02\x0b\x8c\xde%b\xdea\xe5\xdf\xb7q!^7x\xbf\xd8\xfaq6{4\x81Ou\xd3;\x9d\x0e]\xe1\xe3D\xb6\xfd\x9a\x95\xb1\xef\x88\xcd*\xd6\xdb\x0e\x95\xfc\x9a\x02}D\xff\xa0\xd0\xee%\xf7\te\xf9\xae'
    b"\xee&\xf7&gsH\xaf\x9c\xdd\x9d\x87\x06@\xa4\xbb\xd3S\xe4\x91tM\x91\xf5\x86\xd6\xeaPn\xcd\x82m\x0e'\x90\x86K\xd1D\xf7\xa0\xf7>\x1d\xa3\x9c\x0ew\xe8\xd6\x8eG\x8bt&Z\x9dH2\x10\xacyr "
    b'\xe1\xf4\xf8nt\xe9jZ";\xa9\x9c\xce\xe9o\xeb!\xaf\xa9\x81^?\xc1\x08\x18\xd7$z\xa1v\xe6\xb7lm\xa2\xe8&b\xef"\xa8h\xe6\n>/\xa9E\x12h\t{\xc7\xa6 %\x95\x04`\xc8\xf6#A\x85'
    b'S\x97\xac\xefP\x14R\xda\xaeY\x8e\xa6)\xe0\xf6x\xb7\xb4\xdc\x1c\x0f\x93\x07\x94Z\xc9\xa6\x8ff2\x1e\x80{n6\x12\xa5\xdd\x86\r\x03*;\xe7L\xe0=p-\xfc\xbe\x92w)l>\x0e<f\x05\x8ea\x01\x9c'
    b'8R9\x99@\xda\xc0\xbc\x0b\xb1\xa3#Od\x1e\x886\x0e+\x93\xc9\xed\x82\x93\xcaTn\xc2\xc3\xca\x15\xc0\x8c\x0cc\xcf=q\xeb\xf7\xa2oQ\xfe\xe0\x01\xd1\x14\xc6\x9c>\xc2\x99b\xcc\xc7(5\xccL\xfc"\xfd\x88'
    b'\xf7\x8d\x94\xac\xc3E\xde\xab\x8a\xa9\x88\x84\xf8"\xca\x1e\xa184\xe22\xad\x07\xa4\xe3\xe9C^3\xb0T"\x83\x93\xd5\xe6P#?\xbd\xe5\xc1\xc6\x00A\xabd1En\x97$\xff@q\x80\xc2o9 \x19S\xf4\x80'
    b'\x9c+\x16>\x8bx\xa3\xc2\x05\xfe\xbe!\x16\xbbEEn[9\xd1C\xb4u\xf1\x83\x90:Q\x85\xa0\xf8BGj\xd3o{\xb2\xb1\x00W\xec\x8e\xf0\xbe\x95\xbeo\x91\x16\xecJ\x9a\xb2\x05\xd1\xfdB\t\xc2QMD\xe4'
    b'\x1b\xfe]bU\x99\x8a\xcd%TD\xe5\x980\x06Xhb\xf2\x08qy\xb0g\x1da/Yo0\xc2\x04\x830\xbc\x0bn\xfe\x91{\xe7\r\xac\xf5\xaf\xe9\xe2\xbf\xbd>}\x17\x17\xa7\xef\xeb\x89\xe0\xd49y\xe2\xad\xf1'
    b'\xf1\xf9\xe4\x05^~\x1b\x898\xdd\xee\xd0\x95\x96\xefv\xb6\x04u\xe0\x99EIC\xfc<[l\x91&m@\xb5\x9d\x16;\x81\xe8\x8dj\\\xe0\x00`RG(\xe32\xb5\x94\x8d\x9a\x13+t\xe8d\x07Y^\xf7\x13\xe7'
    b'S\xb9\xbb\x8a^lb\xdc\x91\xe6\xf8\x94\xaf\x12L\xaa\xcbj\xe6\x14\x92\x1e\x8cB\x03\xcb\xa1_n\x14\x1aO\x88\xeb{\x01\xa3\x1a\xca\xa2\xcf\xe0\x0f\xf2\x97\xd5(\n\xb6A\xb7\xc0i)\x1d\xde\xc3\x81\xad\xf8\xc8KN\xd4'
    b'Y\xa7\xb0}\x8a\xd2a*3Nt\x93X9\x9b\x10gLHi\xc1y\xa0S\xfc(~\x83\x86ec\x8f\x1c\x94\x8a[\x1d\xc4\x0b\x94\x86\xd1.\x81\xfb1w\xbf\xd4\xcb\x8ak_\xeaPs\x8e\x15\xe1!t\x07mm'
    b"(k\x8e\x1b\x8dd[\xf1v&U\x0cwx\tj\xdf\x87\x84\xf9\x00\xd1PEN@\xcbHh?\xeb\x86bn\xc3\xcf\xd5\xd3\xfa\xe4mA\x03\xbdY\x9e\x03U\x81I\xcdO4\xdc\xe1'\xf2<\x8b\xb5\x80!\xf1\x1b"
    b"\x05\\In\x8c\x92\xb1\xeb\x8fD\xd9\xd0\xe1\x8aC\xad\x1dI\xe0r\xb2'I\r%\xfc\x83\xbdV\xc4c4kc\xaf'\xc4\xe2w\xb0\x8fm|@\xb6\xbe\xf8\x99\xf6\xf8X=\x95d\xbe\x9c\xa1J\xa2{\x87cZ\x1b"
    b'G&)\xa9\x7f\xc1M\x85\xa6\xa9\xcc1\xb2\x9a\xd8%\xd7\x92\xa8\x1a\x8a\xb0\x1b\xde-\x14\xe5\xcaJ\x81Xt\xc2\xc6\xbb\xae\xa0.hL\xc5\xd0\xf3\xcd\xf8\x96\xeb\x86\xf3\x05\xe3+\\\x8e}sx\x9e\x9c\x8d\x1f\xf5c\xde'
    b"\x8a\xbb\x19|jMn~\xb1\xb8\x9e_-';}.N\xcc\n.\xce\xa8\x16\xdd1 \xbf\x9brC\x13{\xdfn\xeb\xd2C\x86\x9b0\xdb\xec\x8a\xf2\xab\xfc\x81\xefq\xd0\xbdq\xc4\xe3\xb5\xfdy~\xe6;]\xf2\xb8"
    b'X\x0e\x96K\xed#\x94\xe0\xc7\xf6l2Np*\xb6\x8aFt\xde\xb1\xe0\x80DC\xa7\x18,\x08:\x04\x1e%s\x18%\x8ceZ\x94lt\xe3&,\xe2\x89\x18\xa8\x99!\xf8=\xe6`\x12\x89\x91\xe8\xcbpvO$'
    b"T\xa9B\xd3\x9dA\r\x81]'b\r\x1b\x9b\x94K\x97\x84\xabA\x83\x88x\x0e\xebL\xb7\xd1\xe2\xad#\xf4\x0c\x86v\xf6\x9b\r\xf7\x9f\xf2-c8X\x90\x08\xbd\xf3\xe8\xf35\xf4\xfep'b]t{\xea\xef\x18\xc9"
    b'A\xa7v\xeb\x10v<\xbd\xe3\x9d\xc7\x9c\xb9\xfb\x9e\x0f\x1e\xc2\xfb\x1f\xf2O\xe5\xd6\xef\xdb?\xd2\x9d+\x1d\x12\x18:\x076uF\xb8k\xfd\x1a\xccD\x92\xe7\xd8N\xd5\xfa\xae&\x7f\xbaq\xcc[\xc40\x98\x1b\x18\xb3<'
    b'\xb9\xfax\xef\x12\xc3\xc8r\x95d\xad\x85\xc8S\x07P\xb7\xc4+w\xb1QG\xac\xd3\x01%\xb5Ub\xbcE5\x01\xbe\xde\xce\xf3Q\x88\x12K&88\x16\x12\x0e%\x8d\xaam\x91\x19\x91\x99-nh\xe3\x98\xba\xf8\x03'
    b'd\x08g[o\x8e\xb9\x14\x1c\xd6\x9d\xb2SL\xf2\xaf2\x93<J\xa2<+5\x8a\xb5\x90Y]v\xb3\xda\x96N\xee$w%\xa6\xabFfq-~\xba\xd530v\xf6\xeeT\xed\xafb\xae\xb1y\x1a\x94\x9c\xb8_'
    b'\x89k;D%&ld\x0f\xf0\xab\x1a\xf6\xd0\xd8\xc1P:*\xae\xe2\x1aZ]\xef\xb0\xa1yR\x8f{\x86\r\x12\x84\x06\x84C\xdd\xf7\xd7;\xb2\x14\x92g\xcd\xceG)k. \x0b\x0b`M\xf7$Z\x1eg\x1d\xfa'
    b'\xc1`E_\x12\xd8\x04\xbd\xb4\'3\xb0\x0b^\x045ru9!\xb6N\x02\x10\x90glRp;\x0cP0C\x83\x01\xee"\x18&\xb7L\xc9\xdarg\xe8\xea\xb3L\x86{\r\x86\xc1XWv\x9f4\x82th\x0c'
    b'\x81\x88\xcdg\xa5\xfb\x9e\xd8,jQJu\xe26\x01\xa1\x12\x1fy\\\x88\xe3\x95\x13\xe2\xd8xsD\x9b\x85\t\x9bvJ\x13\x03\xacf.\x0et\x81\xbb\xfb\xc9\xa0H:1LMrk\xdde\x9e\xcb\x9a\xc5\xfe\xf0`'
    b'\xf781\xda\x17\xd0.L\x89\x9c\x90"\xdc\x96E\xbcN\x16\xbdU\x0e\x82\xdeS\xd34+\xbb\x01\xef\x7f\xf0yT3]\xa07\x1a6]0\xc3@\x04\xa8\x0f\xccudT\xe3\x88\xe2\x18\xfb\x8b\xd9b\xe8\xfd~\xc1!'
    b'\x8df\xb4\xb5\xd0J\xda\xd3ONF\x94\xa40\x8e\x0eKa\x94\x1e\x1c\xec2\t\x01\xb9jK^\xc1q\x94\xf7\xdb\n\x86\x90\xc7\xd5\x94\xceN\x0b\xf4U7J\xefK\xeb\nd\xcc\xf8\xd1\xfc\xd6\x85\xe1\x06\xec\x9aQ\x08'
    b"\x0b\x12Mg6\x1e\x8fG\xb1l\xd0\x86{u,7B\xce\xd5\xb6\x10zg\x03X\xc7\xd7\x8d\x93\xe0'd~P\x0e\xd1Hvy=&\xf52x\xc0\x90\x026\x98t\x06\xa3\xab\xce`0\xa6\x18\xcc\xe6\x1en\x82\xc1"
    b'\xb9\x8f\xf4\xaf\xc2\x8e\x90\xe0*8\x04\xd4\x16\x97\x8d\xd3\xa1\\\x7f\xc7k\x11\x82n7\x82"J\r-\x18,\xdfZyC0@\x08\xf1\xa4P\xb4\x06\x07[\n\xc9\xc0\x80I1\x98\x91\xec\xff\xa6\xab\xa6\x89K\xa7\xd3\xd8'
    b"'\x08\t\xfb\x8f\x0f\xf9Q\xe3(O\xed\x07\xcc~g\x0f\xb9y\x06\x8d(9\x93\xa2\xa7\xf0I\xfe+\xa3&\xe0\xea\x0b\xf4\xce./\x9dt\x08\xc2\x90\xc1\x07)\x11\x0b-g\xe2\x9b\xbf\x87\xb3U\xd3\x87\x18D\xceL\x14"
    b'\x1cq{\x93\xdfj"\x9b\xb5\x89\xf9\xe6\xae\xebzP^\x0b(\x96y1G\xb8\x1e\xe3Q\xbb\xac\xdb\x83\x96KwnG\xbc\x97\xac\xbdN\xb3\xdeB\xc1\x99\xde \xa6\xcb|\x0e\xbb\xbc\x19\xfc\xd3\xa0\xeb\xd1\xa4\x11\x05\xc4'
    b' \x0c;\x89\xdd\x7f\x1b\x07\xf5\xa2Xe\x83\x82\xcd\xe4\xf9A\xa7\x81\xe7\x82`\x99\xc1\xc4q}\x98\xa3\x99\x8f\xe0O\r\xde\x10\xc4\x14=r\xe1Z\x13"\x1aC\xdd\'Tz\x81\x9d\xf3{8\xdf9\x02Dl-&\xb6'
    b'\xb3\x07\xfa\xc8\xff\x0f\x18\xc5\xf0\xd67\xbb\x11\x8a\x87\x93\xe3!\x8a\xb1\xd7\xcd\xd3\xce\r\xd7b\xff5\xb1\xb5\x13\x9b\xfe\xfb\xcb\xbd\x86=\x99`\x19\x8c\x85\xd8.8\xef\x8duE\x8e\x8c\xa6\x98\x1buG|LV\x1d\t\xe6'
    b'\xa3\x87\x1c\x13\x17\xf1\x94\nd\xf4\x83(M\xb8_K:\xadx\xad5da\xb6]\xcdB\t\x89#OW\xe3\xd8\xfe\x8b\xa6\xa06\x08\x06#h\xca\nu\xde\x9a#w\xe1\xd9s/\xbe0G\x0e\xb8\x07\x1d}\xe4\xe4'
    b':lG\x1e\x18\xeb\xac\x9d*\xb4lk\xd6\xaf\x0f\xad\xdbH,\xae\xa1\xcc\xee\xdc$;\xf3\xf8\xe5\xdd\x96\xdcP+(0\xb1\x98\x9c}@\xce\x1c\x10Vv\x80\x10\xa1gAsd$\xaa2\xb7\t\xb0B^\x14\xb3\xb8'
    b"H\xe9\x11\xb6\xcaK\x7f\xc7g\x81\x8c'&\x8b/\x8c\n`\xb7\xcch,Vi\x1d|33dxxj\x88\xe9\xe5\xf3\x93CB]x\xe9!\xa3fRg39\xe4\xcbW\xd9\t\x9eH, \x1d\x01j\x95\x1d\x0b"
    b'3\x08\xd3\x8e!\x99\xec_%\x0e\xf1\x10\x13\xd4Gh7\x07\x12\xec\x9f\xf5\t\x93\xfc2p\xbeO\xfe\xb2\x0e\x96\xa6p\xbc3\xa5\xafae\taq\xf0\xfb\xf7j\xa6\x07\x00\xbe\x91\x0b\x85\xbb\x03\x85\xad\x05\xb8\xd6b~'
    b'\xa1{\xc9\xc2\xcb~\x85]\x9e7\x90\x10\x1c1\xfd$\xda\x95J\x1b\x94\x10h,\xb0N\x07\xaeF]X\x15\xb4?\xb6\x92\xdeo\x05ux\xca\x92\xe8J N\x0b\x86\x88@l\xa7-\xd2\x86A\x7f\xcaH\xb2%/\x0b'
    b"\xc1\xd8/\xfc$wh\x1d\x88\xb8w\r\x10v\x97\xf6\x05\xa5\x15\x86\x80\xff\x10\xf6E\x10e\xf9\x17\x03\x8d,\xa8\\N\xec\xb0\xa4\xde\xf1\xd9'\xc3_!\xfc\x14\xf9\xba\xd08\x95f\x04\\\xbc20\xcb\x85\xc6\xe4H\x88"
    b'4nM\x8d\x01A;V\\\xf0\xe7\xc6\x11!\x90\x82\xf2\x92%1\xf9\x98\xf4\x13\x03\xac\xa0\x9508Y\xa0i\x9d\xf0\x80X\xd9\xcbk\xf0K\x1aX\x002=\xe6\xd1A\x93\xf7_\x1e\x90Df\xb9B\xdd\xb6\x01[\x9e'
    b'=[/\x96@\xa6\xfd?\xc0\xcf%\x9c\x84\x17\xbdK\xf8\xb5\x0f\xbf\x8eF\xbd\x11\xfd\xba\x8c\x10\x82\xf9$z\xd1\xef/\xa3\x0bn\xb0\x84_\xaf\xb8\x01>\x8e\x9fy\xce\xa3.\xe1\xf3\xcb\x00E\xe8\x97\x18\xa9?\xbc;v'
    b'\xa2\x848o`\xe3J\xc0\xd9\xdb\x8e\x97Cy\xe5\ng\x02\xfd 5\xb7\xb9\x8b\x07\x06N\x07\x81ud\xec\xbc\xcbY\xac\x94}\xde45\xb5\xe1o\x05A\xddH5:\x06\xe6\xcf\x06\xc4\xfd\x84ba\xc7\x84\x80\xb3\x10'
    b'(\xf1\xf2\x0f\x0c\xb0T&\x7f\xdf\x12F\xac\x1b\xc4\xca[\xc0\x88\x82E\x0b\x88D\x98\xc9\x17.R\xc4QH\x9e\x94\x7f\xd6PX\xeav9\x9e\xf2K\r\xe0\xc6\xd7\xed\xe6\xe8\xd2H\x90\xc0\xfd\xef\xf0NW\xbfa\xcd4'
    b'\xc7w\xfc,\xe4\xa1\x8d\x90\x10\xc9\xcb\xb1\xbc\x8c\xdb-/\xa0\x02\x14\xb5\x8c<G\x90U\x18\xb6\xe4*\x19/\xe6;s\xf4\x1c\xe9G\xac>\xbd\xcb\x8b`\xda\xe6_\x93l\x95\x87\x927UN\xbf\xb6\xb9}\xa1\xc4\xcb\x9b'
    b'\x1a\xa0\xf4\xb3|C\xd4\xc8\xc7\xbc\\.\xc6\xe4\xba7\xf7\xfd\xb4\xcc%\xdc\xbf\xbcv\xef;Y\x97/f\x97\xc9(\xee\xbbw\xbd\\\xcd\xe5pv5\xbfpocbf\xc7\xfe\xe9&dJ\x8e\xa5#\xb7n\x81/\xc0'
    b'\xa2\xd0Yi\xbd^\xcb\x14\x91W1\xca\x1d\x81F{\xd1w\xdb\x84S\x0bc\x8e>\xa0T\x91\xb8\xda\xc2\x16A`\n\xd8\x9e\xe82\xab4\xf4\x8c\x06\xa8\xa7#\xc8\xbeS\xb2\xd2\x08\xcc!\xf4:C\'\x9e\x82"\n\xba'
    b':\xbbI:\x12\xf8d\x07a\xe5\xaa\x1e\x0f\xd6\xa5\x118\x95\xd2\xb9\xe5\xce\xc8U\x89#\x13/&.\xdcA\xfeK\x9c\x97x\xae\x15R\xa4\xb7:,a0\x91\x8d\xb4\x9e\xe9p\xf2\x87\xb0z\xd4\xae\xf9\xbbo\n\xbbS'
    b'\xe8#\xdbE\x01\x17\xc5\xe4:\xa0\xfc\xf5\xf7\xcb\xb8n\xc05\x1f\x88\n\xfe\x86Ky\x1f\xa7\x050\xef\xed\xfc\xbe\x1b\xb3W\x91\xec\xda\xfb\x0eA\x16\x92:\rx\xcd\xfe9\xce\xff\xf2\x1c\x0e\xbe\x9dG\xe7\xfeU\xe2\xd5\xef'
    b'\xc5!\xc4W\xc9\x18\xbcrgG\xfe\n\xeb\xaf5\x86K\x07H;^\xa8\xe8\xb3\xe3\xc9\xf9\xcd\xee\xda\n{p\x91\xf8\x13\xb8\xc6\xc1,1\xa6^\xd5\x12\xbc\x03\xc6\xc4\x8c\xafM<(\xa5{\x15\xea\x947\xf9\x81n\x80'
    b'\x8d\x05\xec\xa1?A\xda,-:2\xe1\xfc\x82\x9eI\xc1\xec\xa8`R>\xa3\x80rV\xe51\x1az\xd0\x90Av\x1aA\x8b\xc1\x0e\x0fV\x1f\xfd@\x96\xa1\xd3C3e\xe8\xd2\xd7\xe9\x87Wmv\x90+\x81k\xa8\xfe'
    b'\xe99C\x8e\xdb\x17y\xd7\x8a\xe4|\xbbj\xe8\xc8m&Y\xd3\xc0\x84\xe3\x01!=h\xe4\xb63^\xe9\xac\xc1\x91\xa2\xff\x1c^\x0eF\xa7\x01\x0b*RHC\xc1\xd9\x15\xd5\x1e\xb2KQ\xe6D\xba\xc1~\x1a\xe1\x9c\x8c'
    b"+1\x0c8t\xaf\xb5t\xc4'\xdc\xe7\x87\xd1\xd2E=\xffCT,\xed\xe5P\x02r\x9e`+{\xd3\x1e\xb4\x8c\xd7\xe9\xeaqz\xd8\x81\xef;\xe9\x866`\xe2\xc271(\xc2\xc6x\x12V+~'\x93\x12c\x13"
    b'4`\x9d\x020M\xa1\xd3\xc0\xc34H\x96\x17\xcbI\xe8\xfbD\x1c\x18\xce\'\xf3\xc9\x95\xc0!h\x92\xbcKb\x15\xc6(:\xdbh\x15o\xcad\xaa\xbf4="\xf5\x98\x96\x1b74\xbf\xba\xefT\x8b\xa7z\xb0G\xdd'
    b'\xfc\xee|\xd7\xceB\x8a\'\x11\x08\nU\n\xea\x85\xf4\x06S\x85\xef\xa8\x7f\xc4N4\x88K\xc1\x020\x16\xf7\x07\xce\x9cM%"\x03\xeb\xf4xx\n\xa4c\x93A\xff\xa5\xf8\xec\xa8\xe9bA\\`\xeebHr3\r'
    b'\xe8\xc6f\xdb\x151\x0b\xc5\x90\x8d\xabz\xd1\x13\xcd\xae\xb0\xc5\x018\xcf\x85\xaa$\xb1L\x84\xe1]\xc6\x11F\xef\xc5p\xe0RHOXL\x91 \x82a\x89\x08\xcd\x0c\x98OA\xf1\x9e\x07Q\xfd}>8\xb4\xb3\xd3%'
    b'jl`<\xd2\xa8Y\x1f\xd8\x1a\xe4z|\x8f\x11\x80g\xa3\xe5,\x80;b\xe1\xa6\xd1bj\xb1\x03Q\xd4\xech\xf4r\xc2\xa9Y\x06R\x1bdc\x9a\xa2\xaa\x13\xdd\x15\xc9cb\xe1\xa7K\x83\x1f\xa4\xf8\xe8\xb8>d'
    b'\x9d\x13\xec\xddD\x10\xb6\x1d\\\xb2\x1e\xda0\xd0\x97r0\x0b\xa3\x13\xe0/\x06\xd4\xbb\x9c\x170\xcf@\x0eU~w\x87\xd6\x13\xca\x9a\xdc\xae\xf0\x80\xa7\x18\t\x18\xa1\xea\x9bHS\xa5\x16\xed\xf9\x98`\xf8\x9c<\xee\r\xcb'
    b'\x84x5]\xf3\xcaa\x10\x08\xfd\x0ba\x05\xebJ\xdb\xa4\x96\x0b@{\xe3\x10#\x03i\xea\xc7\xd4\xf2\x0b9\xe2\x9e\x03\x9f\xff\x19G\xb8\xf7\xb9\xd4\xa0\xbbN?\x9d\xa5YT\x82l\xd7\xf1\x1aGW\x7f\xe88n\xf3\xf3'
    b"\xd0\x10\x08\xbai\x13#[\xa9\xc3g\xc2\xf8\xf1\xb1o\xf0%u\xf4\xcc+\x18\x88\\\xc2\xe9\x98\xc3W\xd3\x90n\x9c\x8b\x18\xfc\xc5WC/\xb6\x89\x9a\r\xfe\xb5\xa3\x80\xaa\x16\x89\x03f\xd2M3'\xf7\x1cs\xb48)"
    b'+\xa5\x0cx\x17\xe1\xd4-#\x90Z\x1b\xa5\x0eI\x8a\xc2y\'\xd2\xe4 \xf7\x9c\xc1\xde\xb61\xe9\x9csI\x890\xc6\xa7i\x91\xf0\t\x14\xc5\xdf\xf7\xb8\x9bP\x1d\xe6\x04"\xb2\xbe/cJ:6iM\xd8=\xde&'
    b'\x89\x98\x12\xae\xe3\xd2\xde\x85\xa70)+g\xd4\x04>RL\xaee\xc8\x92\xca\x15\x94\xbbT~t:\xc43\xb5K\n9t$Fy\x03\xc1\x86\xc8+\x01\xfd\xa4\xb0\x86\xaf3\x9e\ry\xfe<\xea\xcav\xc5\xce\xcf\xcf'
    b'\xa3W\xd1\x90#\xf3\xe8\xa0;\xf8\t&3\xe7\xbajA\xee%[\xa6\x95\xbd~jO\x98\xc4I<\xb2\x10\t\xea\x82bm\x83\xd2\xd7\x95"(\xe4\x97\xeeJ\xd5\x1e\xe2U/Kw\x8f\x91\x1c\xac\x85\xd2D\xb3!\xde'
    b'\x0b\\&3\xa1\xffZi\x84\xdccN\x8e\xe7\xe9\x1a8bV\xc5\xa7\x1aML\xb9npfn(\xef\x1dt\x1dJ\x03\xa3\xa4\x01\xc4\xe6\xa0u_mK\xae\x0f\xc8Fv\xab:\x99\x13\xd8@fb\x16#\xd6\x1f\xbb'
    b'QK\x07H~\x95xp@;\x9aa\xed(N\xc9\x03\xe2$\xf4\x15\xaex(\xbc]\x1e\xe2I\xe8`\xd9\x1f<\x9e_\x96lfO0\xef\xb3JW6\xc0\x18\xb9\x83c\xbb\xb0[\xac\xe0J\x85\xc6=\x00\xf2\xab\xaa'
    b'\x84.\x96\x80\xcc\xb6STC7!\xdf\xc1E\xf2\xf6\xa1\xf8\xcfy-\xe8.\xaa\r\xf0e\xc02\xd1\xec\xae\xec\x98\xcb\x9a\xf4\xca\x86\x87\xca\xfa\x159\xfc\x12\xcd\x8a\x12Wl\xaf\xaa\xa7Q\xe22\xfb\x1d\xde\x06\xe7\x01\x8c'
    b'\xf1f\xda\xbe\x04\x04\xb8\xa3VxP3\x1cU\xfc\x9cpN\x07\xcb\xf8&.7\xb0\x9e]\xb26\xb91s\xfb\x1c`\xcd:\x0f\x87\xb8\xc4j\x83r\x10_9\x0f\xbd\xbd&\xa3\x8d\xc9\x0f\xfb\xb7v\x16\xaf8\xcc\xbc\x1f'
    b'@\x91\rD9\x07\xad\x12\xffjH#:\xb3y3\xe4\x04>\x7f:\x89\x1c\xe2\x08\xeaz\xd1\xae\x99\x91\xf8\xb6\xc0\xf4}\xb6o\xd1\rL\x1aRhA\xa3\xeb\xdf\xcb \x18\xee\xf7\x18\xd3\xe0\xf8P\xd3 A\xf8\xb0\x8d'
    b"l\xbf\x05j\xb0\xeb\xb3\xa9\xe4\xe8\xaf\x14v\xfc\xc7\xd7\xa7\xda\xf5\xe9\xfbs\x1d\xf7\xde\xee\x87\x93\xf3ccz\xc7\xcbA2\xd7\x9f\xb8V\x9d\x17\xf1u<\xb8\x1e{\xbf\x8fP:\xe5\xd0'^\xa1C\r\x14\xac\xd5z\x82"
    b'\x86\xb2\na\xc5b0\x150\xfd&\xbf\x10\x95\xdd)2n\x9e<\xcaV1\xf6\x9c\x8e\xf5\x18\x93\xa0\x93\xad\xfe"1NHx\x92-\x1eI\xad(e\xff\x80\xe4\x0e;\x98f\xd5\r\xdb\x9b\xa0x\xeb\xb44\xb5\x80\xdd'
    b"\x16b'\xd8\xddEaf71\x88R\xa0\xee\x13\x8a\x819\xa0\x14\xbcB%\xc7{)\xe5\x16>\xb1\x80\xfd)\xa8i\xf3\xec\xd2x-DhB\xd9\x94S\xdbA\xce\x8b0Q\n\xcff:\x1dIp@1\x83p\x9b"
    b'\xb1M\xb2\xe0g<\x14\xe7NoS\xe4@\xb5k\x025\xf7\x01\x9e}\xc8\xc6F\xec\x91 P\xef\xe8|J\xdaww~\x9f\xae\x16\xee\x97\xf4w>\xc5\x88$;\x06\xe6\xd4\xada\xfe\x7fu\xa0\xdee\xb2PD.1'
    b'\xc5\x15q3\xa3\x90\x92\xae\xd0\x91)\x11+$\xb1\xaec\x908(\x1a\xbe&f\xc7\xa4\\O-N\xd1KD%\xb4`\x86\xb0"ba \xb05\xb4\xa7\xb1\xa0\x83\x18n\x8eq\x9b\x8a\xce\x19$\x13\xb1g\xf48\xfe'
    b'\xfeK\xe2\xcc5\x7f*X\xeb\xbd\xa1H6\xde-\xa8\xcc\x1ag3v\x1c\x074\x12\xbf.\xae\x15\xf1\xeb\xbd\xf8\xde\xce\x91\x85\\n\xb0\x88\xc6\xb7\xd9m%\xcb\xf3}.:\x89\xac\x13fss\xfa\x1dBdJ\xd87'
    b'\xc8\xa1)\x9a\x12\xc8v\x83\x0f\x1eT\x00\xd9\xb5\xd0_\x1a(\x13Na\xcbQ\x80\'{\x9f(\x84f3\xa3\xc9\x06\xc9F\xcb\x1d/r"\x1d\xc4)pA\n\xc5&\xe5!\xbcx1\xd7\xced\x0e\x9d\x90o\xb8\xd5\xe3'
    b'4:2p\xfa\xca\x89\x9b\x151\xac\xcf\xe78\xe8F\xf8"\xe0j\x8d\xef\xa2j ,\xa7Ky\x18\x05\xfbQ\xb3\x8e\xc8:t\xd0\xf6\xa2\x9f7+\xa9\x93\xf0\x13\x1d\x96d\xe9c8\x16\xc6\x00\xc1\x0fa47\x02\x07'
    b'!5\x86\xf6\x9f\xd6\x9e\xed \xda\x1c\xe3\x80e\x11\xc7;\xf3\xef\xe4\xc7\x11\xf0\x0b\xae\xfb4\xaf:\x82w\xb3\x10\x90G\xd2\xactder\x87\xf8\xb9\x88\x1cC\x01\xab\x04\x82\xd3\x13\x13\xa5\xb4aC\x14\x0e\xb2\xc5\x18%'
    b'Y\x9e\xc2\xbce\x9bq\xe1\x18\x13\xd2`\xdd<\xcem4\x0c\x90\xc5\xeb\xe9h\x9b\xd4\x01\xa9\x04\xe2\xe89\xc2&u\x90E*X\xadw\x97M*\xf8\xc5\x01\x10\xad\xa6)\xa6\xf6(\xfdp\x12\x12\xda\xecd\xca\xe8\xf6L'
    b'j\x9d\x0f^\x05\xf2\xb5\xda\xa6\xf9\x90\xe9\x0c\x8f\xdf\x85\xd6:\xdc\xd0\xe7\xc0\xb4\x8dM\xc1\x84I\xbb\x1c\x15\x9a\xb7\xf6$\x81\xa1\xe7W\xea\r\xaeL\xecI$\x7f\xf4\x9d\x98`\xae\xd2\xe2\x84\x87\xa8\xdb\xe8\x88\x90y\x0c,'
    b"\rF\x1c6\x06\x0e;\xf8\xc9\xe6\x8eq't\xfc\x1d\xf2\x9a\xfeA\xb6\xdb\xc6>\t\xe5\x85\x84\xf3\xa2\xda\x86\\\x07\xa8\xf8\x12\x83j\xf8\x05\x07\xd86\x9b\x98g\x9a\n$\x8cw\x9eoR\n\xc7\x15\xb3\x93\x15G;."
    b'\x00#\x85)Ry\x01q\xc2\xd0\xb7/P\xfc\xa1H.\xea\x0cD\xba\xcdQ\x94\xed\xa4Q\xa9\x1f[\x8d\x1a\xb6GSU\xdc\r\xeb\xed\x05\xc28F{$t\xaf\xd7\xdf\xa3\xda0)k\x8b\xab\xc5p~E\xbf\x9fD'
    b'\xfa\x97\xaanZ3\x11M\x80\x0c8\x82\xb2\x88W\xce\xda\x1c\x95h`35\x15?$\x9bJ\x0cbx\xd0\xa8p\x91\x81\xd4;w\xc1N\x97$U(\xf2\x13G\xfd \xa2\x98Ai\x863]!\xc6\x9d5\xcb3.'
    b'\xb6\xdd\xb1\x90I\xea-\x8b\x9d\x92\xb8pP\xe7vl~1/SV\x0e\xd4\x16\x06V6E\x12\xa5\xc4 \n\xf5\xe2m\xb1%H]\x81\xbf\xe6\r\xe7B\x0f\x81\xa2t\x8a\xe4\xfb\x0f\x18\x05\x15h.\xf0d\xce\xa9\xe8'
    b':\xcb\xea MT+\x19&\x9a:\x05\x1f\xca\x14\x8dD\xbcL\x11G\xe01\xec\x80E-\xfc+)z\xd2q\xe8\xddR\x0f\xcfYHr\xafG\x19U\xb5\xb5\xfe0\x12\xfe\xb5\xcc\xfa\xb6@\xbc\xd04{\x00\xd9\xd7\x87'
    b'\xa2B\x96\x80H\x87\xa5\x99G\xb7\xbak\x0f{%=^\xad\x0f\x1a\xd6[C%\xf4\x9f\x80\xf7{\xedi\xd2M\x88x\xedQ\xfa\x12\xe2\x7fJx\x88\xfc\xf0\x92\x92\xcaA\xb1yD$\\\x1f\x9e\x8f!\xf7\xc8z\xa3 '
    b'\xd017\xc7\r\xad\xf0i\xb3G.\xcfLlf*\x93A\xb3r\x0f\x84\x83\xa0\xa54q\xe8\xbau\xd6\x05\xe7\xef!-\x19\x9d\x8d@V5\xf8\xa3\xca\xa3eZ\xb1\\\x8cD\xae\xce\xdd\xca\x84g36\x85\xc9\xec\xbc'
    b'+`s\x08<O\xc7L\xaf \x13\x13b5\xd3\x0cA\xe5\xc07\xff\\a\xb8\xf5\x9b\xe8\x8f\x0e\xfcM\x9f\t\x10\xaeR\xc9\x12f\x08\xe8\x03\tU?\xd9]\xb6d\xa8\xd4\xecw\xe6U}$,g\xf65\xb1\xb6\x00'
    b"\xe4\x95\xce\xd1$\xc8\xaef\xf5\xdatD\xb1\xa4Of\xcf\xb6Q\x13\xe1\x11t\xe0zF\x03\xb7D\tyf\xb1\xd3\xa3D\x8e\xb1\t'\xc2a\xd1\xe3\xc2\x86\xc76&\x99~'c\t\x99t\x8fr\xed\x8d\x8fu\xed9"
    b'CA\xf3\x15\x12\x12;\x13\x03oqI\xbd\x84\x0f\x8c\x11v\xa5J\xd7\xa4\x8f\xb1\xbb\x83\xcb\xcf\xa2\xf2V\x89\xe6!\x00\x99BU\xe2\x95\xa6\x87\xa5X\x00aOD\xcb\x15\xac\xbe\x04\x1b\x10\x1c\xe1f\xbb\xe2\xe4B\xc2\x9a'
    b'gh\xb0\xd6\xc5\xe0\x0e\xe9\xad\x9f\xb5\x1e\xf48)\xe1\xb5\xfai\xba\n^#\x98(\x19\xedS\x9c\xa5k\n3\x9d\xcam\xbc\x11\rJ\xc6\x93:\x1bv~\xdb\xae7]\xec\xe1\x1c\xa8k\x99f0\x86\xe7\x93\x7f\xfd\x90'
    b'<R\x84C\x199\x8f=\xf1\x8e0\xa5K\xab\xdcR\xf4\xf0\xd9\t\xdc\xbb\xdb\x16\xc6\xacAs\xcc\xb6\xb0\x8e)\x9bG\x1b\x9dbE\xc8u\x992\xe3\xc8?\x99l!X7\x0e\x83E\xb6\nR+\x1dz\x84Z\xbf\xa0'
    b"\xdd\x01s\xab5\x05\xc8\x11\xba]g&V\x8c\xedn\xc2\xd9P\x07fpG\x8eJa(\x1e\x8e\xb8\xb5\xa0\xe4\xb8\xf8I\xf1\x12\xcf\xb4\x0c\x1dX\x18\x92k\xe3\x04\xe18\xbc\xd73\x13\x8f[q\xe8\x90^x'\xba\x1f"
    b'\x07\x85\xd0\x97\x83\xa4\xe6\xd3\xc0\xd3\xee\xcc\xb3\x88\xe3\x9fw\xf5\xa0\xd71\x1a\xf2\x90\xde\xec?\xcfu\x82$\xc3\xb7\xdb\xdfy$\x7f\xc1\xfcw\x0eo\x8d+P\x83$"[Z\x03\x98\x91=\xc88\xa1\xb4\x15\xe8\\\xc4\x9e'
    b'\xd4\xbb\xc9s/f\x11\x0c\xe9\xe0\xf4\x1a\xdcJf\\l\x8dO\xff\x81#\x92#\t\x0e\xeaO~\xdd!8\x0e]ei\xe4\xc6\xb7J\x1a\x05\x85jt\xd5\x9d\xe4ZM\x82\r\x8e\xd4j\x0e\x0c\xfep\x94\x1f\xc6\xc7 '
    b"c\rt\x9d\xc6\xf0\x13\xd43h7\x9f\xc2I\xb5]\x81,\n\x7f\x97\xcf'T\xfd\xca\x9d\x0e\xc5\xbc\xb2\x17{\x9bx\x05\xbc2i8)]>S\x93\xbeAN\x08\x95n:\x80\x08\xda^&\xbc\xc8\xa1\x117^l"
    b'\xdc\x12\x90\xc8\xcdy\xf31}3Y\xc3q\x1a\xb0\xdc\xfbU*\x1b\xfe\xcc\xdf\xa1\xbaU(\xe6M\xc0\xfcG\x93\xdd\xe9Cu\x1d\xd1\xfd4\x0f\x8f\xc4\xcb\xd3i\xc7Hzk,\x8b\xbey\x9am)\x06]\x1bY\xaal'
    b'37\xe9Z,\x87\x9d\x17\xf4\xd8S\xb7{\xbf\x9d\xd5\xb3Yt\xdb\xce8\x10A\xbd\xe9bdwy6\xfa\xd0\xd2U\xa5\x97\x08\xcd\x1f\xafw4\xfe\x00Qv\t\xe3\x10\x95\x17\x873\xfe\xba\x88\xab\xb8\x8bM\x1f\xe2\xc7'
    b'\xf7\xd1\x0b2\xf4\xbf!|\xf5)\x81\x15\xd7\xe8g\xc73\x0e\xde\xb9\xefD\x80\xcfx\x07K\xfd\xc1\x84]\x94\xf6\x80\x00\xc5\xcf\r\nwb\x1e\x14\xfe\xdfUr\xa5\xc6+\x95\xca\xc6\x1eWi\xf9yP\x18\xa3@\xe8\xef'
    b"\xc0ZO\xf6\x85\xe9\xd2\xcb\xcb\xf8\xf1)\x18\xf2Mw=E9\x90\x90\xfeYyS\x93p\xe0\x1b\xbe+`\x041\xe3\xf8\x1d}\xd5\xd4')\x93\x07a\xda\x8b\xc1\n#f\xbd\x10\xcb\xde\xb0\xc5\xf4]\x0bd\xa8\x158"
    b'\xf3A\x86t8\x08\x7f\xe79aj\x18\x03\x920_\xc7\xbf\xd8\x0be\xdb\x98\xed\x064R\xbd\xda+G\xf5\xd7\x17B\x83\xd7(\x83\xb5d{<\x1cq\x1f\x12\x07\xe4\xd6\x95s\x1fR4-P\x11\x97xQ\xb2\xe1\x9b'
    b'\xaeQ\xaa\x92\xe3\x9f \x89W\xaak\xc0c\x08\x92\x8d&yS\x85\xccA\x154E6\xa4\xee\x0fvOE\x81\xa4\x14\x87)AF\xc3D\xf0\xf1Z\x1a\x98c\x9a\x13S\xe7\xc0\xd8\xce\xe9\x81\x10.\x90\xe4\xd7\xf5\x1c?'
    b'\xa5\xd9n#\xe7\xf1\xc8\xa9\x12\xc4\xc6\xcd\xf6\x82\xf7\xb9T\xe3N7N\x01\xa4\x18\x1dv\x15\xaa\x9e\x82H\xc0x\xb1\x9a\xd5[it3\xe38&\x8b\xa3\xaa\xc7\xef\xc3Q\xf6!u\xc4\xcb\x86/i\r\xe3wzSD'
    b'\x98ZD\xfe\xd8"2\x87\xea\xc3\x1f\x17\x90?\xbbkD\xe3\xf3\xf8\x9a\x05b\x84\x87\xe1\xe4\x7f\x9ff\x89[\xa7\xc5L+\xf0q\xc2\r =\x01\xe5B\xc9t#\x12\x13\xe7\x1b\x85b\n\x94\x17\x11\'\xbc\x15A\x07p'
    b'\xfe\xd1\x94\x86#5\x10u\x1c\xfa\xdf\xafg;^\x1e\xbba9.\xf8\x00\xdc\r3\x82\x88~u8y\x8d:k\r\x8fIJ\xf1B-\x84\x07\xf5\xbd.\xe7\xf9"y\n\xa6`6y\x8c&\xa7\xd6\x06\xe4r\xe2\xe3'
    b'Q\xdcjh7\xbe\xdc\xedb\xb8\xe9\xc9\x16x{\x8b\xe4\xa4\x12\x92\xc8DTt\x84\x9d\x80\x1d.\x8d\xc6\x0e`\x0b\xbe\x1ac\xa8<\xd1\x19Y\xb7\xc8\x8ei\x9c\xc3\xc4A\x8a\xd6\x88\xd41\xed\x08Z8\xfc\xd5\xc2l\xeb'
    b'\xf9\xeb\xe3k\x8cB\xbb\xca\x85\xf5n\xe3\t-X\x89\xb5\x12\x8c\xa1\x13\x1aw\xe0\xce=\xbbg\xa9\x9e\xbd\x898BZU\xe4,\xfb\xb0A\xb2i\x0c\xb2\x86\xd8\xd8\x1e\x9a\x8ea^Zk\x86\xd3\xf5\xd8<N\x161\xec'
    b"\x1e\xce\x1c*\x14f\xe2Hc\xb9i\xac\xd2\x84\x91K\xe4\x04\xbft\xd8\x1e\xa7\x7f\xb6\x9b\xf6\xd8\x95\xe2\xdb\xf5\xc8\xac\xe7\x97E\x03a\xb2B\x8dH\xc5L<\xdb\x10\xca7\xc7\x7f\xdfv\xf0\xdfw\x9d('\xc4_\n\xc1"
    b"\xc5\x11\xc5\xa5\x97=\xf8\x19\xa5\xcb/h\x9bH\xe9rS\xb8\xfcY\xba\x0e$\xc3\x1e\x9b1\xbf\x13\xb82\xe8G\xeb\xeb\xdbA\x04|\xeb\xcb\x80\xb6\x9c\xae6xWk\x10\x8f\xc7\xf1\xc2\xeb\xe1\xdd\xee\xe4{j'!)"
    b"\xad\x98\x0f#\xde$\xfb\xf6Z3\x04Wn4'\xc1\x15\xc0\x82\x07\xf4\x8e\x9c\xdf\xc1\x88\x1dI\xc92\x99'\x17\xf0s\xb4X..j\x1f\x13\xa5\xeb\xbb\xa7\xb6\x18\xc9 \xb8\x07\xfe\x9e\xcf~\xc3\xe8\xdee\nC\xc7A"
    b'\xdb>\xb1lQ\x0b\xd6\x04\x9a\x00\xe8 \x1e\x8a\xd9\xa2\x95\xb1p\x8er\xbf\x83\xff?\xec\xf4.\xdd\xcdY#\x9e\xb1kW\x10\xfc\x02e\x92\x03\xc7:(X@\x06k\x1a\x91#8\x0f)\x8b\x1e\xf3-n \xd4\xf5\xf0'
    b'\xacG52\xad\xd4\x95b\x11WD*\x95\x1d\x88\xc2\x1aW\x1d \xad\x13\xb8\xc4#\x0bf\x04\xdd\xe7%\nWRBPc\xee\xa5~\xac\xdd\x9a(#b\x1a\xe5^\x08\x1eSF\xadN\x17n\x18\xc6\xc4\xcaW\x9f\x1d'
    b'm\xb3s=\xae\x86\xde\x82Xp\x17r\xff\xf0\x17\xc8E\x10\xa5\x87e8\xe7\xda]&\x9e\x06\xad\xe2\xc0&;\xb9F\xd3\xd9\x95\xfa\xa12O\xd6\x1al&\x90\x02\xe9\xbd\x8d\'t"\xc5\xdf\x82\x1eZ\xe7Y\x93\xc7\xec'
    b'\x86c6\x10\x9c\xfa\xbe\xaa\xd0\xacv";\xd6V\xcd\xde\xb9ck\xd8\x03\xcd\xe1x\xe1\x8b:\x14\xde\x86\x07\x7fRo\x95V\x1eP\'3G\xef\xbcky\xac7\xf3\x1eT\xa6\t\x9b\xea\xcf\x14\xe1\x86\xb5n5\xb9\x9d'
    b'\xea\xe7\x92K\x8c\n3K\x19L5\xe2\xa0\xa9]\x8e;\x94\x8d\xfcHF\xdcUt\x9aa\x92\xaa\xa6\x9d\xa8\x89i\xb5-\xc5\xc4\xb4FL{61a\x12e\xf1\xd4\x94\x9f\x1b\x9a\xfd\xe4|O\xc2m\x13\x9f\xf6\xe2\xbc'
    b'\x16\xe3\xd2\x82P{@$p0t\xa9\x85\xf7;y\x17\x1e\xf6\xed\xb8\xbd\x8c\xa7\x8d\xd93\xa1\xca41\x87\xc0\xe1\x8e\xf7\xc0\xe1RGa\xbd\x17{\x04)\x99\xd7@a\xea-\x94\xe3\x9f\x92UB:\x93Sb\x95U'
    b't\x83\xca\x86\x15\xb4\xfe\xbeM\x81\xe2L2\x8e\xad\xbbWp\x91n2\x84\xa5\xd9\x8e\xb3\x847\xc20(\x15\x07\xca\xde\x84rK\x0e=s<\xe5A\xbbk\x96\x13j\xa8g>\xc5\xece\x94uF\x08\xdf\x1ff\x83t'
    b'\x83\x16\xc2i\xea\xb1E\xf8\xbbI\x06\x16\x8d\x9a-\xb3\x81\\\x1a\nT\xc08\xc4\xae\x17\xb5\xbaCdD\xf7\x8fB\x19z\xc8_\r\x0ca\xec\xb7\xebx\x12>W8\xf4:\xeb\xc5m\xb2\x9f\xd3f\xd6&\xfe\xd96\xd1'
    b'\xfd\xe8\xa9n\x923\xc9\x04\xb5\xfa\x0b\xd7N>>\x89$\r\x08$\xb6\x9d\x1c\x9c\xb6`\x04\x15\xf5\x15\xe2 \xda\x8d?R{\x9b.J\x10\xb0\x8a+\x05\x95\xe9I3-\xfe\xc3Vi\nd\xc1\xfa\xb3\x9a\xcc\xb6\xc9\x0b'
    b'\x0c/a\x91(\x03\xe6\x12sT\xc9:7\xe9\x7f\x12Q,\xb1+v\x96\x04\xd1\xb3\x97f\xd8\xa5oa\x19\xb7\xc3\x86\xbb\x903\xbd\xc9d\xafo\xa4\xf9\xd0`\xe2\xedI\xcf\xf4\xe4K\xca5PQ\x0e \x9c\xd4\xc9\xb0'
    b'\xf1-Q\xbe\xa1\x0c\xee <\xb3\xfb\x14\x87\x1c5\x13\xbd\xed\xe8\x9b\xd0\xde\xd3~}\xf0b\x9e\xe8\x1db\xa0\xb0AvW\xe1\xd1\xc8fwY\x80\xd3\xaaG~^\xee\xf2\xa9\xe5\x00\xb2p\xc2\x96\xc8\xc9.\x92l\x8e\xab'
    b'L\xe7\xfb$N"\xe6\xc96\xb3\xae\x1b\r\x88=:8GRm\xf6\xaa\x06\x1d]\x03\x9b\x988q\x93\x01\x88\xa0\xcf\x0b`\xae\xd3\x8d|r\x8fs\xb3v+\x85\x9c\xe8\xca\x18,\xe5}\x01\xb4">\xa1_H\xb6\xa9'
    b'\x8aGN\xe7Vl\xc7,ZnW\xab)\xc1/n\xb39\x85vK\xbc\x1ce\x98\xc6+\x0caB\xb3$\x16\xa9\xe5\x9a\xb6\xf3\xfbD\xca\xa1\xd2\xdb\xc8\xb0\xb6\x13\x1ec\xd8p&\xf4\xc6\x93\x1b\x0c`\xefR5\xf3)'
    b'\xfd\xdb\xc5\x0b\xb8mH\xde\x8d\x06\x11\xe3}x\x8c\x15YbSp\xacq\xd6z\xa3\x10k%\xf2{\n\x14\x18\xbe94\x9dJ\x94\x9c&\x0f\xad\xbdH\xd9\x96\x8b_{\xc4\x19&\x05x\xc6\xbb\xf0x[\xde\x88\xc5\x1f'
    b'(\x14\xf2\xc9Kd\xb3\r\xc3\xb0\xa6\xe3\x16\xd0\xdf\x06\xe0\x0fF\x0c\xc1\x06\xf7h\xcd[fx\xdf>\xac\xe5 4\xce\xe8H\xec\xf4\x0bFm\x92\x8f=\x04\xef\xdb\xc9"\xd6\xb2\xcf\x1c4:\x0b\xdbV\xc9\xdcEV='
    b'2\xb8\xa1\xb2\x10cD\x95\x819-1\xd0\x87\xd08(M\xc38\x8d\x97\x0c\xfaH\x99\x15l \xa3\xf8Ry\x1bEi\xde\xc7\x9b\xa4Q\x84\x80\x9cO\xc6"[\xee\xac\x10\xe5\x1a\xbfX\x8arE`GR\xb0\x9e\xb9'
    b'\xc8;\x17\x0f\xcb|\xae\xeb)\x1e\xcf\xaa\xb3\xc8\xb0Au\x1fl=\xb7:\x88\xd1\xf1j4\xb4\x81 \xf6\xeb\x9537\xf5t\xe3:\xb4$A<\x1e\x96\x1a\xf2E\xa9C\xfa\x01\x94\xd3\xb6\x8b{^\xb8\xa3\xef\xb1\x8e\x82'
    b'\x9fm\x8e\xdf\x0b\x85\xc0I8\x8e\xb9\xd2\nd\xf1]\x9cf\x12\x97G\xdeG\xd2S\xf1\xe2S3g\xae\x9e\x8evt9\xaf\xcb=\'\x1ag%^\x1e\x93\x96\xd8\xa4"\x1a\xfd\xfe\xd2\x97\xfcpSf\xe2\xc7\x03y7'
    b'\x81\xda\xe8\xd4\xf6\xcb\xe1\xdf\xb0\xae^\x15W\xdb\xf2\xe9\x00\xa0\x93\xde\x8c\x0c\n\xf6\\\xbar\xca\xa0\x04v\xa3\x97\x8c\xea\x83v].\x87\xcb\x81\xe9\xb1\xf7\x10\x17\x81r`x\xd5\xf1W\xda\x8bv,\xc4\xe5\xfd\xaa*\x8b'
    b'\xe5(1\xa2\xe3U|1\x1eLL\xf3hc\xa2\x03\\\xfc\xae\x90\xdb\xad>\x1f6\xb5\x11Mr\xb6${\xe9\xb8\x98\xc53M!+\x1c\xaa\x02\xca\x06r\xdd\xd4wz\x96\x9b\xbcj\x8f\xfc\xf2\x02RXM\xa0\xd3\xbc'
    b'\x06\x05\xc6(\x1e\xcf\xd2[K\xfd\x83\x03\xf0#\x83\x89\x19l\xff@\xe3G\x1f\xd4\xfb\x01\x03E\x06\xea\x149-\xb8\xc0\xac\x0c\xa6aCs\x0c\xd1\xde\xd2\xd4\x03N.\xb0\x80\x8f\x86\x9cx\xda\xcc5\x9fu\x82`\xa6\xe6'
    b"\x11\x9e\xf8\x942:\xa3\xed\xa6\x81c\xa6Nj\x1br\xa5\x91\x02d\xd5\xc6#\x0e\x15\xc6\xd2F\xaf'\xd5vck\x1d<$\x9c\x05\xa0\x809\xd4\xdf\xf4\xc5\xe4\xe2\xb2\x7f\xb5\xd4p\x0e\xb1c\x93\xe2I\xfc\x8cK\x9c\x03"
    b'{\x83\x05\x99s\xa0\x01\xbd\xc5\xd0\x9e&h_z\x05=t\xb0\x18\xa7\xd3\xb1\xc5\x14\xf2Lj\xb1/)[\x92j+\x10M\xad`p\x99\x05\xc8,\x92\xb2\x924\xc8y~\x97\xa5\xa5\x86Ga\xb7\x14%\xeen$\xba'
    b'*\xded-\xc5h\x88\x9cb\xb18\x08e\x858\xbf^\xa4(\xf9e\x19\xe0\xc8\xcb\x99M\xa5b3g\xb8?\x94\xb5\x97\xcb\xd9w\xe1\x84\xa8_X.\xd1\xa5,@\xb1\x88\xb9Q\xde<\xb9@&\x14\x82,P\xa3q'
    b'\xc1\xb9\xd9i\xc1C\x95)H\x0b\x16X\xa6&K\x15\xad\xadL\x1a\x94\xa3\xc0\xa1\xe9\xb295V\x01\xd6[p*\xb7\x1b\xb1j\x1f\x1b\xfd\x1d<\xa0By\xdc\xad)\x8f\xf4\x99?\x02K9o\xb8\xee\xfd\xa3\xc7i\xe8'
    b'\xd44oO\x19m\x88:\xf63\x03\x06\xaf$\x01\xce|\xe97\x8b\x1a\x14\xe4F\xf5\xfbm\x83u\x1d\x9d!{Ft\xff\xb9\xc0hF\xe3I\x7f"\xdb\xecg6\x90\x8b\x99\xfb\x9et>\xde$\x19\x081\x8c\x1d\x8b\xab'
    b'\xbd\xc8u\x95\xfd\xa0K\x1bp\xa9{\x19\x8f\x92\xe9\x8b\xd9htc\xce\x1a\x18\xd9,\x89\x93\xf8\xf9\x84_\x10\xe9\xf1X\xb7]\x98\x06\x0e\x9ckP\x85\xf0M+R-\xee\xea\xf8z\xa4W\x07F\xc2\x92\xecW_to'
    b'\xac\xbdM\x91\xc2\xe7<\xb6;\xfd\x9b\xce\xc30\x0c]C\x98\xf0\xdesP\x06\xb1F\x0ed.;\xa7$\x90\x8e\x16\x95H\x9d\xf2$\x96\xf13\x06m\x05+MG+3\x07\x8fe \x13\xa6\x84\x04M8\x12\xee\xca\xa9'
    b'\xe9\x94\x91\xa50p\xd47\xc2\x8a\x179\x0cx\xbdC\x14\t\xc6G\xd6\xda\xd4\x97\x8e\x93\x8d\xf4\x1de\x9c\xfa9\xa1$\xd1\x08\xcdP\x81\xcd\xb4\x02V3G\xec[\x86<q\xb0Rm\xc4\xdd\xe4\xb0\xb2B\xa1sP5'
    b'\xf0\xa9xXQ\xef\xeb8\xe9L\x14t\xc3\xe5\xa14\x81\x0f\x96\x87\xc3q\xb9\x8a\x86\xbav\xcd\x81\xe5C\xa6\xd8\x82T\x84\xc5a\x8e\x01<\x14\x9a\xd5T)\xadKn\x1fb?\xa7\x0014>\xb41\xe4\xa1\x132\xe6'
    b'Vj\x9c\x88 \x1a\xf2s\xbeX,\x93I2w\x86\x12r%*\x12\x8a\xb6!\xa8\x8c\x83$gy@4*7x~\xd8\xc0j\xdd\xd9A\xaf,\x13k\x92\xf4\xf2\x01\xcc\x1cs\xa3h\x1fG\xaeq\xe3\xf0\xe3N\x1e'
    b's]\x07\xd9\xf3\x00\'$\xe4\xd9\xf9\xd3\x8e\xefi\x8c\xd5\xbe\xcf3\x92]\xcf.\xe6\xa2J~c\x0b\xc6\t\xde\x0cB\xba \xf0\xa2D\xbc\x93g\xb5c\x01\'\x92O1\x90\x10\xc6\xc5?"\xce\x8f97X\x91Ga'
    b'\xea%\x81\xee\xc1\x0e\xdb"\xd8Dih]S\xc5\xa0\xf3\xe2i\x17\xdd\x98Di\x83\x1cI\xdb7\xbf\x13\x80\x1f>\x1f.I\xc7\x1c\x1e\x04\xef`k\xfe\xd8\x1c\xd1\xedf\x93\x14\xf3\xb8D\x91\x80\x12;\n\xd2Z\x88\xba'
    b'\xfbc\'\xc2P\x11\x08Fv \x07n.\x9b\x97d\xaam\xf5\x9d\x90\xe9\xa0)[-\xd6d\xd6h\xb5F\x8f\xad`\xe4\x86\xc8z\xd6\xb4#\x80 \xea\xcaE0\x14;x"_\x04A0d\x8eD{G\xd25\x94'
    b'x\x1eR\xb2y\x07\xd9\x07[tq\xd9hA\x11K_\xd9\xbe\xc3\xa4E\x04G\x92s>d@\x0b\xf1\xea\xe6\x90\x94\x1d\xed\xa0\xc9v\x06\xaf\xc6\x81h\xf5p\x0f\xb0\\\x07\xd8\xf8\xc6Z\x19\xd5\x88\xf4F\xcdiT,'
    b'\xd9\x97T\xa1o=\xa6\xf4\xe5\xd8\x12;=J\x01\xd7\x1d\xfb\xf7>c\xaf\x03\x8a\xee\x83\x91;\x05_\x8eO7k\x06f\xfa\x84\xeb\x8eXFh\x11\xdf\xac>F1\xb0\x1a\x17EH\xd2\x99\xe1W\x0c\x91\x8d\xdc\r\x13'
    b'\x98\x88ga\x97\xc0\xf1\xca\xd6\xaf\xbdn/\xd3\xac9\x12\xe3\xa3e\xd4\x8b=\xfb2l5\xd3\xb1\xb6\x9b_YB\nY\x81\xf0YJ\xf98\xac\\\xe20\\\xfd\xd4\x8b+\x95\x1d\xbb\xc7\x80\xd8\x88\xa9\xd6\x135\xf4u'
    b'|\xe8<5*\x88z\xb7\xa3r\xbb&\xb1|\x0f\xaf\xaa\xafS?\xd8K\x8b\xe9\xd6k\xfb+\xea\xd2\xef\r\xa6\x02\x9b\x9a.\x1a\xe3R&\xd2i\\$\xbe\xe0\x19\xaa.\xec\x1er\xfd\x97t\xfd\xdc\x80\xa1\x93aL\xce'
    b"n\xf6%\xb0H\t\xea;\x1bL\xdc\xbaU\x94D@\x96'L\xf0&P/\x03\xd1\xb1Fw!C\x08<\x1a\xba\x87N=\xf0\xad\xfd\xc1\xf9\x93\x00\xac\xbfr+\x9b\x87 R\xe5\xa4q`\x85\xc8g\x7f\xd5\x028\x03"
    b'B\x9a\xfdy\xc0\xf2\xe8~\x96\xab\x8c\xbb\x9e\xa2a\xa3\xe5\xafl\xe3\x7f\x1f\xc8\xda\xd3f\x98k\xcf){\x9d\xc6eL\xfbk^\xa5\xd8\x89\x9fE\x81\xe8\x9c\x84\x9e"\xe8\x867\\\xf0\x9a\x0e\xd2\x174\xe2\xbf\x91\xae\xea'
    b'\xa0+\x88\xf2\'`^h&e!\x10\xf4\t\xe0j[NW\x94Z\x05F\xa7\xa3\x02M\x06\xa1E\x1dY\xb0\xf4\xacz\x86"tD)\xed\xe1+\x08:\xe3\xa9\xae\x8e\xbb\x04\xa0IiN\xc2\tN0]\xf6P\x8b'
    b'\xdc\xf2\r\xfe]\xb4l\xc0\xbb\xf0#Z\xd3\x14\xe8\x9c$Q\x12\x85&\x8d\xc7\xbaP\x07\x11\x03\xe84*e\x1fS\xf3\x98H\xce\xd5VAj\x8a\x86\xc3:\xfc\xea\xd0\x83$\xb3\x9a\x93|\x04\xabrme\xe0Zv\x95'
    b'o\x0c\xeb7\xa4/\xafo\xe1TM\xb7\xd7>\x95\xc8v\xd1+\x92\xe5\xb6\x0c@-!\xa8\x10P\x0c\xaey\xa0\xa0\x0f\xde:\xb2\xb2K\x937\xb7\xbe\xf1\xf3\x940\xf3\xb0j\x1d\rDzW\x15\xadK\xd7WVR\xb7'
    b'\xc4\x12656\xe8e\xd8<\xbcy\x87\xbe\xeby\x16\x04\x04 \x90\x8a\xbf\xf5$d\xca\xed\xf8v\x81\x99\x85\xb4[\x11\xfa\xa44\xf8\x8ab\x1b\xcf\x92d\xc1\xd0@l\x9cas\xb7o\xd7\xe3\xb4\x10\xe4K%2\x13O'
    b'qyv\xef\xbc\x11\xee\xe5^b\x06\x89as\x8c\xee]$1H\xbb\x03U:\xf1\x86\x97\xad\x8e\x14k\x03"\xbd)\xb8\\^/g7\xfb&\xb2\xe1\x8avs\xf7\xa5\x94\xcd\xb5\x9b\xc5\xe6lJ\xf4w \xfe>o'
    b'\xcaq\xbfs\xd1\xef\\\xf5)\xde\xd4\x19p\x0b+\x97\xfb\x18Uv\x98\x84\xdc0O\x98/\xb0\xfa\xe9u\xbb~\x1a\xce\x8b3\x83\x90\x9d\xecZ\x05\xc7\xfd\xfe!Z\x86\xb2h\xea\x8a\xb2\xa5\x7fW\x03\xfc\xa1{\xe0:|'
    b"J\xb7O\xd8n\xdb{\xe0\xbb\x0e\xe5\x03\x8d\x07\xf7\xd9\xe0\xc90\xc2\x1b\xf5\x1d\xed=8\x88MLx\xcdL'y\xaf\xd0\x82;\xc5_\xac\xf6*'ZP\xd7\xad=\xf5\xb4\xa3Q\xd4\x8b\xe7s)\x0eH\xb7\xa4\x0ct"
    b'\x88\x82\x9d\xccSf\xd0G\x95\xde\xc8\x8c\xa8H6a*\xee\xa0\xc2%^\xe1Yq\xafHq\x0eW\xcaD;+\xe7&\xce\xd1\xca\x9cK\x06\xb4\x03h\xbcC\x8c\xa2>\x83m%\x06\xbc\xd1\xb8)]\xf1e\x12\xaf\xde'
    b'\xc1\xe5\xc0=\xf9\xe3\x07W\xb6\xe5\xb1\xcc\xe3\xecc\\R\xeb\xea~\xbb\xae\xc7\x90\xa4X\x80\xa2\x8b@d\t\x82&L7\xe9\'\x14\x8e\x92\x85G\xec\xc3\xe1\xb0\xd9SO\x92w\x9e\xea}\xd4\xbc\x85\x04D"\x03\xe4l'
    b':\x94\xe96\x94/UE\x0fh\xa5\xc79w\x9c\x9a\x14\xb0+\x10m\xa8\xcf\x96y4W\xc3\x1e\xba7\ti\x06O\x08\xf5.:\x08\x17=\x06I\xac\x89\x85\xe8\x04\xc6cI\x8bPsA\x14]ExO~\x08\x18'
    b'\xb9\xaa\x01\x8c\xaai\xa2\x1bZE\xb1\x03O\xd7q0*[\x07\xd6\xdbf<\x87\xba\t\xd9\xd0\xc3\x8a\x05O\xf3CNfx\x84\xbb\xcds.\xa0(\xda\x10\x17\xf6-\xe2M)t\x9d\xe5\x11\xea\xc4\xb6\xaa/\xb5X\xe4'
    b'\tc\xc1\xb93\x12y\x1a\x93\t\xdf\xaeg\xf3\x98z\xe1\x87\xa9;\xfdp"\x87\x03\x0fd\xfa\xfd\xe4fe\x90\xca8\x8c\xfe\x18a\x94\xd3\x1f\xc5M\x16}%\x8bp\xfe\xdc2\xeeZ\xcd^\xbc\xc3\xd2\x13\xee\x8e\'\x07'
    b'\x02\xed\x08\x1b\xc1\xae\x08\xa3\xc3,\x04\r\xebG\x9b\x85\x00\xbf\x87\xe2=\x1bB\xb6\x10\xdf>)\xfb\xca\xaa~\xba]\xedG\xab\xd7\xdd\t\x03\x19\x92n\xf0\xb9I\x97\x8dU`F1K\xef\x9e\x02\xef\x1a\x0c\x83e,]'
    b'H4\xc1<L\x11\xd9\x0b\x81\xbbHq\xc4\x88\xfeE\x826-\xfc)\xc9\xbb\x82\x8a\x81a\x06\x9f"\x1c\xd2}\x89\xfb\x80\xd2v\x05\x8eP\xb3\r\r/Gj\x87^\xb9\xd3\x80\x1e3j\rZ5OE\x1aK\x8aH'
    b'\x94\x14\xd1F\xdfM~\xc4\x1a<\xa1\xb9\x8eQ\xbe\xf5`\x8f\x91\x7f\xaa\rL\xc9q\xfb\xd4\xc6;\x06\xc7\xf5s\xf0\xba\xde\x9e\x7fE\xb7\xdb\xd3\x01P\x07\xb5\xe7\x1c\xf3\x8d\xc2.\x18k\x12\x8a\xceG\xe4?O:\xa6n'
    b'\x8e\x93\xf2\xec\xd8\x92\xc2\x85\xa8n\xfc\x83\xea3\x8b\xde\x04\xf3\xa1\xeb;qw\x08h=9"\x10\x9d\xa7_\x112S\xbe\x98]\xcf\xc7\x8b\xa1\xd3\xca\xd9\x1aO\xcd\xa0\xcff\xc5\x9f\xf1\xab\x91\xf3\xf4\x8e\x18S\xc3p['
    b"\xfd\xd0\x9eg\x82<\x94\xe1Y\xf6\xf3\x03\x1a\xd2V\xb3P\xec\x97A\xd1\xd3\x91m%3\xd0\xd7\x8d\x03\x1a\xcbjQ\xed\x01A\xd0,\xe5\x0c'\xb7\x7f\x9eW\x9a\x03L\xd3\x99\xc5\xe9\xaa\xa38\x91\xa6(\x83$\x1a\x8b?"
    b"O\x90gY\xb5,\xad`!\xf8\xa8\x08Mr\x9f?d=\x8d4\xaa\xa2\x01ZGh#\x89R\xfb\x18\xc5\x1b \xed\x82OZ*\x12\x81b8Gv\x19)\xc6V\x9d\xa00\x82\x04\xeb\x85'n\xb4\xd3\x95\x13\xedt"
    b"\xf5\xf9\x80\x9cG\xd7\xdas\x86\x12\xf5\x96\xfb\xb08k\xcd\xcbf{!'\\\xb5\x9d\xd0\x1b~M\xa8n\xc4U\xb4\xf0\x97\x0bD\xebk\xf0_\x8e\x8d\xd0\xae\xa3\xc0\x14\xa2\xc9\xca\x9c\\\xaef=4\xe1Tnn\xbb\x13"
    b"\xbb\xb2;E^N^\xfa\xa2\xbd\xbe\xad\x91\xcd\xc0\xa8s\xf5q\xa8\x92\x83\xd39K'\x9fQ:2\xa4[\xc9\xf4\xc0\xf2 \x9e\xf0\xaea\xef\x0c\x8e\xb8\xa9G\x93\x0c\x9b\xae\xb96\x10@w\x04o\xe8\xdb\x82\xc0g\xd2"
    b'\xeehe~8\t\xe1uIr\xc0\xc0\xc9\xc0\xd8!\x82\x87\xec\xa1\xd7\xd7\xd7\x87x\x8dk\x88\xf9{\xf1\xbc\xdc\xeflw`\xd5\xd7o\x9f)\xa0\x9d\xef{\xc6B\xed\r\xe3@\x0fC\xfeq\\\x0c\xed\xdf(\x99\xba\x8b'
    b'd\x9e\x17\x8cJK\xf1\x10\xe4\xeb\x0f\xfa\xb7X\xce>\xc04*\xda\xb6\x07\x91{$\xc0\x8e\x97_5\x1f,\x87C\xc7~\xdd\x0f\x17\xae\xe6\xba\xe9\xce\xcb\x1d\xe3D\xe0tv+tM\xa5\x84\xef/\x84(\x0b\xcb\x0b\x87'
    b'\x16\xf9$\xb8~/\xe3\xe6J\xbe\x8c\x16!e\x94a\x84A\xa3\xf0\x11"\x8a\x83\xecs\xbe\xdby2\xa9\x17\xc1>T\x1e\x1a\x07(\xfd\x18\xf9\'\xb0+\x8c\xdb\x06\x03\x17\xe8\x93\x02\t\x94t\x1d\xe9\xda\\\xbc9\x14j'
    b'p\x84q\xdfu\xe7D\xff\xea\\{\xb58\x93\xafE\x82x\xbf3\xe2B\x9f\x8b\xf8\x87S\x19i\xe2!0\x8e\x05\x97\xc2\x1c\xcb!\xca\xe1\x9ef\xad>\n\xad\x97J\xcd\xf6\xb83\xf6\xc4\xe91\x8d\xd5\xa3\\M$\xb9'
    b"\xa0'KH+\x9c\xe1\xf1\x06i\xa0#\xf2\x13h\xbc\xdb\xbb{SR\xd4v\xa1\xa6v\xfej\xb4\x9fh\x1c\xa5X\x1a9`\xbb\xcas\x81\x97\xd7\n:k\x96\x85\xd0\xb0\x80\xc9\x0c\xabt\xcd\xd1\x80<\x90\xb4\xd0\nZ"
    b'6:\x90\xe1\xba13\x13_Hs\x1e\x04\x18\xfd\xdf\xaf\xf1\xd5\xef#\xeb\x9e{l\x00\xd4\xe2\xbd\xf2!u\xed\x86N&\xe0\xa4Q\x9b\xdb\x8b\xcc\xbd\x1f|\xe5v\xd0\xf0S?\xef\x1d\xd3\xfd\xc0?\xdb\xfa\xde\x90\x82\x98'
    b'\xa8\xff\nbi\x1aGg\xa0\x0b\xa9\xf06\xb8\x02\xfd\x04\xabO\xea\x97:\x83\x92\x13\xac/\xa0nhp\xb2u\x18\xf0}\xd1\xfe\x8fqZ9M\x84\xf0\x15\x9f%`\xde\x88\xe4w\tEh\xef\xa3\xb9\x87\x86^\xb9\x8f'
    b'\x81V0\x8c\x8e\x9dP^/\xa1~\xc4\xa9\xd5R\x10\xdc\x1e\xc1\x05A\xfc\x9f*M\xa1f``\xe1VT\x03\x01+Z\xb0UQ\x8c\x90T\xa2jC\xbf\x08\xd0\nYO\x91\x13\xdb\x0f\xa3_\xd1\x04\xebz\x82H\x80'
    b'Bxj\xdf\xcd\xd1\x1dl>9\xa2\xc9s\xb0\x1f\x9d\xed\xc3D\x12\x83J\x14\xd2d#\xfa\xa7_\xcf\x98\x9a\'W\xc9\xe0\xc62\xd6\x00\xf2d\xcd\x05"E\x82&\xf6G\xdd`K>\x02\xcd\x1e\x91k\x02\x8e\x80p\x8d'
    b'\x8fl\x88\xc5\x12\xd1T1\x02\xf3Kc\xaeR\xa2\x8e\x053BZ\x17\xc5P\xc8\xb7\x95Y\x1a\xad;\x86\xb6X\xa9\xaeGA\xc1$\xb4t\xf0\x944\x18\xe3\xcc+\x84\xc5A\xfb^\xf4-\xa5\xbd\xa07\x81\xea\x86h\xff'
    b"\xa4zqg~\x02\n\xc2\x81bk\x86)'\xac*\x06\x0b\x96\x8fk\xa1\x82\xc8\x9e\\m8z\x18\x02\xc0\xf7\\\xa4\x028m\xe2F\xf4\xbc\xa7v\xd41\xc6\xe4\x8c\x82\xa7\xce;\xce\xef\xe7\xa4\xc3\xbf\xa2\xddOga"
    b'\x96w\xd9\xb4b\x03\r>Q\x06\x8b\xf9\xcf\x80\t\xee\xa4\xc8\x96s\xd3\x1b\xb8\x9e\x98B\x1ch\x8dOq\xf3\xc4\x19\xd7\x9ea\xb4T\xc9\xb9G3\x10\xd5Y)+B&\xea\x98\x82!\x0bE6\x92\xda\x8a\xcc\x1d$&'
    b'\xff\x91\x03l\x13\x8d\xbc\x85\xc3\x8aW\x86mz\xb4\xabq\xfa\nI<\xe6\xf4\x7f\xc6\xd9h\x81\xa7\xc6\xafDp\xeaY\\\xf4P\xe5\xd9`\x91\x18\x84?z\n\x95\x11\xb5 \xddZK\x9d \xdb"\x96@\x10kxU'
    b'\xf2gsE\x15)\x08\xc9 !i)\x18\x86\xc8\x9f\x8e\x19\x8e\xefZs\x89\xab&\xba\x85\xe9\xcb\x11\x91$\x13h/i\t\x15\xfaE\xab>\x9b\xbc\x0c\xd4\xd6\xb1\x14\x16\x85\x9d\x83\xbb\x8e\xc7 \x7f\xae\x87?x\xa7E'
    b'I\x85\nU\xf4\x98Z\xde@\xde5M\\pE\x15\xa7L\x92=b0\xce\xbf#\x9dar\xe7\x8a\x89Ub.\x1b\xb0\xedX\xc5\x82\xd3\xea\x1f%8\x8d\x0eI\x8dTz\xe4\xe3\x07\xa8D\xf6\x13JS\x88L\xc3\xa5'
    b')\xbdW\xb3\xa3\x91&\xc2\xafD\xb4D"tJ\x8eV)VP\xc2w\x15d\xe7!\x88\x0c\x86|\xce\x04\x06\x99\xca\xcd\x83\x1e\x02\xc4\xd21\x158\xe4H\x10\xa1\xae\xb4\x80\xf0\xbaU\xf9s\x02|\x91\xa6c\x9f|\x02'
    b'\x7f\xd3\xf1\xe8l82m"Y\x87|=VO#[\xf1\xe6\x13\x1e4\xab\xf9\x99Z\x8b&\x97$\x93\x9c\x03\xa9\x0e\xcf\xcf\x03\x02\xdak34\x95)\x9ejv\x8ffu\xaa\x03:i\x11L\xb4\x80f<{Yr'
    b'\x91\x11:\xd4h5\x81G\xac0\xe7 \xe6jV(\x89)\xda\x02\xb3\x19\xa7\xacf\xca\x89\xc2K,@\x95\xa9\x04C4V\xba>\x0bv\xd1\x19|ea\xbe\xe9"i]\x9f\xb0\x90\xa7\x96\x18{\xe6\xbfU\xa9\x9e\xe9'
    b'#b<\x8c\xd2y\x8d\xcc\x03\xab\x1f\x1d\x1c\xb9\xe0F\x10\xb5\xa86\x81\xf9\x95\xa0\xc5t\x0c\xfd\x03\x9b\xc2\xef@9A\xd9}%\xc9\xaaF\xf2?N$v\x88\xafFe\xcf\xbb\x9b\xeb\\\xd4\xa4 W\xfe1b\xd0!'
    b'\x1d\x85\xa4^\x1f\xbb\xffZ\x19\x92Z\xb7\xb9\x88\xb4\xc73\xa4@\x14\x97\x8e\xe6r\xa9\xe2\xb96L\x80\tK\x978&o\xf4\x81\x98\xe4W\xf5\xb8E\xda}\r@\xa1\xba)E%]\xa1\r!\nb \xa2A\xa2\xf6'
    b'\x87\neu_$R1\x99\xbf\xc40\x10\x13\xfc%,D\xc5H\xfeF8\xb4\x08\xf13Q\x1e\xd5\xb1\x95\x93\xb1\xa5\xb4J9\x01\x97\n\xf9\xe4n\xbd3bk&\xaa\x13\xce\x13\xca4q\xf6\xba\xf8\x1f\x1a\xaeQ\xfd'
    b'\xaa_\x9cB\xb35]X89\n\xa4\xca\x1e9\xa2\x94a\xf6\xa5\x0c\xf8\xdaJ\xc6\xf4\xbdh\xce\xd1\xadI\xa9o\xdc\xf9K\xea\x87\xb8\x82\xb0TOu1,\x81?K\xf6\x88\xd2\x89\x85R\x97\xcez\xd1;\xd8\x8e\x9c'
    b'\xa8\xcc%\x86p\x1a\xd7I\\\x12$\x19\xc5X%\x95\x96\xc7\xe2\xa2\x1e]\x02\x9e\xc3\x9a\x1ef\xec\xe6\xcb\xf1\x81n\x17\xde-/n\xcc(2>\x83h\xd4w\xf9:\x9f\xdb\xd2uG\xf0\xa7\x02\x1e \x1f\x87KN{'
    b'z=_\xea\x0ci#\x9a /\xf3f\x8f\xda\x8f\x18C\x9d\x06\x9e\xbd}\xa3\xf9\xb8\xcd\x91\x86\x07\xd0r\xe2\xf5m^\xbc\x9cI\x8es\xb2\xc1\x97\x0eaK\xde\x04\x99\x15\xe9\x8c8\xb4\xc1\xcb\x1f\xeb[]\xce/\xb2\xf8'
    b'g\x10\x9bUY\x82.\xa6\xde\xe1a\xcd;\x11fS`\x82\x08I\xb8\x1d\x86\x03bd\xa5\x97\x82\xe8\xc3\xdb\x91\x8b%\xc6\xc4\xd3\xc9\x88\xb3\xd1\x92\x8d"\xc9)\xe2\x9dH"t\xd0\xd13B\xd5Zm\xf1\xa3)\rE'
    b':\x97\x96\xb4d\x7f\x9c!\xba\x83\xd9\xad\x1b\x0e\xd22a&\xa9\xc0\xc7K\xdb\xdb<\xfac4\x06\xe9b\x14\x90i\xdd\xd1\xbc\xf1\x9c6\xfbP\xdc\xd8\x10\xe5\x05\x02\xec\xfa\xd2\x99\x87\x9b\x186*x\x0f8q\x95\x8e\x11'
    b'\xd1\x9e\xa7\x1c\xe8\x11\xda\x9b\x87\xfag\x1b\xba\x1f\x8b0\x1d\x1fw\xd6\x8b\x98C=\x9bq\x14\xb8\x12*r\xaa,WNOBoE\xd5G\x89\xb9\xaa\xea\xae\xa1\xc2^E6~\x19\xbc\x17\xba$=\xaaY\xb2\xec\xdf\xb9'
    b'\x847\xeb\xf9\xa6\xaa\xa4\xdb#b\xeb\x96\x88\xe5`E|V\x03\xf07D\xd9\x16\x1eLV;\x1a\x9f\xa8t\xdb*<\x10\xa7\xfcQ\x0f\xc9\xbf\xbd\x08R\xf09*\x81\xd4\xac~\xe4a[\xd4\x04E\x84y%;\xefB'
    b'\xe7\x9dE\xcfD\xb2\xba\x02\x969\xd2w\x83\x12\x00S\x85k\x9eo<n2t\xa5\x1f\xff\xcb\x02\x0f\xd8r\xe9\rT\xb4\x0bkK\xf4\x92:\xbd \r\xd1\x0b\xacF\xfb|r\x98\xb91 x5\x0b\xf4\x04;\xf36'
    b'\x1b\xf9fkX\x7f\x04\x0f\xd4|\xae\xb1\xe7B8\x81Cg\x13^\xf1\xbc|\xd16\x0c\x8e?t\x94y\r]\xaf\x9a\x0b\x83\xd9\xe0,Q\x9b\x0fL\x1d_\x13\x0f\x8e\xc6H2\xf4n\x03\x9cC\xa58\x1d\x08k#l'
    b'T\xb6\x18\xa3\x05Tq\xcb\xfd8\xe8\x19R\xb3\xd7\x80\xad\xe6\x9f\x18\xbd\x95\xe39\x05\xa1@\xfdk\x1c\xa1I&\x1b\x83\x05\xcf\x8f\xf6,Z\r\xc5.\x94\xa2\x16K\xb9d\x8e\x10\x05-\x93\x8f(\xa9\x86\xc4y\xdd\x1e\xa2'
    b'\x0f\x82\x93L_\x8c\x96\x93\xf8bv\xd3\xed\xf2a\xf9\xd6Ap$\x8f\xedg\x86\xa7O\x02\xf1\xe9>(\xa7\x1b\x80^Gl\xe5\x18\xf3\xe1\x8e"\xf6;\x82\xc4=\xbc\xf9\xde\xb5\xd78\x1c\xadoqS\'n\xeb\x1e\xb0'
    b'\xc9r\x17\xb2\x8b\xdf5\'\xb2\x1e\x08l\xdbL"\rDn\x1c\nl[\xff\x9e\xc3\x81n\xeb\xc3\xdf\x81nK\xa6!~\x803\xcaZ\x00z\xda\xdc\x93:c\x0c=\xd5\x83C\xcd\xaf\xc0x\xb1\x0b\x18\xd2\xf5`\xc9N'
    b'\x154\xb2\x97\x82^\x85\xfd\xa1i\xea\xb1T\xad\xca7\x84\xd1\x96(s\x17\x00\xc9\x14\xf6\xe4\x1a,\x9a\x9dSRA\xf3\xf2>/\xaa:\xf6J\xea\xba\x0b\x194\x84\xcdY\x92\x92\xa9\x95}\xf2|U\xa5\x14\x87\xfd\x02\x86'
    b'\xf9g\x82\xc1\xda\xa7\xdc\xfa\xa7\xa6y.\xa2m\xf8\xe4AV\xdd\x84\xd8\xa3\n\x0c\\%\x18\x01\x9e\xb7\x19G\x8c\xb1\xd4\xba\xdeP\xb1w\xb7h\xba\xcdn\x12y\x19\xab\x8a\t\xef#VDSG\xc6\x0e\x82\xd6\xc7\x01J'
    b'\xfdjq\x95F\x82\xf5\xc0"4+\x96\xa2\x13B\xaflpV\xa6\xc4\x83\xc29\xa1\xdfz:<\xcc\xffzj\xfdz\xa2\x93\xcf/Q\xe1H\xa8.\x90\xad\x16-\xe9\xd7\xd0b\xe4\xeb\x04X\x8dt\xd5Xy\xf1\xd4\x11'
    b'_D\x97@\xa9\x87K\xc9\x91\xf9\x07>\xe4%QO%\xe5\x98\xbd<^\xd3\xcc\xf2v\x8f\xf3\x97lD\x8d\xb1\x8a\xe5\xdc\x11\x14\x91\xbc\xd1.\xe1\xe4O\xd8k\xa1\xdcT{\xd7Is5\x17\x7fM\x17\xff\xed\xf57\xdb'
    b'\xea}\xe8\xfa\xbb\xb8x_\xef\x85n\xfc\x02$]\x06\x1f\xf9\x86\xdcL\xef\xdd\x12\xe27\x81J\x1e\x02\xdaJ\xf3\xf63\xa3\xc7\xb3/\x8el\xc8|\xe6\x91\xa7\x82K[K\x195\x9c:O\xe5+-\x94\x1dnG\x17\xba'
    b'\x95Sg\xf1\x1eJ\xf4\xb0|\x8e\xb3E\xd2\xf9\xb0O\xc9\xc7\xe0!\xbc$\xca&\xa0\xb5\x0eq\x8f\xc0\xb4sa\xa4\xe6\xc4S\x07?c\xb1\xa7\xda\x13a\xb0\xe1C\xe6\xe7\x07+\xec\x0b\x94;c\x92\xa6\xa5\xbba\x05\x0e'
    b'\x8f\xa7\x92k\x1d\x82\x0c\x8eo\xa6\x98Qw\xee\x02\x9fC=Rb\xf2\xfe!\xe9\xde0oA\xe6@\xe2\x93l\x06B\xca\xd5\xf2\xd6\x06\x8d\x97xG\x8ev\xd3U"\xa4\xecdF1~.\x0ba-\xf2\xc3\xc0\xcf\xe3'
    b'%\xa9^\xe5\xb5k\x9bn?\xd2\xc0;\xa7K71\xe2f_\x89/\x95\xd37^J\x06\xc7g:}\xf6\xe8C*#2\x0e\xeb\xe91\xf3\xeb\xf9hv\xdd\xec\xd5tSO\xf6\xb2%\x1e\t\xbc\x91=\xc1\x05\xcd\x9b'
    b'\xd1/\x838\x8fH\xf0nf*#s\x82\xf0\x93\x01S\xc9\x0b\x85\xf1\xa1\xf4\x00f\xb8\xb2:\xa6\xcc&V\x0b\xc0\xb3\x92\x8eG\xe2p\xc4\x958\x98\x18M\x84b\xf2\xc0#\x91EH\xd6pg\x05ZI\xa9\x80\xee\x03'
    b"q\xcaG.\xc7A\xf4Z\x99CF\x13\xa1\xcc\x90\xf4\x14$\x92\xeba\x1d\xcf`M\x89Z\x93\x88\xd5\xcf@\xf8|\xb3p\x930\\\xdd%nU\xe2\x87\x98\xcf\xe8\x96)U\x07\x14\x95\x9c'\xad\x98g\x0b'\x03\x98\x88"
    b'\x13(`\'\xb8\xa4\xf6EL"\xbf=L\xf9\x80%\x07\xc12a\x0bP\xfd\x93\xf0o`\xbc\x9d\xd0u`\xbc\xcd\xeb\xeb<\xcb\xf1\x81\x93\xe0\x1dx\xa4i3\xb0h\xad8\xce\x94\xedRR-\xd4=\xf39P\x81\r'
    b"_v\xa9Rv\xecl\xb4B\xaah\x16\xd9v=Co\x9fk\x8fP\xb5\xa2g\xb5\xfb\x98U\x1a\x86\x02\xe5\x0b\x06\xa1\x90\x8a\x06m7S\x98\xf0u\x82cz\x80\rE\x06\x92\x1c94\xe7\xbf1\xa8a\xee\xcc't"
    b"\x86\xb3I\xbe\xbbmf\xbd\x938\r\x8c\xb5\x89\xbf\xd9\xd5\xf1\xa5\xac\xba\x0f\x80\x04\x88\xae\x14\x90uR\xfaeg\x0e5\x01\x8e\x8c\x91\xed\x84\xe7\xa7\x10\xceF\xfd\xd1EP\x9e\xaf'\x1dH@\xaf\xf0,o\xe0O\xf5\xf2"
    b"d\rX$l\x8e\xeb\x12J\xe7\xa1\x8fh\xcd\\\x92'[\xb0r]\xa8\xdcP\x1c\xa9\x96\x17T\xc5U\x18\t\xd7HK\x84O\x08<+\xf2\x0f]\x13\xf8\xbdG\xb2\xb1\xb1g4\xf0\x1d\xe6\xcb\xf9\xd5lnG\xd8\xc3"
    b"|\x05\xf3\xc0@\xc0x\xda\x1e\xb0T[\x0fRl\xd6\xdc\xd1\x8a.\x97\xf1\xe0\xfa\xd2Kd\xbe\xb8`\x84\xf1q\x9b\xa2\xe9\xbdJ\n\xe9\xcc\x9eju \x7fT\xc7\x10'p\x898\x91\xab7\x9e\x11<V\\\xc3H\x84"
    b"\x13\x87\xcf\xf6\x14\r\x92 \xc1\x85\x97\xa2'\x85$\xef\xa5iG[\x92 |\xa9C\xf2 \xa9;\xa5H|g:m\x15\xf4\xa5\xf0\x93\xb0*\xe5\xc7;\xfa\x18\xae<{t5\xbfPq6\xc7\xc8\xf31-\xd3\xd9\xca"
    b"n\x92\xe1\xb3\xffB\xd8\x0c\xd5\xfdS=\xff\xc3\xe4z\\X\x1d|p\x11z\x94\xfe\xbc\xcf+'\xcc\xd6\xebb\xd8\x1b;g\x08\xd7S\xb6\xcf8\xf54\xdd\x005\nv\xaa\x95\xd3\xe4S\xdbPpk\x0fleh{"
    b'\x16+\xea\xee\xc5\x00\xa8\xe7\xdd\xf6\xed\xc3\xadU\x0f\xcc\x11\x15q\\\x99z\xa4#>\x18\xa07 \xbf\xd5\xa2#\x06jVg\xa4\xea\xbc::)tB\xc9\xa2&\x1d\xd6f0\xc6\x93\xeeQ\r\x8a-\x15\xebxt\xf5'
    b'GA\xbbF\x10@%\x88\xd1M\xa8\xfeg\r\x15\x02\xc1\x91}\xa8\x96\xabsGLrtwTD\xb7\xe9j\xc1\xd30%\xf6#iU\xacd1c\xb2z\xe7]JP\xba\xb8\xfb\x14/\xdb\x9e\xaa\xd4\x15O(+'
    b'\xa7\xb5\x83\xf5\x055\xf8\x8e3"w\x8a$n\xcb\x88\xfb%k\xa0\xe58\xd7\xadP\x13\x1eg\xf7\xb3\x89}\xe7\xcbE(\x9d\x85-:\xfc\xfe\x9f\xb6\xd9\xd3\xb1\xb89\xb5\xca+W-\x95|5:\xca\xbcHk\x97\xb7'
    b'\x9d?\x0cW\xc0\xa7\x86)\xd2W|\xa0*\xb4\xc9\xa7\r\x8b\x19\xec\x80!\xcf;\n\x90\x04E\x8e\xd0\xe2|\x85\x15hb\xbd6P\x8dV\xd0\x0e\x02^\xc0\x0ev6T=q<H\x97O\xd3\x9a\x11\xd6\xc8\xdc\xdf\x7f'
    b"\xfb'\xd5\xc6)Z\x05\x01\xe6\xe6\xd0\xfd\x82\xd4\xfd\x98\xc3]\xb8\xfc\x0e\xd7\xe8\xa1\xda\xeb\xacgh\xe6\x03\x97\x1fQ\x9ar\x0c\xcc!{\xa9\x98\xcd\xddCw\xd2\x82O\xdf\xac\xf3\xda,\x11\xd1\xa8\\\xeen)\x8e\xf5\xe3"
    b"L\xc9A0\xcb\xc0\x8c\xd5\xcf\xd7\xe2S\xd4a\xfe^\xd3\x9eH\x80^\xe9@\x8a\xab#@\xb5Z\x80\xde\x98\xcb\xcb.\xfbI\x92\xc4\xfa\x13\xc3\xf1:'\xd1\x8b\xa4\xbf\x98-\x86\xf4\x97\xfe\x8e\x19s\xcf'\x8b\xa4\x8a\xd3"
    b'U\xc9`mo\x14\xde-0\xb7VMm]S\xb4\x9a8I\x97hs*\x1d\xb9]\\i\x1d\x1f\xf2\x97\x18,Grp\x18\xad\x98\xe5I\x04\xa6\x1a14\x0e\x1b\x14\xa4"\xef\x86\xea|H\x91\x19\xd66\x90\xc2\xa9'
    b'\x14[)\xc6#K,\x0c\x1bR\x86\xb2\xe0\x9dd|\x03E\x10\xdc\xcaZqBA\xdc$1\x83\xbb>\x04\xfda\x17L\xdc\xc8E~k@\x809\xc7a\xb3\x96\x99\x05Fhb\xbb\xd7\x0b\xe0\x0c,\x86S \x10\xbd'
    b"\x96\xb6\x13\xc8\xb1\x12\xf8\x95\x99\xcbfwy\x0f\xb8}k\xe9v\xc5|\xd9\x11\x1b\x1d@\x8c\xb1\x95p\x1ah0N\xb9'\xb6\x82\xc5\x1a\x9c\xc6\xd0,B\xb6\xec\xac\xe5G\xf8\xc8JX\r\x95\xd0\x03|\x80\x82\xc2\xa3\x9f"
    b'\xd9" \xd6U\x01\xed\x15j\x8at\xed\xc5f<`\x9b\xb1\xef\xab73\x16\xf4\xb45>\x80\xbd\xa6b\xf3\xa2+\xe7r\xc9ZI\xce\x9f\x9ch7\xe2\x1a\x1c\x7f\xcc\xd4\xc6\xd9\xc7\xa2\x15B\xdf)\x03s\x10\xb4\xe2\x82'
    b"\xe0=E\x80-M|bL\xc6ylA'\x86\x84\x97\x9a\xf8x\xb2~p\xdf\xa2\xe7b\x9cv4OV+\x05\xeb\xda\x92\x05\x9fc\n\x13\xf4{\xa31\xc3\x06(aS\x0el$MT\xf0\xba\xd8\x07\r\\\xa1\xe4"
    b"2\x13s\x8b\xbdl\xe3\xecU\r\xe6\xf8#^\x005$c\xd4)\x8e\x9f|\x86\xa8\xefF\xc9*!\xd0R\x18'B\xe5\x08\x86;\xcd\x05\x11\xc0\x1c\xf3<\x12F\x08\xab\xbf\xef\x1e\xe5\x11\x93e\x90\xd1j\xdf'(\xe2"
    b'\xb1\xbc\x8f\x9aui\xe2\xd6)\\\nN\xc0\xd5\x8atf\x1c\x03A\xa1L\xad\x13\xe3\xb7\xedzC^\x01\x14\x06]\xb4\x19\x1e\xc5\xc2$L\xfd\xe0\x85\x1e\x98\xa80\x9a\x003\x87\xd4%\x7f\xaa\x84\xb0c\xecK\xb5^='
    b'\xe9\x01\xd6\x8d\x11\xe8\xa5P\xdf7\xf6\x11\x028\xd3\xeb\x82\xa2\xe8\x03\x99\xd9*\x9bu\x183\xefI\x8c\x81\xa1\xd3\xf2\x89\xf4\x91t\x85\x9a\x82\x9c\x9fm6W?7D\xce\x07\xae\x8a"U\x865\xc2U\x88M\xe8R='
    b'\x1f\xb5Z\xdd4x\x8a\x89O\x16zr5\xcd4\xa8\xf0\xc1\x9c\xaa-5\x96\\\xb6y\xbey4\xe6T\xe3% \xf9\xaac(\xb64\t$$4!I\xc8\xea\x93\xd9\x8a\x8d4|\x98\x89\xa9\xc3\xda\xcc\xf1\x94C\x94'
    b'\x01\xb2\x08Q\x00/\xc3\xe6H1\x8283z\x81c\xb0\xc5\xa1\n\x1f#\xec\xfaV\xd3\xacq\xf0~\x99d\xd0.\x178C\xf1\xed\xbc\xfe\x89c\xd6\xd5q48\x96kr\xd1=\xe4\xea\x03\x08\xa1\xae\xb8\xe5\xe0\xc4\xf3'
    b'\xe0\xd6\x000\x81e\xd6+_7r;\xac\x92#H\xea\xe2\xd9~\xa36u\x81+\x1e\xfe\xcc:x\xe10\x1e.G\xa3\x88E\xc3W\x1cIar\x1e\xfc0\x14O4\xa4\xbc->\xc2\xf0e\xe7\xa1\xd9#\xa2\xa7*'
    b'8\x9c"`x\xb5\x9d\xc3\xca\x8d\x98\xe3\xa0W7\x9e\x07\x8bZ\xe2\xd4I\x8c\x1a\x97\xd8q\x927\x81?\xbb\xae t\x02y\xd1\xa8|`0cv+\xf3 \x97\xb6\x87\x9f\xc6\xbc\xc3\x1e|-C#\r\xef}\'\xd4'
    b'\xc0xB\xde?\xd5D#`\xe15\r\xac.\x19I\xfa\xdf\xbe\xf7F>%\xa8\x87\x81\xb3\xfao,\xea\xb5\x85\\8\xbcOK\x1a\x04\x86"}65\x89@\x04\x12\xac\xf0\xbf\x19AW\xd7\x19g\xdbxz@\x10!'
    b'V\xd8q|\xe0\xc4d\xe0|\x8e\xf98\xc0\xc8x\x11\x83c\xaa0\x02\x0c\x86X\x90\xc9\n\xc1s\xa1\x17\xfd\xa5\xb2 ]&\xdfMx\xa6\x98\xc9p\x81\xd9y\xaf\xd4\xf3R\xf3h\xb1\xb7\x84U?\xdaz\xe8p\x13\xef'
    b"+\x9e\x99\x95\xe1\x86q\xb4\x84\xa3\x95\x80\xdeJ\xd5'Q\xbe\xc7 \xe1e\xaen|./\xe2\x90\x0c%,\x91\xd4\x1f*C\xc8\xc5\xfe^Ib\xfaa\x15\x0c\x82\xa81\xea\x84\xae[\xcc\x9e\xbdqx\xd05\xfb\xea\x9d"
    b'\xfa\xf9\x8d\xae\x8fN\xbe\xb2\xd3\xf4\xcbY<)\xcf\x0bJ\xc8t\x9cR\x83C\xe7,7\xca\xd6@y\x02\x0f\x0b\xcc\xd2p\\z\xb11-j\xc7*E \xa7h\xd9\x90v\xbfE\x9e\x17\xb0iQ\t\xee\x93\xb1\x01\xc1'
    b'\x08\x17YsH\xdeEU\n%\xe54\x95\xeb\x1d\x8a\xb3\xa3m9\xabE\x1f \x06\xc0\xfd\x15/Y\x8b>|Nj.\xc7\x9d\x9b\xfb\x9fu\xda\xb2\xaa\xc2}\x92~\x9c\xe7\x06\xb3Vl0\x0e\xc9`\x15<S`\x9c'
    b'\x10\x83L\xba\x84\xcc\x92\xb7\xe9\\\x97m\x8f\xdf\x81B~+\xd0\x0e#\xdf\xa8\xd6\xe9\xb9/N"\x0f\xc4\xc2\xd4\xa8V\'rc\xf5\x1b;\xb6\r\xea\xd0\x04Z\x8a6c\xf7\x99\x95\xcep\xabp\xce\xc2\xc2\rs\xd5x'
    b'\x85\x97n\xdd6\xde\x8aK\ti\xa7\xba\xed.\x92\x93< \x11\xed\x9a`\xc1\xae:c\xfd2\xf9$@\x1fw\x9cmD#CC\x99\x1e\xce\xb1\xbc\x89\xcd\xbf$\xf1I\x8c\xbb\x04\xce#qD\xe5\xdf\xb7qa\x12\x9b'
    b'\xcc*\x99\xa3>P\xecv?*\xda\x88\xc0\xd0\x02\x15p\xed\x96\xaco\xbe@\xed\x87\x8a\xf0\xf29\x9e\x88\x87`\xbc\xbb\xc4\xa9\x96\xfa\x89/\xdd\x9a\xbc\x11V/\x07>\xee\x1c\xab\xa1\xb4X\xa7R\xad\x10\xce\xe8`s\x8b'
    b'yZ\xcd`\x1e\xae\x8bg9;\xbc\xd3/\xdb\xc4\x97\xb4q\xc7\xb0u\xaf\xbd\xdf\x11\x12\xe5\xdc)\xb2[\x8f\xc6\xd4B\nn\xd9\xdb\x16l:\xadf\xe2f\xd7\xf1\xd9\x81Y\x9b\x98\x1c\xafj\x87\x12\x98hT\x14\xdf\xea'
    b'\x1c)bd\xe5xt\x8dm\x11\xae\x81\x9b\x80\x19G\x8cV4vm\x91[\x18\xed\x04\xf4\x1aUd\xd2R\x0e\xa5\xc5!\xb2\x9f+/\xf5f\xab8\xfb\xf0\x14\xda\xf0\x07\xf2\x7f\xa7\xaf\xf8\x89E\xe6F\xd5s~\x93\xb9'
    b'[+w\xce\xcf\xceJ\xe4\xef\xff4#\xeaM3\xea\\&\xa5%\x18\xc5\x8dZ\xba\x1f\x1d\x12V\xeb<\xc0\xd1\xa3\xa6\xaaO\xc7\xbd\xd7Z\x19\xef\xb2Y\xe3\x97(\x8b\xe5\xd1\xe8\xbb-f\xfb8z\x1a\xa1\x1c\xdfog'
    b'n\xd44\x97\x07\x95<c11\x91\r\x85M\x19\x1c\xf9\x91,R\x8d\xc831\x10\x1c\x11&\xbd\xb1\xb1\xf6\x93\xe6?S\xf4\x8c\r*\xe8\xd8C\x8f=\xe0K\xc7\x16cT \xb2\x15\xa3\xb1\xa7\xba\xa7H\x19\x0e\x0fE'
    b'\xd4N=\xd2\xc4\x7f\x80V<\xcd\xdf.\x19b\x82\x12\x1d\xb6\xb3\x1a\xecK[\xa0\xb50\xb2\x00\x90w@\xaci)\x9fx\x802(\x01\xe15\xe0\xef\x1dfU\xb7\x8e\xea\xca`\x06R\xaa\xb9\xa9\xb7\xce\xf2\x01V\x98-'
    b"\x19\xa2\x97oPJ:\x965\xb4\xf0\x15:\xc5\xa6\x9c\x1eL\x10\xf6\xba7\x90\xd6\xe1Z\xa6\x16\x93\xa6\x05p\x17QKyX\xfdb\xdb2\x08X\x16l\x16\xde0\xcf\xce\xbaj\x9a^\x1dh8d'w\xcd\xe9\xa1\x11"
    b'\xd61\xdb\xfc\x14\x8dQ8\xf2\xbe\x89\xc2[\x1bZ\xedk\x85\xab\xdd\x84?\x87\xed\xbfxN$\x8bs\xdd\xe4\x9a\\\xd3\xackJ\xde\xa7\xd1\xa03\x18\x0c:\xc3\x11\x06\xb4\xb3\x84\xf9=u`\xe0l\xb08\x06\xad\xb8\x9c'
    b'\x04%KI$\x7fJ\x89S\xa6\xaf\xf4\x83\xa3\x93\x8a\xc2*\x81\x17b5\xa0\xe8\t.\xc0^r\xd8DL\xd5\x19\xb0\xd2\n\x19\xf2\xf4\xccR\xc1\xc7\xb1\xe4a\xc4R\x81\x19\x85\xde\xce\x94\xaf}:\xf8\xac\xa8?\xa9$'
    b'\xe0\xb3\xbd\xa6<\xea!\x8f\xb5t\xd2\x0bs\xe6A\xe8\t\xa5S\'\xf9)\xbc\x03\x82o7e%L\x19\xb5\xee\xe0\xa6\xdb\x85;\x86D\xe8\xaf\x87\xb8\xbco\xaes\xff\xe2\xdctCg"=\xc7Gb\xfd\xb9\xc1\xc5\xb8'
    b's9\xee\x0c\xfbW\xfest \xc1\xafs \xa5jW\xfa\x86\xef\x11\xd5R\x80\x98^v\x8c\x0c{\xe1\xc8\xb0\x8e\xfe)J\x1cu\xb7\x03\xd7\xf7@W[\x13\x00\xd2\xa0;\x1e\xe2V\xbbv]\xf6#\x07\xdaj\x14\xde'
    b'\xeb4\xea\xe6\xb6\x94tc^\x84sm\xb7\x03\x8b\x17\x9a\x9af5\x90\xe8\xc9\xc4\x9c\x01\\\xa9\xd1\x94\xc6&\x85H&\xec\xa5:\xf0\x05"@\xa4\xfa\xd5\x07\x17\xc1\x03\xc3HH\xd2\x97\x87\xb9\xf0;\x1b\xd8\xf1\xcdU\xbe'
    b'\xf9\\0E\'\xd0w\xa0ec\x9a\xebK\x86\x98\xa6.J\x98,<\xc3Lba\x1c\xe1\x1a;\xe6\x97\xb4\xcd">\xd8L\xba3k\xdbw`@\x83\xf9\x7f:!\x11\xffF\xe9"\xf5w\xdd\x04\xf1J\xcd\xeb[\x84'
    b'\xb3\x1de\xfc\x02\x84\xd9\x84\xf29\x11<\xe18\x9b3\xea\xee\rl\xdb\xd9\x87\xb4\xea\xd6\xaf\xd7\xbe\xb6o\x06\x87\xb2\xaa;7-qT\xae\xdf1 \x05\xb5$\x87\x04}\x9f\xbc\x018\xed\xb5Y\x9c\xd2\xdel\xee%\x11'
    b'\xb3\x99~\xf2\xec\xb3\xe1>\x9dO\x81\x19t\x11\xb3\x07\x818\xd3\x06\xe5\x04\xec\x91_\xa0eL\x1c\xbd\xc2\xfd\x1dc\x86\x0c\t/\n\xd8\x8fm\xbb\x05\xc7\xe4\xd0\x9d~\x1e\xdf\xf07\x89\xb5\x11\x18^\xd8o\xd2\xfcM\x88'
    b'\x7f5\xb2\xe3\xdc\\s\x7fC\xea\xa8A\xa7\x0c\x0cZ\x8dLR\x04\xa3\r\xdc\x8e^\xd9,\x86\xd0.q7\xb6\xa4\x15\xaa\xa9\x94i\xd8\xb8\xec\xc4J\x0clMZ9\xe35\xb5\xc4!\x98\xc3*\x96\xb2\xa1,X\x00\xc1'
    b'\xcd\x83h\xbc\t4iv\x8c9\x01\r\xfe\xfd|S\x1d\x06\xe32:\xac\xde\r\xf2\xcd\x90\xd8\xea\xbe\x90\xab\x9e\xfeZ=n\x92\xd7\x1c\xaa\xfe\xbe\xbd6\xa6kO\xaeU;\x1c\xd6\xf3\xb8\x0f-x\xaa\x04\x15W\xbb\x0b'
    b"c\x0b\xd7\x87\x1f\xc8rl\xe9\x11g\xfd\xf6\xa1\xa6\xfa\xc7\xd7\xc0@z:\xd9G.e\x1c\x92t\xc4\x01\x15b\xce\x91'\x05\xf07-\x8d'\xd4\xc6E\xad\xf3\xc5v\xa5\xb5\xa6M\xa4U%`@\x0b\xf1\xa0\x92\x9e+"
    b"\x01\xcc\x9c\xe7\xc7\xd2}i\xcd\xa4\x92D-\x02{~\x87\x15Q\x19\x85'{4\xf5o\xf2B\x01\xe8\x82iU\\\x04M\xf3\xdf|\xd2po\x1d\xe2T\xf1\x1d~\xaae{\xb2A\xa9\xf4\x1f\xae\xfe,\x04\xbe\x9f\xaaM"
    b'\xb5`\x8d\xde\x94\xa8-\xed?\x18\xffk\xef\xee+\x1f\x18\xdc\xb9:\xf4:*\xb2W\xa2U\x86\x81\x0b\x19.\xfe\xedn\x04\xbf\x84\xa2\xea\xd9\x0e\x92+wd\xc2 Vii\xeb9g\xc9\xcd\x81X#\xe3\x80D[\x03'
    b'n\x1f\x87\xaa7\x84f\xd0\x1d\xcft\xaa\xe2\x88\xc4\x1bv\xd1\x03\x91\xb4d\xd5\xe0\x93X\xa6\x13#\x91\xc4\x00\xf5)A\xbf\xda\x96\x0c\xee\xb0/\xb7\x9ai\xa4`x\xf5\xd7\xb1\x1f\xf2I\x8f\xfb\xd3Suc\\\xbb\x01\xa1'
    b'\xd7MAo\xacU\x14L\x06p\x1b\xda\\\xebyEd\xd7\x8c uN+F5j\xa2+\xe2\xd4u\xec\xaf\xe7\x1aa \xc1{\xfc*\x13h\xd09\xb6\x1b~^:3\xdd\xe8Z\xf9!\xa0f\n\x7f\xf7a\xd7i'
    b"\xa3\x05)\xa0\xb1\x91\xebA\xfe\xe1qso=\x0e'FSD\x1d\xf49P\x93\xf3\xc0\xda\x06\xe3F\xe8$I]c\x11\x13J\xe2\xbdO\xfb\x8f\x15O?Pn\xb4\xcd\xd2\xea\xe9\x90\x8a\xe9.\xab=\xea8\x1e\xba\x81"
    b'/\x17\x81\xa2T\xa3\xcf\xa9@N\xbc2\xb9\x0bZR\x8f\xaa\xa0p\x15,a\xe6\x149mZ\xf3\xf8h>\xa0\xef\xfeM\x9b\xa8\xe8\xca$NySG`\xbc8(\x1a\x81\x94\xb6\x1dY\x05\x9e<\x16\xb4\x1a8_:'
    b'E\xf8\xdb.h\x97\xf6d\xb0\x08\xe1\xfb\xca\xbe\xc2I\xd4\x11[Q\xad\x9e\x83\xfb\x86\xa6\x16:n&\xc2\xd1\x03\xe8\xbb\xab\xd5\x1b\xec\x95,B<\x1d\xbd\xc0G,\xc3\xef\xb0\x0e.-\xeeX\x8e\xb0\x15G\xbe\xb1\x05_'
    b'70\xcb\x81\x1b\x9e\x8aB\xad\xba\xeb\xf4\xd3Y\n\xc2\\q7\xeb4\x9f\x88\xae\xfe\xd0q\xd4\xfas;\x8e\x03W\xcc\xc8m\xe41s\xec\x86\xfe\xcd\x9aq\x90\xca\x1dS\xe8h}\x1f\x1f\xe4\x85&\xa04)\xb7Sc'
    b"o#\xad\xc7L\xbd\x1b\xf8<\x16\xe9\\\xad\xd4\xd7I[4\xd2Q\x88\x84\xd4\xaf\xdb\\A\xef\xa5M#\x82Mr\xf4[\xee\xddV\xf8\x04\x9a\xe3\x8e/\xbb\xa3O\xf6@\xd0v\x16R/3?\x7f\xaaE'\xaep\x86"
    b"j\xcaW\x81N\xb7\xf7\xd2\xf2B\xcaeST|+\x99jO\x8c\xfd\xe8T\x96\x1b:E\x86\xe0\xb14\x86\x9fp\x9a\xc0\xde\x9aO1`k\x05'>\xfc]\xde\x04\xf3\xe4~\xb1\xde:2e*\x00f\xb1\xd5`\r"
    b'\xd6g\x9cXkn\xdea\x18Oqh\xc7\n\xf4\xed\x17\x92\xe55\x98\x115\x1d\xa6\xed6\x94\xdd6KM\x13\xfb\xd9{[`\xb6%640\xcf"\xf36\x9f\x0fl\xdb\x11\xdbn\xff\x92\xb9\xb0\x893\x93pj"'
    b'/\xeaH\x14\x95:\xfcL\xf0g/\xfa%\xfe\xc0S*:eN\xe9\xc2\xa8\x0b\x8a#\xd6va\xe2H\xd9\xf1\xca\xd8\x1f\xfa\xc6\xcc\x06\x80"\xe5\xaf8p\x94cZ\x9cD\xff\x8e\x00^\x10B)b^<(\x0c\x0e'
    b'\x05\x87\x06\x92\xffq\x18\x12:PwzCG\xe8n:n\x13\xd5\x11i{\xe3\xb0G]:\x17oy/\xcd\xa8\x8cu\xad\xae\x05j\xf3\x92[!*\xfdyT\xef\x89\xecm\x8d\x10\xf7\x86%\x80f\x0c\xa1\x9a\xf6\x9a'
    b'\x01\x8cv\xa8\x86\xcf\x86\x88Gx\xbf\x1a\x08j\xb4~\r\x05\x95\x02\xad\x12\xfb\x04\x1b\xfc\xa5Dh`4\x91\x00\xfcQ\x06D,\xa1\x88\xb4P\xb8\x0f\xab\x87\x9c(\xe3\xef\xdbx\x85%T\x08P\x93\xf7\x9e\x1b\xc2n\xab'
    b'\xa3\xabB\x8fZT\x0c-@A\x85\xdd\xa0\x0b\x85D\xfa|\xf2\xaf\xe6ftfY\xca\xb8\x8fg\x02\xa2\xae\x97\x8c{z\x80Gh\xb0,"\xf8\xdf\r\xff\xdd\xa5\xdc\xac\xba\xedL\xf2\x10\xb4\xdb7\x01I\x89\x16w\xa7'
    b'\x12-Ml\xdf~\xcc\x92\x05w\xd8 \xba\x84\x01\xba\xa2\x1c|\xc2\x1a\xc6]\xc4\\Tr\x8b$\x1b\x84\x82\x0c\x1cl\\.\x86\x89\xb3[!\xbez\x854"\xd5\xe7I\x0b\xe9\xd1\x1b\xc2\xd0\xc3n\x90\xb2i\x16y\xf2'
    b'p]d\x1a\x89V\xe4i\x08\xce\xc3\x01e\xc1\x03\x0c\xa8\xa9\x03\n\\\xe6\xbe\xbd\xa1\xa5\x0c\xc3\xa0\x84\x82\x91\xb5\xf0\xc2\xce\xe3\xc7\xe8\x94\x8a0$\xa7.\xf8|\xb9I3I2\r(7\xbd\xf2\xd3\xe3\x93\x06\xa5^\xbb'
    b"Q\xb8L\xfa\x86]E\xf4/'\xff\x97\xe9'\xa7\xb6\x02\xc7\x818\x80\xfb\x14\x7fb2mL\xccH\x87\xa3\xa1\x08\x1fY\xa1\x939\xd1\xd5BUY\x00g\x1e\xafn\xfb6\xbb\xf0\x8e\xa0\t\xc5\x87\xb3\x80\x15\x8d\xa4\xbf"
    b'\xb6\xb88}\xed\x11F\xe0\x83\x8fES\xe8\xd8\xbed\x87\x00"Gb-\xae\xf0-\xcf\x1b\xdap\x12$4\x96\x03\xc4\xf9\xbfP\xec6\x15\x03$\x86\x13\xbd\xe7<\xdd\x12} \xbc\xa9B\x08\x1d\n\x18\xb8aQ\x82\x98'
    b"\x18YRu\xe9\x98\xbd\xdd'\x92\xc4\xcc\xbd0\x8d\xcb\xc1)\xd9\\)\xf9HW\x8c\xd7b\xc7`\xbd\x9dt\x84o\xc2\xfeX\xbau\x88\xe3\x96\x1aZ\xe9\xfe\xfc@E\xa0\xf1X4\x185\xd4\x01\xf7\xddM\x91\xf6\x88\xae"
    b'\x9b\x9a\x065\xfa]t\xf9\xcb`\x80\x94+p\r\xac\xc0\xb5\xf9\xafS\xf1\x07\x175\x15\xffr\x8fO\xa8\xa1Z6\x94\x8c\xda\x17\xecT\xddkm{\xf5\xf8\xa5z_!\xd91\x14\xc7\xf7\xa3\x9cL\x8e\xe7\xc0\x10\x7f\x1d'
    b'`1\xe6\x80\xdfVxE\x89\x02pp\x15eXq\xba\xd8\xef\x1en\x1a\xe8\x0f\xc0\x13lu\x1a\x07\x92\\\xbf\xc3\xdaqT\x1cHB\n\t\x13\xa0\xc3\xe1~\xc8\xd7\x9d\xc8";\x1b6,P\x82\x8c\xc8\xb1!\xce!'
    b'\x96\x00\xff\xbeM\x93\xea\xbcQT\xdb\x0f\x10\x90\x1c\xea\xcbp\xd1q\xc3\xbdI\xbe\x18\x05\xbd\x98\x07\x99\x03\xce\xa3K\x7fs\x06JF7x9;\x98\xd0\x1f\xa4\x81\xc1fA)\x0b/]i}\x05\n\xf8.\xbd$\\'
    b"\x1b\xac\x9e(l\x1f\x15ta~MU%lH'\x1eM7\x92F\xa9\xa1\xf4\x92\xe6\x92\xc2|\x17\xdbD\xcax\xf0\x05I\x13\xfa\x90\xc0\x01\xc2q\xf0\x9c\xc0GX\x7f\x1e,\x9d[]\xc1\rK7/I\xcb\xfa\xc0"
    b'\x05\x08\x9c\xe0|l\xaf\x1a\x9d\x1e\x0cI\xa7&\x11\x82\xa3&\x0c\x9b\xe4\x82\xc2\xf3\x11\x16n\x13\xa5\xeb\xbb@0\x12\xa3\xf9\x90\xab \x9f\xfd\x86\x11\x04\xcb\xb4\x9a\xe2\x19\xe6\x00e\x9f\xc0\xc3\xf1]\xd2\x85\xe5\x84\x81!1'
    b'\xd1\xb4\x80\xfc\xbbh}]\x8f\xf0\xefki\xe3\x05L{=\xe8eO\x0f5L\x99\x8b~_\x0ei\xa9\x87-\x99\x15\x9c\xad\x89qj\xa8]\xe0i\x8c\x0eB!\x9f\xe5\n\x17\x18A\xc3\xe0\xe2\xda\xcaV\x1cp.\x8b'
    b'\x91\x82t\x98\xc6+\x86v%XB\x0eJ\xa2\xab\x1d\x94\xa1\xddc\xdffX\xf8\xd5\xb8\xcd2\xca\xe7\xc8(i\x95\xc2\xde\xc4V<.y\x94b\xef\xec~\x11q\xd7\x9b\xc4FH\x83\x1aB\x92u\xfe[:\xc5/\xaf'
    b'\xe1%\x880\xaa\xef\xe00,\xb6\xbe_\xc1\xa92"\xb0+{\xaa\xb8/\xd8\xd9\x11\xd5b\n\x04K\xb0\xd2*\xe1\x1d\xfd\x1bS\xe4\xaf\x8eTLG\xda\x95w\xa25\x8b\xf7\xb1\xb8Il\xd7\xa0\x02\xe1);\xaa\x81\x97'
    b'\\\xec\xa97\x87\x99\x7f\xf9\xa6\xe3>29\xaf\xcb\x15-\x8by8}\x1b\xd4\x9f\x919\xee\x88=\x90\x99\x84\xe0q\x9d\xd0u\xb5c\xe0\xe1\x10c\xecj\xa7YzFt\x07B\xca#\xdd\xa02\x05\xaf8\xd3\xb1S\x8b'
    b'&\xe7\xd89)\xf2E\xf9=\xc0\x82,\xbf\xe1-\'\xe8\xa5\x81kt\xe4\xc09~\x12\xed4\xa5"\x0f\xe9"\xe3\xe8\x80&\x8d%\xac.IT\xa1\x10I\xb6\x0b\xfc\xec\x8d\n\x07r\n#9\x95\xa3N\x84bM\xa2'
    b"V\xd8\x00\xc3\xa2\t\xbb\n\x1b\x9a\xea\xab\xce'\xc8\x10\x8f\x1b\xe0\xb53<\xbf\xa3H\x97\x9d&\xb9\xa1\xb1\xd2\xf1z\x80\x94wH\xb7\xed2\x97\xd4\x15\xeb]\x1c\xd2M\x0f\xed\x14\xfbb\xb2C\xbd\xd0_\xbb\xbb2f\xf6"
    b"\xbd\xf936\xaf\x9dB\x8b=\x08\x1e2\x9e\xec\xa1!c\x8e'L\x07\\/<\xc8\xd9\xdaA\x8a G7\xfa\xc9\x8e\x87\x0c\xcc\x0c\xc7\xcb\x89n\xb1\xe4\xd7\xb3\xfa\x14\xda\xf0\x17\x03\xe5l\xf1\x9a\x9d\xacg\xcaM\xa6\xcc"
    b'\x12\xc9\x14\xa1\xd4\xe6u\x12g&\xe7\x15H\x97\xe1\x83\xb9$vRh\xed\x0f\xc6fs\xea!E\x0b*\xddI \x1a\x06~-\xcb\xf9\xf5\x8c\xd7\xec\x08\xd6;A+\xb4\x08\x88\x03\xb1\xcdXG\x06\x9a\xbaS\xdbj\xc2'
    b'\x844\xa1\x8e\xadG\xa4\xbbu\xc8\xe8\xaa\xd2\x94\x85\xc3 \x8c\x154\xc4RG\x14\xf3[\x93u\x14)\x85dr\x1eQ\xb9\xcak\xb65\xffl\x19\xa8\x0f\xc1i\xff\xe6\x8f5\xc0\x8f:\xce\x87\x1bU\xe2<\x17\xe9\x1f\x1d'
    b'\xff\xaa\xb2=\xefb\xa8<\x89\xd7\xc2\xad\x7f\x12\xac|\xe2\r\xb9\x87\xff\x1e\x877R3\xd0\xba\x13vH\xa8\xd6/JE:\xf9Z\x87\xcb\x00N}\xea4W\x90j\x93\x1a[\xa0\xd8n\x9d\x8a\x11X\xc1\xda\xb3\xea\xae'
    b"\xd8'B\xe9\x14~)I\\e\xc46\xc9?=\xb5g\x16\x1d\x8e;7\xf6pR1\xfdh\xcc\xb1\x19\x03'\x8eh \x8c\xf9Y_\x1d\x19\xdc,\x13\xba\xd4\xd5'=\x8f\x9d\xf4'\x88Z\xa2\xddk\x1fu\xbc\x99C"
    b'\xd2r\xbcXe\x16X\xff\xe6\xee.\xd9YZ\x80\x00\x89\xe9%qF\x13\x14\x87k\xc1\xe9\xab$mPVo\xcc\x12\xa7r\x03\x8a+\xd2\xcd\xed\xa1\x8f{w\x82\xa9\xb9\xc7\x9e\xe5\xd74A|X\xba9\xbb\x81\xd7\xd1'
    b'@Z\xc7\xf1T[Y\x82\xc2l\xeb\x85\xc5.\x9b\xdb~\xbd\xf3\x9d*\x92\x05j\x10\x05[S\xd1\xbe\xb6q6\xc0b]02\xa9\x13.q\xb6C\xdf\xd7\x7f\xd5\x8e\x00\xf1\x05\xf5onj\xd1x\xed\x1f\xf6\xe4W\xba'
    b"TuI\xb8;l\xf3\xb7D\x82\xef\x08\x8a\xc5/a\xe5`j\x90aE\x8d.H\xa0\x1a\xd2Fu8\x83$\xe8J%\xad\xe9\xf9\x02\xd6+\xca\x03\x19\xfd\xad\xbf\xdc\xe0\xdf<\xef\xe9^E2?\xd6m'G\xa9\x1f"
    b'\xea\x17n^\x8c\xe4N\x8ckf\xe6\xcb#\xc62\xa5\xfc\xc5\x90 \xd7"\x1a\xee&\xcc\xda*\x8e\xdb\xa7\x85\xb7\x95\x93\xcan\x03\x11\x0e\xf4[I\xa0`\xc0\xf8^\xa7\xcdV\x94\xcf\xd6m\x84\x018\x8d\x9c\xb0}(\x18'
    b'\xa2\xe3\x06b\xe4\x17@\x82\xf5xRM\x9f\x0f\x849\xee\x1a\x18\xc5\xed99\xa0\x17\x0e\xc4\xe0\x9e\x00>c\xb1\xfa\xd9\x01\x9a-\x05\x8e\x9c\xcc{\x12\x94l\xab[\xd2~bM\x8dj\xddj\xd92\x83\xc5\x07\xb4\xffd'
    b'\xbd\x17z\x95D\x00!\xf6FP\xe6\xf3\xc9\xd7\xaf(J\xf6\r\xfc\x820c\xf0\x13\xbf\x17~04\xde\x9b\x93\xe8\xeb\xfb\xc1\x9b\xbf\xe2\xa4>F\x7f\xfe\x0f<\x84>$\x054\x1e\xe0-D\xc6\x8a\xe60\xe2\xf2\xf5\xa9'
    b'\xa9Gu\x1a\xa5\x0b\xf9\xf3;\xfc\xf3\r\xbc\x03\xda\x99\xf6t\xb7\x8a\xabm\xe9\xde\xd2"mp\x13\x03\x1aO\xb5\xdbM\x91b\\\xe3\xe9\x9b\x1f1\xd4\x15F@e\xb1\xbe~\xc5\xedkO\x96\xf1\xc7\xe44R\xbb\xf1\x9b'
    b"\x9f\xc9g\x9c\xb3;\xbe\xe5\x91\xf9}2\xff\xe0<\xf3\r\xfe]\x7f\x82'\x07\xa7\xe3\xebu\x9c\xc2\x85\x93\xaf\x17\xe9Gz~\x16\xa3\xf7\x0e\xbf\x04\xae\xbc\xe1\xeb2t.W\xce\xd3\x81\x8b\x11lD\xa1\x058\xe72m"
    b'\xf8\xe7;\xfc\x13\xc7\xa9/\xf1j\xaf\x98nN\x9c\x16$\x01\xd8;p\x83\x03\x8d\xcd4\xe26\xe3W(\x16\xf1)E\x0f\xc3k`]8x\xf4\x8dS\xed\xc8_\xdb\xf8\x11:g\xb4\x7f\x96\xd2\xd6"g\xb0W\x18\xfd'
    b'\x8f\xa4S\x83b$K\n?\xa4S|\x81\xf3\xc1T\x95\xc9\x8c\x84j\xef\x98q\xfb-\t\x1fY\xa6\x85~\xc5\x06\x8d\x16\xb6\xc1[n\xd0ha\x89\x12\x7f{\xeb\xbc\xcdo[l33\xae\x9f\xe0\xf7\xb6v\xb6?.'
    b'\xb3\xd0l(\xf7\xde\xc5\x85{\xcf\xf9\xad\xf5\x1b\xde\x1d\xf4\r\xef\xf6\x7f\x03\xd6m8\xec#\xa4\xf6C\xf8+\xa4\xfcC\xf03\xfcE\x93o\xa6\xf2=\xf5\x05\xd5\xb9"]\xc1\xde\x84\x9fL\xa5\xb8\xa1\x84r\r\xe1\nq'
    b'z\xb4\xb9\xe4\x00\x1b4\xbc\x16p\xcc\x94.\x91}\xbd\xb1,\x830\xa9@\xf9\x95\x89\x95\x0b?\xd0\x05>\x88`\x0c\x1bz\x08\x11D\x840\xa1s\xaf=\x0e\x14~\xc5\xed\xef\x8e\x939\xc0\xd7\xe5\xbcH7\xd5\x9b\x93W'
    b'\xafHY\x02\xce\xc4\xf1_\x1d\x85\xdaD+\x93\x89\xfaR\xa42\t\rb(g\x12\xe4\xe3\x8f\x0c\xff\x87\x9a\x96\x14\x10\xecU\x9f*\x023KK\xec\xde:\xb40\x0b\x80`\x7f\xc9M\x95\x96\x0cj\xca\xd1\x17qf\x00'
    b'\x1d\xb5\xf4\x06\xa1\x9eaA{v:Kq\r:\xdbP\x0f\xc3\x02\xebi\xa6o\x10{G\x87-\x87\xaab\xc8\x1b$T\x8a\xad\x87\xfc\t\x94\x86s\xcf\xea\xe1\x1a1.p8\x84\xc0@\x98*\xa6\x8e!\xf6O\xdc\xa9'
    b'w\xa2s\xa5\x1d\xd8Zgd\xd6\x90\xd2\xed\x1c5\x95\x17\xaf\x96\x9fn\x19@\xe3\xb7\x12A\xb2\xc9\xaf\xa5\xb5e(\xe4\x07\x7fr\xe0\xd7&\x87Y\xe9`\xff\x8a\xc2\x9a\xf2\xe0\xc8\xd6\xd9\x91oQ\xb3D\x96T\x0f9H'
    b'\xa2b\xba\xd0\xcb\xc9\xa7\x18d\x9b\x84j\x81\xe4\xb0\x12Ey\x02\xc7w\xf4\xee\xc7\xb7?\xfd)z\x1d=\x9dD\xa7(X\x9dN\xa3Ss \x9ev\xe0\xaa>\x88w\xf4\xf7Wkjr\xbb\xfc\xf4\xca\\\xda<\xc2\xa4'
    b"g\xee#\xb7dg\x87\x83\x07\x1f\xe5'\xe8\xb6|'\\\xfd\x15\xf6\xd0\x13n;\xf3n\xb878%\xc8\xb4S,\xbc\x8a\x97\xd8\xa7 \x17gE\x12\x7f(o\xa1\x19\xdcBw\x14\\}\xee\x84\xba\x19\xfe>\xdd\x8c~"
    b'\x9fn\xc6\xbfO7\x93\xdf\xa7\x9b\x8b\xdf\xa7\x9b\xcb\xa3\xbb9\x89\xde[\n\xb8\xa5\x18*\xb8\x8b\x1d\xcb!\x0e\xbd\x1cv\x12\xd3[\xf4\x8d\xf0\xd47nY\x95\xd2\xbd{K\x07<4\xc9\xf2(^\xc4\x1b\x0c\xd3b\x1c$'
    b'n\x85\xa7\x00\x91}Nx\xaf\x18hdo\x98\x879\xfa\x04q\xc4\xc8\x10/\xe5[fX;\x83B3OOh\x92H\xbe\x03\x9e\xa7_e\x07\xf8\x13p\xd6Y\xfe\xa0\xed\xb8N\xd5-\xf1+\x99 \xbc\xcc[?\xb8'
    b'5\xe8\xd6Jf\x97ty\x1eW\xc2\x00\xb4t[\xee\x82@\x86\xf7\xbe\xaf_7`<tW.\xea\x17\xda\xf2\xa8\xd2\xc8"\t\xd0e.\x0fez\xd2\xefz1\x1fN.\xfbK\x1dWB+:\xea\xf3\x9f2\xcf\xbb'
    b'\xe8\x88\xc6W\x84>\x8bCm\x03\xdf\xf5S\xe3\x86\xf7a?\xd5>\x8c\x0e\x00rF\xde\xc1\x1at\x0c\xd4\xa2\x96\x1e@GR\xd9\xfc\xae\xabx\xb0\xbcX\xf8\xdf5\xb8j\xf9.!l9g\x0cM#\xe7\x96\xc5\xe4\xcf'
    b"\x86i\xa6\xad\xc2\rc\xee\xdd\xf9n\x01mz\xab7\xbc\x0f\xfb\xf9o\xaf\xbe\xf9\x16\xee\xe1-\x9a\xc9P\x9f\xb3\xb6>\xdf\xed\xe8\xf3\x1d\xf7\t\xff\xbc'\xd2\x87s\xc5|\x1c\x91+\x9d1\x0e\x9dRY\x99\xa4\xc4\x8f["
    b'\xc6\xab\x92\xae\xd1\xb1B\xb3b\x89W\x8c\xa1\xf4&\xd0\xcfX,\x10\x05\xb7\xac\xad\x13z\x07\xe6q\x89\xa6\xf6\x043\\\t\xc0\x065\x1c\xb6\x01Riky\xc49\x94hn\xe5_\xdb\xc7\xab\xe5*\xdd\xdc.\xf2\xea\xb6'
    b'\x84\xd7\xf66\x8f\xf2\xf1\xb0tp\x03\xae\xd3\x07\xf3\xd7\x06\x9e\xa6\x08\xd4\xdb\xe5*\xde\xdc\xceQ\x0b\xf7;\x887\x07?\xbdHP`@\xcbf\xbd\x0b:\xfdw\xf7\x93\xa5\x9f\xd2\xe4\xb6\xda\xce\x12\xf7a\xba\xba\xfb\xc1x'
    b'^<\xae\xd2\xf9\xed\n\x9b\xba\xcf\xae\xf6?kG|\x8b\x89\xa6\xee\xd3\x07\x0c\xd9<-\xd2\xcdqO\xcf\xb6e\xcb\x8c\xc1\x9d\xdd\x8fVE\xbc\xbe-\xab|\xd3X\xf0\x18\x05\xc3\xdd\x0f\x17y\xbc@\xa1\xa9l<l\xee'
    b"\xec\xee`\x05\x87\xd7-\x95[\xc9W\xb7w1\xfc|t{\xe1+\xbb\xbb\x98\x17\xd5-\x1cM\xeb4\x8bW\xee\xb3p}\x0f\xb5\x91\xb9\xe1\x96\x11\xd3\x9d\x07\xa1\xc1\xbe'\t\xe1\x1e\x8f\xa1Y\xbaZ5\x16l\x7f\x07\xc0"
    b'\x81\xd1c\x93g\xe1\x0e\xcc\xed=\xc3\xf8\xf0H\x11\xd3G\xbd:\xc5\x8a\x00\xf0\x829\xec3\xc2\xd9w\x9e\x86{\xf2\xf0\x89\xfc\xe3\x9c;\x0eG\xfa1S\xc5\xa0\xc6\x89<_\xdf:\xa70TT\x0f\xa8\x82\x8ddc\x14'
    b"\x04\xf9\xbe\x97\x1fq\xff\xaf\xee\x8axs\x9f\xceK\\\xadb\x99&+\x7f\xa6\xe1b\x0b\x85\xd5\x9f'\xcb\xdb-(\x02\xfeb\xd3\x85\xc3z\x80\xa3\xecv\x1d\xc3\xd4}r;\xe0+;{\x00\x96\r\x82\xce\xab\x0f\xf1*"
    b'I\x17y9\x07Q\xc7\xedA\xae\x1f\xd2\xc5\x0cN\x13,\x8d|\xbb\xca\xefr\x8f?\xc1\xdf;;\xd0\xa4\x07\xdc\xefpF\xdc2\t\x1fF:\xf5.\x0c\xcd\xde"E->\xaf\x938K\xd7\x18\xe9u{\x97.o\xb1'
    b'\xc6\x1d\x97\xa5?\xae\xb38-^\xcd\xe3b\x93T\xb8\x8f\xd3\xda\xf3|gg\x0fp^[\xca\xba}\x88kS\xb2\x97\xbc\xea\xd3\xda\xe8\xc1~\xc2\xee-\xf5\xef6ih\x8d\x16\x89\xa6$&f\x00\xd4r\x13R\xfaM'
    b'<\xfe_~\xf2\x9fj\xddTi\xb6,0\xbb\xec\x15\xcf\xf6+e\xbc\x05\x8b\xd80\xfa\x8f\xfe\xa9\x87\x95\x1f\xa6\x85\x11\xc0\x9b\xf3\xd0\xd6\xe3}\xf9\x11\x94\xdcf_\x0fq\xb1\xde\xdd\x11*\x0f\xaf8\xbd\xf3V-\x1f\x8d'
    b'nH\xf5\xd8\xdf\x8d\x8ef\xb3\x05I\xab\xe5\xeb\xe8\xde\xe1K\x84\xe5\xb8\xb32/\x02\x0b$\xb9\x16K\xd8W\x0c\x93Ar\xb2>\xc0\x88\x82\xfbV\xe8\xef\x0fe\xf5\x8a:\xba]\x81\xc2\xb4j\x8ew\xb1-?\x04?\x9d'
    b'\x1e-7\xa0\x1e\xb5>K\x97\xdb\x1f~Hb\xb4\x92\xdc\x16\\Z\xa4\xf9<\x1a\xaeCO/\x81+\xe1,\xbd\xe2O\xbd\x85\x03&)v=\xbe{\xa2\t\xe2\xba6\xc12\xb9U\xae\xc8\xcb\xb8\xe1>\xec\x9b\xcex\xbb'
    b'H\xf3WK\xe0\x0c\xb7[\xa0\x80$#\x04\xbf\xa4\x08\x91T\xb2B\x03{\xe8\xf3\xb8\x17\xdc\xe0\xb7\x14\x0b\xd2|\x98\xba\xc5\x82\x98\x07}\xdf_\xa94!\xbbs\x1a\xb2|R|\xcc\xcd\xf9\x99\x17{)\x86\x1fxE?'
    b'n\x93\xb8\xac-\x1c]\x0f\xb30\xf7Ad\x9e\x87=\xc6\xa3zE?n\xcb\xdc\x7f\x1b]\xdd\xff\x18F\x1fa:^y\xd8\xb3Fv\xd9\x149\x9c\xc6\xeb5\x9c\x1a\x05\x1c\x87I\xdb\x88\xcd\xf4\x83vy\xf2|cL'
    b'\x8c\xf3\xb8\x8a\xe1\xa4\xdc\x92u\xf1.\xc9\x92\x02O \x9bw\x95\x96d{\xbc\xa1,\x1bJ\x1bu\xeb\x14Ph%/\r\xe9\xa7\xd8\xeb<\xce0\x9c\n4\xad\x0f\x99\x96\x93\xc0\x9c.\x8c\x05\xce\x80Q\xc7\xe4\x00\x07\x02'
    b'$\xc4u\x06\xd5_=\x9e\xa4\xcb\xe8\x0c3\x86\xe0\xde7o\x7fy\xfb\xfd\x8f\xff\xcf\xbf}\x1b\xbd~\xfd::\xc5\xa0\xc5%\xdafO\xcf\x89p\xd0\xd6\x18\x97\xe5\x16\xbe\xf9o\xf8\xd2\xe85\x9b\x1e\x15M9\xfa\x1f\xfe'
    b'\xdf=\x1aZo\x1do\xcetWFgx\r\xba\x03\x16\x04\xd2\x19\xdbE{\xe9\xe2&z>\x8f\x80\x9c\xde\xdf\x9c`\xdd\x9e\x0c\xe8\xb7\xe7\x8c&z\xe23^S\xcf@5\x7fV\xd3\xea-\xbde\xea\x8dL\x16\xa2\xf1'
    b'\x1f[f\xa6:L\xfa\xab6>\xba\xe8\x0c\x90\xfe&\x7f5\x8e\xf1\x19\xc7\xe7\xbe\xa9\x07"%\x06\xf5;=\xa4\x0b|\xdc\x8c\xbe\xe7\x0f\xfd\xd7t\xf1\x1e>\xe8\xd7\xd3a\xef\xea\xb4\x13\x9d\x0ez\x93\xf1\xe9{\xec\x1b\xbb'
    b'^\xe4\xf3-R#\xc6\xc7\x7f\x8b\x11O\xdf\x83\xfa\x86\xc4qv\xfa\xa7\x1f\xff\xfa\r\xc7O\x7f\x0f\xfa\x0c\x1a\xbe"\xfb\xces\xb1"\x98\xe7\xef\x92\xea[\xae\xb4\xf5\xee\xf1/\x8b3\xf5\x02\x9e\xf7(\x97\xef\xbb_\xfe\xfa'
    b"}\xf4Z&\xe9\xd4\xf1\xba\xbc\xe4v\x11\x9c\x8d\xd9\xcb7\x86F{\xbfQl\xff:-\xc9W \xa7\xbd1\xef\x9bP\xd6\xd3\xe8+\xedTM\xfc\xb4:\x14\xfa'\xd3\xd6\x8b\xb0H%\xe6\xaf\x94\xaf\xa8f\xe5-[\xd3"
    b'a\x03!K%\xbf\t\xe6N\xb3\xbf\xe5\x14g\x05\xe7\xe6\xf9\x84l\xdd\xdf}\xfb\xf6O\xdf\xfe\x04\x13x\xfa"\xfa\xf7\x02-8\x19\xd6+\xaa\\\x07G\x8fq\xbc\xa4\x06\x07\xc6w\xc0\xd6\xc0}!\xc9\xce\xd0\xfe\x1ev'
    b'\xce\xcd\x7ffv\xbc\xf2\x1f\xf4\xfa\xd7\xb7?\xfc\xdb\xdb\xef{X\xb7\x8b\xfd\xdbi\xc9.],\xd1\xb9\x8a\xb1\x1e\xb8\x94UE}\x07\xfa\xe0=M\x85\x0c\xef\x93\xd5\x06}\x11\xdd/\xff\xef\xe4\xc4\xacn1<\xcb\x1c\x8a'
    b'\xfc+\xd6\x00\xa6\x88\x81\xb3,\xfac4\xe8\xf7\xcf\xa3W\xf8\x03\x88\xc8>\xb4J\x8a\xcdY\xdc\x89f\x9d\xc8\xddo\xd0W\x1c}\x15\x9d\xcd\xa2n\x14\x9f\xc3\xe3\xd59>\x86_@\xb9)h\xa4\x91:j\xb4\xca\xe8*'
    b"\xa2\xd0\xf9z\xa1\x1a\x07\x8aT\xabt\xad(v95N\x15\xc9\xdd\xa3\x9c\x02\xf4\xa7pJ;\x1f'\xeaS\xe2\xec]\xe4qi\xc6BJ\xb9\xa5t\x18\xfc\x15\x07c\xbf\xa8\x02\xcd\xedLF\xc3\x1fu\x12\x196\xc2\x97"
    b'\x7f\xa5\xb9\x01\xf5[\xdb\xf5\xa42D7\x1atx\xe2\x96\xd0iqV\xc1\x97\xfbM\xce\xcf\xdf\x13\x91\xc1\xb8\xdf"\xd6\xec\xc7\x84+S\xb0\xdc\x87\xa5\xc7\xb8\xa7r\x1e\xaf4/\x9bdd f\x99\x0e\x14\xea\xa4(a'
    b'\xca,\x19\x0e\t\xa4\x7fBX\xd6\xda=F<\x8b\xe8\xa4\xb6\xdf\x87^\xe93\xba\xd6\x81\t\xca\x17\xde\x07\xf2\x87\xc5\x9f\xce\x86\x1d\x97\x00\xa89|\x0b\xad6\xdc\xea\xf7.\xe4\xe1s\xde3\xa6\xf7\xbfoA(\x07\x8a\x01'
    b"F\xe6u\x8c\x17z\x14\xbd\xff\xe3\xf2\xec4\x02V\xff\xe6u\xd4\x07V\xfe\xf2\xf4%\x10\n\x85\xe3}E\x7fL\xe9\x0f;I\xf8\xe5\x88h\xb7\x95\x0cR\xc58\x07\x8a`\xe7'\x19\xff\xa7\xc0Y\xd2\xf5\x8c\xa2E\n\xb4"
    b'3\xd2\xac\xc2\x16D=\x9cP\xa0\xcah\xbb\xc1\x1e\xa9NQ\x1cQ\xe2*\xfb(\xb1L\x08\xd1\x07\xff\xd1Q7"\xef\xecdU\xd2\xe1\x89\x16\xaed\xe1l\x17\xe8 ]>\x9e\xe1u{p\xb1[\xf2\xb5\x1c1x%'
    b'\x85\xbf\xfat\xde\x10,\xc2Y\x1a}M})A\x08K\xc5\xa6\xbfAS\xcc\xd2\xc0@Q8.\x7f\x83\x19\x19\xf8\xad\xa3\xff\xfe\xdf\xe9\xcf_\xe9\xde{:@\xf9\xef\xf7xA;3/\xfb\x9c.~\xfb\xea+\x1e\xc3'
    b"\xb3|\xfb\xf1C\xe9~\xf9P\xba\xfeP\xcc\x1c1)\xbe\x86\xb9\xea\xc2\xd4\xc2cv\xbe\xe4\x16t\x02\x8f\xd2B\xf46\xdb\xf2\xfe\xec\xe7\n\xfd'\xb4P\xbf\xa6\xef)\r\x17S\x87\xf5\xdb\xeccC\xef1i\x0f\xef8"
    b'\xed\x00\x07\xd7\x91\xb9\x8f\x87[w\x9b\xadS\x1a\xb1\x8c\xf6\xd9e(\xd8\x01\xba\xa6\xcf\xe0%\xe7J\xf5?cU\x03\x8aY\xad\xb0h\x1b\xf2\x05\xf5D\x90\xf4\xed\xed\x02S?q\x8de\xed\xf9\x01L\xfa+\x13m\\P'
    b"E\x0f\xec\xd8\xb8\xcf\xad\x03y\x8bQ\xb2Xc2\xcb\xa9\x88C\x06_\xd6\x91N\xd5\xa1\x83\x01\xb1\x96\xf2\xf1\xde\xcfIu\xc6\xaf\xea\xe0]o\xaf\xf3\xf5\x9e4\x83=\xee_8\xa3\xf6S\xf7*\xcc\x8cn'\xbc\xa9\xd3"
    b'\xf0\x0b\x87\xc0\xd3w\xcb\x80#2\x98G\xc4\x96\xbaE>\xc3\xbc4\xdc\xd0\xdbMd\xcaYs\xa2\xaaS\xb9\xe4\x1es{\xd8\xbf\x0f\xf7\xbbr`\xd0\x19\xb4\x8a9|\xd8\x82\xd7\x00\xef\\\tpK\x84\x9f\xe3\xecx|'
    b'\xe9O\xf8\xce3\x19U\x07\x8b\xc5\x96v\xf7\xf3\x9b\xcd\xf6\x97V\x01\xe1\x8d\x86\xd6\x89Rw\xf7\xc7H\xd6i\xf4\x07\xea\x93\xc9\xe6\x8c;\xfc5\xaeP\x98s\xfe\xf8?\xff\x07^q\xce\x94G}\x9d\xab\x00cV\x81['
    b'\xfb|\x14\xb3\x80\x1b\xd3\x85&\x83\xf4n\x9bo\xa5\x962\x81\x8a0`\n\x95\xe2@\xa4\x83\x84\x8a(aP\x03p\xd7{\x98\x1e\xec\xd3^\x84\xbe\xd6\x94\x13r\xcfy\x98\x18\x98\x82\xa6)g\xee\xb6\xd9/\xf7i\xb1('
    b'\xe9h\xe8Dr\x00\x15xV\x95Tf\x86\xf2wY\xe7\xe5Y\x817\xfc\x8d\x10\xa9\x9d\xcc@I\xdf\xecXB\x16\xa9\x0c\xfa\x17\xc0!Q\x9bm6\x89<cb4P\xae\xe0\xee\r\xd8\x10}8\x16\xaa\xe77\xc5\x82'
    b'\xa4\xe2o\x02\xee\x18\x9e\xb4\xc2\x0f^9\xa3$\rG\xf6\x91\x01\xfc\x0f\xf9\xe5WN\xe2\xe8"\x83\x9brF\xc7\r\xb1\x00\\sL%\xb0\xf4\x82v\xe33{f\xc0\x8f\xaf_35D\xe9W_\x9dsk^\xf4\xc0'
    b'\xe1\x9c\x82xF\xe4x~\x13<\x8cL\xefw\xdc\xfb\x1d0c\xee\xfc\x0e;\xb7\x84H\x12\xd9k~\xdb\xafw\xef-\x93\xc5\x9b\xb0\xd4\xe6\x16qm\xcb\x7f\xe1\xd6\xd7\xf4\xf09\xd3T\xb6M\xf8\xa6\xc3&u\xc1az'
    b'd\xe3\xf3$\xf2Gt\xf9\xddt\x0cYF\xea\xde\x87w\xe0\xdd\x16\xc5+\x12\xe9\xc1<\xc6\xa3\xf1\xbb\xaar\x9e\xa1:\x1b\xb6[\x85x\xa1\xb8\xed\xa5\xf6\xacp\x07v1b\x99h\xb7J-\x87\xaeb)\x1a\x06"!'
    b"\xfc\\\x16\xc02\x12Q\xa5\x1c\xa2\xec\x0c\xd6'z\xd1\xbf\x0b\xe0/\xf9\xe4\xb5\xd8\x16\x8e\x9e\x85A\xcaf\xf7\xe59\xac\xfe\x97:\x9cX\x94v\x0eh8\xa3ph\x97\x11\x93\xeaP$Dsg\xaf\xfe\xb3\xfc\x8a\xbf\xe2"
    b'\xf5\xaf\xff\xfb?\xcb\xe9\xfb\xaf^\x01\xff:\xb5\x87\xce\xdb\x06\x06pG\x8aG\x93i\xd2Vb\xe7\xdc`,\xecA\xf5~p\x9f\x19\x80\xa1\x87|\xbbZ\xc0\xfb\x97[<]+W\xac\xc6N\xce\xf8Y\x8a\xe6\xc0\x0c('
    b'P.W\xe9\x06\xc4l\xccv\xed\xc8s\x0b\xcbP%@\xf5\xb5\xd58A\x19\x87\x19\x11\xa5\x13\x14NjpJ\x0b*Iwhe@\xcdMn9wH\xf9\xfc\x01g\xf85Z\xbaiDH\x17g\xf0\n\x10E\xfe'
    b'E^\x0f\xb4y\nc;\x05b:\xf5z\xc6\xac8L\xf4c@\x9f\xd7\xfc\x19\xce}G\xe9\x05u\x97\x02G1\xac\xa9\xcb\xa1v\xaf_\xa2G\xfc\xe5\x1b|#N\x03\x92\xa5\x04\x89\xa2F\xdb\xe8\x8d\xe6\x04z\xa2\x9f'
    b'\xee($D\x17n\xfd\x8b\x0e\xd9\xb9\x9dg \t\xc3J\xbc\xf6\xf5v\x9a\xe8\xb3\x7f\xc93P\xc40\xfb\xf6\x0c\x152\xe7\xb8\xe0\xa7\x95\x16H\xcd4\x195_\xaeh\xfa\x8a\x9f\xc8\xed\xb0\x92\xab\x08\x81\x80RA\xa1\xb6'
    b'\xc4\xceB\x0c\xef\x17T\xa2\x93\x05\x96l\x9e\xc5\xd9\x07J\xbcbY\x80\xa5y\xc6u)\x04\xe3\x81\xd3\xff\xb0\x98\xcc\n\xeb\x9bS\x9c\x9eh\x10\x18\x18\xc8rg\x8f\xf8|\x02\xd3"\xbb\x8e\x92\xd9S\x92\x90\xb8n*U'
    b'Y\x94QH\xa6\x97\x80\xa1\xa1n@a\x0cB\xf9\xa9a\x11$IaO=\xb6!\xbc\xfb\xe9\xdb\xb7\xbf|\xf7\xed\xed/?\xfe\xf0\xed\xcfd\x8b\x99\xad\xb6\t\x1ac\xe6y\xbe\xa2\x9f\x8fq\x86?\xef\xd0\xc0\x84\xbf\x90'
    b'\xaf\x008*>\xfe\xf3\xdf\xde\xfe\xf4?\xbfw\x1f\xd7\xe6\xfa8%\xc1\x98\xc7\xe0\xe7c\x82vx\xd3\xc17o\x7f\xf8\xe1\xdb\x9f\x9c\x0e\x10z \xabbl\xaaC)\xc8\xc2\xa3O\x9aN\xa5\x8bo\xbe{\xfb\xf3\xb7\xe1'
    b"\x0e\xcc\xcb\xed\xa3\xfe\xe7h\x17?\xfe\xdb\x0f\xbfx\xa30O6>\xdfv\x85\xc3\x92\x0e`\x1a~\xf9_\xb7\x7f\xfe\xcbO?\xffB\x8f\xcb\x88\xf5\x03\x9c!i\x7f\xde'\xf0\xe3?\x7f\xfb\xcd\x8f?\xfc\x89\x9e\xb7\x93\xdd"
    b'\xfc\x02\x9d\xc8\xc6\xeb\x7f\xf9\xee/?\xfd\xc9[C\xd3\x8d\xffVgD\xd0\x01\xf5\xf0\xfd\x8f?\xfeO\xfar5\x8cG"\xda\x12U\xd1~\xe0\xb2H\xcc}\xd5h\x91\x11\xb2\xdf[\xc6\xdccC\xc5C\x9cU\xa6\n,'
    b'Biq\xde\x11\xf4\xa3\xdd\xca1%\x14\xc9\xe7\x08\xb6,(4\x8e\xfc\xd2\xe8\xefxH\xcb\x84I9\xcfL +\xab\x0c\x14\xdf*\xf1sK\xedVE B\xd1*\t\xe6 \xfa\xfe\xdb?\xf1\xa8\xd0b\x97\x97\xb4O'
    b"4L\x8a#Y{.($\\\xe2\x14I\xed\xb3\x88\xb9\x8e\x14\xd6\x95.\xa9\xf2N.GjZ\xba\xd5\xc8x\x86hl\x06\x12L4\x1aN\xf8'{\x10e\xed\xd3\xd9O\xde\x14\xb8v\xca\x16\n\xf8\xf3\x1dE\x87e"
    b'\x18\x82\xd4!\xf3G)\xc1I\xd0?F\xf2\xe9_\x94Zd\xe2\x96\xd4\x8e;\x85E\x7f\xb1\xb8\x1e\xc7#\xa2\xbb\x17I?\xee\x8f\x88\xde^\x8c\x96\xf1\xc5\xe5\x90\x7f\x8d/\x97\x8bk\xfa\xf5*\xc6$o\xfa\x15\x1f\xbbN'
    b'\xf8\xb1\xabd\xb8\xb88\x15;\xbfp\xbd\xa9\xc3\xa3U\x9b\xdaPr0\x0e\xbd#sgUi\xe1\xd5\xbf\x8a\xea\xa4B:\x9e$\xd2\xf65\x9dg2\xe7\xa0%\x9c.\xe9\xbf\xd3s#\x07\x9c\xbe8\xa5c\xbfn\x93\x8c'
    b'N\xa7h\x06\xa9\xd2y43\x13F\xdd\x91\xd5\xa7\xdf\xebO:h\xde"\xb3\x8fH}\x1cY\xc6\xdc\xf43\xbf\x05\x97\xbb\'\xd3\xb1\xeb9k\x07\xb0\x1e&]o\x8d\x974+.\x11\x9e\xe5\x06\xfdzm\x8b\xae\xc1h'
    b"\xdeB'\xa3\x11/\xd7\xa5\xfc\x8cG\xb2\xbe\x13\xfey1\xa7\x9f\x17#\xfe\x19\xc3\xcfc\xd6\xf4\xa0\xb5\x9cF\xae{\x9a\x01\x08\xeb+\xd1\xef]q\xbf\x81\x85\x94c\x8e\x1e!s\x9f\xbc\xc3\xb5\xfa\x1d\xb1\x82\xc7\x8dy\xdf"
    b'p\xdf\xefZ\xc9o\x80\xb3\x81J\x99\xd8\xa5\xfc\x96\xcd~(x\xaf\xe2\x7f$;wpm-\xaf\x06\xc3a\x9f7\xe2|<\x8a\xe5\xd7\xe5rb\x7f\xbd\x9a\x0f\xe2\xfaU\xa7\xad\xf4\xf0\xbb/\xb0nV~\xeb\x14e3'
    b'\xf4(\xdc\x12\x97\x0e\xef>g\xf3\x05\x16|\x91\xae\xeb\x0f\\\xe2\xa4\x8f&\xed\xcf\xf0{n\xd7i\xe6>6\xc0\xc7\xfaCC[N\xc3\xf8\x93\xdbp\x8c\r\x07\xed4\x08C\xaa\xf7\xdd\xbfjvN\xcd\xfc\x9eG\xd4\xea'
    b" zyW\x90\x03\xbf\xbe\xf3\x8f\xa1\x92\xe1\xecry\xb5\xe4\xcd}\x19\xf7gc\xfau<\x9a\x0f\x84\x9fO.\x16W\xcb~\xfd\xaa\xd3Vz\xf8\xa7Q\tN\ry%<\x89\xb2}a\x13PR\xdc\xf9\xa4Yw'"
    b'}\x1aQ\x08H`\xa7R\xd3\xc9!3\xff\xef\x98bh\xa6\x1d\xff\x12\xaes\xcc\xdc\xc3\xf6\x1a\x8f\xaex\x12\xe1\xd4\xbc\xe0\xbd8\x86\xb3t\xc6\xec\x16\x7fI.\xeaW\x9d\xb6\xd2\xc3?m\xeeQ\xd6\x96\xe9ja\xc6\x03'
    b'\xda\x98\xff\x17q\xe2\xc0\xd0w\x8ez\xe72\xff\xbc\x89\x8b\x0f\xab/\xda`"\x81\xe0j]\xd3\x7f\xc2p\xcd\xd59\xfd\xc7\xc7-\xfd\xc7\xbc\x97\xfes\xdb\xfe\xf37\x98\xa7s\xb5n0<\xea\xb2E\xbefvM\xb8!'
    b'\x1f\xe3\x95;\xbbC:\xf1\xfa\xa3v\xba\xb0L\x9e\x98d\xdf\xbb\x00\xecpp\xba{Y\xe6\xech\xff\x82e\x19\x8d\xfa}9\xe6..\xcc\xaf\xf3\xb9\xf9u\xb9\x1c\x8dD\x1ar\xae:m\xa5\x87\xff\x82eq5\xd9v'
    b'\xbe\xb7\x8c\x17I\xed\xc8\x04B\x9fx\x8c\xaf|H\x92Ms;\xc0J\r\x0f\xda\xc4\xee\xfe\r\xb1\xdeO\x189A-\x8d+u\xe0\xb9R\xbd\x0e^EW\xe7\xc7\xcb\xd2\xff\xd4I\xac\x1f\x1e\xa1Il\xe1)\xce$\xee'
    b'\x16\xf2@=\xfd"\x8e2\xa0\xff\x98\xff\xdb_\x91G\x18\xd2]\x0c\xc7q\xbdA\xf3\xd7\x7f>\xe9:\x16\x94\xc3\t\xb7&Z\xe1\x94/Wqy\x7f[&\x7f\xdf"\xe2\xd6\xefF\xc0\xf8r\xec9)_\x0f$ \xea'
    b'5\xbc\xff\xf4\xbf\x88&\x7f\xd7\xd99vRv~x\x98p9\x94\xf2KH\xb7\xdf7D\xea\x90\xa3suo\x83\xff:\xd2u-w;\x0e\xc3Y\x9a\xc5\xc5\xe3\xad\xc4\x99\x06\xce\xc3\xc1\x01\xf2<\x9a\xc4\x1er\xb2\xf0'
    b'\x96\xbc2T\xd0\x02\xb3\xf0\xcaJ\x12;\xc9^$h\xe0\x84\xd3\x1b\xdd\xc5\x1b-W\xd0!Wn\xb2\x10\xb0\x10\xed\xb4\xee>N\r\x82c\xa1\x11e1\x9b\xbbfq\xa1Vb\xc2Q\x89(\x97\xc7]\xfeo\xd7\t\xcc'
    b'Z6\x7f\xb4\x04\xf0S\xc2\xd9\xd4h\x15\xa4H\xdd\xff\x8f\xb9wmo\xe3H\xd2D\xbf\xebW\xc0\xe8\xed\x11 A\x10I],\x83\xa6\xf4\xc8\xb6lkG\x17\x1fI}\xbcsh\x8e\xb6H\x14I\xac@\x80\x8d\x02M'
    b'q\xdc\xfc\xef\x9b\xef\x1b\x11\x99\x91U\x05\x12\x92\xe5yN\xcft\x8b\xa8\xca\xcc\xcakd\\\xdf`\x00Q\xdc\x0f\xa2b\xb8rC\x8c\xc7[\xe1?\xc2\xd6\x86\xff\x8cE\xc9\xe4\x9e\xba]\xd0^@\x9f~\xde\x86\x80\x82R'
    b'\x12\x1c\xec\xd8\xa9y\x18NM\x94\x01\xb6]9\x0e.\x94C\x0b\x9d\xc7aM\xbf~\xe0_\xdbT\xef\x18\x8d\xd1\x07\xbe\xccq1=\x0c\x05\xcc0\xaen t\xd9\xe8<\t\xff\x1dy\xef\xa9Z\xa9\xbb\x9d\xad\xac;4'
    b"\x9b\xa5\xb6\xaa C\x97\xbd\x8d\x01\xbf\x91\x15\x94\xe0\xd0z\xc9Z\xebw\x9a\xf5\xb0\xbb\xea\xb5Ph\xd0\xb9\xbe.Lo4\xbd\xd6\x9d%\xd0\xeb~Ca'S\xfb$\xea\xa2azZ\xd0#\xf6v\x9b\xa9\xb3\x85\xe4\xc9"
    b'"z\x82~/\xd1\xb5\x07F\xd7\xc4P\xcb\tq>8\xb5\xe1<\xf6\x06V\x0eDl\xb7\xf5\xa1\xb0\x99\xf5\xc6B\xad\xf9\x97\x1aL\xe7\x14\x0c\x04\x87\xd5\xf7\xc3\n\xeb\xf5\xe7\x07\x15\x1a\xd1K\x05\xa8g\xe9\x03\xce\xa4Z'
    b'\xfd\xe5\x97c\xcf\x1d\xb1\xb5v\xc5\xea;0;\xcd\xd7\xee\x8f&U\xfe\x11.\xa9\xe2G\xa4\xb66&\xd0\x10\xbch\x89\x01G\xb7\xab\x1a\xfdU\xc7\x90C\xd4\xd6\x95\xb0\x16\x95\x14o\x93\xd4\xee\x97\x17s\x81\x9d8Q\xcb'
    b'\xddtL\xd3\xc6\xb2\xb8\xe8\x00\xa3J-n\xe59\xcd\x82\x1fJ\xfd\x93=\xf2\xc4\xf9\x972\x9cO \xf5h\xef\x12\x8d\x06V|5?\\*L#\xfc\xfe:\x93\xea\x93\x884.\xdf\xc8Z~\xfd(^\xd5\xe3\xadG'
    b'\x07\xfa4\x16pO\xbf\x14\xc3I"\r\x87P#\xd2t\xc1\xbc\xdfB\xa2\xd7\xa1\xc1\xb2\x98-\x84\xf3AN5\x811Z/\x95\x17\xd1\xa5\xf7f\xb94=i\x1e\xf4\x95>\xd8K\x1fdO\xcc\x0fr=\xea\x89\x1a\r'
    b'\x92\xa3\xfdH~t+\x08MC\xb8\x11\xcd\xf4\xc3U\xcc\x8d\x1d\xadS\xd9[\xefmo\x85\xb9\x19\xbf\xcf\xf8\x9c\xc5V\xefQ\xe7\x96,\xd2\xca\xaf\x1b[\xd3\xa8\xfa\xf0\xda\xaa\xb466\xeamm\\[\x91\xc4\xb8Q\xf1'
    b'^\xac\x97\xdf\x0b\xa5sK\xbd\x8a\xf0\x97\xd5\xf2\xf3\x88$\x8eZ\x93\xf1S74\xd9L\x07 \xee\x9e\xe3\xd3\x8c=\xd19@0\x83&\xcbQ\xc7\x85\xa0\x89[ |\xdb\xacUqn#\x94\xa7\xb4\x16\xb9J\xc5\xb2O'
    b'\xc4\x0b\xb6~8\xa7\x89\xcb\xe5~\x89\x186K\x01\x14\xe9K\xf8}\xf1\xe7\xd4``\xe2\xeb\x92*\x9e\xc5\xa7\xeb\x15\xf8B\x8c^\xe0\xca\xdb(\x88;\xd3\x94\x02\x9c\xf9]\x9b\x1ct\xdc\x0b1\xac\xdb\x9bv\xb7,W\x9c'
    b'v\xf4\\\xef\xe9=\'\xfdfT\x02\x06\xc0\x18\x89\x132\xbc\x964&\xae\xf3U.\xaf\x9a\xfb":\xbb\n\x06\xcb\x1d\xc49\x99\xab+b\x97\x9c\xbb\xabo\xd9<_\r`&\xbe\x8bn\x9e\xce#4\xa7\xb7\xaa\xf2A'
    b'\x88@\x10B\xf3w1\x12\xa09[\xb5 !\xc94\xe4\x86\xeb\xfe\xe3\xfc\xea3\xf6\x85U\xb6\x9b5.\xe3Cu\xeb\xfe\xa3e8\xd1I\xd3\xf9\xe6\x0e:\xb9\xceZ\x7fE\xcf\xcd\x95\xaex\xe1?-\x93\xc0V\xfaW'
    b'\xd6\xd2\x92z\xb2\x03+\x97=\xd0\xeb\xa3?\xac\xe6\x8b\xa5\x9b,\x04\xa1\xac\x98\xab\xc6\xac\x15\x81e\xdf\xdf\xbe\xaa\xe8e?\xcdWN\xdcd\xb6\xea\xe1\\\xca\xc89\x97^We\x15\x9b\xa7gM\xdd\xc6W\xb2\xc17:'
    b'k\xa8.\x1e\x90o\x9c\xd0wM\xf8c<\xd8\xdd\xa0\x15\x90\x16\xb5\x87_\xef\xe1K\xd1\xa9\xcd\xef\x8a\xbfZ\xd1\xd3\xa4"k\xb3\xb0\x8eN\xad\xd2W\xe5\xec\xeb\x8d=\t\x95zA\xd75\xa1\n\xc9\t\x05Ta2K'
    b'\xde\xf3\xa0\xf5\xd3\xe9\xc8a\xd2\x1d\xc2#X\xd0\xcf,w\xa2\xdc>\xf47\x13OM\xe4n\xed\xbc\x86\xabL\xd11|\x9b\x94\xedR\xd1m\x84h\x80\xba\xbdz\xf6\xee}\xd3\r(\xaaC\xcbr\xf1B\xc1\xa4<\xd3z'
    b'\xcc\xe6\x96\xe2\xa3\xbe\x86\x17\xc3\xac\\FW\x96\xd0g\x8d\xd1\xd6\xa13\x98\x8c\xe9\xcf\xe0\xdc=cB\x9d%<\xfe\xc3\xc7\xf5`\x1d\xccO\xba\r\x7f\x88\x8d\xad\xf0\x7f\xea\xf8\xf2\xa8\xd0?\xb76\xf67\x1e\xda\x9f\x0f7'
    b"J\xb5\x96\x87\xd7\xa5\x95\xdd\xda\xf8\xc6\n\x1c\x84\xff\xfb\x0b\xf4U93\xb7\xa9\x9a\xea+\xb6\x97\x1b\xabLG\xd2\xd3\x8bn\x9e\r=\x04'\xac\x1b\x8e;\xae\xfa\xab\xb4\xa1\xff\xfd\x03h\xd5j\xbe\x9bH\xb0\xc9\xb8p\xfc"
    b'\xcd\x0f\xc59|v;\x8c\xbd\xbf\x96\xcbY\xb1\xf3\x00\x87\xe4\x0e\x16\xef\xd2p\xc7\x96\xd3\xc3\xce~\xb8t\xe1\x86:\xf3\t\x19\x01\xda\xd9b"\xdePU\xfe\xbd\xe2\xde\xe1\xd7\xf2\xe7\xc1\xc6\xc3\xe2\x9eyn\xc4\xbd\x18\x8e'
    b'\xdd\xc3}\xf9\xf3\xeb\xb2x4~d&b\xb4\xf0Wo\xc0\xad\xdc\xca\xde\xb2z\x9c\x8e5\x0c\xc2l\x1c\xae\x88ZN\x84\x95?\xe1|\xf5\x17\x0eg\x8dn\xb6\xbb\x0f\x08\xf0\x82c\xa8\x8b\xe9\x89\x08\xfe\xf3\xc5\xc9\xc5\xe7'
    b'l9\xe7|8\x9e\xab\xce\x17Q\xee\x03\xea\rf\x16h\nO\xfc\x83\xa2Z6v\xda7\x87\xfb\x0f\x0f\xc4\xa3\xe3\xe0\xd1\xf8\xe1\xf8P=\x10\xbe\xf9\xbaxd.|\xe5\xa1\xe8\\\x1f\x8e\x1f\xdd\xffF\xfc\x12B\xa5G'
    b'c\xa9\xf6\xe8\xb0x\xb8\xff\xf0\xbf\x81\xd4m\x99Qn%\xa9P`\x8b+\xc8\xc4\xbd\x8dd\x1d\xe1\x96;\xe9\xfe\xff\xc5\x93\xec\xb3:\x7f\xf5v3\xe1\xf19/\xbf\xb0M\xf2\xab\x96a?\x13Ek\xfd\x9c\xcdW\xc4\xf8'
    b'\xb19\xc2D%\xba*C\xa0E\x16\xbb\x05}P\x1b&\xa1G\x0f\xbe\x1e\xab\xb0\x17\xff,\x0f\xcb\x03\xf5|\xb9\xf6\xa9\xfe\xf9\x97\xef;\xdaq\x1e\\A\x13t\xf0\x98\xc5\xd6e\x0bu\xefmlX\xe8\xf0\x7f\xe7\xe5\xfa'
    b'\x97v\xdds\x9d)\xb5\x11\x1d\x99\xe5\xe6S\x14\xdd8*nl\xf0\xa7\xbd,^\x87,b8[\xb3\x83b\xd9\x13\xf0\x88\xc8\\>qL$\x10,jq\xd7\xf8$"[\xc6\x82\x0b\x91\xdat\x9f\x1a\x06\x86wY.'
    b'\x9c\xd82uak\xbd\xe9p2\x86\xcb\xf0t(\xd1\xdb\x10\xba\x052cw\x83\x11\x87\xb3\xb3\xe9\xd4\x02D~\x15\xa0\x1f:gO4\xabc\xe1c.\xa3\xcb\xf88\x0f\x94\x00\x0bjX\xa1\x0c\xd5\x8a\x0e\xe9i0\x1f'
    b'\xca\x8b\xd7\x87=\xb4\xed\xc3\xea\xc2O\xeb!\xfeT\xac\x0c?\x07g@\xc4\x9b\x05\xe1\xd0\xfb\x1a\xd3\xecT~\x0c\x9c\xb7<m8B\xbb \x18\xb8\xee|\xf3\r\x83\xf6\x83l\xfb|\xb6\xec\x85\x9aI_\xb9\xd5\x0f\xb7\xdb'
    b'C,~\x909\x1e}\xdd^.\x90\xa5\xfbV\xcem\xb3@\xaf7\xef\xb7\xd7\x08\xe2\xcdC\xa9\x01\x84\x85\xad\x07\x0f|\xfc\xab\xf8\x05A\x17\xab\xb3M2VT\x1f\x14,:Nx\x0c\x10+$~\rQ/\x04\x94`'
    b'R\xce\xc3\xb0vi\xa6N\xcb\xe2C\x9a\xe1\x1b\xa2p\xf9\x8a\xcd\x87\xe9\xe5\x1f\x02[\x12\xb5\x81:A\x9b\xdbM\xac\x80aqz:\xbd\xe8aw\x0c:\xae*$\xe4\xb8$ah\xa1\xe5\xcd\xda\xf6Q\x9a)\x91s\x81'
    b'd2\x1aA\xa2\x1b\x0cU{Fz\xb0\x8c3\x01\x0f)\xec%\t4\xe3\x00\x07\x0e\xbd\x1b\xfc\x88e\xa3\xcc\xe2\xf8\x8a\x83\xe5Y\x10\xf44\xb6\xa1\x1av\xdeB\xff9\x8e&f\x0bv\x12b\xcd\xa0=\x9by\xb3\x12c'
    b'z\x084\nf\x19nD\xa6+S\xb1R\xf9Y\xcb4N\x96\x1a\xe8\xda4U\xc4\xb9/*\xdc&=K\x7f\x89\xa5H\x1b\x15J\xcc\x9d\xa46\td\xab\xb9\xa9\xefvz\xa8\xc4\xf9\xec\xfb\xdd\xdb]\x1c\xed\xf7j\xb4'
    b'+\xec&\xe06LD_;\xa8\xbf\xddzX{{#\xd7\xddH\xb1\xcd\xaf\x1f\xb9b\xfdnZE\xc1\x18\xd7\xb9!\xce\xb8\x05\x11\x86\xd5D\x98d\x0c\xa3\x1a\xa5\xe5fa\x85\x11\x9a\xc6 \x14.\x16\xe6j \xb1\xda'
    b",\xc5m\xc0D9(,\xa9\x18\xea\x15\xc3F\x1f(P{ '\xc7p\xd2D4\x16\xa3T\xeeH$\x0b\xa3\xb2:O\xe9^P\x8ec\xeb\xe32\x08\xcf\xa4D\xe2w`\xd1\xbflQr\x9b2\x13.\xe1\x1b%R"
    b'\x85\x11)\xd8\xa0\x8c,k|$-s\xe8\xe6/\xd3\xe2\x82g\xcc\x94_\xb5\xb3\x16O\x158\x89\xed\x1b+\xd4\x9e\xccd\xf0o\xff\x166\xd9w\xec\xbd\x9c\xda~-\xd8^\xfcy\x1ew6#}\xe4M\xda\xf9*4'
    b'A\x15\x81\xb5\xffU\xac\xc0\xb5@\xd8#\x8b\x0b\x93\x13\x9b\xcd\xead\xdf\x10c=\x90\x1b\xd2Wv\xec+W\xd6o\x8eI)\r\x98\xadf\xcdlrl\xc3]`#\x0cL\x83#\x81\x98\n\x0c\xa3\xfb\x0e;F\xf7\xc8'
    b'q\xa0L\xa5\x0b\xe0??\xbex5_\xaeZ\x92\xf5&\xa6\xcbk\xdd\xee=\xe4\x94\xb3\x93\xcc4\x9c\xedv\x98\xebu\x9d\x00`\x1e.\xe7/\xe6\xe7\xe5\xe2\xfb\xc0\xba\xf4D\n\x9c\x080C\xf73V\xe2\x86\xe3\x90\xf2'
    b'NWa^\x84E\x05~\xfa\xa2\x98\x1a\x94\xf9g\xad\xd7\xea\xb6\xc3U\x17\xb8n\xdf\xb8U\x81NM\xf8\xa3\xb0*\xce+\xade\x1a\xfc](fA\x0b\nS\xb6\xda\x02H\x05\xd1\xc9\xa0W\x8dm4U\x1f\x02<\xb9'
    b'5\xd4X\x00S1\xc4B\xc6\xa8\x11\xcc@\x80\x17%i\x83\x06\xa8&|\x80\xe5\xf1\x82ic\xd9g\x05\xdf\xd0\xa8\xb9\t\xd2_c<>\xda\x19\xfd{\x81\xdef\x9bmu@T~\xff\xb6\xd2\x8e8\xe1\tZ\xc6\xcc'
    b'\xa4\xd7n\x0b\xd9\x0cO\xdc\x93\xabB\xadnH =\x0b\xaf\x19\x99U\'F<BO\xb4\x83#\xb5%\x82!\xc8"\xd6\xb9\xb8Y\xb41\xae\xca\x01oA\xc5u`>{\xbb\x9bm]>!\xe8\xf8\xa9`Ba\xb9'
    b'\x01Rw\x9e\xb3\xadz\x9boK\xd4\xa3\xb2\x1e\x91S\x08\xbb~\xa6\xf8QY}\t\x14\x16&\x1f\x80\xf0\xb8YX3\x86\xc2W\x9a\x0bn\x89d\xa1K=\x1d\xc2\xb1p\x08\x03Bc\nV\x00\xc8\x06x5\xddb1'
    b'\r\txc\x9e&&(\x9e\x1f~\xec\x9cUe\x95\xd2\xf9"c\x88\xd29 ^i\x9eTz\xcdI:\x15\xf0\xd9d\xae\xd9?`\\1-\x08\xd4\xe1\x16\x18\x1awq\xbcby}^\x84\x03\x02\x08%E3X'
    b"\xce9\x88\x88\x89%|N\xb5\x0c;?\xe52\xd15\x17\x8a\\\xcct\xf0'a\xce\xce\x18kZ\xa5^\x13\x88c\xcefb\xd2\x942\xf4\xaaP\xc0\x0e\xb6\x81v\x91N-\x8c\x9b\xc6\xb9\xa8.\xc4\xee@`<\\:"
    b',~T\\\xfa\x82\xe0\x84t\xb2\xb0\x06\x133S \x0c\xc1\xf9\x9a\x05O\x13\xc9`\xa0G\xd3\x02\xa8@\xa2\x9e\x7f\xfa\xf2\x99f6A\x94\xd9\xc1\x87\x11\x85ju\xe9\x80\xef\xd2\x88a>\x0f\x0eh\x89\x95\xc0\x8a\xee\xdf'
    b"\x0e\x0e\xcb\xfb\xf2\xe0\xa2\x98\xb1\xc4\xa3\x92\n\xf0\x1b\x1d1\xd8\xf3\xd9\xd6\xc1\xc3\x07\xd0TjX\xf0H<\xeb\x1f\x1e@\xa74'\n\x95<\xfaf\x83\xfe|\xa7\x93\xd9\x07}P|#\xa0\xff\xa7g\x8b\xd3)K}S"
    b'\xdc\x7f\xc8/.\x10\x10\x8fB[c\x06\xb0\x81\xed\x95\x07\x07[T\x91\x92\x05\x1e\xb98\x8b\xd0\x8ex\x11\x8d\xd4?z\xf3\xb0K\xa0HL\xc0?^\xbdx\xfe\x8ehw\xe1\xcd7\xc5Fw[,\xa0v\\\x04wB'
    b'W\x80\xa8\x14"\xd1U\xba\xccb>\x8d0\x19N&\x0b\xa3\t\x82\x06V\xd4\x11:\xf9\xa94\x83\xdf\xb6\x9b\x07o\x86\x07\xc7\xc5\xe2\xe9\xb2\xb7!"h\x10\xd3bY\xbcv\xe4\x86\xeb\xb6\x8b\x87\x94O!\xd1)\x8eB'
    b'?\x032Pt\xd7\xb4-\xb9\xad\xff\x1cl^\xbc\x92\xa8\x8d/\x92\x8dOw+D\x17\x81,\xc3\xf1\xa3\xa4\x1b(\x11o*.\xbaf=\x92Xj-\xc9\xc4=\xccks\xe7\xde\xe0\xeb\xae\x02\x91\x85\xde.\x04\xe5\xc9'
    b"\xc4<\xb1j\x07\xa2q#\x87\xa2\xa9\xc2T'K\xa4XZ\x1b\xc8dw\xff\xb3\xb7[\xdc\xf9\xaf\xf7{\xb7\xfb\xbd\xe1\xad\xfe\xff\xb8;,?\x96\x07\xb1\xde0\xd0\xfb\x93\x9e\xc8\x15\\,\xd6k\xb9|\x90\x08\n\xfeA"
    b'x\xbd\xbb\xb5\xe7\xf8\xcb\xc9\xd4\xa3\xc9Hg\r\x84\xa6\x06r\xb3\xa9 7\xec\xab\xa2\xdc\xb0\x828\x9eL\xd4<i\xcb\x8f7\x06\xdd"\x17 g\xdf\x1a\xc7\xa7\x87\xf4\x04\xa1\x17P\x0b\xee\x12\xd3E\xf8\xdeQ\xa4\xe0\xa4'
    b'\xfc6\xbe\xdd\xbf\xc3\xff\xb5)\x91\xc2\t\xdf\x06es\x87\nE\xca\x892=J\xecn\xee\x05Y~\x83n\x12\x8dw[\xf2\xce{>T\xcb\x12n\xa6l*\xccD\xa8$\x8e\xb0w6\xadT\x9c\xb1\x99\x96\xdb\x96J'
    b'\x8f\t\xa07\xd3Z\xa3\xf0\xd7c\xfc\xb5\x1d\xfe\xb8\xbd\xc3"}\x93v\xc5\x8d\xa7\xdf\xc0u\xbb\xfb\x9fa\xc0a\xbc\x10su\xbci\x84\xben\x1c\x06\x0bq\x10>$\xdb3\x01R\xcd\xf3m1n_\xa14\xe8\x05L'
    b'_k9\x8f\xfe\xb4$\xe0\xa6\x0b\xb9$\xf3\x83\xf4{\x11\xa8\xb1\xdc\x91\x02=\x00Z^XJ/\x83\xf1\xab\x88\xf8\xe6\x94#\xe7"\x15\xc8\xf93A\xd4a"j\x07\x95T9D\xafC&\xcc\nW\x03\xb1R\xf8\xb2'
    b"\r\xce+\xd27\x07\xe5EZ\x16!\x0fw\xban'\x85\xf7\xdfv6\xecP%p\xa5\x99`\xd3\xb0f\xd4:\x15\xcb\xb0\x978\xee\xfcU\xb1$\x14\x92\x9d\xaa\xd0O\xba\xcb\xedq;\xdfy\x12\x16\xb6\xf7\xdb\x10\xfb\xf9"
    b'\x89-0\x1b\xe9\x87=\xc3\xd5\xfcq:/\xe2\xb3\x91|\xa1\x81"\xc6vm-_\xcfJ[0\xf1\xb7J [\x98\xd1Yg<\xf9\x1d\t\n\xa3\xa7\xe5\xac\x9c&\xccve:B5\xb2HN\x1b\x85\xde<C\xbb'
    b'\x840jP.\xce&\xb1\x8c\xe2l\x8e\xba\x91@\xe5s\xa9J\xca\xccC\x9cU\xfdt*\x8dSR\x01`\xa4\xbb\x113\xcb\x9c\xc5]%\x9d\xe8U\xb5\xf4\xc3\x7f\xc8\xbe\x1f%R\x8c\xcf\x0f\xab\xe3\xc9\xe1\xb2\xd7\xb7A'
    b"\rl^F~\xd3\xd1)\xdc\xfb\xc4\xc8\\\x8d\xa47\xa9\x8d\x04L\xec*\x8b\x1b\xf6e\x03\xba'\xa2\xe7k\xc6\xbdx\n\x13oj'\xe2\x93 |&\xc6\x90\xaa\x00F&5~\x84l\xab~i\xe8\xb2\xdc\x81\x1c\x89"
    b'\xae\xe5\xe0\xe2`Z\n\x17\x11\xc89\x9a=\t\x9c\xe4\xa4*\x03\xff\xa6Y\xd3\x91\xd0\x99jK8\xe6\xcd\xcf\xaa\xf0\xcc\x0es\xe4"#\xcb\xba(O\x17\xf3\xf1\xd9A`w@Pd\x97U\x81\xd3\x11\x8c:\x95\xdb\xd8'
    b'\xd8\xe1\x82\xb9\x9d\xc6\xe3*\xc2\xad\x80c\x0c?\xc9\xcd\xa2\xf1\x85\xa8\xa7\xc7\x8b0\xe5\x14O\xf1H\x11}\xde=\xfd\x87i\xe7~y\xde\xb9\xd5\xd9\xda65\xd8\xa24\xafB\x19]\xea\xc8\x84dK\x9e\x9a@\x11\x84\xdc'
    b'\xc0\xb0\xffW\xb9\x98\xebH\xc9\x8f\x10\x98o>\x13f\xd9f\x98\xd3\x13F7\x9ds\xc0\x8ah\xb4\x1fv\xe7\x07\xf9S|f\x0cv\x0b\xf4\xb23+\x8f\x8a%\x1d\xaf\x91\xd4\xde:&n\x8d\x90X\x9c\x9c:?<\x0c'
    b'\x8b\x156\xd12m\xae\xda\xc1\xeb\x11\xc56\x10\xd8^\\Vz\xe8\x0c\xa0}\x04t\xab\x7fC\xcf\xa3A8\x8e\xfd\xce\xdf3e\xb1\x9c\xd2@z\xe40\x05zS,s\x0b\x06\xda!\r\x1aP\xf6\xc0\x94\xe4\xa8\x92\x02'
    b'\x1e\xae\x84\x10\x8c\xa1\x10\xfdnhT\x1e\x8eb\xc5\x04\xe5&oh\x9e\x90\xa4\x8dD#E\xd6\xc7r\xc6\xa9\xa2\xe04\xec\xd0vB\xf0G\x03_\x83\x9cu>\x8f\x92\xc3<\xe9\xfe\xd0\xf2x.\x004\xf0HO\xbe\xaa'
    b"\xe1D\xd4 #\xcb\xf0\x85r\xdc\xab&'\x9a\x04<\xc81\xa1q\x98\x99\xa4\x13i\xb6\xcf\x8b)P\xbbB\xd1]\x96\x14\x9e\xd6\xfd\xc4-D\x8a\x83\x92C%n=\xf7#LJ\x04S\x0f\xb3\xb2\x11f$\xbe\xedw"
    b'\xee\x84/G>;V\n\xcc\xc3\x86]]\xe9i\xe0\x1f\xd0\xc5\x9e\xde.|aW\x10z\xddKO\xeaXz\xbe\xec\xaa\x0e\xe9]\xe3\x97_\xc3\xb8\x9eB=w> \xc6d\x8ee\x17N\x8c\xe9\xae\x19}\xdd\x03\xac'
    b't\x0f\xe5\xc2\xc8\xc2\xdb\x04\xde\xfd\xec\xc7\x1f\x9f}\xff\xee-\x05\xba\xd0\xc0\xacfQt6%`Y\x0fPF\x80o2\xbbc\xd8\x01\xae$w\xf90\x99 \xb0\xfb\xad2OcK]\xcf\xbaf\x07\x8d\x87#\x9c\x07'
    b'it|\xb6\xbc \xecB_9?\xa2\x05\xbb\xa6\t<Po\x7f\x00\x8be\x83\xe7\xe8\xd5\xbes\x1b\xa5:w\xf5Kb\xcc\x91\x83\xfbw\x03u\xf4\x07\xf4\xfa\x0e1\xf4\xf7\x9a\xb1\n8e\x10m\xea\xbd\xb9\x05\n\xda'
    b"\x17x\xc7\xbb\xa0\x9eY\xab\x9f0\xcc5G\xb9\xdd\xde\xabb\xb9\xba'$\xa7\xd7\x8c\xcf\x1c\xc9k\xc3\xc3\x7fk\r\xc5\x80\xdd+\x87uu\xb3+G\x97\x7f\x8f\xd4N\x0c\x11\x8cq\x9f(b*TK\x8cP\xd4<J"
    b'\xbck\x06\xa4e\xa7E\xc5L\xb2\n\x04VFmO!\xf7\x15\xce\x05\x9a\xbavM\xaas\x899I7\x85\xbf"\xfe.\xf3k\x96\xd8\x02\xectO\xaa|\xcb\xb0?\xf9{\xd4\xd9\n\x07\x99\x7f\xf3d\xd7\x87KD\xe8'
    b'lEc\x84=\x9c\x8e\xc2k\xfe.\xf6\xab\x1e\xe6\xeb\x0e?\xd5\x8f\xf3&\x91\xf9\x033\x99\xc5I{\xa7sd\xb2F\xa1\xf1\xac*R(\xdf\xa6\xa9\xe9\xc9\xcb&\xa6W\x98(&H\x01k\x83\xf3\x9a\xc5\xc2^;q'
    b'\x163\xbb\xa3\x9dT\xb7\x9a\x8d\xf6p\x8e\x0cX\xfe\xae\x1b\xfepccs\xa0MX\xa8\x07=\x84\xfa\xfd~Z\x91\xc0\x80\xad8\x14\xd2\xa6uF[>\x9d\x9f\xc3\x96\x8d\x1es\r[\x88\x81N\xdf\xd1\xd92\xd4\xa3\xc7'
    b'\xd5\xa1p$\xf0\x1a?.\x03G"\x04\xd3_\xbd\x9a\xd5\xf1\xc4?\xe3q!\x02R\xeb\x8c\rp\'\xfai\xdb7&\xbd\x95*\xc7b\xf8\xca\x8e\x15\x0e;\n{D)\x9c\xc0%\t\x91\xcbg$\xbb\xb1\xbb\xda\xad\xee'
    b"\xa0\xf3\xe3\x9b\xa7/\x9f\xb5\xe5\xc2\xa8_\xdeC\xadc\xd2\xbb\\\xaa\xe1\xf6\xda\xe9|e\x7f\xd7\xe2eb\x91'\xee\x1a\x8c=\x05@\x88\xe0&\xf5\x07\x1d\xf7\xb4\xf8\xc8\xa7\xf7\xfb\xab\xd0pG\x8d\xd6\x12\xe4\x93\xf8\xc3\xc4"
    b'\x06\x13\xc4\x93\xee\x1bs\xcai\xbf7\xdd0\xb5\xdf\x98\xeb\x91\xce\xb5e\x19\x91M"\xb7\xf5\xf5\x0b\xdb:\xffRy\xc5\xf4\xe7w\xb3\xdf\xf8ad\xdb\xe6Q\xe4\xff\xd3\xb6z-\xe1\x01\xed\xd3f`-8\x9f\x83N\xf3'
    b"\r\xe6n\xb3\xdf\x12{\xe1g\xa3\x1eJ\xb6\xce\xc5\x00\xa6\x1a\xf7\xc2R'M\x93\x04uvw\xe1\xd6d\xff\x0f\xb5\x93t\xcaG\xa7\r:\x8f\xfa{\x83XA\xdc3\xeb\x15\x1a\x81ipH\xc9kIE\xd4\x8d\xb5\xf2"
    b'\x98\xb4Agk\xa3\xf5KY\x9d<\x1cm\xd0\xb9\xd7\xdf\xd3\xf4Gzre\x96\x96\x8b\xe2\xf0\x90II\xc3\xec~\x91)Z19\x9bY\x9f\xeb#D\xd9z\x8f\x1f\xb4L\xcc\xca)\xd9l\x9b\x92\x95\x93\xf1 M\xc6'
    b'\x1d\x9d\rK\xe5\xf4\xb4s\xba(\x7f\x9f\x04iE\x12\x7f\x14Bp@C)}(8\xad\xd8\x86\xaa\x92\x92K1\xc5\x9dv!\xc6\xc9T*zf\x9d\x17\x17\x9a)\xde+\xc9p\xaf\t\xb0\x91YD\xc7s\x8b\xe9\xa5'
    b'$\x7fC\xd9\xeba\x06Z\xb7\xd3\xa9=\xde\x8e\xe5<XR*&Oet?b\xff\xdd\xac4\xa0#\xba\x87\x899\x13\xc9\xa4$\xe4\xc3\xf2\xb7L0\xd2\xe3\xc2\xa1\xbfc\xb8\x14\xf1\xeb\xa8\xd3\x91\xa7*\x12\x1f\xf7;'
    b'\x81\x1e\xc0b\x85\xee\x84:\xca\t\x93\x8aK\x07\xecb\x91\x9f\xb65!7i\xbd\xc7;Z\xb4\x9f$\t\xe7Ef\xc5n\xf9\xf3UV\xc2\x0e\xdd\x8dU\xaf\x13\x02\\\x12\x04\x88\xd5T\\Z\x04\xaa\xa8S\xd4f(\x86'
    b'\x82c\xf3c\x95\xb5.\xaa%U\x0fDY\x8e\xf5h\xaa\x9f\x1d5U#\xd4\xa9\xc0\x90\xa8\x16\xcf\xe5\xe2ly\x0c\xdb\xd9\x85*\x17h\xc3\x94\x00\xbah\x84\x14\xdd~D\xa5\x11\xeb\x1a\x1a\xa1\x95\xe8\xed\xb3\xff\xe7\x1f\xcf'
    b'^}\xff\xacc\xaa\x9d\x88 \xae\xe3\xa1X\x1e\n\xa6\xfc5\x1aT\x83\xb6al\x92\x1e\xa3\xd1\xe33h\xaa\xc6\xdb\x8e\xef\x92\x93\x80\xdfv\x84*\x97 \x08Q.K\xc1A\xb6n\xect\x1e\t\xa6\xef\x8f/\x9e\xbe\xfd'
    b"\xf9\xf9\xab\x9f\xde\x7f\xff\x1f\xdf\xbf\xc0s vm[\xd8h\xa9@\x17\x85\xc4\xa5w\x0e'Gg\x90\xdb\xe5\x9c\x88\xbeE\x0e\xcad!\xb3\x0b7\x07'\xca\xd6\x89\x11\x84K\xac\xben\x03'\xf1\xabiD\n\x80\xdc\x9c"
    b'\x1d\x94>\xaa\xec\xec\x84\x9c\xba\xbfy\xcf\x00\x8f\x1f\x9e\xedn"\x9b\x17\xee\xa2\xedL[\x03\xce\xd0F,[\xecV\xb2\x9b\xb4$\x18\xb0\x8f\x0b\xa3\xad&\x98?rM\xb5\x14\xd9\x9d\xec\x85\x8f\xe6l\x8f\xf8\xab\xa5\xf7\x1b'
    b'{\xbba\xc8YP\xf1D|\x90\xf4\x08\xd3\xbd\x10\x8ed\xd1X\xd0\xae\xb7\x08\xcf\xad\x91\xb0(\xdf\xcd\x976\xf3\x80\xd6\xd7\x9c>\x90ct#\xb6\xad\x98\x04\x81\xd2]\x12BN\xa0#849\xe7\xd5\xc3\xf1\xcf\xb7C'
    b"?\x0c\xb8\xb6A\x82\x84\xe8\x99_\x0b\t\x0cssg'\x9b\x9c\x9a*dc\x95NV\x0e\xdd\xfeB\x854\xc0\xd1\xa4`\xe4\xcf\xcb\xdeu|V>\x9f}\xe8\x1d\x8bO\xfa\x92\x16\x83\xb4\xd3\x0e\x94\xa6\xc9\xad\x14\x85\x82"
    b'bi\xc4\r\x85\xe8#k\x8cr\x14\xa6zh3L\xc1\xc3\r\x15\x03\xee\x18\x97\xc3\r\x10\xc9\xa55}\xa7s\x10u\xe9G\xfb\xe1%\xaa\x7f\x1b\xaa\x87)\xdc=\x18t\xc0a"\nQ\x1eon\xf1yxx\x90?'
    b'\x7f\xc4\xe7\x1b|\xfeq\xef\x86\xe7j\xa5\xc4\xd6}+\x81\xca\xa9\xe6\xbd\rkqC\x9f\xe3\xab(\xb6\xe7]\x90h*\x0e\x1d\xac\xe7\r,\x16K/j\xfcn\n_\xf1\x84\xe4{8\x95\x83~\xdf\x82\xafn\x7f\xb8\x9c'
    b"k\x82\xa1\xcd\x87\xb9(\xf1\xbba\x8f|\xcb\xfd\xd3\xdd\xc0'\x7f\x87\xa9E\xcc,\x8aW\xd0M\x9a\xab\xef_\xbfx\xfd\x8f7\xea\x8b@\xde\x99\x90\xba\xd7\xe8#\xfe`\x92\xd3\x11\x98\x0b*\xa2t+\xf4V\x89\xe3\\\xff"
    b"{\x08\x13\x0b/x1B!'I\x07\xa3`\xf7\xeb\x02\xces\x14\x89M\x1f\x11H\xb1\xea\x9f1\xd3r+\x1c\xcd\xedp\xd1\xaa\x9d\xfa\xfc)J\xab\xf6\x8e\xae\xaf\xbbZ5\x01mJ\xe7k\xc7\x1e*\xbf\x07\xa1X5"
    b'\xe9f\xb3\xad\xa2\xa3\xae`\xfc%)\xbb\x02\xd3\xed\xe4P\xb98v>U~\xa7\xf4\xfew\xf9\xd6:\xc3\x95\xcf\xdc\xd5\xce]\xbf\xc2?!\x8bIt\x01\x8c0.\x81 #Yien?\xb3\xf2\xa3\x02p-\x11('
    b'\x18M\t\xe2\xb4\xcdc\x81U?\xda\x7f\x7f\xa5\x1e4\xc7\x16\xd0\x13S\r\x1dR9\x91m\xcc|\xff\xaf\xae\x9b@|\xaf\xaaO`c\xc7\x98-\xc2\x19!\x9ak\xd0\xebIc\x7f\x8f\xa0!\xe6\xe1~\xbb\xf1\xa4^\xa6'
    b'u\x11\x8c\x9f\xe5\xe0M\x11\xc8y\x10\xd7\x17\x8b\xf1f\x07\xf6t\t\x8c\xad\x8f\xf7\xc2\xc1\xd9\x82\xbe\xd2\xd1h\xca\x8c\xca\x9f\x9fx\x03\x8d\x037O\x18\xbfRmi\xcc\xcezAv\x85w%bdh\xf6A\xaa\xc1\x89'
    b'\xba\xae\xef\x9fM\xf7\xd5\xd6\xb4\x8fk\xd7\x0c \x9am1\x9a\xe9\x0cJG\x12f@k\xb8\x803\xbe\xa6\xb5\xa1\xfd~Z\xc2\x9bl\xbf<\x86#\xa9\xfa\xae\x04\xd1n2\xe5u\xbf\x88\xce\xe2\xb4\xe7\xa7\\\x88t\xc0f'
    b'\xea\x03\x1a\x999\x0e\n:X\xd5\xc5\xa4*\xff\x05;\xcf \xd0\x1e&\xf5\xeb\x14"\xd3\xe0\r\x87%;s\xcc\x98\xab\xa5\xe5H\x94*\xa6\xe9T\x7f\x01\x06\xe8,\x8f\xdd5\xca\x85P\xed\x83\xa6\xf9\xd15\x91\x8d\xec\x8d'
    b'\xd6\xcb\xca\xac\xe7\x89_Zi\xa5J\x1e4j\xe4\xe2?{\xdb\xce\x13E\x98)=\x1a\xd2\x02\xceEv(x]\xbdb\x93\xf9e\xc3"\x1ePm\x0b.\xa0\xf2\x941@\xbdI\xf5\xe3d6Y\xd2\x01@>6\x12'
    b"|\x80=\xefR\xc3\xd9V\xb7\x9e\x9e\x0e}\x88\x87\xfd\x81\xec\x97\xfa;<L\xdeB(\x89p!8\x0b\xf3\xefM\xf9\x1b\xa5\xec9\xff\x06'i\x88\n\x98\xe7(\x82\x15\x95\xea\xd1\xe4L\xd4\x99C\x16\x0e=\x8f%\x92"
    b'\xe1\xbe\x12-\xb4\x94x\x8c\x96\xb6\xdd\xa0~\x9cC\xcf\xca>iQ\xe14!\xbd\xa3G\xf2\x9e}\xab\xbd\xb7Vf\xa2\xb8\xc38m\x98a}t\x94\xb6\tf\xa2\xe9\xb3/j\x87o$\xee%6\x1e\xa3<t\x9fa'
    b'\xe4\xb7E\xd1\xd5\xb9k]\xee\x1b$\x1e.\nW\xf0N\xa3 \x17\xd1C{hOlli\xea\xe4C\xd2Zh(\xfc\xc4\xa5\xe8\x83N\xacm\xad\x1bM|nY2\xed\xbb\xaf\x1b>\x9bE\xa5\xb8\x85r\xcc0u'
    b'\r)\x98"\xa5:L\xe1\xbb\xa0"\xb8q\x96\x9dO\xf2\xcaKA)\x0cC\xbaY\x99\x13w)\xb00\xfb%\x1a\x87R\x04\xd7\x86\xca\x0f\x1a\xb1\x07k\xae\xa6\x8ccM\x86t\xd0yN\xb4/\xa1\xe6[f\x86\x8bA'
    b'\x15&\xa1k\xe7\x8b\xccO\x99\x01ZH>\xbc4\xcb\x81*X8h\xa4\xcf\x0e\x12\xfa\xf7\x11\x9a\xa2\x98\x9e\xd3}\xa9\xd2\x18\x15V\x87+\xeb,\xb9YJ~\xae\x92a\xa7\xda^\xf2\xa4UG\xcd\xd96\xa8s\xa0w'
    b'\xf0\x88R\x89>F\xd7\x90\x18\xa2\x02\xa3\xa8\x9c.H\x9c5L\xcd$^\xcc\xc9\x01\xbeP\x99\xe5\x84Y\x94\x88\xb1\x932\xf5:7\xc4\xf0\xe6\x1d\xa7\xa2Ww?\x8c\xc8d-\xb9\xee\xda\xdc\x00\r-\xc79\x02\x8a\xdb'
    b"!':0\xc8\x08O\x18u\xbc\xcf{\xe0\xb1\x01G\x05\x88\x13\x03\x0b\nw\xf18\xfb\xa9\x01\xc1\xe1A\xb7\xa9\x1ff\xfc\x81\xa2\x17\xa4*r\x85[\xc0/?8\xb2\x04\x86\xda\xcb\x91\xfd\xd1l\xd3\x1c+\xf5\xa3\x92\x9e"
    b'%\xeb\xf3&{\xbcyG a0k\x97Fgj\xfb\xae\xdfy\xbd\xff\x7fBk\xc3\xa2\xaa&G\xb3\xe8\x95\xff\x87F\x13K\x0f\xcd\x11)\x87n\xeb_6=\xf5[\xa29oV1\xa2B\xd4\x85\x05\x9di\x96\xa6'
    b'\xff\xd0\xe8<\xc9\xd1#&\xa3\xb1\xecn\xf8\xb3\x0c\xb0+dx\xf6u;!Y\x80E}{]\x1d_Q\x8f\xab\xb0\x10\x9ecM\x0b\x0e\xae\x8b]\xd4E\x89V\x85\x96\xb0F\x1d\\\xbb\xbf\x98\xe1\x96\xe1\xb0\t\x11\xb5'
    b"\x10\x0b\xfe\x1bH\xa1~\xb9\xb1\xcf\xad3C\t\x90\xd0\x1f\x12'\xa1?\\\xb8\xc4e8\x9e\x18v\xaf\xac\x89r\xd6\x9bKg^\x93\xb3\xcf\xd3g\xa9^\xa1\xc5c\xa4\x9c\x1c\xfaJHi\xd8&t/R\x03\xe59\\"
    b"\x86\x06\xd9lJ\xa3P\x0bW\xea\x0f?\x13 \\\x9d\x80\x13D[\xect$\x94S\xf2Vj\xf2b\x89\xe0hz>\xa6\x9c\x83\x9a\xd0\x92\x9d\xddY\xe5\xd3\x97\\ \xbfb\xc9\xa6\x0b$%B\xbe3\xbc's\xfa\xc3"
    b'\x12;\x8fG\xd5N=\x16\xff\x15\xeb:kn\xc7\xbe\x17\xcbm\xe7\xa0\xca\xef\x9e\xb0\xc7\xd9|\xdf\xf0\xe2\t\x11\xd2L\x10\xdfE\xe9\xa1l\xdd\xe8\xe2l\xe52\x89\x90J\xcf\x9d\xd8\x06$\x01\xd65\xd7(\x9dO\xd9\x9c'
    b'\xad\x92\x84g=\xd9\xdc\x90/\xb4\x1d\xe3BU\xb8\x90\x02\xe1\xcf\xcb\xb8]8\xfd\xe2t\x16\xd5\xec\xad\xfd\xffJ~7\x8e\x80\x84\xcbh\x8c\xe6$l\xaa#F\x0f;\xd3\x81F\xda\xa5\xc0\x16\xa6i\xafm\xa2\x86\x94\xe7'
    b"\xfb\xef\x05\xbe\xc4\xd8\x0e\xba\xb9'esB\xa4\xcbW\xcfj}\xa6\x1c)n\x11\xc8R\x0ewi!\x97\xf5\xa8\xe5\xda\xabyU\x9e\x16\x13q\x05\x904\xb2\xe14,/\xc8\xa3H\x00\x00\x04\xa3\xce'\x86\x11P\x1dM"
    b"n\x0b\x97\xc1\xdd\xce\xfd\rQQS\xc4\xe6\xd9\xe3\xcf\x9f_\xbf\xf8\x01\xfa\xc8\xb7\xef\x9e\xbf@vI1!\x0c\x99t\xf7e9\x9e\x14\x81\xb1n\xb5\x027\n\xf6\xba\xb8T\x00GpG\xf4\xcd\xe3;'s\x9c\xe5Q"
    b'G~\xf7)d\x90_\xda\xced\xd4\x88eahz\x93\x19\xe0U\xd4\xb7\x94\xf4 \xf0Z\x17A\xc8<\xe9|Bx\x96\xec\x07\x8d\xd2\xa6\x90\x08\xdc\xc6_~}\x99 \xfaT\x824vq\xa8\x1e\x97\xe9\x92\x98\x02Y'
    b'\x08\xd96\xc7\xc5)\x83\x82\x82$)N\xe2\x88v\x92\x16\x89\xe8(\x143}\xac\x9c\x90Wt\xf9\x9f-\xb8W*I\x04\xf9\x8c\x01\x1d\x12\x8b\xa1\x18_\x0cO\n\xfb\xed\xe3\xb0\x96/vRe\xd9"\x85\xa5S\xfb\x19'
    b'\xcba\xce\x86\x9dg\x10\xc9\xc4\x03U\xbcA-\xff\xabL\xa4\xba}\x96\xd3\xce\x9c\xe1\xfe\x96\xc3\x92\x9c\xd7Hs\xe3M/\xe8\xbf\x18\xda+\xa4\xbar\x97.\x17\xb2\xece\xc4e\x06\x99\xd8\x02d)\xc7\x9fO\xa8}\x1e'
    b'\x97\x07\xf0\xd8V\x07\xd7\xd7\xff\xa0\xdb\x9c@O\xe8:G\xe5\x87&\x84|\xf5\xea\xd9\x0bI\xe4\xb8`\x1eD&ct\t#\xf1\xfe\xfd\xaf\xaf\xdf\xfc@\x07\xbc\xc5\xc8\xf0_\x03\x8f\x14\x93&\xee\x1b$\xb4\xeaA\xe8W'
    b'l\x81\xfa\x8d\xd4\xe6\xb4\xf7E|O1 \x85-<\xf9\xc85\x11\xf9z\x84\xea\xf78\xfb\xea\xd0t\x8fK\x86\xd6\x17G\xfb\xc6\xbdhbD\xf3\xed\t\xc5\xa1\xa3fD\xa4M\xc0/ms\x90+\x89\xe5i\xe2mg'
    b't\x1e\xdd\xd1\x11\x10\x99B\x8ePO\x83m\x10k\xf3\xdb\x18\xc16\x19\x9d\x13^\xd4\xd5\x1a\xe8\xc0$\x8b\xf1xW-\xcb\x1c\x9f<\xd9\xda\x03\x12\x08\x1f\xf5\xec\tdD^\xd9\x8e\x02\x9c\x10\xb1F\x9bN\x81\xbc\x0c&'
    b'\x06\x0efY|\x08\xfb\xe8\xab\xaf\xb4\x84<x\x1f~\x81\xe2\xf5\xb73I*\xdb\xba\xaa]!\xbc3\x99\x8bf\x06I\xcb\xd4\xbed(\xad\xd9\xfc\xe2Q\x8a!\xb7y\xf6\xfa\x1cd\x9a~\xe4r\xab`\x86_\xbe~\xf5'
    b':\xe6\x00\xd5EJ\xc8\xde\x1bP+\xe8\xd3 \x95\x0f\xf1\xa9\xed\x1b1ep\xe0\xd24_\xf0w\x17\xcf\xc7\xbd.\x86Q\x05*\xc7t\xc0/\xc2E7\xd4\xe4\xc4\x9c\x1e\x8e,\xccQ\xfad\xdf\xb5\xf5\xcf\xb3pn\xdf'
    b'*K\xdf\xeb\xfe-\x0c\xf6\x97\x02\x1a\xbb\xc70\xcd\x9d\xc0ql\x08\xd9,4\xbf,?.\xbf\x9f\xcf\xe0vV\xdbO\xef%\x8e\xe4\x14\x15\xb7]\x04\xe5b\x16f;\xe6h/<\\\xa9\xb0{\x95\xc8P\xb2\x97%\x80'
    b'FZ\xbcitS\x11?&\xcb\xec8>\x7f%\xd0\x83\xdd\xbf\x8d\x1f\xde+\xb6\x048m\xeb^\xf1\xe0\x81\xfey\xf8\xf5\xc3\xf17]\x85\xb0!mRB8\x8b\x0e\xf7\x033\xb6\x1b\xa1[\x92r1\xa0@2w\xd2'
    b'\xdd\\%w\xd0@&\x1d\x95\xc5E\xb3\xf4\x90\xae,gur\xe4\x17\x81\\\xa3;\x81\xc6\xc1\xae\x87=\xfb\xfaP\x03oV\xdc\x14\x1e\x8b\x81\xa3\x17"m\x9e\xfd\xea\xc5#\xd4\xd2n\x06\xda\xdc$n\x9fU\xd0t\xbc'
    b'gh\xc9X(\x86\x18\xdc\xbb\x0f\x91\xa9{<dj\x8aX\xca$\xd9\xb8M5\xeaVyn\xdb\xc6\x1c\xf2\xcc\xa5\xac\x8f~\x16J\xe3-T\x978\xb5\xa4\xc6-w\t\xbd\xe8\xc2)\x93\xad\xc0\x1eBr>\n\x82\xc5'
    b"\r\xf1XX$\xa9:\x0b\x14\xdb@\x1c\xd8\xb7$\xe9\xe1/\x06\xd6\xc9G(P\xff!\r\x8e\xe2\xb1\x99\xc9\xb1\xe1\xd9\x8f\x94\xee\xcd\xd9\xac't\xe9\x84\x18\x08\x7f4\x88Wz;\xe2\xff\x0e\xec\x8a\xda\xdd\x1bD\xae@"
    b'~\x9d\xc2/$\x08\xe3\x1b\x9eN\x9d\x17\xfa\xf6,\xf0)\xf0\xd3\xde\xdd\xbb\xf4\x9e\x0f\xeeV\xae\xa2}7\x92\x12N:\xf9\xd3xCFs*\xa7\x07\x10pa.0\x0e\x11\xf9\x15\x1cAn+\xb6\xa3o\x952B\x82'
    b'\xd6\xb7\xa1A\x1a\x1d\x12\xe9y\xd2\xd9\x951\xa2YZ\x16\xe7d\x84\xf0\xd0\xc1?\xb9U\xd7\xcd\x8dT"\x84\xc6\xaf\xe1\xf5\xa0\xcf\xb2\xdb&\xb3\xe8\xf6"\xb2\x0b\xe9`8HP\x85[\xecU%\xd9\xa8EYu@4'
    b'\x92) \xf4#\xeaA\xdck\xaa\xd6\x12\x00m|\x05\xf2\x02\xaf\xbe\x13@\xd2\x08\xe8)GY\x1c0T\xa46N\xce\x0c\xef\x8f\xca\xee\x02t\x9b\x17\x89\xb2!1Ao\xd6\xab\x18%\xcc\xfc\xbf\xcf\x97\xd1\x92\x11\xe1\xbb'
    b'\xa1}\x84\xc8\x8aVI1`d\x8c\xbeK\x0c\xd7\x97uU\xdeI?#\x19\xc2\x1d\xe2wmfo\x98\x14&\xc7!\x8d\xc6\xc7\xe8\xa8gL\xe8|5YV\xb5\xc5p\x01\xf4\xfbd"\x0c\xbc\x0b\x93\xac\xc2N\xe8\xbf'
    b"\xaa\xed\x9e\x0b\x1clL\xc7l'9\x92\xe4\x18\xa1\xc8\xf5\x1c\x8fZ\x88u$)\x92\x9e9\x12\xa4\x08\x9d\xf1\xe2\xd9\x0f\x95\xd3\x8dD26\xd0\xa3@h\xdb\x02\x0e\x8b\xb0\xa5\x9c[\x1cRA\xa5\xa3\x10\x08\xc9\x8c^\xa3"
    b'\x0f\'B\x1fN"}8\x01}\xb0\xa2\xfc\xd7`\xc8\xd8{\x84\x99\x9d\xf4\x95-x\xea\xc6!o#\x1c\x8b\x10#\xd6\x1f\xe5\xf8K7s\xb6\xb8F\xcc\xe9\xa0\x02\xdb\xb2\xe0.ERWH\xc4X>[\xce\xd1\xc6\xfa'
    b"6?s@.F\xd1\xc2C\xa1i\xc9\xf4\xf2Gx\xc6]\xed\xc2\xf06.\x93`,\x03\x90\x9a\xd2\x8d\xab\xeb\x82\xeb\xba\xf4n\x05\xc6\x1f\xd7\x18F\x02'\xc0\x97\xdcy\xf2\xb4\xb5wp)\xbe\xb3>0\x06W\xcc\x8b"
    b'\xb0\xc3\x0c\xe0:\x06l\x80\x99 W\xb7\xcf\xbf\x02\x0bT\x98\xec\xab\x8f\xf5W\x8e\x92\xc6IC\xccahSmZ-^A\xb2\x07V8\x05\xc5.\xb1\xd4\xeedO\xa8~\x82(\x99\xd4\x1ca\xeel6<a\x84\xa2'
    b'\xbb]\xc3\xa8\xbc3\xe65\xff\xcc\x90\xfcL\x0bMe]\xa0|\xcdP^\xd1?\x93\xa50=\x7f\x02\x8d\xc7v\xc3\xa9\x1b\xd8\xb5\xe2.\xa0A\xbc\x80\xcc7\x8d0l\x84\x8d<\x17\xcd\xb8\x80\xdc\xe9v\x02\xe9\xaeDm'
    b"\xfbG3\xf4]'\x1a\x85\xa6\xe5\xb8\xd2If'\xf5\x8a\xce\xf5\xceE\xd8-\x93\x01\xca\x8f\xf0?\x86\xdc\x8d\xfa\xaaONmea%\x12\xc1+\xeb!\xcb\xda\x12\x17?-\xf2\xb8x\x1d\xf6\x8el\x97l_\x99\xba\xc8"
    b"+\xc3\xe8\xe3e\xc7G\xaa\xb4\x1c\xa2F-4\x87N\xfbS\xea\xe2\x99u\x1exPb\xa3I\x1fo\xc0K\xf1\xf8d}U\xaf\xeb\xf6`\xe6\x04\t\x85T_\x84M\xe0o\xefi'O\x86\xd8\x8f\xf1\x07\x15\xdd\xb7a"
    b'\xafh \xa0)FF\xb2\xe1\xd3\xa8\x95\xd3\xb9D\xda|8\xab\x93\x83\xf6\xe5\xa6\xd1&\x1c\x8cF\xf5\xbd<\xb2ck\xbd\xfc\x8a\n\x11\x87Ye\xd4\x8f\xcf#\tL\xfd\xf5f7h\xf0a&\x1a\xd7\x00\xb5b\xa7\x80'
    b'8\xe3\xa3\xe4E\xec\xa1\x1a<R\x0f,\'?\xc6\xc3fn}\xfa\x80R-L\x1e|\xe0"\xd6]\xb4{\xb3\xc7\x84vL\xcbV\x1f\xfc\x93\x8e\xb6\xda\x1d\xc2db4W\x1a\xd0\xa9\x03w&\xcd\\6dYS4'
    b'(~\x8cH\x12.\xd0g\xff\xa2#\xc12\xca\x18\xd0\x03FU\x9fd\xf8\xd1\xb0\x0b\\\r\xaf_\xb3\xc9\x1e\x17V\x80\x17\x12\xf4\xe4\xc2\x0f\x12\xe3\x1bh\x9cq\xf6\x14\x00\xbb\xa1\xa2\xbfL\xbe\xfaJ\xca\x85ee\x10\xb2'
    b":-|\xa5g\x90\x99\x11\xf8B\xb5!8M\xfe\xb7W\t.}\x0b\xb1\xa0\xfe\x96O\xa7\xa0Y\xe5\xe8&\xcb\xf2\xa4\xca\xf41pX\x13\xcb\x01\xd9\x19\x14\xb8\x19\x951\x16L>\x9fI\x0c\x99\xc0\x96\xc8\x17d\xae'"
    b'K:\x9c\x13\x9dG^\x94c6"\xe6L\xa7\xd8!\xcf\x15qC\xc7\x13\xe2\xa7&(\x01\x06\xab\x95@rV\xbd\x9c\xb1$\xa2\xd9Z\x1e\'%\x8f\xb1\x91\xf1\x0b\xf9\xe2aD\xe5\xf89F\xda\xe3x\x9d\xc5Rg5'
    b'\x12<\xdb\x8e(V\xbb\xe0\xf1\xcc\x93O\xddbi\x85Q\x80\x9b\xdb9|\x14\x13\xaf4JK\xc3\xc5}\xe2\xf5Ba\x85\xd8\x00\x12\xef\xdc\xa8\xc5\xf8\xa86\xcao\x02\xfd\xf3I\xa7\xdb\xedD%\x90<\xec\xfb\xa6\xa4/'
    b'q\x9cY\xc1\xdc\xb9$t5\xf3Y\x1ct#\xc2\xceS\x99\x91h\x9cV\xed\x8f\xe4\xffZ\xce\xd5<%N\xbb"-j\nG\xa3\x93\xd5\xd9!\x97|\xc1H]\x17;\r\xf7"\xacLO\x95Mhi\xa0\xc5\xdd\xb5'
    b".\x18,6\xd1,\xbb74\r\x1f1X\x12\x85I\xaf\xbc\x1e\x8e\x17\x8c|\xe4\x86\x0f\x06\xaa\xc2\xe3\x9e\xb4\x9f\x96\x85s*\xa3\xc3S\x0e\xef\x89\x99:P\x18\xea8\xbd'\xbaw$\x03F[<_O\xc7\xfdD\xc9"
    b'\x98\xfedz\x8eL\x04\x0eB\xcd\x82\x00\xb0\xe7\x00\xcd\x9b\x0b\xf1+\xa2\xd8\xa5|\x94\xea~yL\x05\xcc\x80f>\xf8\x17\xcc\xc2\xeduF)\xcf\x16\x87\x80\xe8\n\x076\xd53t\xe0\xca9\xc6\x1d\x9ao\x08c\xb2\x1c'
    b'\xb5\xe3\xd6\x94d\xcc\x16\x84J\x92/\xa3\xea\xfc\xef\xe1\xad\xff\xed\xc8e\xe8>\xf1\xbez\x9a\xcc\xeb\x0f\xe5\xc6V6\x9a,L\x03Q*b\x9f\x816x\x7f\xacp\x8f1\x8fT\xafX\xd6l\xaa\xbcu\xb6\x02\xab\xe5\xd3'
    b'\x8d\t\xa2\xa6\xbfW\xaa\xddb\xb9\xd7\xaf\xd9Q\xe2\x8b\x8c\x03\xa2\xbe\xd1^\xe1J\xcb_o\xaeh\x04\xdd\xc8Kn5\x1b2\xa6>}Y\x98\xfb\xd5\r\xb6\xd6\xc8\xac\x82B\xc8w\x1cx\x93\x19\x97:\x1a\x94)\xae\xb2'
    b'Y>6\xc7\xef\x7f\xd56S\xb5@\x80\xa2\x92p\x9a\x18\xf6(\xed\xf2\xf9m\x06\xba\xd4\xa7\xbf\xd1\xaa\x95m\xac\x82\x8d8\x16\x18:\xfe\xd1-\x91qAW\xd7\xcd\xe7Kh\x82\\\xc0DMt\xd7y\xad\x848\x1f\xa7'
    b'\xb8A\xbc\xb8}\xbb\x9e&H\xae\x07r\xae\x89\x82ek3\xe84\x1a\x06mI\xa1\x83\x02x\xa3\x1dn`6\xf9\x9d\x9e/BI\xf9&\xad\x01\xf9\x8f qK&\xbf\xc6\xfep\xcb\x14\xdbD\x13\xb7;\xf7\xfaic'
    b'\xea\x934o\xd6bs\xbe\xf4M}\x9e\xd8\xc2N\xe7^\x8a\x8c\xd4\x82\x9f7y\xf1+\xdd[\xdd\xda\x9ci_\xb3)\xfb\xe3\x93\xd7%\xfe\xcc8\xcb\x8c\x0c\xec\xf9\x0f\xdb0.s\xa1\xb7\xc9Z$\x0e\x0b\rR\xee\xdc'
    b'\x87\xa0\x90\x94\xec#aQ\xf4\xf2\x8a\x81pJ2"Cd,\xeb|!a\xd4Q\xe7\x84\xabU\x10\x0e\xa3\x8b\xab\xb2<\x03\xd1l\xc7\xc6\xf0uj%\x1c\x7f\x8f\x8b\x06@(\xd7q\xf7z\xd9\xb5\xf1\xf4\r\xc6\'r'
    b'\xf51\x84\xae\x95\xdf\xa9\xd1\xec&\xcb\xdf\xce\xe5\x07\xe9\xec\x1f\xa7\xa7\x11273\xa6\xe5\xefj\x1a\x89\xe6\x07\xf2~]!V\xe8\xe8\xb3\xf29\xde`\xb4\x86\xd3x\xbbty\xe9\xfe\x14\xe4\xa0\x13\xc4\xf8\xef\xd3e\x8fH'
    b"\xd5\x94$W\xabr\xa8\x86\xd0\x1e\xad\xd2\xe8\x880\xfax'+\xbc;\xd9\x13\x817\x9cr)\xf0m\xb3\xc0r\xbeR\xeb\xb3\xe1$\nU\x87\x9b\xed\xc4l4\x17\xe5rH\xd56\xad\x88T\x96\x18\x9e\x02\x19\x1a\xb0\x01"
    b'\xff<\x0b\xbf\xc1\xfe\xfb8\x7f+,*\xc3\x17\xcf~\xe8\xd0\x9afP\xf7\xaa\x1dV\x90O\xa8\x95\x0e\xa6s\x9fb`\x7fZ\xcc>\x90]\x1b\xd0|\x155E\xc6\x13\xe2\x95\xf0q(0b!\xa8\xb8G\xe6\x1dU\x00'
    b"\xd5ccx\xff\x81%\x12\xd9@\x02'\xd3M\x00I\xf3\xd1\xc1f\x919\x19\xaa_\x0b\xf4\xf1aJ\xa3z\x08\x8e\xc6H\xf4;\xeal\xe6\xfe&\x1f\x14\xc7#\xf9\xc9\xcdS\xea\xca\xcf\xdfP\xf9\x92PgA\x8a\x08v"
    b'2)t\x1d\xb0:\xad\xc3\n\xa0\xa9\x07\x1c\x97\x81\xb0\x92\\#o\xf4RN4\xe9}\xcfU\xe9\xa8^\x0f\xc9\xa7\xd4\x00\\\r\xcd\x1f>\xfa\x1d\xc2\xc81\x81\xdal\xa9\xba~\x18\x07n\x18\x1c\xa9\xa0-\x01E\x10\xb9'
    b'Z(\xa33\xbd\xcf\xbe\x9a,E.\x8c\xe6\x15\x89R\x10\xdb\x11U0\xc4\xdc\xc5\x97\xcfai\x18\xe6\x1b\x14Tq"\xf2\x8a\xb91\x05\x8e[\xe0\xb6b\xb0\xed\xc1\xfctR\x8e\r *y\x17K\xac!#\x93;\x99'
    b'$\x13*\\|\x876\xaa\x1e\x9b\xaa\xb2\xad&\x8f\xc2&P\x85_5\xd2GCsIR\x07N\xd1\x01\xea\xbbby\x196L\xf4\x8co\x1c\xb50\x12\x86\x10T\x04\xce\x1a\x03\xecE\xdc}5<\xf6&.\xcb\x8aF'
    b"]y20H\xfb\xa3Y\x81\xdba99\x11\x0f+\x19.WV\xc1\xf2\xa5\xc3\xe0\xf0\xb3!>\xfbX\x1c,{%\xfe7OA\x82'a|\xff\xf3\xed\xebWC:\x06\xf6\xf8\xa7\xa04N\x0e/\xb4N\xbfm@"
    b'\xd4X\xc9R;wQ\xf1\x02Q\xb5\xad$\x10K\x01)s\xa7V\x1e6\xb4\xbc\x9a \xe0F\xccD\xcd\x15.\xd5\x89\x03y\xc9\xc4\x12u\xd11\xd8\xd5\x18f.\xa7U\x95\xc0\x93\x85\xec\xea\\\xed\xfc\xef\xe5\xc5\xda\xba'
    b'\xb1\tS\x9c\x8f\x98\xa4F\xaeR\x8f\xa2\xa9\xf7fTs\xf5\xfc=\x94\t\xa4\x14\xe2 \x95\xfa\x125+\x02\x8e\x0et\xbe?c&{uj\x97]\x11\xf5\xcc\x96\xa6\x18\xcd}\x16I\nM-*N\xb1B\x12\xedY'
    b'B\nO\xcf\xe8\x0f\x9bq\xe7F/\xad\x84\xe9t-\xbdhz\x13\x13\x8e\x1a\x19\x8d\x1f\xa7\x97d\xde\xeaY\xb5\x04\xf9\x8e\xad\xf2\xf7@w\xee\xc8\x1fH+\xa2\x073o\x87\xfbr\xe46\xb7\x95\x96\r;\xb0C\xd2V'
    b'D_\xd5Z\x84=\x7f$\x8az\x8aCr\xb4\xbdzy\xe05\xcf\xc4\x9dd"\x15\xd9[\x1a?\x16\xd9\x8d\x17\xdc\xd2\xb3H\x85\xc25WLN`\x1c\x85\x9b\x0e\xc9\xa4\xb7\x89\xd7\x11Q\x1b\x82|\xe6\x0eax\xdc\''
    b"s\xb8\xbe(\xdf\x99T\xd8Cw\x89H\xb8\x17\xf9Uq\n\x94\x0eT\xa0\x90F\xbd\x19\x85\xa4&i\t\x80`\x00\xbf\xa5m\x83]\xd82\xc5'c\xd5\xd9\xf2\xad\xd1\xd7\xef\x02\xe5V\x86\xa7pj:u\xfcU\x80\xd6"
    b'\xa2\xcdI\x99\xbc\xb2\xe3\x92:\xc4\xfc\xc3R\xb4\x14\xfe\x10fY\xfd\x89w\xc3\xdf\x80\xddc\xd5\x88j\xd3\x8f\x0e\xc3\x91\xcf\xbb^\xb4N+\x9e\x8b\xd7>6\x91\x9f4"\x12+P\xd8vjCj\xb4L\xc6\xd3O\xc8'
    b'Ni\xf9LM\x18^\xf1\x05\xa9\x1e\xbeB\xb2\xa2\x13\xb5\x9c\x9b\\C1\x92\xb0]\xda\xd3ZH\x16\xe9\x10\xc3\x8a4\xcaQ\xaaE\x82B\x99\x0b\r<1\xb6\n\xf6\xfe\x9c\xa9\n\xaf3*\x82\xdf\xa4 \xab\xd3i\x08'
    b'iAA\x9f\x8e@\x9e4\xc9\x08\x9e\xae\x91\xb3Xi\x0b\xbb#\xde\xd7FK\xd8\xac\xd0\x91\xd5\xd5[\x08\x0c\xea\x19qi\x12\x14\xbcUb\xb2\xba\xd5\x16*\x83zFa.W\xe2?\xe5\xd1"\xc2\xf3\xca\xdc\x0b\xc7;'
    b"\x00\xa2\xa4J\xb2\xdc\xb7\xb2\x13\x8c\x8f\xa7\xad7\x97\x1c\xfa\xd9]\x81H=\xfd\xd3(\x12.\x18=\xea\xe2\x87\x9a\xf8#\xb9\x98'\x8bu\xeem\x97/\x89\xc5~\xe5\xd3\x9e\x14\xf5\x98\x99U<\xfb\xf0\xd7i9\xcfr\xd7"
    b'qw\x9aAJ\xcet\xfdB\xb4\x03.\xdf\x10\x89Q\x82c\xe5\xef\xab\xdb_I\xa9\xd2W\xe3\x17R\xab\xc6\xb4\x1d$\x8f6\x9b\xb5\xf2\x94\xc0\xb1-sC\xc7\xe54\xc3\xb58]\xf0J\x1aS\xebt\xc3\x08\xe9N\xe1'
    b'n\xd5\xac8\r\xd2>Q\xeb4\x80W\xd8\xd6B\xfd\x83\xa0\xe4]\x94\xec\x05\x98G\x91c\xe7G\xb4\xa1\xd1\xad\x04f\xb3\xb7\x82\\\xbe\xe1=\xc6\x16\xe5II\xe7\xd4\xc4b\x84\xe1\x8bsW$\x93x\x04JM\xc2P'
    b'c\x05\xff@\x07F\xb1}\xefD\xe6w\xdeeB\xa8\xb7\xd6\xa2;\xe8\xfd\x8d~\xfc\x84B\'3\xa8G\x9b\x04YK\xdauzy\x89\xe3\xear~*\xc0\xea\xe6\x8b]\xe8\x15Zh\xcc\x8dNw\xbcC\xe3"$L'
    b'@\xe7Z-K7\xd6\x98\xe3iLxSj\xe9\x82\xab>\x9e\x8c\x9d`\x8f\xf9\x0eu\x7f\x9d,\x8fe\x03\x05a\xf8\xc0\xe5\x07C\x17)\x83\xef\xf2\xc5\x9e\r:c\xae\xd3\xeb\xddf\xc9;\xd4\xaf\x8e\xa2QK0\xfb'
    b'\xe7\xa75\x84\xff\xc4\x18V\xcd\xb4\x81\xbc\xc3\xbd\xfa@.u\xb5\xe63\xd6\x8aO\xf2O73<e\x17\xb8\x1b\x80\xaf\xbc\xdb\xd2\x92\x0c\xa2\x89\x05\t\xb8\x12\x86\x80p\x13\xdf\xc1l\xf1\xcf\xbe\xdc\x8c>\x8e\xff\xb2\xef%'
    b'\xa6\xb0\xe6\x94\x0b\xe9F\x17\x97\xff\xa0\x9c\x957+\xcb\x04f\x82\xa4\n\x02\x16Q\n\xb7\xaf\xf2w\xb5,K\x90U\xb6\x9cF\x0b\\@Z\xbea\xbd\xdf\x03\xf9\x87i5\xef\xec\xb4l\x85n\xa8#q2X\xd6=s'
    b"\xd0B\xf9~;\xd3\xe3\xb9\x1d9\x82\x9fz\xe4\xe6\x8c\xb5\xc9\x8e\\'{X[\xb8\xf0\x86\x07{~\xda\xeb\xf7\x87\xe9n0G\x0c\x7f\x06s\xea\n\x97\x9a^\xdd\xf5)\x94|=k\x99=\x1d\xcc\xa7N\xa0T\xfb\xfc"
    b"9\xfc\x0c\x9a\xf5\x19\x13h+\xf5\xa7\xe60w\xe3\x16\x07S\xf2\x19\x81\x0e\x89\xd3&\x9b5\x8fi\xfb-\x89os\xb7'\x8d|\x81MP}\x9aG\xc2\xef+\x06\xb6&\xf3RzI7P\xcd\x98\x18\xb5V8\x1f\xbc"
    b'\xa4\x0e\xa8\xe7A\xad qK\x00z\xa6)\xb1\xd1\xd8\xcd\xb1\xfa\xc2\x8d\xceOr\xc9\xed\xe4N_\x89\xba\x10c,e\x1f\xc9$\xddf\xdb5i7\xb30\xb7\x06\xbc\xe7\x92[\x83\xfd\xbe\xe3\x11!#\xf7\x1e[\x92Z'
    b'\x8d\xc6\x94=\xbb\xa2)\x9c\x04\x8c\xcc\x99\xd3,\x81\x08\x1e\xef\xfaw \x96NMkM\xb0\x888X\xad\xd6u^+\xe0\xdfX\xc1\x96g\x12\xff\xe7H\xf97V\xb1\xe6\xb9\xd8\xbfJ\xd4\xbf\xb1\x0ek~\xa5\xec\xff\xc5'
    b'\x14\x00\xe6\xa9w\xe9\xa3_\xfd\x02\x85\xfb\x92\x8b\xb6\xa1\xeav8\xf8\x04\x16\x86E\xc2\x11 \x07#\xbc\xfb\x06\x90!\x85u\xd7\xc6\xc2\x81\xfc~*An\xe1@\x15\xa7)AX$0\x07s\xbb\x9ep9+\x11\xc8\xe3'
    b'm7\xb6W\xa6\xeba/V\x1e\x94\x9aX\xdd\xc9\x1d\xe5\xbc-\xd2)5\xdc\x01\x800\xf2\x99\xdb?\xc9\xa2\xb5\xcd\xde\xcf\xbf\xd5\xd6\x92o\xc7\x15~\xbc\x93\xf5\xdf\xdb0]R"\xa3\x11\xc9\x9c\xc99\xcc\xb56\xb9a'
    b'\xd3;k:\xc2/\x8dF\x16N\xa6~\xd4\xd9\x8d\x8b\xdd\xd6wY\xfe=*!\xcc\x8d\xd5\x88\xf7rQ\x8c\xc7\x8a\xa1\xd3N\xc1I\xfc\x11\x83R\xcb\xdfB\xcf~eq\x1a\x904\x7f\x86xJ\x14X>\xb1\x8d\xc4F'
    b'\x93z\x01A&\x8c3\x9a\xd9\xabl\xe1\x92\xfeb\x12m\xff_\xed\xb8\x05\xdf\x9dxg\x81\x1c\xf1W\x80q<\xf9cG\x85\xfeM\xfe\x04\xf9\xfbT\x1a\xb8\xa2\x85O\xd6\x7f\xaeO\x08?\x9f\x1a~q\x92\xa8k\xa1['
    b'd\xe2\x0fN\xf2\t\xb0\x7f\xaf\\2O;>\x7f\xed\xfe\xb2\xbb\xebO\xaf\xd9\xe7\xad\xd7_q}\xd5\xf5?\\\x95\x86\x88\xd8\xa0\x05M\xaf\xea\xc7mDA\xb5\xab\x96\xcf\x00\xd0\x1d\xea[\xad\xb9.%\xd5\xaa\x84\xe71'
    b'UI5!\x14\x80\x98F?\x9bL\xf1K;\xfc\x87\xa9`z~\xfbd\xf7\x0eK\xc2}\xa9-K\xab\xf2\x9fQ\x02\x00\x84\x9fo\xa9\xe3\xdd\xe7\xfd\x8cJp\xdc*.3\x95\x18\xb4\x99\xf3\xd3\xe5x\x99\xe5\xcb\xbd"'
    b"\x10-\x8b@\x97\x9c\xc9*\xdfN\x0c\xda\xcf\xe2\x8e$k\x8d\xe8\xf0i\x0e\x08\xc2\x8e\xc4\xd1/\xe7\xf3i\x8a\xcakD\xa7\x89\\\x0c\x9f\x1c\x80\xb41\xa6*Yv\xf9\xe5\x8a\xa1mo\x05\xcc\x81\xc1\x1f1\xa4_\xb0'"
    b'\x9ceC\xe0i\xc8\xde\x98\xf7\x80d\xa2\xc2\x80D\x0fn\x9e1\xce~01M\\\xe1"\x84BO\xcf\x82`\xe99\xe2\x18\x06\x17\n\x9b\x8a\xea\xea5\x01\xebr\xe5Z\xa4`4\\\xae\xe6\xac\x91\x1a\xae\t\xbb\x07g'
    b'K+C\xf3t\xea\xae\xd8\xc9\x81d\x198E\xf9\xf1\xb8\x9d\xafi\x88\xc2\xee\xe6\xcd\x1b\xdf\xceM\x18\x9d\x9acG\x91\xfcu<3\x15nW\xed[\xfaN\xa6\xf1\xb3\xa9\x8b\x93\x02\xf2\x10S\xa8\x11\x86\xd5L\x00\x1c\x07'
    b'\x1f\xaeA\xbf\xd7H\xaa\xfd9\xd6\xc7\xf6\xff|\x19\x8a\xff\xa5o\x80/w\x83\x7f\xca\r\xb1F\x13k\xdf!\x19[\xce\xf5\xaf+0\xb2\xe3\xbaJ+\x14\xfe=kz>\xb9|\x7f\xd9NN\x16)\x9f\xdd\xafY\x84\xac'
    b'bT\x88JN\xbd\xabv9\x93\xfb\x89\x80\xc1\x1c}\x81I]\xb1\xf7c\xf3\x86\xb5\xdc>b\x19KS\x8d\xf3r\xfe\xbb2\xf4g\xa6\xab\x17\x95G\x8c\x86p\xceA\xa4\xf8\xb0\xbf\x82(\x0b\t\x15\xf0N\x17\x0f<\xec'
    b'<e\x14\x86\xd6\xaa\xfeyV\x96\xff%9\xdb\x1da=JFS\xc6\xa1\x03\x97\x1f=;\xb2 \x90\xf3yZ\x12X\x17\x9e\x8d\x8fJ7\x92\x01\xdd\xde\xff\x1bV&\x17(\xb9,\x9c\x19\x8aJ\xe9\x06\xd5Eb\xb7j'
    b"\x0b\xa8K\xc7\x12*\xb7&!\xae\xc6\xee\xe4\xbcEC1\x9ea\xb5C\x8b'|\x0e\xfe\x12\xb9\xe6\xb2\xbf\xe2vY\xf3\x96\xb7]\xf1?\xe9\\ZO\x1chB\xbe\xc0\xabE\xb8\xc1\xe8}\xa7\x97e\x9b\xa5\x1d\xab\xfat"
    b':\xcdC&W\xdc\x0e\xa9\xa3q\xf9\xc4>l\xe5\x03{\xc4.\xb8\xc0\xbak\xaf\n\xc8\x99\xeb\t\xbe\xabN\xd0Fvzd\xbf\xa0_\xe6kW\x9bN\xba\xea\x1b\x17\x98[J\xb3\xd1"aGh\xa6oV\xed\xf4i'
    b'\xff\xb1\xcbz\x80\xab\xd9\xea\x96U9=\xfcS\xc9\xa6\x9d\xdb\x1e]%\xeb\xb1\x840[\x98k[\x8c\xe4\xa3\xf5\xa2#^\xbd\xe7\x82\xed\xa8="\x00\x1f\xb3gN\xe8\xfbD+\x16)\x02\xab0-\xf54\xa6q\x15\xcc'
    b'H\xe78\t_\xc0\xd7gK5\xc8f\x91\xd7\xab\xc3\xa7\x1b\xf6S\xdb\n}a\xbe\x9c\x89\xb7\x99\xa3\xc75\x0bc\xaf!W ,\xf62j\xc1\x08\xc2I_\xc4\x88\xe2)@\n\x16/\x06w\x8fA\xb4l\x1e\xb2$'
    b'\x1d\xbfh\x1a\x15x\xa8HS\x19[\xe2x(\x0b\x9a^\x19\x04\xde\nJ\xa7\x97\xa7\x04\xddFN\x88Y`\xda#\xd1\xdb\x9fo^\xb6^\xc3mE\xb7.\x1bY\x99q>Rxb\xcb\x05\xf3\x9dyw\x1arR('
    b'\xba\xb4Lq\x9c,\x1ao\x85\xc6\xe8\xee\x93\x89<W\x84\x03\xbeg\x94$\x04\xb3\xb2XL\xb9\x9f\x0c\xc0\xc19\xebE\xedd437$\x87\xa3\xb9\xddVF\xb6\xd4\xa2\xcd\x9bl\xa8`\x14S\x0f\xffEL\x95\xa5\xc9'
    b'\x0f9x\x8a\xf4T)\xdf\x1cYJ\xaa$n\xc0\x052\x17\x16\xdcL5\xc5\x05YP\xb4\xfa\xda\xdc\xdcc(E\xda\xe7\x97\xb6\xd7\x81\xb9\xd5n\xb7\x88\xfb*\xd1\xb9\x1a`@\x1e\xe5k\xce\x80\xb8?"\x1e\xa2\xadf'
    b'k\x1adgcM\x04\xb2.\t,k\xb9\xcfp\xa2\x9c\x14\xe9\x8c\xfa\xb8\x1d\xdaN|\x0bb\x02\x84\x94\x95\x10\x0c\x7f\x05\x1d\xe0P\x13! \xd2\xc7\xef\x1a\xf9 \x14!,s\t!t\x10\x89\x81\x00\x98\x08ry\xa4'
    b'\x14\x1a\xe2+\xb1}\xeaN\x11\x97K#\xfebZ\xf6\x1c,\xa3\xc1\td\x01\xf5\x8a\xe5j\x11\xec\xd4Rr\x1ak\xf3n%\xe5[\\N\xfb\xac\x11 i\xb7\x96?\xce-\xb6\x9d\xff\x8c\xe6x\xf9\x95\r\xf6E\x12\xbb'
    b"\x92\x98\xadI=\x12\x9as\n?\xc4\xa9\xff\x02\xf7\x1du\x03tc\xd4\xb0Eq\xc35\xc7\xdb\x1c}\xd6\x12'\xd7\x02\xea%VYB0\\\x10*\x1d\xdc\x89\r\x07\xbe\xb6J\xe1\x94\x9aj~P\x8b\xa9q\x015\x1a"
    b'\xa2\x9f\x87\x11k\x0fEu$>\xf4\x89\x8bZ7\xfcN\xea\xb58\x086\x82j\xa4$\xa4tZ\xf7\x92\xf5\xa6\x16\x86\xa7\xad\xe7\xa1->~\xdc\x85\xe7e_\xaf\xf9\r\xd6\xbe\x1bc\xe9\xc4\xb6\xd8lw\xfd\xba.j'
    b"\xb9\x16\xa7\xec\xa3\xeb\x88\x16 +cg\xa1\x8a\xc9\xd9\x07q\x14\xfdz2\x97\xfc\x10\xeai\xc9:\xe4GP3\xd3\xa5x1\x87@\x11'}\xa0\xf1\xc1+\xc3\xb7\x19'\x8c\xb8\nx\x08h\xe7\xa32\xb5\x11\xe1\xb7^"
    b'\xdcX\xdc\x93\xc8\x9e\x0e\xa8\x06\xfb>\xd0\x0e\x15\x1e\xe9\xcdO\xdf\xd9C\x83\x85\xcawp}\xd7\xbe-&\xe3D\xd5[\xf7\x9b\xc5o\x99`\xb3r\xcc\xe8\x00\x9c\xd5W\x86a\xc1\x9d]\xdfv\xaf\xd5-D\xe0\xee\xacM'
    b']\xab\xa4\xe64`\xd2\x0ck\xa3\x8as\xa4(\x85e\xb2v-J\xd1\x13\x8a/\x84\x0fb@\x03B\xee*N\x8b\xcb\xa0d\x80(r\x8a\r\x83\xb0\xc5gD\x19$\x99Q\xb9%\xb5\xebr\x13JK\xb2\xb3HSs'
    b'\x90\x12}\xed\x85\x94\x18\x9d\xc6>I\x81 \x96\xc0\x8d\x8b3\x9e\x0f\xbc[C\xf5\xf6\xb1W\x151\xc8H&\xa9\xdb\r\x12@\xd8\xa2BA%\xd9\x8b\x84\x91\xba\x0czs\x06\xca\xbckWoGF\xa0\x81uc\xc1\xeb'
    b'.\xaeF`\xbbRf\xdd\x08\xe8%\xe0\xfb\xe8\xed\x18\xe9\xd4$\xdf\xba@\x04\x9e\x04\xe9\xe9wg\x92\xd4V\x92M2\xda\x10\x8b\x86\x95\x919\xadw23"\x825\xfb\xda\x88\xac@\xe11\xa5-\xbaA\xa0\xe5\xbba'
    b'P\n /\xe1\x1a\x86\x1eo\x1e\x9d\x03\x03\x8c\x176n\x9f\n=\x0f\xdas\xa3\x1d\x08\x9e\x13\x15A$\xb3\t\x8d\xf8\xf2u`\x1a\x075\xbf\xbb\x977lx\xef\xf2\xefe\x96\xcdC\xd9\x87d\x13\xf53\x94\xb4*\xc2'
    b"\x15\xd4\xc7\xdf\x84\xc0'\xa71\xa8a\xdaovc\xaf7W)\x0c\rY_5L\xddl8\x97\xdb\xb9/\x7fK\x86\x80\x86ux\xa7i\x1e\xa6\xeb\x9f\x04\xf8:\xd3p_\xd1\x9eV\x9e\x86@'\x08\x97f\x10\x03\xa2"
    b't\xd2L\x0ep\x8bU1\xde\xd2\x1e@\xd2\x16hIi\xb8\x02\xf8pJ\x86\xc0\xe3\xf5K\x01hh\xc9\xa2\x83=-\xda\xbaaB\xb1L\xe7\xc2P\xa7t\xb2\xb7\xcd\xd5J\xdan\x14S1J;\xb9\xf0(\t\xe2\xa7'
    b'(|\x0f\xa3\xe4\xc0\xd3\x88\xfeaE\xf2\x04.\xbbC\x0fj\xa0!\xc5\x1c\x05\xc8Y2\xad\xa5Vh,\xb5\xcf\xad\x90\xb6\x8c\xfb\x86\xdf9\t\x07\x82\x88\xec\xcd\xd6>\xfd \xb8\x8d\x96\x8d\xecI+eW\xe2)\x991'
    b'xt\xba1\xef\x82\xafn\x14M&o\x98\x12Y\xa8\xab\xe9\x1ar\x9bBF)\x95\xd1\x860\x01o\xcbe\x04^\x11\xee\xb1\x91\xc6e\xdd\xcf\xaa\x89+\xa1^\\\xf1Ao\x0c]6\x18\xa4\xb42\xe1m\xedK\xd97'
    b"\x18N\x02SQ'\xba6^\xd6\x98\x99<\xcf\xc4Sg\x8e\x04\xe8\xb5\x84\xea\xc6\xb0^\x91\x1c\xaa\xb9\x8f\xe1\xc4\x1a\x10\xd8Sa\xe8g4\xf3I\x82\x15\x1c5\xfa\xb9\xc3\x96\xb2c\x87\xa2:(\x90\xcf*\x02N\xa6\xbc"
    b'\x8br\xe8q\n\xd9N=\x18\x19Y\x15\xa0\xa7\x168\xe8\x14\xd6\x87\xd6\xa7\x81\xafg\x0e\x04u\xbfp\xf1}\xf8Y\x8b\x89\t"\xb0<~\xbc\x93\x8cr)\xbd\x84C\xff\xe9j\xe7\xc1\xe0\xb8<\x83R\xfbVgsc'
    b'\x83,\xd3\xdf\xbb>4\x90\xb9\x18j;\xa0\x96\x87A\x18L\xec\x14S\x17tG\xdd\x86\xba\x00\x1d\xbd;\xfa\xad\xba\x05\xe4\x9d\xf0\xcf\xff\xb8;\x04\xd2\x8c\xb4\x96\xf5;\xbb\x1f\xd9\xae\xb0\xdf\x1b\xb2\xedn\xcbxn\xfbW'
    b'j\xc2I&\xe9_}\xfa\x1bQA#\x90\x9bk1\x07\x1a\xeb\xa2L\x19\x8dm\xa3(X\x10\x88q\x1ei\xf9\x02\xb3\xe0\x184\xcb\xd4\x11C\x0c\xd6\xf0\x1d\xfd\xeb\xbc\x04\x98l\xa4\xeer\x99%\x131\xdfcmB\x86'
    b'\xe3y\x011\x84\xf63\xf7\x8b\x8cS\xd4\xfd\xe4\xe4p\x921l\xe5;_\xf2?\x82\r\xcf\xe4\x07"\x80\xed*\xda;rPW\x0e\xa3\xf9\xd7\x18\x9f\x9d\xb2:y\xf0\xd9s\x1f\x8d\x9bge\x92|LQy\xed\xf3/'
    b"\xa5U\x9f,\x01\xd5\x9bY(\x08J\xe2$\xebj9'\xb2\x1a\xbb\xe6\x02~\xc2F\xef\xd5\x9f\xa1\xe3\xa2\xe4hdw\xfa\xea\xab\xc8\xd0\xe6\xf9`\xfe\xba]#h\xceL\xbeV\xbf\xf2Z\xfd\xe5\x14\xdd\x01U\x1a\xeeq"
    b">\xaa\xb0\x06]8\xd9\xceJq\xa1<\x7f\xe8#\xf8\xd2f\xe6\xb5\x166l\xd8\\IUe!X\xd3\x0ft\xb7\x0f\x13\xaf\xb59\xdb\xd9\x838\xd5\xf5\xd4\xc1\x9c\x9b'\xe1\xc7\xef\xa5s\xa6\x89'\x00i0\x06\xf0\xc7"
    b'\xc30\x07\xfc\x96\x0f^Q\xfd\xfa\xd92}g:\xf1\x08iOb2\x91U\xe9\xca$k\x1e(z\x9d\x05a\xce\x10\x0f\xaf\xf8\x84\x85\x01\x05 \xf8\x0e\xe3o\x8a\x8d\xeee\x96\x9a\xd6\xbe\xb6\xa1iZ\xba\x7f\xbbW\xdc'
    b';\xbc\x7f\x1f\x89\xa7\xe4\x96\xc9\xec\x16\xb9\x7f\xe8e\xe0Zf\x052n\xffa\xc0l\xedI\xc7\xb2\x1b\x96\x1ah\xaf\xad\r\x1f~\n\x12\xbe\xf4 \x84\xc0w\xebY\xf7\x91|\xc5\xfa\xdf\x1f.Jj6z\xdd\xbf\x01\x0b'
    b'\xbe\xdbO\xcc\xf8G\xa6\xc6\xde$Y\xd7Y\nw\xd2\xc6\xf0\x1b\x9fHwq\xb4\xdf\xab\xdd^\x8cex>[\xf6\xc2w\xd3=\xb1\x15X\xb7\xcd\x87H5w"8t\xddA\xd7\xe3\xa2]\xdd\xc0\xd6\xa0s\xffO5'
    b'p\x7f\xd0y\xd8h\xa0\xdfm\x00\xd3\x1e1q\xda\xc5\xc0H\x92\xa2\xf3\x1c@\x858\x8b\xd7\xd2\xa7\xd3\xcf\xef\x9f\xbe\xf9\xe1\xfd\x8b\xe7?\xfd\xcc\xf4\x12\x9b[BB_>\xff\xe1\x87\x17\xcf_\xfd\x84\x13b\x90"\xd7 '
    b'\x8a\\JM\x00e\xffH\xb0\x8eD\x90\xf1\xecWG\x94\xf5\xd9\x02l\xce{=\xea\x9a\xf2\xc8\xf0\xd5)\xcd(\x00\xff\xd1Q96\xcbN\x82\xcb\x14\x90\xee\x85\xda\xc9\x0e\xa9 \xa0\xf2\xc0\xe4\xf7E\xe0\xe9\x8bJ\xcdi'
    b'\xe6%V\nR\xb8\xfa\x0c,\nm\x0eIZ:\x07aA>\xb0sf\xda\xb1n\xe1\x99v\xc4\xe5\xd8\x8b\xd9\x17\x8a\xf1\xf8\xd9\xef\xe1\x0f$m(g\xe5\x02\xb0\xedgU\x89\x9e\x01\xda=\x92\xe1\x12\x85\x9c\x95B?'
    b"Sw\x8f\xda/\xa0\xd0Y\x95'B+\r\xa96\xea\xd73?\x0cC\xe5n\xca*\x15~5Z\x9f\xe3\xfc\x84\x17h\xf8;l\xcb\xd0\xda\xf7\xd3Ih\xff\rr\x19\xb9\xca\xf3\x8fC\xd2\xfc\x86\xff\x96\x84\xc8\xee\xe8\x88"
    b'\x86\x07\xac\xfd\xbf:w\xd0\xf8\x10\xccj\xbfs\xb7\x13\xab\xc7<f\xb2\xd2\xee<hC\xb7l\xc2\x87\xcdxtu\x8bw\xde\x1a\xbel\xb4\x86\xa7Y\xb1{Bn\x08T!\xdb\xab^\x15\n\xb0\xe6G\x94\x16\xd6\x0c\x1e'
    b'\xd1o\xc4}j\xd0\xc9>\xa1\xd0\xd2\xadV\xff\xd5\xb5j\x9e\x00\x14=\xb8\x11\xa9e\xaa\xc2=\x12\xc4\x0fX}\x93\x91\xb1P;f\r\n^\xaa\xc1\x9dq<\x1fv^\xa8\xed\x90\x97\x0c\xb0\x12p\xb8@"\x04\xc0\xa6'
    b'\xb4\x0c<e\xb4 \t\xc6\xbfKjr\x88\xec\x8a\x93\x8f\x002W\x17\x85\x96i6\xf5\x1ft\xea\xf6\x1e>\x08\x8d\x03C\x7f\xd9\xeb\xce\xc7\xd9iv:\xae>\x18\xf5/\xf8y\xd4lRa!\xdeMN\xcap\xf3\xe4'
    b'V\xba\xc6\xd1\xed\\\x8aW\x86e\x94Q\x8f^\t\xfcZ\xba\x10\xb1(\x931\\+,\x05\x04\xbce\xa99\x10\x8a\xe9\x82\x89\x8bEgS\xd1$$\xfa\x16U\x07j>&$\xceTGS\x85\x0c\xad&\xb3\x03o)'
    b"^\x94\x87gL\x87\xac\t\xcd\xa0!Y\x9eO@w\x0b$'\x1a\x8b\x89\x90\xbd\x10n\xfdh\xce,X\xe3\xf2\x00\xbf\xc7\xf1\x1e7\x7f\xd9\xc8\xd2\xba\x84!jY\x84^\x81\xec\x8c\x84_ W\x93\xe8\x94\x04\xe0j2"
    b"\xb3\xdc\xc4@H2\x05\t!z$\x95\x98\x19\xaa\x8b\xc3\xb0\x9f\x8e\xbd\xf43\x1b\xbf\x08\r\x99\x15W\xd4\x92\xd7z\xed4}:\t\xdf\x17\xab\xe6\xb9\x8c0\x05/8\xbb\xb5\x80:d\xcd9\xf6\x99<\x1d_\xaa\x84'"
    b'W\xd6\xf1aM_\x87g\x9ee\xd5\\FxL\xeeqw\xef\x9ap\xcc\x08$\xae\xbdIVq\x94\xa1\xe94\xbe\x12M\xfb,\x99M\xbd\x93D\xad\x99\xdc\xf8\x96K\x96\xb1P-\x1bT\xd3\xe9\xab\xfc(\xa6z\x01\xcb'
    b'\xfdm\xd6\xcde\xc3\xb0\xbaa\x7f\x9e\xf4\xea\x9fM\xea\xb6\x15\xa7\xa1\xfd t[\xd0e\xf1\x1f\xa8\xb7*\xcb\x971\xa2\xee\x8eR\xe6\x95\xcd\xc6V\xa5\xf2\xca\xb6\xadU\xb2Q\xbf\xcd\xc2\x18U\xfa\xaf\xec\xc1;\xf8\xe1\xac'
    b"\xa8\xbfz\xe4\x93eW5s'\xddh-J\xa6\xf9\xa98(\xb1\xa7+\xda6pp@\xd1 \xe1\xf9\x93n\xbf-\xf6\xf1\x15\xd3#\xeb_\xd7\xb9\xf2\xad\xdcf\xdb\xd9f\xba\xac[C\x18(\x80_\xb4:\xd5\xaf\xf7"
    b'\x86`\xc8\xc3\xd8rH-\xe6 \x0b%\xa0\xbd\xd5\x9d^\x92\x15\xc9&\xdc\xa6G\xc8@Y\xe8\x0b\x8d\x0c\x8d\xef\x9e\xbey\xf7\xfe\xe5\xeb\xd7?\xbc\xddezT\x91\x8c\xbf\xaa!\xbc\xac(6\x8a\xec+\xdb\xf3\xb0!_'
    b'EI8\r\xd9{\x93\xb7\x8e\xa0\xe1\x1f\xd8i\x04O(2\xfc\xe5\xe78\x0e\xa3\x8d\xef\xc3-\xd0\x9bT/%U\x11\xa9\xf3\xdc\xa9\x13\xc0@{\x96\xf0 \x1c\x8ce\xa9\\a\xaf;\x9e\xfc.G\x19\xe5$\x7f\xd8+'
    b'\x01\xb1\xef\xe2\ta\xba\xc2\x87\xc26V\x8f\xa3\xae\xe09\x13\xbe\xcb\xe6\xcdl\xc3]\xbbJ\x92\xc8u(YK\xaf\xfd\xfc!\xf3\x1c\xf8\xcf\xe3I\xd7&9~*\xcb\xe8PN\xa7\xad\x863\xa7Lp2JM\xa7`'
    b"-\\\xd1;\x84\x8e'B\xc7.\x16\xa7\xa7A\x0e\xf8\xfex2\x1d\xf7P;\xbeeg\x840\xbb\xe7B\x8f\xa3`ci0Pv$U,8@VN\xd2N\xe9j\xb6\x92\xa9\x0f\xe5\xc5\xa8\xa3\xeb\x8dy?\xe1\xc4"
    b'\x1f\x08e!8w\x9c\xab\xcb\x08\x11\xca\xc5\xf5]?4\x9f\x1b\x97\xb5\xe0\xda5\xa2\xed;[#<\xe9\xc6Wyz\xb8\xb4; \x9c\xbf\xd2\x8d\xb1\xdd\xd6\x1b%\x12\xf6j9Y2`\xd7\xef\xaf\xf47\x00\xe64f'
    b'ji\xa2\xec\x8a\x90\xa0+\xec\xf1a\xce\x82\x88\xf7{\xe9\xf8\xe5q\xb1\xf8\x90\xfa7\x9fQ\xa6\xcbL\x0b~\xf3\x81\t\xde1\xd1\x1aJ<Y\x12]\xf7\x9c\xa1\xd1/D[\xb3\x16\x1d\xa4Q\xc9JE\xd9C\x97\x17\xe9'
    b"\x10\xc0w)\tLT5\xd5\x8b\xb0\xc4\x8dI=-\x88\x86\xfb2\x8c\xaag*W7\xbd\xb7\xc3\xf2\r;\xff1?\xa3$pp<\x87?\x11\xd1t\xf9\xb1nM'\x83\x9a5\x90\x99Zr+\xa6\xc7zjI\xcb"
    b"\x8a\x99 \xa8\xc0*\x97\xb0M+\xe8\xc7'UD\xfcd\x8c.1\xd6\xc85\xc6\x85\xcb\xa2\x9fL|\x11\xfa\xb3-.\xff\xe7\x13\x8d\x10\x97\x0eHN\xae\x8ew\x1dX\xa4\x0c\x8f\x89`6\xd7+\xc5$I\xbc\x14\x92\x0e"
    b'\xf1/3\xfe\x9b\xf5\x89\x0f\xb3\x1c\x1ez\x04\xb3\xccb\xf5$*\x0e\x93T\x12\xad\xe5pu\r_QM.\x96z\xec#\xad\x8a\xe5\xba,q\x93u5\x9f\xf1\x156sg\xde\x0bC\xcar\xb0\x8cLk\xd1\xcc;"'
    b'"\x08\x04M\xa4\nJ*rtz\xd8\xf9U\x9ct\xe0\xc6F\xc9\x86\x03\xc4V\t\xebLx\xa7\xc3\x92\x96\xe8}\xc9r\xc1\xac\x81|\x83\xd3#\x8aE\xf3l1\x11E\x154\'\x92\x86\x810D\x1d\xe48\x99:\xef'
    b"\xb6\x0c\xd2/M$P2\xff=\xf4+[x\x0f\n\xb4\xda\xb9\xd5aJ*\xc6a^\xb4\xcdF\xea\xf0\xdc\xf58{\xb8\xbd\x1c\x13\xa6\x95:|F\xc8\xc2'\xad\xb8!y\x1a.zK\x8f\xfb~\xe4z\xfc>\x13\x92"
    b'\xb9\xddu\xa3\r\x9by/\x99\xf4\xa4\x02\x90@\xbc\xed\xbb\xad\x83u\xa0f\xdfa\x97z\xd1\xd3\x8ahM\x8dv9M\xe3\xd7\xb1\x88\x15u\xecV\x9a!\xb0\xc2\xd51b\x1f\xc2&\xd7\xe3[,}\xe4\x11H)\xae&'
    b'\xefh\x1c\x98\xce\xc5Olb\x12\xad{T\x1c\x90\xf8\xe5\xa7h\xa6\xf0\x96\x1a\x19\xbc_\xfa<\x8b\x11\x05c\x19DxdV\x823\xbb\x85A\xd1\x88,-\x87\x86\xe4\xec\x89\xc3\x91RP\x19\xbb(u4\xbf\xa2\xaa\x1a'
    b'D!\x01d\xd8\xf92F\n\x88.\xc5\x8e\x8c\x06~\x12C?>\xfc\xca\x9e\xf6]`\xa8=\x8c\x88\x92\xa23\\\x99\xb9\x96DA\xd8\x0b(\xfdr\x16\xa2\xdb\x8d\xcd,\x8b\xfdj\x1d\x1e\x05\xe5r\x1e\x855%A\xae'
    b'}\xc5_\x93x\x9d\xf0/\x1b\xb7\xba\x8dq\xfb\xda\xc3(\xb1\xa4r\x89<\xf1\xf1P\xa3\xc6\t\xb7F?\xe7\xe0:\xd7\x9f+8\x1f\x85%\n\xdd9\xa3\xf9\xc5\xb0\x89\x86\xa6\xb0\xaa\x8e\x8bS\x89\x90\xabp\x08\x8a\xa9\xb4'
    b'k\x80\xc2\x89\xe2\xa2Dq\x11\xd1\xcc%,\xefP\x9d\x93c\xf6R\xe4\xf5\x96\xbdu0-\xe9 \xecpV\xa5\xe9\xc9\x92\x14\x1b\xc1\xa6\xfb\x84\xe9\xb7\xa6\xaby\xb4H\xe0\x1cP\xa3\x8em\ra{"\xf1\x1b\xff<\x9b'
    b"\x94\xc0y\x1a/\xe6\xa7\xb2\xcf3\xdf\x1f\x9b\xb7'\xabb\xd6\xa3\x81\xcdV\x91\xa7x\x8d\xed\xc4\x82\xf9~\x92\xbaH\x05\xd5\xba\x9f\xf8:m(\xb9\xf4\xd6\xf8\x12\x0b\xe6_\xd2m\xc8\xcf@\x14A~\xdd^\xdf\xac\xec\xbb"
    b'\x96\xaf\x96\x19\x1b\xdb\x94Kb\xb0w\xf2R\x81}\xfbU\xc6\x98\x7f\xa5\x93\x18\xfel\x8b\xfewZ2nz4\xa1\xf7E\xeb\xbda\x84\xa0.\xd9Syn\xdfu\x9a7\x11N\xa3\x18\xab\xd5\x9d\x1c\xeb\x00\x86\xc2\xb7\x93'
    b'\xf4V\x13W\xc1\xcd*\xd5\xecn\xfb"\x89\x8d\xf7\x16\xd6L\xcc8?\xbe\x08\xd2I\xdb\xb0Ez\x93\x95\xc9\x04\xbfP\xdd9/\xc8&\xf1\x05X\x85\xef\x8e\x16\xf3\xb3S!\xff\x17\xbd\x0c\xca@\xd9!c\x98\xf5\x18\xea'
    b'\t\xb4\x8bd\xc0\xacc39\xd4%\x1d\xef\xccw\x0f\x8f+z\xf6Py\x9f\xd8\x89\xb8S<\x87\xf3\xe2\xf5\xeb\x7f\x7f\xdb\xd4\t\xe9\x16\x89\x9c\x0b\x96H\x00\xd3\xc2\x86\x98T\xdf\xf1\xd3R\xaa\x99\xc7\x93\xfe\x13X7\xbb'
    b"\xd6\x92\x9c{\xa5\xa6\xd3{5D\xfb\xde.\xd4\x8cD'\x86\xa9\xbd\xe5\xb13\xb8\xe3\x99\xc8\xdb\xcd\xef\xe0y\xe0\xa1r9?\xb3\xe8O\xbc5\x7fR\xb3\xe4;;\xbe\x19\xf0\x89\xcb\xc7\xcda\xba!g\xc5w\xfa\x055"
    b'\xe6{\x85@\x90!.\xa6\xe5\x107\xf5\xd1B\x93uzs\xfe\x135m\x9b\x91=\x1a\xa5\xd5\xd8\x8eO\x9f\xa8\xa0o\xe6\xed\xce\xc8\x8c\xf6\x97\xfd\x1bN\x9c5\xbb|\xdd\xb9\xa6f\x0cf\xb6M\xd9d\xb4p\x05J\xbb'
    b'\xd0\x14\xb6\xb3<\xc3\x01u\xaa\x06\x91\xdaY+\x8d\x87p;\xb87\xcf\x05c#\xf3l\xb9\x9a\x15\x10\xa3\xe4jF \xdd\x94\xeb\xd1S2\xea\x19=\xe5\xa3\xae\xd7L\xe51,<\xab\x8eR\xc4g\xaf\xcf,N\xea\x86'
    b'C\xe8k\xa3\xb8\xc9k1B\xbe\xb8Y\x95\xceWKf=\x93yMY\xa2\xe7\xb3\x19\r\xb1\x82D(\xe0\xb5\x08\x03d\xe6\xb3h\xbe\x1bZ\xbb\xcfcV\x1d\xdc\x90\x83f(\x80\x06O\x17\x0b\x04\x04\x01\x02\x05\xf6R'
    b'IfXM\x96\x92\x0f#\x90\xee\xb3\x13\x90\x1fk\xd5\xe1\xaa\x03\x95\xa4\x9cp\xed\xc9&\x0b\x84\x8a\xfa\t\xa7\xbc\xf0\x91>G\xcfP\xe8@m\xda\xd21\xb4\xc9\x95\xc9\xf8\t\xbfz\xd1\x0e\x1a\x93ZeT\x94U\xe2{'
    b'\xb7\x121x\xd0Qi\xe7l\xdd\x0c\n\xf4\xb7\xd8Z\xaa.e\xd1\xf3t\xcf\x06<\xe9\xd2>[\x1cJJAt0_\xccdM\xf0<\xf0\xf8\x89b\xd5\xf7"\x95\xab5\xce1\\\x9c2\n\x85\xfdR\x1e\x12\xfaW'
    b'\xc8\xcaN\xff\xda\xaa\xdb\xea\xe5\xde=]\xd5\x86\xc8\xd7F-9\x82\xba\xec\xba(o\xf1WG\xdd\xa2\xfd\xc5[K\xc8Zk\xc4E\x05\xc3Q\x92\x04/\xc8(\xbf\x04V\xad\\,/z\xdd;w\xf8\x89\x98|\xea\xfd'
    b'\xf3W\xff^\xcbA\x14\x179\xe6e\x970Ga)\x8f\xc4\xd5br\xa8x\xc3\x1a\xc4\x86\x9d\x1e\xf3\x9fh,o\x96\xdb\x98\xaa\x96\xd4\xb0\nB\xff<++\x89\xfb.5\xe11\xd1vJ\xc1\xf6I\xf9\x05N\x08\xc6'
    b"\x13\xd3\xb9\x9bY/\xac\xe8\xeb\xc3\x94\x03J\xb0p\xb2'j\xeck\xd8\xe80=\xf3\x19\xcd\xd7%\xddOj\xaaE\x8a\x05A\xb2\x8a'i@\xaf\x02\\\xbc-M\x88\xf6\xf2\xfa&\xa8\xbbIm\\\xc6\xedh\xecO3"
    b'\x07.\xdc\x90\xa2+q\x9bI\xcai"3)\x08;wO|\x001\x0b\xca\xa0F\xdd\xefe\xdf\xb1\x7f2\x94\xd5:Vo\x01\xa1;\xbd\xcdA\xb2\xddwlPT\x92\xfeB\x97/\xd2=GW\xd6\xb0AL\xba\x8e'
    b'\xadhU\x92g\xfe\xcd\xab\x9a\xd9\xb7fP\xaev\x7f\xd5\xf2\x90\xb5\x7f\x0e\xf5\xf4\xd5a2\x16\xb8N\x90\x02fUl{)\xc6X]\x16\x91t\x94\xb4&\xa9\xab\xab\x1a ,\xe5\xf6@^\x8c\xdc\xfc\x17)s\xd9\xe1'
    b"\nV\xee\x90HD\xc52\xe7\xb1\x84\xb2\x86\xea\x8c'\xc4\xf27<\x07\xcb\xfb\xe5\xc6\xf8\x9b\xeeefQia\x9103&\x7f\x82\xf3\xd9*\xb6\xc6\xf7\xc8\xf9\x08\xbb\xe4O\x95oc\xfe\xf1\xedq1\xa6\x15T\xc0\x94"
    b'\xe9\xb0\xde\xd9\x18n<p,Ww2\x83\x0ee\x83\xff\xb7y\xfa\xb1\xb38\xda/z\x1b\x03\xfc\xdf\x10.}xN\xda|\x0f1z\xb1\xa1[\x9dG\xfd\xe1r\xfe\xe3\xe4c\xd8\xf7\x9b9\x05\xeeZ3[\x0f\x1e\x0c'
    b'\xb66\xbf\x1el>\xdc\x18\xa8\xf1\xact~\x86\x0fR\x0b[\xea\xae\xe7y\xb8\xab{\x96\xb3v\x89\xb7K\x10\x1a7c4M\xc6\xbc\r=r\xb2\x99\xc6+\x01T\x01\xb1\xb5\xf4\xd1\n\x98\x89<\xdd"\xb0O\x12\xbc\x81'
    b'\xdc\xdf\x96\x119\x05\x0f\xa70\xa1\x91\xea\xeb\x0b\x88 \x07\xa5\xb9\x08\xe1\x82SE\x01ZM\x10\x16\xc2\x99`\xbf\x16\x8b\x8a\x14\xb8\x06v\xe0\x88o-\xc0\xd3\xb1\x0f\x91\xbb4\x06\xe3\xda\xbb]\x8eQv\x1b\x87V\xf9\xd4'
    b'e%JWhLF\xd4\xf5\xf53y\x10\xacU\xcc\x1f\x18\xf3.Z\xb4\x8d\xf7pg\xe5<k"\xf1&\xd4\xcd(\\c1%b\xc5y\x95Ia8\x97\x0b\xb6J\x93\x14c\xff\x19+\x85V\xe1\x82VI\xaf\x11'
    b'z%\xba\xf0;\xf49\x98\x95\xfa6\xe5*f\x08\xd9r\x82\xd0?q-J \x03/\x9e\xfdPY\xd6[yR\x95\xa7\xc5"L\xaab\xdd\t\xfa\x04\xd7r\\\x9c2\x1fv\x0eV\xe7\x08\xf3l>6\xca\x9c\x12\xdd'
    b'0\xcd\rC\x91\xd3\xcc\xc5\xc0\xfd|\x1d4%\x8bg\x1bHG\xd0\xee\x90\xd3W\xec\xf3>3O<\xbeh\xba\x8f\xa1(\xfd\nV\xb9Wv\x1a\xfe\xa5ve\x89\xc7\xe2\xb8X\x16\xef\x16AD>\x0c\x07K\xa2p\x9e'
    b'\xaa\xef]\xd8It\xdc\\Y<\x9c\xee\x1f\xc2\xef^\x17\xd7\xc3\xddp\x14&\xe0\x8bj\xb7\x83\x926\xf6\x9f\xbb\x14\x9d\xc7Hz]9~\xe3\xaeS>\\1\xcc\xb0?[\xbc\xe4:+\xfcgk\xe0?\xe6e\xf8\x0b'
    b"0\x0e!\x0eR\x03\xa8Y>\x05\xda\xea\xb8\x98\x1e\x0eLq\x87~q\x83Q7\x1d\xb3\xa3'{\x97\xa8\xa9\x91\x04\xbd\xb8\x90\xa6!z2\xb6\x82\x8e0\x9a\xed5\xf9\x18f\xb9\x90\xd1^\xbeJI\xa2\xe4\x14\\\xe1\x91"
    b'\x9a\xd2\xb6e.\xa7\x8f\xa3\xcbi8\xf5\xd1\xe3\xb4s\xb7\xb3e\xc6\x84+\xe6\x16\x08\xd4\xabw\x90\xea\xab\xfc4\x87\x0b\x11\xce\x92Ho\xd5\xcb\xde\x04\xf6\xa6\xac\xb9\xf3H?\xe1,\x1f\xfe\xfd\xa1<,\xce\xa6q(m'
    b'\xdbB\xede\xdd\xf6"\xe1\x16\x08\x1c}\xaf\xcb9\xec\x0e\xb2\xb9\\o#\x91\xd7\xaco\xa5\xfag\x16tZN\x9d\x19t\xf4\x8b1\x1c|\xe5\x17\xe6\xa7\xab\xa7\xf2\x13\xe6\xe2\x8a\x1e|\x89U1\xd7\xf3\tOzVz'
    b'\xfb\x9as\x85~\xf1\x1b\n\x15\xa9\xcd\x08P$H/\xfb9\xca\x96\xc6\x87GE1\xacz9\xff\x1dt\xae\x17\xfa\xd6\xa0|1\x96"O\x95\x00]"->`\xae\xf6/bz\xb2I\xd5f\x8d\x16\x87\xb7\x88c\x04'
    b"\xd8,\x00\x18\xed_\xdc\xb0\xec\x03\x17*\x81#\xe3\x96z.HW\x02eCx\xa5\x94\x08\xff{\xc5\x9a')\xa8\xb1\xad\xf6!\xe7\xfe(1\xfa=\xe6+KrP\xff\xba&\xdbwj[\x93Q.\xaa\xe50\xa6H"
    b'I\x82\xb7_*\xee\xe0\\\x145\x1a\xc29!:Y"pK\x81\x9a\xa2\x15M\x98\x9b\x89\xbb\xb3\x9d\xb6\x14\xef\xb8\t\xb0\x1b\xdc%\xc8 \x84\x9d\x1c\xdf\xc6\xc0q\xf0R\x90\xdb\x01\xb5\xb8\xbbA]\xd5\xea\x92\x00(\x0c'
    b'\x1c\x0c\xff\x96\x1e>\xe9l\x86[sC\xe0q\xf8\xa9\x94i\xcfB\xeb\x8a+\xf2\xd4\x93>\x17\xcb\xe8\xb1Q\x8e\x8f\xc4_q\x92\xf2\xb6*\xbe\x03\xb4\xdatZ&_\xc7\xf9\x10\xc9]\x11\x1b%fn>\xd3$C\xc2'
    b'\xaf\x99ov\x92\xbb\xa5\x0b\xe4;\xcfc"Uf\xf1\x83\x1b\xa7\xc0\x03V\x9d\xdf\'\xd5\x04\xbb^\x17\xa5\x98]$\x00\xddEYU\xe58\xcb\x02M\xa1\x98\xec\x85\xf9\xc6\xa9 \xef%\xf6\xa6\xa4\x83\xadf\x84h\x05U'
    b'\xfd\xc0+<\xb3T\xb0d`\x94\xc2\xf6|\xc5\x06j\x0f\xaek\xa5Ek\xbb_,F\xa2\xe0\x80\xc7\xdai\xb2Z\x0f4\xdeE\xb5r\x98\xe7O\xc0"\xca\x11\x04\xa0\xbdB\xf3 \x07Eu\xcc\xe0\xc5\x81\xf3\xa9!\xbc'
    b'\x1e\x1du]\x16\xceP\xb0nnS\xf7\xcc\xb8\xc3\xd7\x80l0,m\xe9\xc8\xaf\xa1\xd1z\xdc\x1c?\xf0\xd5W\xd1%\xe0\xab,\xa0\xbd\x8e\xee\x055\xf4w\xc5\xe2/SCW\x81\xe5\x87Mg-\x1b\xa2\x96\xad\x99\x11'
    b'\xf5iwE\xe8\xce\xaa\xd6\x10}\x935\x84\xa8\x9d\xa8\x98\xbe>\x90\xd3\x0b\xeek\xb8@\xee\x9f-\x97\xf3\xe8\x04I\x9bF>\x8c\xf2`\x85\x1a\xd3#\x82\xe2\xc5\xb2\xe9D\xea\x1a\x15\t\xfep\xca\xb0\xbe\x06h\x03|\x9f'
    b'7;\x1b\xdd\xed+|I\x1a{J[6=\xd7\no\x92\xd0)\xf5xC\x9f\xa0\xf0\xed\xaa\x06\xac\xd5\x19{\x85\x81yhZ4\xc5z_7HV3\xfe\x1d\xaf\xe9\x84\x8a\xa25=2\xbc\xcb\xd5\x17w\x85\x1bn'
    b'\xf2\xa0\xedK\x03-\x1a\x97+\x8e\xb1\x9bJ/\xf3\xa2F\xdf\x8d\x96\xea\x84\xf5F\x81\xa2\xb5]\x14\x9et\xdd\xcbI\xb8}\x16?\xbf{\xf9\x821\x9e\x1aP\x1b\xcd\xd6N\xa5([\xe3\xdb\xf2\xe41f\xa1\xb9o\xda\x1d'
    b'@\xbb\xdf\xdeE\x8d\x15#C\x0f\x1cf\xff\xafjX\x99T\x99\x9b\xcf>#\r\x07\xe2\x99\xc8k\xbf\xdd4B?)\xc9 \xbb\xde\xecH\xe1\x9a+\xb6\x80 \xfd\x99\x0c#\xdal\xa6\xb68[\xfe\x02\x15\x8b\xba\x9d\r'
    b'Z\x80I\xb2\xe41\xb9Os}\xda\xe4\x036q|}\xb5~\x17\xbbR\xf5\x1e\xf5h\x86\x86\xf3\xfb\n\xc5/\x88a\x8bGv\x8e\t\xb1\nx8\xd3^\x92\xafY\xcb0\xd4a\xd9|}\xf0\xa4\x9b\xbd6\xaa\xd3\x95'
    b"\x18\xbd9y/\xd9E\xb2m\x16\xd1\xc1E\xe0w\xa6\xf3\xf3\xbc\x05\xd5\xf3\x93\x15\xddY%\x1d]'!\xad\x88Ah\xc2Y\xa95$\xb0N\x13 g;\xb7\xdb\x9ag\x91\xca\x0c\xe29\x87]\x1dS\x14D\xd8\xfa\xb6"
    b'\xc5\x8b\xdf\xc35\x87\xc4\x93%\xd8\xe3eb\x071?\x89\xe9S\xa8\xd3\xf0\x1aX\xab\x95K\xeb\xb3O\x03\xbd\x01hi\xc3bm[\xc6\x02\x02\x11d\xe2Mtz+\xc8\x89E\r(\xd2A\x84\xc9-D!\xa1\xd9\xac'
    b'c\xac\xa0S\x92\xb3\x19\xc9\xf1\xcb\x8e\x8c:\xcaW\x1c\x17\xe3Q\xdb\xfe\xbaL\xc3N\x9b%\xc9\xeb\xfa\x91\xb4\xa3.\x9d\xfd\xeb\x9d\xc9\x13\x12\xca<\x175\x9f\xf1\xdar\xff\x182\x12\xc1i\xc58;C\x18\xe0X\x0c\x92'
    b"'\x02\xb0\x1e\x1d\r$\x06y~\xba\xf6=\xdfa\xf1|\x8fSL\xcf^\xd7\x98\xa3\xdf\xce66\xc6_\xd7\x8a\xd81P\x08c\xd9\xfe\x82\xd0\x89P2\x1b)hf\x84\xcf\xc8\x9b\xb8\xee\x1c\xe8\xfe\xaf\x96\xf3S\xd8\x1c"
    b'\x8b s\x84\xf7=o6\xd3v\x9a\xc4h\xc5Yj\xb6\x15\x0b8\xa8~\xb7\xbb/\xb3\x93\xeb)\x12>\x1d\x8b\xd5\xc9\x15J7\xd0\x8d#\xbb\xe8K"\x18\xbb\xd5\xdbL\x0b73o8\xcaNI\xd0\x00\'R\x1a0'
    b'\xde\xda\xb3\xc9\xe9\xf5\xa61\x94j\\H\xdd\xf8F\xf8\t\r\xb1\xeeir\x8f;\x1d\x85\xe7\xd8D@7a@\xea\xe0?\xae\xb2\xa8\xde\xa0?\x05\x86\xc5\xe6\xe9\xc7\x81X`\x1e<\xd0\xcaR\xad\x9f\xea\x99\xb6A\xf9\x8e'
    b'\xa4Cui\xc6\xd1\x91=a\x11\xfe\xb52\xee\xaf\xb3\xba\xae\xe4\x10\x8f\x9f\x8c\x9b\xd9\x8b\\\xe8f\xa3C\t\x81\x02\x1f\xc6X@\xa1\xdcd^\xbb\x19\xaf\xdc\x88\x8d\xc4*1z\xc4\xe4\xa8\xd9\xe44\x93!\xcdB\x11\x91'
    b"e\x85v\xfb$\n\x9d\xcf\xc6\xd1y\x03\xf7'\xcc\xcb\xb7\xa7A\xde\xef\x8cwn\xbe\xbc\xd7y\xd4\xf9ys\xeb\xe6\xdd\xc7\xe9\xd9\xa3\xe1\x83\xce\xfd\xf0\xdf\x17\x9b[\xe1\xed\x0b\xfc\xdc\xdc\x1c>\x08e\xba\x02\x93\xf0\xe2\xd9"
    b'\x8f\xb5f6\xd9\xce\xfd\xac\x99\xaf\xad\x99\xfbh\xe5\xeb\xac\x15\x9f&(H"\xd1\x1df \xc6[\xc2\xe2\x8e\'\x0b!\xd6\xa3\x94RN\xcd)\xe6"\xa3\xd3\x12\xe3G\xb0zhz\xbf\x8cy\x84\xca\x0cf\xcd\\a%'
    b"m!5(D'\x10\xbc\xf1\xca\xbb&(pf\xe7\xf92*D\x04[<]q\x96mY\xb9LI\xba\x1ca\xf0sl\xd0AJ\xc6\x0c5y\x0c\x82\xa0\xfa\x85\xc8\xf6U\x1e\x06\x11mUblqxp\xe6d"
    b'\xf9l<\tG?\xbc\xfe\xa5\x98\x95\xd3n\xbf\x15\xfe\x9a\xbe\xa3\xd9S\xf9X\xf4\xc8\x9f\xcd\x9fB\x0f\xd4K\xe0+\xc5\x95,\xb0\xbf\x80P\xb4Fod:1t\xaa\x97\x92 .\xc7_\xc6qC\r\xbc\xec\x8aCX'
    b'Mx\xb0\x12D\xcb\xf5\xad-\xa1\xd8a\x83h\x91\x83\xb3\xe6U\xdb\\MP\xbb\x1b{\x1d\xbd*B\xbf\xe2\xc3@\x16\x9e.\x97\x8bI\x18#\xf4\xf0\x8bIq\x87\xa0~\xb0\xfd\x88\xb0\xa1\x05\xbd\xdc\xd3\xfd\xb6\xfa\xfd\xa8'
    b'\x03\xb8\x9c\xef\xe6\x1fwn\xd2$\xfc0\xfc\xffMa\xd3wn\x86\xe3\x15\x98$|^\xfe>\x9cL\xa7;7\x11Bps\x15\xb1\xeb\x86;v\xfe\xa1\xdc\xb9yp\xb6\x806\n\x81e\x8b\x9b\x1dyz\xc7\xda\x1d~'
    b'\x1d\x1fA\x1b|P\x9c\xee\xdc\xa4\xa0x]\xbb,\x8ek\xdd\xcaS*\xeb9\x07\xe1\x97\xaf_\xbd~\xff\xe3\xf37o\xdf\x85u\xe2y\x1f\t\xf9\xe0\xfc~{7\x0c\xf9q\x9a\xcc?G%\x19\x05\xaf\xfb\xdbr<('
    b"<-\xc1\x08\x05\x03>\x82\x80{\xfa\x89\xaf7='qZ\x0b\x91\x98\x8d\xd1\xfc\xd38dq`\xff5\x9f\x9f<\x9d\x8d\x91\x06\xb9\xea\x85O\xd5\x94VbR_G\x82d\xc9\xba#\xb9pn\xa1\xd9\x9c{85\xe7"
    b"\x92\xfa\x9bI`(\xbf\xe3\x89\xec}\xf7\xf4\xfb\x7f\x0f7\xd8?f\xe3y\xd8\xaf\xb5T\xdf\xd7dS\xaa9'\xf9\xe4\xe1\x11a\xf1\x8aO\xbf~\x15>\xfc\xa6L\x1f\xce\xb2d\x7f\xf2\xb75\xf1\xb6~\xf9R./\x0c"
    b"/\xbft\x1e\xda\x05\xb3\x15\xfe'\\1\x0f\xdd\x15\x93o\x7fWI\xca\xfe\xfcM\xf8\xe7\xe9\xfd\xce}\xf1\xe0\xe8\xe0\xe7\xa6\xbb\xe1^\xbf\xca?\xf5M\xbc\x12\xef\xc9\xb7\xbeY\xf1\xad\xecN\x94O=\xf4\x9f\xda\xe8<t"
    b'\x9fr\xc8Yi2!>\xd3\xb7\x1e$g\x80\xe8\xbb\x01\xe1a\x9c%\xe2\xcfPh\x9e\x8b/E\x07\xc7\x93\n6-\x9aE\x0e\x0f\xd7&\x8f_\x87\xffO\xe4\xf1\x81#\x8f\x0f\xbe$y|\xf0E\xc9\xa3\xae\xcb\xd5\xf4'
    b'\x0f\x0b\xd5F\x9fj*\xef\xef%\xcf\xc9\x9fR{\x1b~\x93\xd7\xc9\xacR\x85\xe3y\xb6\x0b\x8e\x83`\r\xf6ti\xb1\xde\x9f\xa4\x1al*\x06\xa1\x0c\xe8\xc6W\xb5.|O\xd8\xf8p\x1dc\x1a\xdb\xb4<+\x18\xfe\xde'
    b"\xca\xdcITQ\xab\x1c*\x9a\xd4$\x94\xb6\xcb_\xb6m\xa36%\x90\xef$\xd12\xe7\x90\xb8r\x1f\xa5('MF\x03+\x99\x9a\xbc\x84\xc9T\xa4%\xf5\xc6\xaf,jZZ\xffP\xa2eS\x03\xcc\xc5\xfa\xe6\x9a\x82"
    b'\xf9\xad\x88\xf1\xd2\x86\xb7\x83vc,\xf5qQE\xc5\xa4\xd7\xa1g\x97\xb2\x8bf\x1eX3\xb5"x\x17\x8a\xa0d=\xd7\x99T\xc8\x13]=\xb1f\x14\xc3\xd86\x990\xbc\x98\xf7\x9eV\x0f\x7fZ\xb4\x03\xfe\r\xebk'
    b'\xf0\xcc\xf8\xb3\xdf\xcf/\xc9\xb0\x16\x03\xb57d\x8159\xae]\xe0\x94O\xc1\xc7J\xc2\xa8S\xe2\x14\tTo1\x1eK&\x1f\xb3rR\xe4Kj/\x18\x16\x07\x19\xe8.\xfd\xd7\xd0X8\xb4\xe5\xb9`\xd1\xf1c\xec'
    b'\x90\xc6\x124\xce$K4\x8e\xa4\x7fIF\xdb\x97 \nAj\xb9\xcd\x9a\x13\x9e\xdb\xbd\x96\xd5lIus\xc5\x87\xfeR\xea\xb0~\xf0\xf2*|\x15\x9aG\x16\xc5Zn}(W\x13\x1a8\xe6\xd8\x95\xf3\xe3\xf9Z\xed'
    b'\x1c\xcf\xeb4h\x9e\x82F\xae7;\xa1~~Q\xed\x93\xce_g9\x92\x0b`\xff\xf1\n\xc3S\x9bQ\xac\xb7\x1a\xdd\\\xe5\x12\xd20\x15p\xda\xcd!]\xd5\xb4\xaco\x1d\x8b\x93\x9d\x99\x83\x8e\xe7y\xd0\xe3\xd5\x96\xaf'
    b'd\x91J\x96\xc8\xe5\xd9L4\xafk(\xe1\xa5l-\xd0\x97\xcf\xbaY\x81\xdc\x1bz_Q\xaf\x19\xe56\x9fN\x18W\xf1]\x04\xeb\xe6\x18\xdf\x9e\x96p\xb0\xeb\xafl\x86.1\x8bZ#\x00\x0bbup\xd4\xb1v\x84'
    b'M\x96\x82I\xd1xm\xef\xd0^?\xea\rW\xf7B>\x9c[f\x1ak#\xd5#\x18L\xfd\x0eCyY;\x87\xc7\xa6\x9da\xba\x11\xbfH|s\xc5\x1a\t?\x17QP\xc2\x8f\x1ai`\x8b9\xf66JY\xe7\x92'
    b'\xd3\x86\x0c\xf0Cy\x91\xa1\xae@\x17r\x95\xc2r\x864,\xe6\xf5\x87\xc2\xc3\xe5\xc5\xa90\xa8\xf8\xd5\xf5oN&3KZ\x14\x1f\x15 \x83\x9b\xfe\x11(,Qc7\xb2\xc7\xbf\x17\xd33\x17lD\xaf"\xff\xde\xd4'
    b'\x81\x87\xa1\xa7\x15\xa3Lq\xdb\x19F\x8fzG)\xdf Y\xa9\xd5\xedQ\xaf\xfe \xcd\x96\xa2\xc59\x89I\xbd\x1c\xc04\x01\xf4:tw\xaa4,\x86\x97\xd6\xf1d6v\xbd\x98\xcf8#+,p\xabH\xf2\xae\x06'
    b'\\\xbe:\x13\xbbQ\x1a\xb0\xcb\xd3\x85[\xe5\x17\xc1\xf3\xadY\xe5\x0c\x83\x01\xd5|"\xc9w\x9e-\x1a\xe9\xa5[\x89n\xb8\xa8\xa2_\x1a\xac#\xc9\xef<\x1cz\xbc\xcf<\\\xd4\x87Y\x90\x0657\x0ex,\x97@R'
    b'\xb3\xfeQcS\xbf\x0b\xdf\xe2\xfb\x0eg\x9d[2\x0c\xf7\xbb\xd7O\xdf\xfc0\x94\x06\xdf\xc7}\xba+\x86 e\x88B\xd5\x11rG\x8c\xcb\xa7\x81r\x82\xdd\x1d\t\xd7\x8b\x9f\x14zF\xd2^\xca\x0f\x11X\xc4\xfc\xd9{'
    b'<\x92\x0c\x88\xd2\xb6 \xc3\xb8\xb6\xbf\xcb\xdb\xfe\xae\xde\xf6I\x84\x87\xf2\xad\xe3\xa9\xb4\xbd\xd7\xea\xff\xd1\xe2:\xbb\xea\xc2\xa7"[\xcc\xb9\xd1Q\x04\xc9+\xb8\xe1\x97\r\xac\xd5T\x8a^]\x06\xd6\xab\xd9E\x87\xd7\x85L'
    b'\x82\x91\x91\x8aY`\x15=\xb9#\x1a\x1d\x9c\x1a\x8b\x14\xac\xb0"\xd0 l#8\xb4\x14UK\x86F\x96\x96\x9d\xa2\x89\xd6b\xd8\xe3|n\xc9\xa6\x88\x00b!f\x812Vb\x83,\x8c]W\x0e<Q\xa49\xd3\xeb'
    b'\xca\xec\xdc\xb6\xac\xab\xe1\x00U\x12\xbfX\xf5\xb39\x92\x94\x11d\xcb%tP\xdc\xd6\xc8\xcf+\xd0\x8dj\xad\x89\x12:\x1d9\x9d\xaeF`B\x07\x193%S\x1bj-k\xbad\xede\x96F\xc5e\x84\xa0\xcfuI'
    b'WP\x08\x15\xea\x01X\x9e\x9c./b@h\xb8\x1d\xa8Yvq\xa1j1\xc0!\xe5\tU\xbb-}&\x8f\xca\xa5P(F\x1d\x08\xab"\x06\xfap\xd7\x88\x85\'\x88\xf4\x04\xed\xb2\xa92_\x15\x08\xe4J\x95Sa'
    b'\xf5\x03\xe2\xdc\xe6\xbe?\r\x89\x13\xbd\xea:?\x14J\xa0Wol\x14\xd1M\x85?[yW}\x95\x99\xf2\xf2;\xe7]\xa8\x05o>6\xc9\xd3\xd9\xcf\x82\xc5\xd6v\x87Y\xb1%\xe8`\xa9P\x1c:ga\x1f\x02\xc5'
    b'c`\xd1\xa5\x9c\x1f}(\x100\xb3\xe4C\x93\x8f\x8a\r\xdc\xb0\x10(\xdb\xad==\xd49\xd7\x08\x8e0\xf1\x8d\xe1\x17\xb3a\xa8i\xebF\x0cVZ5OQ&\xbeLH\xc5\xe2)P)\x16\xab\x84\x01X\xcaS\xec'
    b'\xf5\x05o\x86@\xe5\xc2\xe1\x8d\xd6\xef\x14\xcb\xe9R\x83KH.\xb2M(\x12\n\xe6L\xb6\xa2\x1e\x93F\x1c\xa8\xb7\x9a\x80\xecYN\x16\xf5\x0304\x91s\x88\x07h>\x17_\x1f\x0b\x87\xb0\x1b\xa9\xbc\x92\xe46\x1a\x9b'
    b'x\xbcU\xfb/\x94h\x1c\x08|\xb9q\x1cd\xf2V\xe2\xe6\x08\xa0M\xbf\xc5\x95\xf4l\xc6I\x86\xca44\xdct%\x05\xe2\xa8\xc6\xfd\x85\xa5\xf8b\t5\xe2$\x94\xd5AqZ\xfe\xbc<\x99\xf6\xb0\x053\x14\n<'
    b'\x88\xb6\xd1\xbb\xffv\xf7(\xcc\xe6\xbf\xc1\x7f\xde\x81\xf6\xdf\xfdV\x1eO\x97\xd9\xd3\xc7\xf2\xf4\x08O[`(\x00\x03\xebR\xc60\xbd\x07\xc2k\xc2\xf4\xba\x0eM-\x90T6%\xb3Cc5\xc5\xdc&\xa1mb\x14\x9c'
    b'\xe5\xce#\xd8(\x96\x8b\x93@\x1c\xe0J4\x89\xbd\x06RY\xc69i]\x02\x83Hz\xf5\x03r\xf1\xc0\x0fb&2\x96\x89A\xc8/\x13\x1aY<]\xf66D\x82\xeb\xeev\xa3\x1d\xad\xfb-h\x05\xe1Z\xab\x9d\x9b'
    b'\xd5\x1dvZ4\x872@\xd1\x1b\x862\x8f#Z\xe6\xdd\xff\xfc\xad\xba\xf5\xb7\xd6\xcc7\xf5\xe6\xc2\x9d\x82MuE\x83W\xe7\xdeiI\xd4\xcbV\xb63^^`\x9f+\xb7!\xe2\x96\xe0\xb3\xc0w\x07\xbe\xb6w\xb7\xbb'
    b'\xfb\x9f\xdd\xbd[\xdd\x7f\xfd\xf6\xf6\xf6\xbf~\xabn\xdf=\xea\x9bov\x0eP\xbc\x94L\xdc\xde\x81+\xec\x82\x05\xd3\xdc\x877\xd6\xdc\x7f\xf6v\xffs\xe7\xb7j\xefv\xbf\xb7\xd3\xef\ro\xf5\xff\xc7\xdd\x1c\xb6\x18\x95b'
    b"\xbf\xfd\xc6e\xfb\xb5\x9c\xb4\xf5\xa9\xc31\x93ys5\xd1\xe2\xee\xe6^\xdf\xcfb]\xee\xae7t\x1a\xc6u\xf3\xf1\xce\xba\xc5\xc9\x88\xb7\x7f\xf8^\xfea\x8b\x17U\xd4\xe6n\xdf'\xd2S\x7f\x8dF\xe6\xa3AT\xe6e"
    b'\x99\x8fbNA\xd1\xea\xa8\xcebG\xe0\xf1\xe3|\x87}\xd7\xef\x85\xd5\xf3\xb3\xedne\xab\xa7\x86Z\xd7}{\x13\xe7.\x1f\xb3(O\x1a\x83\x8e\xb5\xb6\xf6\x92v\xc3\xcd{\xday\xb1d\x98"\xb5\xf4z\xba\x80\xbc\x03'
    b'\xd6W\xcd\xac\xb5#\xf3p\xfd\xd8\x96\xc5\x04\x12\xb1Tk\x8eL\x9e\xaf\x18\x97\xbcl\x8cK\xeb\\;*-\xd7:&\xf6\xde\x87\x9er\rn\xb7P\x80@\xedn>\x1e\xb9\xf61\xa2\xec\xde0\x1b\xc5\x9d/\xfc\x1f\x93'
    b'\n\x1bjY\x83!1\x85\xfa\\\xd2\x16\x9c\x8fDJ\xa4\xe8\x08\x9a<!$IL\xadF\xa1Y\xc2i\xcf\x95\x81\xa5g\x85U\xc1\xf3\xca+zEx\x1c\x04\xb6 \xdc\xf4*GH\x1e\xece\xec\x16\xd8\xee\x1b\x96\xc7'
    b'\xe3\xdcT\xbd\x7f\xc8g\x99\xb2\xcf\xc2\xb7\x98\xf7\xd1cd\xda\xbc\x9d\x17\x93\xa5D[M\xf3\x8e\xaas\x87\xa0\xb1\x9c\x07n@\x86\xa9\xb7\x8e\x80$!\xcc\x92\x06\xa0\xd8\x87\x9f\xe1\x1a\x99\x92\x89D\xba(\x1e\xb2\xd1\x99\xc3'
    b"\x8az\x8d\xaa\xe5\x8d8'\xc3?\xd1P/$(\x06\x96\xf2\xc9\x99\xa0\xbbY\x17\x07\xfa\xb6\x18\x9b<u\x01\xe1\x1a\xf3\xc2\xde.Eu\xa1\xf9\x00\xa4\xf9}\xd8\xc9\x91\\\xa5\xb80\xa7\xd7R\x9d\xda\xb0\x8e\x90\x1d\x88\xc8"
    b'\x1e\xb9\\h\x102\xc0W\x19\xb0,!\xa2\xc4P\xe8\xfb\xf0\xa5\x93R\xbe@\xfd\xc8\xff9\x13\xb0\xd1$upN\x19F^\x00\x06\x90x\x8e\xa2\x02\x1ev\xde\xce\xd3\xb4\x07F\xb5\xb2yV\xff\xb9q\x8c\xba\xd61\x94'
    b"G\x05\xb1\xf2\xb4\xdf\xaa\x8e9)\x8b\x19\xc4\xa93Q\\\x98\xafha!G\x1d1\x91\nf\x0f\x81niRM\xfb\r\xdf\xac'B\xb1\x0c\x14\xfc\xd2\xff2\xa2\xa2\xee\x8e\xd9\xcb\xff0\x18p1\n\xc8\x06\xbc\xce6"
    b"\xa0\x16\x01\x87\x01\x111\x8f\xea\xf9v:\x02e\x12\x85\xf7\x06vez\x08\x88'\xd8e\xde0\x9f,t#\xee\xa5Y!\xcdp\xd3(\x80\xc8\x1c\xbc\x0c\xff^Q\xdbL@\x82\x8a]\xff8\x9e\xc9\xd7ko\xd98\x9e"
    b'I\xeb\xfaV\xd6\xf5;\x1cs\xb1\xca\x11^i\x96\xc0\x85a\x19\x19\x08\x16a\x84\xe4]\xce\xe7S\xe4\xaeXH@\xbd\xb9=G\xa0Pq\x8a\xbea\xb2w\x9e\x12\x08m\x00q^\xb2\xff\xc5\xee\xa9\xf2)\xf5\xf7\x1d>'
    b'\xc2\xe9\xe0_]g\xd3\xca\xadD2\x9fb\xd3p\x85n\xb4*\xe3\x089\xe1\xbe\xc5\xc5\x7f:\x9d\xf6\xa4F\xdaE\xdc\x9ckn"\xb5\xdbe\x1b\x96pO\xba\x99\x03\xaf\x96oX\xbe\xc4V\xee\xe7/\xde\xcd5\x7f\xcf'
    b'@\xde\xdaeC\x05\x0fe\xc5jY\x1c|H\xf6N\xd0\x14\xae\x8e\xe0\xe5\x9d\xd3\xd3N$C\xda\x87TG\xa3\x86F\xa8j\x00tRV\x96\x8f\xc4\x0c\xa5\x8c\\$x\xdeB\xaf\x9b\xe4\xff\x88\xef\xde\xac\x86\xb2I\x80'
    b'\x08\xdcQ\xa7\xe5R\xfd\x08b\x80"O\x04\xbac\xa9\xa1\x92\xb1W\x04\x05\x99\x8eh:T\x18\xadI$\x19\xb5T\x9cu\x85$o\xa3p&WJ\x7fz\xf2\xfa\x83\xd5\x02\xa2\x9d\x0f\x01\x19E\x8b-\x8bLC\xde\x1f'
    b'N\xf1r2\x99\xfd\\*\xfb\x17\x04|]u\xe1r\xc2\xa0i\xfb\xda\xb8\xb6A\x05\xe5\xb1\n1Q\x9d>\x1a\xf0\x83+\x02\xf6\x872\xd7N\x81\xf09}\xb7\x8f\xdf\x062Kw\x05t!\x8f\x83\xcb\xb6\xb9L\x94\xef'
    b'\xaa\\\x9b(\x99\xe5\\tY\x1cm\xc6"\xde\xce* D\xe2\xca\xb0\x14r\xd8\x11\xe506\x99\xb7\xa2\x00\x8bu\xcch\x9cJ\xf6\x1dP\x84\xc0\xbf\xfc\xf1\xcd\xd3\x97\xcf\xeaG\xbd-\xc1\x11\xea\x0e\xa4\xb8\xb8doH'
    b"\xe3)\xfbD\xe4\xfb(lV\x9d\xbf\x80\xe3\x13\xd9\x1b\xe0\xbb\x03p|tLb\xfc\xbe\x9d\xd2EI>L\x95A'\x96rH\xc4_!\n\xc6\x06\x0fM\x96\xbf\xc9\xb3\xbe?\x1f_\xc8Y;\xf7L\x9e \x8fO\x16"
    b'\xe5\xd8\xf2\xad\x1cXn8Q\x1f\x85\xf9\xbfI\x97\x8aj\xe0X\xc6,\xbb\xf6\r\x8d5aJ#\xe3L\xe1\x946\x14\x061P\xad%1M\x8a\xe5\xa8sg3\xb4>=\xa7\x82\xfe\x0ftJ\xb1Z\x07:\xad\x19\xbf'
    b'h\x9f3\xcd3x\x17\xc5\x1a\xa0bA\xf8\x13x\x84\x84\xef\xdf\xc1\xc5\x05\x1b+\xfa\xc1\x81\xe48\x1b\x84\xa4\x96\tq\x91"\x0c\xa8\x89N\xc4a\x8e\xa8n\xcc\xedJ\x8a\xe0\x83\x84S7r\xbc\x03fDM^\xc4\xf3'
    b'\xd3\x8b,s\xa9\xe5Y7sR-,&\x17\xdf\x1b9E39[1\x12\xbca]\x80\x12Rl\x9b%\xcd\xf0v\xe5vw@\xc9@h\xe5N9U\x92\x8a\xd0\xe7\x8dI9\t\xed\xa9ZoZ\xdb<8\x0b\x8c'
    b'\xb9\xeb\xa1\xfc\xc6\xfe\r\xfb\xa8*]\xdb\xf6\xa4\xbd\x1d\xc5\xc7\x8a\x83\x10\xe0\xcf\xfd v\x7f@v\x900\xc5\xdf\xf1\xefh>\x97W\xfd\xf6\xd6\xca\x8f\x81%\x90j\xcf\xf0g\xac\xc5\x17}X\x90NpZ\xda\x8a\xe8\xab'
    b"\xbe\x8b[\x02\xf5\xf5\x1f\x12\xd3\xe0\xc8\x85\xf5\x02\xefT\xd7\x19\x0e\xa1\xa2(\x08\xdf\x11'My\xa1\x0e\x9b\xfa\xee\xb2\x8e\x7f\x1bQ\x13\x98\xb8>,LJ2\xa7\xa7\xf6f\x9e\x1e\xde\x90*\xc8\xe1#\xe5\xee9\xa4s\xf1"
    b'\xa4\x07\x19\xa0\x9aWd>p\x08\xf4\x9f\xd2\x93\x1fQ/\x18B)\xbe\xf7\x11\xf5B\xbc\x1f4\xd7\x99\xe4\xaa0\x00\xbc\x08-\xc0nF\xa1\xd2%\xb8\xbf)cQ\xadvI$u\xe8\x08\xe7\xa5\x0b\x94\xc7\xd8~a\xfe'
    b"M'\xa1\x89\xc5Qz\xf9\x9e}\xc81r\xd9\xfb\x1d\xbd\x8e\xea\xd8\xbdz\x1b9\xc4\xfb\x98\xa0)\xe6gJ\xe6\xb36\xd0~\xf9@\x1b\\\x7f\xe6\xc7\x91\xba\xfez\xd6\xdb\x95J\xbb\x93\xbd\xbdL\x97\xe6\xb3C\xb3b\x9e"
    b'C\xca\x1c\x17\xb3\xa6\xc4\xa6\nNe\xaf\xff\t[C\xf8\xbe\x04\x14T\t\xb6y\xdb\\\x87\xaf\x14\xa1\xfd#\x97\x0fI,\x7f\xf1\xaa\x17\x08\x0e\xf2)\x86\xd7\xc2\x1a_6\xd5\xb6wp\x1a\xb6%\xd2\xd6n\xed\xfa2\xe0'
    b'-z\xed/\x02\xa7\xcdH\xaaUy\x95\xf9=\x0e\x0b\xc0\xde\xadM<\x8e\xcfQn\xafo\xb3\xe0K\xadL\xd4\x8d\xb2\t7E\x15\xe9\xce*\x18\xef\xd2\xc8u\x0b\x8a6\x97W\xe2[\x0c\xb26e\xd7&\xe0\x99^\xf3'
    b'\x92.\x1b\xcd\xab\x19\xa6X\x94\xde\x90cF\xdd\x0b\x82\xd9b#\x89uR\xaf6\xb6\xa2)\r\x0e\x8a\xd3\xd0\xe7r\xdc\xf0\x00\xbc\xa1n\x95^\xddD_M\xe60\x91A\xf9\xfb2\\\xb9\x03S=\x1d\x01w\x86\xdc\xc9'
    b'\xb1\xc2\xeb\xcaW@ NO\x03?\x1by\x85\xfd)\x81\xba%M\'\x9a\x1fd\xb9h\xe5\x8b0\xf3\x1d\x88\xb1n`-\x06\xb6(\x86"\x19\xdbCt\x9eH\x83\xb4\xa0\xe8g\xe8\x19\x91\x8c\xc3\x05\r=75hF'
    b"\x92\xef\xa1;)\x11\xe4P\xc4-\x1e\xa0\xa4\xa2\xc0\xcf\x9b\x9a\xc2qp\xa5JL$\x95\xf1\xc5/|\xa4\xce\x8f\x99B\x8fc\xe6\x0c\xa3/\x11\xcc\xee\xc7\xff\x15\xe4O\xda1['\xb3\x10\xb8n=\xdf,\x894\xd2\xe3"
    b'J\xa5\xad\x93\xc0\xfb\x87*\x02M2\x93\x0cz\x81\xb8\x1d\x86\xedW.H\xe7\xd8l\x98J\xe4<f\x19 B\xf5\x07\xf1\x0e\x10($\x98s\xca\x8f\xb4\xaa\xc2\xec\xc81\x87I\xe2\xc7\xa3\xb9q\x16J\x08\x93h\xec\xa4'
    b'\xf2\xc4S\xa6\xe1\xd0\x84\xc0e\xf8\x05Nm\x92\x10iR\xdf\t\xa72\x85\xa2\x00;\xe2\x08&\x96^(\x02\x98y\xd9\xa7\n%\xd4\xe9\x1dA6P-\x1f\xd0\xc7\xfd\xc4&\xd6K6Z&.\x8eaF\xfcCx"'
    b'\x7f\xd1\x98\x9a`d9\x8d _\xd0\xf3\x13<\xe9e\x9d\x91Pno\xd4\xf9\x9fo_\xbf\x1a2\xe3t\x8f\x7f\xe28\xce\x8e&\x87\x17=-\xd2\xef\xaf!\'\xa1_\x90j\xf2\x0c\xf5\x9eu\xdc\x8e"\x9en\xa3\x96\xc6'
    b'\xb0\x95\xd0\x1aH\x1a\xfe\x1e\xea\x04\xf4;\xfeW\x0fM\xc4\xf6\x94J\xe1Y.7\xe1l^HYC\xacW\xfev\xf5\x909\x8c8\xeek\x87\xedq=\xdcp[&\xc3\xdc\xd4\xdc]"P\x1c\xf1g*`H*|'
    b"\x9dR\xf1t\x8c\xfd\xd27\xe1\xbf\xe9\xb10_\xfaF~$B\xae@-\xeb3\x17\x92%ngG\x96U\xd3a\x85\xc6v7x\x1dI\xfa\xab<\x87\xe1'-+\x97F\x17\xd5-S\x8e\xd0%D9\xf3\x930>"
    b'\x8d\xfe\x12\x02\x87\xa4\x86Z\xa1|t\xaa9o\x83:\x13\xe1\xec\xce|F\xc2R\xec\xe3%\xadb\t\x94\xea\xc0r\xa2\x89\x1f\x05\xc8\xf4>4\xd2\xb6o4\x96P\x19\xc8\xb4\xcfH\xf4\xbf\x0b\xfdo\x1e\xd3x~1C'
    b'\xde](\xee\x90V$\xaaZ\xeeCIT\x936\x157\xd4\xf6\xa7\xf1&\x8dT\x94\xe0\x7f"\xc3\x986\xd6\xee^\xcb\x9e\x92\x87\xe9\xf8f\x8d\xd8\xb3\\|\xfc\xc4\r\xc19\xd4\r\xc1\xbf\xd7<\xe3a\x91\xd4\xef\xc5\x1d'
    b't-\xbdb\xbek\xf9\xbc\xf2\x0c\x9e\xf13n\xa6\xd3\x04\xd7\xaa\xba\xd9\xb5Xl\xcfOE^\nG&\xcdF\xad\x11\x9b\n3\xa8c\x06\xd2\xa8\xc0\xe0\xd7\x1e\xd5\x8e\x8as\xa2\x9d#R\\\x12\x88\xa7\x06\xe5(|\xdb'
    b'\xd9@l\x06T\x16C9\nLU\x84\x9fr\xc7\xedjF\xf4NFA\xa7\xd3\xb0\xafS*+mr\xd7\xb73Dw\xf6,Q\x8do\xb2\xae\x08\xc0C?W\xf8\xcd\xda)H\xcf\xe9\xbc\xe6r\xed\xd9\xb0\xf4\x93\xcb'
    b'\xfe\xb0q\xb4\xb2.W\x81^\x1c\x1c\xbf\x9b\xc7y\x00\x99\x92\xc6H\xb1\xb4\x19:\xe9\x86\x02\xa4\x8e$@\xd9\xf4\re\x8eWdb\r\xcc\xda[t\xbe\xd7h\xde"\xebR\x9c\x83\x9f\x8f<;\xb3F\xe0\x19p:['
    b"\xeclv-\x10'\\\xda\x9b\x1b\x03\xe6b\x0f\xeb\xafy\xf9\x06\x1d\xd1-\xc5\xc1\x9b\xe3e}A@/\x12Y\xe26\x94@X\xe7\x14*\xbc\xcbN\xbe\rZ:\x0c\x00\x1d\xa5\n\xad}fHA[=x\x11\xb8\xe1"
    b'\xa8\rK\x7f\x0fj\xea \x1d\xa6\x16\xd2\xdfq\xbc\xd0\x8f`(\xfa\x9a\xcbs\x19S\xe9\xfao\x13\xf4\x1c\xfd\xac\xaf\xf7\x8a\x91\xa5\x1d\xc00\xbc+\x17^@Ge\xed\xdb\xf7\x17\xddb\x85hf\xdfS\x00GVr\xe8'
    b"\x8e9\x04\x0c\xedLr\xeb\x01\xa7\xc6<\xbek\x97\x9fj\xf9\xd2E\xe5\\E\x97\xf3\x1b\xd1\x85\x13\x97\x9c\x93\xab\x0b\x98d!\x90yS\xae\xbb'KoV\xe7\xe4\xd3\xda\xb5j\x17\x13\x96\xcf\x11\xa5\xc6\x0e\xec\xf7W\xee"
    b'LL\x90\x1c\xfc\xebW\xe8\x89Z\x14&3\x9b\xbc\x15\xeb\x88\xbc_w6\x1b\xe79\xa7\x1b+W6m0\xb9E\x8cH]\xcd)\xf6k\xc4G\xad~\xecZo\xddx+&\xad\xbb&+\x9e\x02\xbf\xab\x98\x1a\xf5b'
    b"\x94A\x84O1dL\xa2aT\x1fD\xf1u\xc2\xa86\x91\xb2a\x05\x93\\n\xd8\x19\xd2&\x9d#u{y\x98\xa1 H\xd3$\xaf\xe96c\xa2\x198\xc0\xcd'\x07\xc4\x12A\xa4\x82e\xc5^M\xe4\x9a\x186\xa1"
    b'\xd0\xbbb\xbf\x07\x85\xb9\xdf\x1b\x83N\xf7\xa9\xdcKsX<\xbbjM\xa5\x82\x81\x95b\xe0K\xf6\xb5\x16\x96\x07/\xb2\xa4P+\xfb0Q\xed\xbc\xfe\xa3\x02\x93\xfc\xadT\nF\xa5j5\x9aL\n3\x95ZJ\xb6\xe0'
    b'\xe19Hr\xa5@\x90\x0b\x0cb\x0c\xdfQ\xff\xac\xe8\xbfxV\xad\x19\x8e\x8d\xa2\xb9[4\x9et\xe3\xabf\xe0\xb4\x053o\xba \xe9\xf0w\x1eO\xbd\x19\xfe\xff\xa6\x83^y\x80\x18\xf3\x95A\xce/\xf8z\xa3\xf3r'
    b'\xb3\xf3\x801\xed\x1b\xf8\xd7b\xa5\xaf\x0b\xaa~\xb4V\xf4\xb4\x0b\xb6\xbe\xfbX\xc3\xa5\xdbk\xf5\xda)G\xd7\x12\x13\xcb\x06\xc2\x02\x80\x0ek \xb1\x94vs\x1a\xc3\xd8\xdb\x1b{:\x1ew\xf2\x06\xaf\xdb\x14\xea;\xfd\x96'
    b'\xdfd\xdc\x8e\xfb\xb0\xd0f\xb1:\x07J\xe3\x160E\x82\x1b\xa3\xd1\x16\x8d\x8c\xa2\xd1\xd7\x01j\x98\xc3\x05\xb6\x83\x11\x07\x1e\xed\xd0\xd7\xaa\xa4\xfeK\x92;\xea\xb5`G=\xa6c0\xdb\x10(\x91\x05?.j\x89\xc2\x1b'
    b"N\xc9\xe8\x18H\xa6\xe6t_4\x12\x86\xb3\x04\xc8\xe4J\x06\x01^\xe8\xac\x98@B-\xe5eR\x9aINOf\xc6\xaa$\x0b8h\x18\xcc\xfe\xe3\xf2\x80vxS\xb1\xf9|>\x00\xd4\x81'$MdlSFD"
    b"e\xa0\xa3u'eQAa\x989t\x1c\x9d\t\xaap\x96\x8e\x14\x0b\xf0\xcf\xb3@\x8f\xde\xaa{!\xcc\xae\xddax\xdb\x8dW?\x16\xe5\x1d\xb1\xd7\x1a\xa5CQ\x9e\xd3\xfep~x\x08\x0b\xed\xfc\xd4G\xbd\x9eRr"
    b'bF\xd3\xe8\x8b\xbe\x19.\xd9f>\x1e\x94\xd9\xf5\x05\xc1\x9e\xa5FC=\x96\xd8\xf0\xcf\xfe\xf5\xaf\xe6^\xb5\xbe\xb6\x94\xefg\xf1\xfe\x99\xc7\xb9\xf65\x907\xfd+\xb9\x8a\xe8(\x90\x0e\xb2\xedBp;\xc4\xa1\xd9#\x15'
    b'y\xdd\xc9;\x12h\xbb\xf1\xc3U>\xe8(uF\xc0A\xbcY%\xaa\xdc\xf1\x10;\x8e\xafwr8\xcb=q\xea\xb4\x11\x1b\x8dL\x88.\xf3\x9a\x148\x94l\xa4\x9d\xe5\x1e\xd7\xcftq\x87%\xd4[\x14\xf7\xd0\xed\xc2'
    b't=\xa6s\x85\xf9\xd8\x8aik\x1d\x80a\x96\xac\xe1\xc2\x06i3%\xcd\xab\xc7\xe3F\x81\xbd\x16\x8c+\xb1\xaa\xd0\xbd\xb7eVtXQka\x07\xfb \x97U\xd9\x10\xa5Q\xbd\xc5e\x1c-\x80\x9ev7b\xda\xb2'
    b'k\x9b5R\xe0\xb1\x91\xebkr4\xb1X\x8d\xab\xb2\xccT\x82L`\xab\x91\x99\xe3\x8e\x19H\xb9\x16\xc2m(Z\xcf\x1a{f\x99I\xf9\xf2*\xecD)``s\xef"r\xa2\xb0z\xf3\xbc\xa1V\x8c$\xc2"\xb6'
    b'A"6\xa5\x95\x08\x93(\x93\x92\xa7\xb25h\xa4\x96\xa9\x97\x88\xa78\xf3\xc2\x9b]1;\'A\xd8\x90\xe9a\xd1z\x82,\x85\x89\xa9\x7f\x85e\xe5+x\xb5\x02P\xd6q\x9c\x85\xe4\x1fTI\xac&\xf9s\xac+\xd7'
    b"X>\x10\xf3\xc34f\xf4F\xa6$\x7fG\xd2\x10\t\x8b5pU\xc2\x16Z\xe9\xd7\xcf\x1f\xd3(\xdc\x9e=\xe6-\xc5\x0f\x1da=/\x9a\x8d\xa8\xe4a\xcb'-\x1b\x88\xe8\xfeT\x0cj\xd6G\xba\x93U\x13B\x9c-"
    b"\xd7\xd6\x8e\xb4&)\x85\xb3\xc7\xba*\xb9\xe5\xb3\\\t]\xdb2\x9f\xb5L'\x8d~\xb6g\xc5\xcb\x1b\xaa\xa7\ti\x8e\x97\xb7u\xebXWw\xf6O\xce\x82\xd3\x17xp^\x9exA\xe0-\xc7\x93\xa5 \xf3J\x02{"
    b'\x89\xe0\x0c\xccN\x90\xc7\x96\x17\x96\xbd)zP]\xf0\xf2\xaa\x8e\'\x87\xcb*5J\x93\x16\xa3\xba\xa3\x01\x1d\xb1t\x04\xf6/\x80}\x98A"O\x96\x02\xc8\x10\x8f\x16\x8eK\xd4\x19f\xda!\xe4|\x1be9\x96}n'
    b'\x8b6\xbdG\x9a\x15\xa7\xfch\x08s\xb9\x92\xc4\xe5\xb0\xf0e\xa9)\xb0\xee\xe6\xdd\x8b\x01K\xfa:\xa9\x04\x1ag\xd9w\xbe\x815\xed|\x18\xc2\xbcF\xf4\xb0\x96\x06\x9c\xa1\x02\x99\x92$j\xd8\\\xd5\x06\x92^kr"'
    b"\xc6X\xe3R\x91\xedkIk\x9f\x04\xf6\x0f\xdd\xea\xd3\x995\xbcC\xbb\x90%/\xa6\xb2^\xa8_\x9d\x12\xe0\xf1Pc\x97\xa3A\x83\xe2|\x9b\n\xe2\xcd\xfc|}%\x04\xbf\xffV{\xde\xbd2'BF\x80]0X"
    b"\xca\x97P\xceV\xe8\x15\xc3\xce\x89\xb7\xc8\x82\xb9\xfb\xaeex\x00w\xd4\x14+\xc2\x1cwcK\xb3\x9a\xa8\xb2\x1a'\x02%#H\x04\xc6\xd6\x8dO#\xc6CT\x05\xa4\nv=\xff*\xd6\xa4x=#\xa8\x03\xce\xa7c"
    b'\xa7I\xc3\x9a[\x98\xa1Z\xd4\xa1\xa6I\x1f\xaa\x83E\xc8\x80\x18a\x96\n]\x85\xe5`\xe0\xda\x8b\xc0[\x95\xcb\x94\xbf\x87\xc1=\xd1wB\xfb\xa0\xee\x93\x08;[\x9e\x915\x10v"\x8eR\xd9!\x19\x7f\n\xc1\xdc\xfd'
    b'm\xf7\xb7\xbd\xd1\x1e\x031}j\x017W\xb8{S;\xfd\xab\xa6\xb1SS\x8d\xf9g\x99+\xfbe\x1bJ \x9bO\xbc2\xbd\xb9\xd6\x82\x18\xa3\xa7Xm\x0bK\xf5p\x8a\xdaQ\x12\xf1\xd6}K\xb5@km.-'
    b"\x1c\xf7\x97\xd0\xde\xae\x7f%($\x9b\xfeQ>a\xfa\xd4\x17X\xb1_\xf4u\xd6|`\x99\x8e\x154\xa5\xb9mr\xbd\x96\xf3\xd4\xde\x1c\x18\xf8G\xd6'\x9a\xad6\xfb\x8ddq\xad\xd3&\x15=\x8b8Y\x8f\x7fF\xc1"
    b'\xc6\x12\xb9\xa1\xd5\xbf\x84\xf2\xe93\xe2a\xb1\x16B\x8d\x88\x0c\n\xb0w\xedZ\xa2d\\\xc8\x83\xe3\xf2\xe0C\xa0\x86\xdd\xf8\x86O\xe4\xb6\xf3z\xbf\xf8~\xd5B\xe4\xc5!\xf0\xbb\xd6j,\x19\xc7Vc\xc3\x0fD\x88k'
    b'\xbeZ\x85W\xd0\xcd\x95\x90\xe2-\x03b\xad\xeaTi)\x128$\x1a\x176\x15:\xe5#D\xaaq\x86E\x0f\xcb\xab,\xba\xc5\xa8\xdd!aA\xd6\x97\x8aU\xdb\x93\xd5\x86\xa2"\xf3G\xef\xf3h\xa8\x97\xf8.j\xb6'
    b'U=}\xde\xf9\xec@u\xf31\x84\x13\xe1MKw\x06\x07\xd1\x05\xbc?gIE+\x8eQ\x95z\x99-\x99e\xbd\x9a\xabW\xb8^\xef\xe6k.>_\xf0\x07\xa0/A\x98L#\xff\x82\xdbG\xc7\xa2\xf0\x01uP'
    b'\x82\xe1E\xb5R.p~\xb6D\x98U\xe0U\x92\xd9\xda;B\xc48\x85\x19#\xb60\x00D\xbd\x07\xd2\xd9t\xdf\xd0H\xf8\xe8\x8f\x89H\xde\xd0\xfaI\xef\xf3\\n\xb4k\xfd\xf8q\xff\x94\xdd\x1b\xc8\xab\xbau\x9e\x0f'
    b'k\xee\x1b7\xe3e8\xa4\x05\x83!3\xceg-&U\xe7\xde\xd2\xd0Iz\xddWq\x91h\xd9B9Mk:\x94\xf6\xed\x92m4Y\xafJ|\x18z\xe8\xa4\x98L\xd9\xc1\xaaUTU)\xb3\x03\xd6\xb4P?\xcb'
    b'G\xa2\xf1\xdax\x17\rq\xd6\xd3\\\x8c\x8d/\xe2\x0b8\xe5\x02(\xc3z\x01\x8d\x98\xbbo\x91\xed\x1d\xaf\xf9+\xbe\x8b4\xc1^\xdb\x83\xa8\x03d\xe3\x89\x80\x9b\xd0\xf1D\x1b\xe0\xe4A\xb1\x95\xd3yk\xceHt\xcd\xd7'
    b"\xc1w\xd4G\x8c\x1b\x13\x0b\xb7T\xdf\xfe\x93\xce.\x98\xff\xdd\x16+\xc9^?z\x01\xd4\x8c!\xbb]\xfd\xbb\xcb\xba{~\xd7twE=\x1c'H\xf7.n\x1f10\x13\x92\xa4\x17\x03@\x92\xeex\xd4\xf1\x01\xd2\x1a"
    b'\xf8\x0e\x04\x13\xaa\xde2H\xdd\xbd\xaem\xcc_\x8d\xd0\xf88d\x1eW\x84B\xfc\xee\xb6G5\xd2#P-\x17\x05c\x8dD\xf1a,\x9d\xeemD\x87\xc1\xf1p@\x97?\xfa\xf7\x15b|g\xf5\x81\x91\x9d\xd8xr'
    b'\xd2T\xafLZ\xd6\xa6\x13qz\xb6\xfdGGg\xecoV\xbf!\x80\x84SnHX\xe0\xd9\x15\rHF\xcb\x16`\xe2\xd2B\xd0\x02\x83\x9b\xa0\xddO\xc1\x8ew"EM\x1b\xee\xf6\x8d\xf5\xecm\xb6\xa9\xc4\xd7\x94&'
    b"\xf8\xae\x83\xbc\xf9^\x80'\xaad\xb2\x1c\xbb\xf9\xd0\x83<H\xd9\x90qV\xd3\xb1F4tl\\\xa1\n\xaa|\xab\x1d\xd8\x07\x04Ab\xbb\xde\x99\x96\xb3\xec\x0b\xd5\x1buS\x12\x9dT|\xfa\xd4\xab-\xcc9\x0c\x82\xf8"
    b'N\xd9\xd2\rE!\xd6\x02\x8dE\x8a\x1a\xe8\xb0V#\xd2\x8evg*\x94?\xd2[\xbe\xf3\x93\x1c[\xe7\xa4\xfe\xc9\xd6EX\xc4\x16\xdd\x91\x7f\t\xb7\x12\x95\xc7|\xd4w}\xe0\x83(%\xe8\xa9\xfe\xf9\xd9\xd3\x1f\x9e\xbd'
    b'\t\xa7\x93\xe5\xe4d\xfe6\x93\x14^\xe1_\x7f6\xa5\x03\xe9X\xcbOW\x05\xd9\xe4;\xaf\x12\xa6\x959\x01^\x04\xa6XM\x07\xf5\x10Wv\xac\xce\x027E\x10\xf7\xc4D_:\x06\xf4\x93s\xb3\xcc\x040\xb2*\xbd'
    b'H\xaa\xe3\tbT\x84%\xcasJ4\xd0\x88\xca\x18\xe3*l\x8d\x06\xa3\xa1\xfb\x16N\xaa\xf1\x0f\t\xb5h\\V\x07\x8b\xc9\xa9d@\xe7wq"\xc2\xf57\xb4\x1cN\x08\x14!\x9cP4\xdd[\x1e%\ty\x13K'
    b'\xdf\x89d\xb1\xc0L\x9d\xcd>\xcc\x80cFX\xf2_\x9e\xbdz\xfe\xea\xa7\xf7/^\xbf\xfe\xf7\x84\x83\x17\xbeC\x8cM\xd5\xd0\xdf\xc8\xb3\xca\x8a\x8f\xbc%D\xbb8P\xd8\xa6\x04e\x88\x9b\xb3s|V\xc6,\xf4\x03\xc4'
    b'\x10\xcd\x0f?B+\x12\xb8\xc0\xfd\xe8\x94\x89\x96\xdf\xc8\x93\x18\xf0\xa1\xf9,\xa0\xd5:\x9a\n\xb7&93\x18\xbd+\x99Y\xad\x8e\x8a\xd4G\x0c\xcb\xbd\xb8\x81Q\xbc5\xc5\x91\xfc0%P\xb2\x80t\xb52P\x85ow'
    b'6\xa9Z\xfaC%\xed\xb0\xb9\xbe\x97\x15\xc3\xb8\xca\xaeE\x8cu\xdf\x16a#S`\x86KV\x90W\xc2u\x00\x90:d\x81{9\x9f\xcd\xcd#\x8b\x142,I \xc0\xdd\xbf\x95\xf7\xee\xc1y\xe1oe!\xff\xde+'
    b"\x1e\xc8\xbf\x07\x07\xf2\xefC\xf9\xb7\xb8'\xff\xa2\xfc\x1e\x9aP\x8a3r\xe2\x82e\x7fJql\xb5\xab{WJd\xa0\xb2#\x9bn\xa8\x8b\xca\xf1\x0e.\xc80Q\xa7\xbd\x8d\xe1\xc6\x830\xf0\xe1#i\xb0\x8e\x0f\xdb\r"
    b'K\xb8\xf4\xa5\xb7\x06\x98(~U\x9c?\xd1\xcbb\xca`\xafO\xe8#\x94%\x91wl)\xad\x90\x91z\xe0\x9e\x9d\x94\xa1\xc4\xec\xe0\x02\xd1^\x8aj-\xe7\xd2\xb0\xae\x0f\xa7\x85\x84z\xcf\xe4l\xed\x9f-*M\xcc\x17'
    b"v\xfd!\x03\r$\xdd\x87\x9a~C\xab'\x93\xf1xZrG\xc9\xc52\xd6X\r\xee\xd7N\x01\xd1\xd7)p\xa2\x93\x0b\x98\xf6\xf3y\xcc7\x86(\x91bZ\xdept\xa5\xb4\xfe\xca\xa8\xe3\x0b\xedeO'\xc4&\x83"
    b'\x127\xe5\xa5\x1eg9L\xf0\x03\x9d\x07:\x12\x85m`\r2R\x11\x12\xd9\x8f\xd2\x14\x05\xac\xf4v\\.y\xdd\xedt\x1e\xe4/t\xaa3\xb9s\xf5"\x91\xa9\x98JJ\xca\xb0u\xe4\xcf\xc6\xc6y8\xe8l\r\x1f'
    b'\xc4}\x03\x9b\xbdt\x8a\x85\xf2\xb16\xdd3\xba\x1a\x95\xbc\xb31|\xe0rz\x1a\x11\xdfQ\xac\xe4\xa1>H%\x88\x0c\xb2c\x05\xeb\xd0\xed\xc8t\xcc\xf9<\x0c\xe7|\xd1\xab\x95\xba\xdb\xd9r\xf8|v\xc7\xd3\x9d7\x10'
    b'\xfa4#Z+B"\xe1\x9b}\x19\xa3\x90\xc2\x9d\x05|\x13t\x94{I\rV\xfb\xdec\x9fb\xd0\xf1\x1dW\x7f\xb0\xd6\xc8\x9d\x96\xcfc\x93\xb6:\xbd\xc8Z\xa1\xe4\xe9qQ\x95\x9c\xdd\xbeW\xc7\x1f\x11I;\xff '
    b'\xda\x1ft\xda?\xebm\x1b\xa1n4\xdb_1\x9aP\xac/D\x87Hv\x190q.\x13\xaa\xda(\xedSR\x925w\xe9\x15\xe4\xce\xad\xd2\xba\xdb\xb7F\xf6\xae\xd8\xca\xf9\xd6\xdd\xd3Q\\\xfa\x8b%\x12,q\xec\x8a'
    b'\x01\xef\xe2\xaa\x10\x18\x12"n\x1a\x9e-\x8cI\xe1\xae#4\xe9\x18\xd7e\xe5\xae\xc9\xf0\xf3=j\xacy\xa5e\x97\xd6\x95\xf7\x1ac\xd7\xdd\xbd\xa6?\x95\x84\x88\x97\xf1\'\xdfo\xf6o\x99\xff{\xef\xe0A\xfeo\xb8\xef'
    b'\xbe\xf0\xfdf\xf3\xd4!\xe8\xc2\xef\xc5\x94K\xb7\xd8\x12\x92\xba\x85;n\xcbV\xbb\xe5\x96\xc3\xe8Y\xa3N\x8c\xef\x85\x0bo\xcb\xa8\xf1\x7f\xdf\x95\xf7\xf6\x00\x88\x82\x0b\xde2\xdf\xe3$\x0b\x12g\x06\x10\xa0!.\xf2B\x10'
    b']\xa3U\x08\xa1i\x13F\xa7\x05q\xe4|z1\x80\x8c\x15\x84R\xc2\x02$g7pR\x8bIUFD\x83\xb0\xb8\xd3\x81\xa5+C\x05\x01"\xa1\x07&\nV\xc4\xc9\x956qK\xf2\xb3a\x1a\xa6Su6\x8d\xfc'
    b"+{%(\xcd\xf3\x99\xf0\xa8h\xdcn\xecw\x8bB\\H\xb5\xa485\xa3\x9b\x82\xfa\xedpv\xa9r#&;\xae}A|\xc6\x81A4\xde!|\xa3'\xfa\xa1\x91M\x1b\xd8Kh\xee\xe0\xe0\xc6\xd1T\xe1\xa0\x9d"
    b'\xbe\x87\xbc>\x1d\x9e^\xd07v\xa21}\x9c]0\x16\xc8\x00\x18\x1e\xd1\xc6v6\xa3\xa35z\xc6\x08T;\xc1\x9c\xabI\xbd\xbdP\x1b|\x14\xd9\x8f\xd3\xc5\xfc44\xc4\xdc\xc9\x92\x80\x8d\xac\xf6\xf2lVj\xaa\t'
    b'\x99[\xd2#\x0b\xe2\xc4\xd1\x9fhW!\x0b\x7f\x84\xe3\x19>\xa5\xae\xde\x85\x8c\xb3\x8a\xa3\xa3\xbc\xc6\x1e\x8bn`*\xb9-\xc4\xc6\xc3\xb0P&a\x81\xc9\xbe\xd2\xe8Z\xce2\x15\x8f\xfb\x04\xc7\xc6\x86\x84\x08s\x181s'
    b'8\xf9\x18\x98\xac*\r\xce\x1f\xa9|\x17\x14X\xc5\xb0a\x875#^J*\x98\x9c\xce\xa2\xaf]!d(b/\xdb\xe4m>\xf8;\xca\x84\xe5#2\x0e\xbd\x10\x11=\xcb\xdej\x08&\x02\xf9\x0fte\x84\x80\xc3\x0b'
    b'\x1e\xf3\xbcU\x01\x8aR\xa6os\xa0\xa48<\xbf\x8f\xc7\xe3\xb3\xe5E\xf8\xfbAt\x86\xb7o\x16\x9d\x7f\x9e\xc1w\x9d\xbdW\xab\xb7\xb4\x1bjE\x90\x1e\xb6\xaa\xf9\x0c\xdf>{\xff\xfa\xc7\xf7?\xfc\xfa\xec\xc5\x0bB\xbf'
    b"o>\xd8\xce\xde\xfc\xf8\xe2\xe9\xdb\x9f\xf9f\xeb\x81W\xb0\x88y\xe7\xf9\xac'Z\x9e\x0fe8{\xf4\x0e=\x0f]I\xaa\xc2Cu~\xa2\xbeG\xf0\x05g\xe5y\xe7My\xf4\xec\xe3)\xd4U\x82\x10\x0f\xe2\xb6\xd3\xbb"
    b"\xf3d\xf7\xb7\xdf\xc6\xc3\xbd\xdb}\xd5\xcf+M\x91F\xd4\x17\xbe\xd8\xafzj\xb0\xe1s\xc0\rBJ\x8e\x1f\xaf\x05-\x84'\xc8Da\n@\x1f\xc9\x13m@@\xbc\x1f\x80\x8aF5!\x1b\xc9\xf4<\xdc\x93\x03Y-"
    b'\xd5(\xc9\xb3\xc8\xac\xf2\xacw%\xa1I(\xd4\xf2\\\xec\xc3\xac\x05\xb5\x02u\xa8\xd2\x86R\xccm\xd7\xec\xa71\xb31\xac(\xb6^+\x1c\xb6K\x1d[4\x81\xc8F\xc7/\xee\xb7\x9d\xfa\xeav\xf9\xbc;\x88\x061\xc3'
    b'\xd5\x14\xa6\xb4Q\\^\x84\xf2[Yy=f\xcd\xf2\xf2\xa2\xd1\xfe\xf8\\\xbc\xee\xb6:\xb7\xac\xee\xdd\xb0\x14\xec\xe3\xad\xcc\x82\xe7\x02!\xeaX\xa6\xdcy\xd1\xb0Kb\xbf\xb3\xcb]v\x17\xe8\xcf\xfc\xcd;T7J~'
    b'$nI\'\xc8\x0f\xfdk\rO\xf8\x0c\xf3\x84\x0c\xd8f8\xa5\xf1f\xcd\xbc\xdf3\xe0Xn\x191rh\xe4{\xcb\xea\n7z\xdd"\x9aLS\x9fe\xa1!]l\x85\xfb\xfd0\xb2\xb0#\xc2|^\xbf\xd4\x7fr'
    b'"\x85\x82\xdc\x92n\xfd\x89\x89\x8c\x12|\xcbT\x1a\xe2\x85M"\xdc-y\x06\xf5\x10\xe9\xb9}\xaa|\xb7\xbc#s\x93\x8e\xebg\x9d7\xb7l\xf1\xcf\x96\x83\xe7\x99\x9f\xf4\xc5\xcf\x10\x03\xea\xdf\xe3\x88\xae\xfd`\xc6\xb5+'
    b'\xf3\x00H5\xcfQ\xa3\xb5\xc4\xc7\xbf\x9eI\xb6\xd5\xc3C\xa2\xf3k\xcb\xd3\x89\xde\xad\t=B\xf4\x10%\x12\x86Gf\x9e\xe0=\xc3\xceO\x80*\t\x97n\xb8r\x8a\xa9\xca*\x95\x00\xca(\xf4\x8f\xd7\xa2\x9dPgA'
    b's"\xa3x\xb4\xd1\xa8\x98X\x1c\xed\xbfg-\x18C\xca\xce\xc6C\xf95\xfc?U\xdf\x07#\x87G\xe4\xa1z"\xf0$\xbb\xa0l\xa2\xc0\xe7\xdeS\xf6\x18:\x87\xbc\xe2\x0f\xe1Z\xadk-\xec\x14cZ\xbf\xb1YE'
    b'\xe4\xcaz\x82\xcaw0H\x1f\xaf\x92Q\x08z\x94\x84\x930\xe90\x04\xae\xd2\xb8\xf1W&\x90\x1c\x1en\x8d7\x0b\xca\x1a\x9b\xfc\x0f\xff\xfc\x8c\xa7_TJ\xc9\xc4RY\xb2$\x966V\xa8.\xa3\x80\xb7I%\xd3\x92'
    b'\xfc\xf7\t%/\x84\r\\jh"\xc2S\x04\xb56\x10\xbf\xb0\x9a\x0cF,\x96\x81\xc9\x02\xeen\'p\xb4\xe5\t\xb4\xb7G\xc0\x819)\x16\xff<+\xcb\xfaax\x7f\x1e\x18\\Zn\xe1c\xe0\xb4z\xc2\xdc\x87\x13'
    b'E\xa0Y\x91\x13\x96\xe2\xa8H\xfc\x14\r\x01\x13m\xa00\xb7\x81\xbb\xd6\xa7\x93\x8f\xcbc\xcb\x8a\\*\xc7\xc7\xf3\xc8t\x1c\x8c\xf1\x87\x9cD.x\xe2\x8d\xbb\xda\xcb\x9f\xc2Er\x8d\x92.\xdc\\\x0f\xbd\x92n]\xf9\\'
    b'\xa9I\xdb\xa6\x7f)\x1fw2\xb9\x88\x05^*\x7f\xf0\tG\xe0`\xeb\xeb\xc6\xb6\xcev\xf8z\x05>\xfd\x08$=S}>\xb7\xd7="\xe7\xc5\xe2d\xe4\xb6HS\x7f\x03M\xf4j\xfd\x8d\xf0=,\x8f\x9e\xdc\xf6\xe7'
    b'\'\xb0\xb3\x9b\xe1~\x87\x9a\xea\xcf\x9c\x9d5\xbb\xff\xa9=\xafw\xb3>\x85\xda\xe7x(\xdf\xc0\xcd\xd0\x94\xd7\xaa\xb4>Z\x94L\xde\x82_\x82\xb8\x03\xd5\xb7\xa2\xa8\x05\x19\xf3\x972\xec\xd2"%\x02g\xbc\x99\xf8(\x1e'
    b'\x12*F\xa5H\x81D\x93\xda\xa6\x99M\xd9\xce/\xc2Mt1\x17/C\xe4 \x99R\xc0\xad\x96Ar\x1e\x17\x8b\x0f"\xf3\x9b:\xa6\x12\x10 \xd0\x8ab*"\xe4\xd1\xac\x98"5c\x94\x98\xab\x81Z\xe0\x0fJ*'
    b'\xd5\r\xf8\x11\xbe2k\x9e\xaf\xfa\xc8\xc2Q\xab\x1f\xb3 u\x1c\x1eN\x0e4;^<l?\x066-]0\x1aV\x7f\xd5\xf1\xda\x08\xff\xd1s\xf2\xf5#\xfdscc\xbc\xf5\xe8\xe0\x8a3\xd5\xfc\xf3\xf3\x8e\x17m\x0e'
    b'\x84\xde7\xed\xd6}\xbb\xbd]\x9e\xb6\x13B\xc7\xe5\x9a\xf4\xa4\xd5\xbe\xe7\xca.\x04\xa6\xb5\xb5\xe8\xbd,\x03\x14\x99\x15h\xcd\xbb\x0b\xb2\xc3\xdd4|\x1d\xfd^\xfa\x84\xcf\xa2\xb2\x8e\xe6\x9d\xe53M7N\x82~T\x8d\xbf'
    b'\x83\xf6,\x86\xdd@\xe1\xab\xb2i\xd92*\xddZ\x07+\xcb\xdd\xf0\xde\xb4h\xe3\xf7u\x05\xe2&\xa4,\xce\xf7\x8a\xef\xa2\x12\x8fZ\xa3\xeau5yN?\xfd\x83\xed\x1f\xbb\x17k9\x83\x04\xd6u\x1d\x9d=\xca\xb5('
    b'\xed\x1b\xeazO*qD\x92\x8d\x8e&mQ\xdd\xc5$?`\x89\rp\x0b\xaa\xbb\x81\xe8\xac\xd4bM\x02P\xdd\xec\xe0\xe4\x89\xabM\xc554]%\xf5g$\x15S\xa6]\x17\xe5\xe6\x02\xb0X\xe6\rFG\xfaS'
    b'\xcb\xe63\x88>8\x9d\xe3Bb \xa4\xa1\xa4K\x14\x9d\x1c\xa9\x83\xc0\xb3\x89\xf2\x9d\x9a\x9d\xb7\xcf\xde\xbd\x83\t\xfc\xd5\xd3\x97\xcf\xde\xc2\x99&\x1a\x88y\x17\xc3\xf3\x04\xbb\xfc\xd7p\x1d\xe5O\xbe\x0f\xbb6\x90J>}'
    b'\x0ew\xd5j\xb2\xbc\xe8\xae\xc8M\xde$QF|\x82<"t\xad\xc5Q#\xe6\xc9\xc4\xa2f\x1d\xdde\xc0\x9e\x80Iub\xe2\xc8\xd0\xfdU\xa5\x92#\xc3\xd3D\x84\x15\xfdS \xd1u\xaad5+\x11;"\xa6\x1a'
    b'\xf91\x9d\xd0\xaa\x0cW\xd3L\xd2\xaf\x19~\x87@\x9dc\xd5\xe0\xd9\xc5EX*\xd9\x8f\x9f\xe3\x06\xb8\x88>\xe9)M\xafv\xc3\xa4\x1ba\xfbf\x86\xa9\x9d\xb9\x16\xa8\xdb\x81\xa8W\xcd\xa5n.\x16D\xc1Y{\x16\xbb'
    b'\xab\xfe\xf7\xca^J\x00\x86\xc4\x8dF\xdf"\x8b\xbdP\xa7y\x19;zt>g\xb6\x80\x81\x1b\xa3\xec\x96\xe7?\xbdz\xfa\xe2\xfd\xbb\xe7/\xc3$s\xbb\x84\xd5\xa9].\xe1\xa6 \x99\x8cg\xb5+\xc9\xec\xbbbT\x00'
    b'\x0f\xb9\xb1\xd7\xbeO\xa4^~\xd2\xb5v\xba\xe9\xbbl#0\x92\x9b\xab\x9b\xc9i\x0c\x9a\xf8\tO\xd6\xeaB\xf3\xf3O\xf5\xb3\xf7\xec\xb3\xac\xdb\xb6\xa7W\x8e\xfc\xd1\xd5_\xe5\x87\xa9\x12\t\xedd\xd5\x7f\xd4\x87]\xb2\xde'
    b'\xe1\xf3[W\xb6\xb1z\xe0[\x1bkta\x9d\xb1\xdf\xb8t\xc6=\xdd\x90\x8aK\x1f}\x8aWl\xd0A\x8c\xd8!*\xa6\xd0%\xeer\xa0s\xc8\x01\x13[\n3\t\xd0\x1d\x88y1\x02\xcf#*j\x05\x95z\xc5x'
    b'\x19\x8d;\x8a\x14\x03\x8eAo\xa5\x80\xe1Q\r\x84\xc6\xba(i\xcd\xc7c\xcdh\xc8@jT\x7f\xd0}=\x88U\x19\xf7\xcb\xb6\x0cB\xe8p\x12\x8e\xf5\xd4Jdm\x1c\x8b\x13\xec\xa5w\xb3\xd4\xe1\xa8U\x81\xae\xbe\x82'
    b'\xa6-3\xe8rl\xc9\xe4\xe9\x91v\xb9\xa4\xf8\xef\x8b\xc9\x92\x84q@\xb06\xfa[ZP8aM\x11\x0fw\x92\xe9\xb5\xfd\xacH\x1d8\xda\xea_\x88[y\xf9\xfc\x87\x1f^\x84\xf3\xdcybO%\xa0m\xd0\x128'
    b"\xe1pn\xd7\xeb\x899\nz-\xbc\x10\xbc\xc0\xc3\n9\x8a\xa9n\xb1>\x92\xfe\xc3\xcd&\x9c\x82\xe3/\x03l6\x07<\x94\x0e\x05\xc2?\x92\xba\x15\xc3\x81WaX\x9b2\xa6\x7f\x89\xaf\x9d\x11!'d\x8am\xd6\xf0"
    b'&o\xc1#\x03\xea\x1f\xfc.\x90\xc8V@\x00w\xb7\xf68<\x0f\xb1\x967\x7f5\xae]k\xa0\xba\x86\xf9\xc49ya\xae\x99\xb8\xd1\x9cy\xc0\xff\xfe4\xdd\xa15\xdaV\xf2J\xa5r\xfb\xd4\xad\xf2\xa5\x8f\xb4f*'
    b'\x8a\xd8Lo\xdc0\xfe\xd8\x0c\xc3\x00\xa4\xd6\x9fn\x7fp\xa5v\xb8Y\x91\x99\x9c\xf2-\xa6\xaf\x939\xe0\xb2M\x9f]\xd3\xc7\x1b\xc7\x80h\x01za\t\xa3\x07\x10\xca\xca\xf05 9\x92\xcb\x13\xfb\x1adFe\xdc\x1d'
    b'\xae\x06\xce\xf9/\x81G\r\xc4\x10\x9e\x10s\xf1\x84P\xe4\xfb\x1b^\x90\xc3\x97\xba\xfdh+\xd2J\xdd\xed\xb6B\x99\xdf\x93s%\xbc)\x17:8\xb6\xf0\xa70lf\x80V\xcb\x88b\x1f!\xf25\xa6\x12\x82\xbea2'
    b'\x8b\x92.\x0c\x94\xf0\xef\x9e\x9bX,\xc9\xd1\n\x03:\x8e\xbc\x82\xa9\xaf\xccP\xaeVOd\x10\xa3\xdfb\x18n%\xf6F8}Z\xf3\x12\xa3\xa0F\xd9\xe9\x04\xd0\x99\x1d\xc6Z\xd3\xd3\xc9\xf3:h\xf1|B<JG'
    b'\x0c9\xaa7\x08+\x12\xa0\xe8\x1c\x8c?\xb0\xce\xa3d\x11\n\xb7\x9eSdI\xe6O\xd8;\x1eBL>\x0e\x1d\xba\xb6\xecV_!\xdck\x1dx\xc1\xe9\xec)\xb9K\x87\xccg\xecnv\xd5\x91!\xc90\r\xaf\xfb\xcc'
    b'\t\x83\xeb\x7f\xab\xa3\t\xa8\xd1\xc5\xce\x9dT\xb6\x81\x0f\xc8/\xbc\xc5D\xeba\xbe\xba\x17*\xef\xae\xe8L\xfdkP\xda\xd5\xed\x9f\xc9\x8d5\xec\x1a\x9dzy\xf4y\xb4\xe8J\xef\xcd\x15\xaa\xb0k\\8\x9d.,[+'
    b'?\xf8\xcc\xa7s\xdb\r"\x1d-7\xb7L*\x02\xc5\xed\x17\x1b\xa2\x89\xfb\x07\xf3\xf9t\xd49=\x0b\xa2\xe5\x8a\xc1n\x92\xfb\xfa\x82#\xe5@V\x0c\xf3\xb2\xd5]8\xb3\x0fQ\x1c\x8c\xe6!\x13\x05o\x12\xd4I$A'
    b'\xaf\xce\xa6\x8a\r\xf8\x15\xc8\x0cG\x87q\x1cpM\x01(b\xd7>)F\xb8\x8e4]G \x18\xf4\xafI\xa9\x86\x92\xbc\xf4]*;I\\\x93\xe0\x8c\x83\x12\xe3\xb3\xd2\x9e\xd0\xdf!\xd5\xec\x921\xbb\xd2\\\xba\xe32'
    b'Hd~K\x1f\xe8\x18\x0c\x1eY~}\xf9\xb5><|Pll\x8cl>\xdeKz\xbe\xc9\t\x86\x93\xadxf\xdfl,\xba\x8c\xef}\xb8\xe4j\xdb$\x1c\x8c-\xef\x9ej\x05\x8b\x8f\xbe\xe0}\x14\\\xb9\xa3Bw'
    b'\xea-o<j6\xcdby\xbb\xf7X\xca\x0ee\xab\x9b`\xd4\x1b\xc8\xf6\x01|\xb2G\x81\xde\x15\xc4\xdb\rI\x8f\x96g$\x86A?\xb4\x99U\x01V\x93rO\xde\x9b\x7f\xfb\x06\xd8\xc3fR\xe3\xc0,\xe6^\xfeL'
    b'\x93\xc6\xe5c\xe1\xd6\x9e4\x9b\xd1\x9e\xd4*\xb9\xbe4?\x02\x1a\xda\x92ih\x99\xc2\x18\xbep\xb6\xa1\xa7\x9a\xcf\x83\x8e@\x80M\x9eN4\xab\x97\xa6\xef\x18\x113Z`\xd8,\x11\x8e\x86iDli\xd5\x8a\x08\x9f\xaf'
    b'\x8e[\xa8uj\xc0o\x91#\x90\x90\x14\xe2\xaa\xe2\xc8\xfd\xaa\x1a0$\x03\xa1\xcb\xf8q\xa1\x90\xf0\x9a\x04!\xa6w\xbfY\t\xe3\xc4\xa65u\xbb9\x90\xf1l\xc3\xe9\xeeX~\xc2\xb5lA\xe8\x87P\xd78,\xd1\xe3'
    b"k\xe4\xaa\x9cmu\x07\xa4\x1f\x99\xf2/\xacGpk\xf0\x1cS\xc6Nf\x81-7+\xcb\x0bbS\x07\xda\xb4P\xdd\x9e\x91\x99\xf8=A\x1d\x15\xc500\xf9%\x8f\xbc\xc9\xb7\xdab\xcc' \x8a;mhQ\xe6H"
    b'\xdd\x12\xe5\xb2/\x8e\x8c\x023Y\x8c\xc7\xc8\x17\xbeP\xe0\xa2\xb1\x0b\xd7\x8c\xe8\xde\x02\x8c2\xf4kM\xf0}\x173\x83\xfc X~G^m\xb6 \x92*\x00\x7fe|\xe1d&Y\x95\xe8 7\x93\xc1\x0f\x8c\x00\xbb'
    b"vo\xfa\x05\xb2\xc9\x8b\xe3\xd4i\x92PR~M\x81\x02e\x9b\xc7\xe5\x9a\x84\xa9*\x17'\x10\xa3U\xbb\xf4\xee\xcd\xf3_\xde\xc6\xd3\xa3\xabQCN\xc6C\x87\xe4\x91\x06\xb6#\x1f\x18\xfaG^\x1c\x0c\xe2-cDG"
    b'\x8dr\x8e\x07\xfac2\xb6\xf7"9\x88\xfd\xc4?a\x1c\xbd=\xe2\x0fx\x1c\x01\xd4W\x1f\x95P\x9cq\xee\x10{\xe9\xa5\x17\xae\xbd\x95\x93\xa4;\x037\x84\x91\xfb{@|\xe1\xec\x89k\xe8`\x1e\x8e\t\xae\x16k,'
    b'>\x18\xc8\xfc\xdas\x99lF\x02\x9aD\xe3p\xa5C\t@\xf4\xcf\xb3p^\x02\xac\xebc\x1d2\xb5\xde\x96\x01@\xb3\xed\xec\xd0>d\xcf&\x90WPa2\xb6G\x9c\x1a}\xca\xbf\xe3\x8b\x92\x98\x0b|^\n\xbe\x03'
    b'\x1e\xcbQ\x93\xe7\xfc\xdb^,\x15\xd9\x0e/$\xb9\x8f\xbe\xc8\x16\x9f8\xba\xf9\x92\x9e!!\xf6\xd8\xaa\x1a\x165\x1e\xc7\xe9\xd2w\xf1w\xfc&\xe7M\xbf\x89\xbf=\x9f|6\xf3I{d:0m\x1a\xd1\x899\xe3\x0e'
    b'\x90\xfdfp\xc2\x13KI\x02G\xdc\xd9\\\xeb\xed_\xc8Y\x9c\xe5\xf1\xd6x\xe74\x01NQp\xceI\x92\xe0\xe0\xf9\x0b\xfc\xfc\xbe\xa8\xca^?\xef\xe0\xa7\xa7M\x8a\xf1\xd8\xfc\x84Kp Z\xb6\xdax\xc3y\xd7<'
    b'#\xa2\xb4\x0eC\x07~\x0f\xa7\xc1\xd2\xbfJ\x023S.\xf3\xcd2\xb0D\x87\x03I[\x94\x82\xe5\x08\xb1Q\xd5F\x0fCM\xa83\xd0\xb7NCD=\x82\xd0\x8a\xe6(\x8d>D\x17H\x1e\x03l\xcf\x9d\x1d\xdd\xa9:'
    b'\xb6z\x1a\x02\xfdN\x8b*#*\xa8:\xf8\xb8h\x9av\xb4_Q\xb1\xc4}\xb3\xe2]\x96\xc9A\xe5Z\x8b#\x8c74%5\xb51${\xf3\xd8\x01A\xf0\xa5]F\xfbL\xf3\xd3\xdc5\x11c\x93\x93\x97%d"'
    b'X\x91\xcb.\xc79\xd9p\x1a\xb6\xb0\xa3\xe2<5\xf8\x9dzN\x8c|\xc3\xc9\xfe\xb9\xdd\xf2\x81\xd4\xb6\xe6\x08W\xe0\xb6\xac \xe0\xd15\x95w\xf3\x05\xb8\xcd;]\xdfx\xe8\xe7m\xf1\xeelI\xd6\x8d\r\xf2\x05\xf9\xa8'
    b'\xef\x98e\x88A\x99\x08)U\xa55<\xed-\x96E\xf34\xc2G\x8d\x92\x8bhZ\n\xc9nM\xc0\xe9\x85*|\x04\xc3u25 jY\xd7\xa8\xeaH\xf0\xe7\x02\xf7\xe7qX\x95\x0f2\x15\x8a\xa4\xfd\x100\xae\xb7'
    b'\xff\xefO\xd0\x16\x1d/\x97\xa7\xa3\xbbw\xcf\xcf\xcf\x87\xe7\xf7\x02\t=\xba\xbb\xb5\xb1\xb1\x01\xac\xe0\xae\'\xfb\xcb\xe2H\xb5b\xc5r\xb9p\x07Kie;"\xcc\xab\xb7\xbd\xf0\x19\xb9\x0f\x1b\x19<\xa4\xa1\x95\'\x87-'
    b'\x03\xc5\xefi(7\xd9?[\x96=z\x88\xb3\x1a\x0fI\x1d>Chu\xae\xe4(fo\xe6\xe7UR\xec\x93Sq\xf7\x96 !I\xbe\x8d\x98\xf4\xcd)\x93\xb9\x9f\xb6\xc3\x93o\xfd\x9e\x0c\x0fR\xf67qz\x9e/'
    b'%X\x0c\nJ\xef-@\xd5>>\xb3\x8b2\xc3\xf0\x17\xe9c\xaf\xf6(\xf4\xe1b\xc4f\x86@\x07\x81*\x8a?>\x9a\xb2I~\xc5t#\xf3s\xaaYv\x12\xb8\xbb>\x1ahIW\x90\xca\x19\x07Wd\xcf\xb2\xa2'
    b'\x97\xedi?\xd0\xcd\xbaf\xb7\x9e \x83C\x89\xd9/jz&\xec\xfe,\xf7\xa5X\x04\xff\xbfg\x80q\n\xc2\xe4OO\x7f\x81{6\xbc|~y\xf6\xe6\xfd\x9b\xd7\xbf\x86\x9f\xf76L\x8b\xfd\xec\x87\x9fX2\x08T'
    b'\xef\x9e>G|\xc1\xc3\xed|\xed8\xac\x83r2\xed\xc9\x1d}F\x17om+j\xc3c\x02\xf14_Vz\xd0(|>\xe1\x9e\xd6:\xb7\xa4\xbb\x81\x90\xe8\x03\xd2\xb5[\xe8yD-\x9e\x08\xf8\xac\x16\xc4\x98nu'
    b"\xb6\xec\xad\xce?\xfb{K\xcb\xde\xb1B\xa1x,H\xe5\xc5\x8e\x8cY^\xa1'\xdb\t\xa1Z(\x82\xa0\xc1\x16\x9ad2\x12\x02\x82\xeeTYv7;\xf5\x08o2\xa4!\x0b2\x91V\x8d\xfcM4-`h\xf6\xa4"
    b"X\x00\xb7\xc8\x93\x91J\x9d\x04\x96\xd6\x07u\xea%e\x9a\x9fJ4\xf0|\xb9\x9c\x9f\xe8H\xde\xbc~\xfd2\x8c\xe4>\xb1\x1cR\x1ea\x1e\x8fI\x96\x99'mb\x89C\x9d\xd4\x16/:\xd3\x84b\x93\xce\xdf\xed\x9d\xf3"
    b'\xdb\x08-\xfc\xbd\xb3\xd5\xd72\xb6\x89\x10^s\x07\xcf2\xf7\x8c?>\x8edz\xe9*\x03miZ\xb2\xfe\xa0\x13\x8e \x9a\xb3E\xa2\xe7\xe1\x02g1\xfcO\x046L.\x90\x0c\x8b~}H0\xa6\xec8\xf8\x16\xc2'
    b'\x7f\xf9\x8d\xbba\x9d\x13\\=P\xe5wHU\xbb \xb5\x83\xce\x1f\n&\x1f\xae\xb2;\x98=\xd1\x96\xf0\xfe\xaa\xff\xe66\xb9-s\x0c5\xf3:\x9e\xf0Z\x95[\xd1U]m%9\r\x9c\x19R\xb9?\xadN\x031'
    b'x\x838\xfe \x98||9\x99\xfd\xc7\xcb\xc0\x18\x9d\x94\xe5\xb2{)X\x1d\x91n.$Y\xe6\xa2\xf3\xadlv$\x07\xe9,rJY,\xdfh\xd6\xe9\x05\x96M\xb8\x89\xb4\xd0\x80X\xb4"Ol\xa9x\x1ee\xe1'
    b'R\xc9\xfd\xb3)\x95\xd4\xa9\xf4\xc7P\x945F\xe1\xcf;\xaex\x98\xe1\x1c\x06\x0c\xd3\x0e\x9c\xfe\xee \xda\x9a\xe0\xd8\xf6\x12s\xf41NtZ_\x99\xfc\xef\xe9R\xcc\xcf\xae*\x92E%\xac*\x1a\xd9\x93\xce\xaa\xefI'
    b'\xe2\x17m)p\xabAr\xec\xd2\xd9h\xa0\x99\x00\x80\xe8q\xf0\xcd\xc1\xbd\xfdo`n\xf7\xd9\x01\xba\xa3\xce\xe6\xf0\xd1e?\x12\xf5\xb4:<jX\x9f\xf0\x87\xac\x10\xff\xce\xd7\xa7\x14l\xbb\xffK\xdd\xbb\xb6\xb7q$'
    b'i\xa2\xdf\xf5+J\xf0L\x13\xb0A\x88\x17])\xd1z$Y\xb6\xb5-K~$u{vh\x8e\xb6H\x80$F \xc0\x05@Ql7\xff\xfb\xc9\xf7\x8d\x88\xcc\xc8\xaa\x02\x08Y\xea9\xe7\xccn[DUV\xde'
    b"32\xaeoX\x16\xab\xecN\x94\x9dm'\x10\x97b#9\xe5\x91\xfcN\x88d<\xca\xfe\xc6,\xd8\x8a\xb8W\xd9\x95\x19o\xac\xabx\xb2o\xb2\x94\xb9d!Y\xcbp|>\xf8\x13Kj\x9d\xd4Lib\xa6\x1e0"
    b'\x94\xab>\xf78\xcb\x1e\xf8\xa8x\xc9\x93c\xb7gc\x1d8\xe0\x0b\xea\xeaF\xec\xd5U\xd6\xad\x9b\xadv\\E\xbb\x1f\xe8djl\xc6\x86\x80\x0b-\x9b\x08\xce\xc0F\xde\xa9\r\xe9(G\xc5\n{\r;p\xe3\x1a\xfb'
    b'\xe9\x97\r\xa8\xb1\xcf\xd3@f\xd0\xe7@\x017H\x89}\x8f\xd7\x8bm\xa8\x9fY\xf1Nq\x1b\xae\x8a\x92\x88c\xa7\xb8\x1b\x1a\xb9\xae\xaf\xd3O\xe8\xcc\xed\xd8\x99o\xee\x1f\xdd/\xefoJ\x7fL)D\x8e=\xc2\r5'
    b'$\x00\x8e[<K\xfe[c\xff\x86\xee\xde:\x10\xb4\xa0\xea\x00\x8d\xb5s,\x9f\x0e\r;)\x8dM~\xa1\xf7[\xa1\xf77VZ\x8e\xe9\xf1A\xd9\xde\xe8\xe2\xff\xf56\xb7:\r\xcb\xb2\xd1\xbbk|du%\xd0_'
    b'}\xc5\xf9P\x80"{z\xa5\xd9%\x92@:\x9c\xa9\x1de(\t2\xce&\xc31\xe2\x05b(\xab\n+\x81\x11O\x91\xabN\xf9*"\x0bt\xc4\xac\x18:\xdf(\xb3\xc8\x8aPd\xe9\xb9&)J!WBT\x14'
    b'\x8e\xb5\x01\xe8\x97\xa7\x92\xe5\x95\xfd\xba\xb1jz?H\x15\x11\xe5s\x81\xcc\xd0\x94\xc2\x92\xf7\xbe\x0b\x9b\x0b%\x99\xd1>[\xef\x16\xc1w[\xcc\x9dR\xc2\xa9\xea\xd3N\xe4\xdf\x85\r\xbc\x05\x1f+\xe1=z\x97\xe1\xd9V'
    b'o\xeb\xda-\xad\xfb%\xf2\xf7\xeb\xb1\xce\xef\x1c\x1bzm5~\xa7\x85On\xe3\x90`\xbf\xddN\xbe\x0e\x1c\xd4B0y0\xa1\xa25\x08SX\xc3D\xd7\xe3\x01\xa5\xae\xce\n\x9121-\xa9\x01\xbc\xae"\x98*\xe7'
    b'\xda\xaa)\x07\xe2\xdd\x196[\x93t\xbf\x8c\x19jE\xe8\x8ebi\xf8\xa0\xb3<\xe5Y\xa8\x83\xe0f\x99\xdb\x14N+\x90\x10\x87\xd1k\x93\x95!\xbb"\xdfF\x1cj\xe5\xbc\xb1x\xa7\x9a8:1\xfc\xb9\xef\xa6\xe8\xee'
    b'\xbbd\xc1\xa1\xe8\x1fG\x1d\x99\x1e6\xa4\xa82\xed\xcf\x99\xa0\x02cv\x136\xa3\xc2\x9aS\x8c\xa0\x1f\x85\xe1^\xa9\xef\xddd\xfa\x81\x15G\xb9FAZ\xfd1\xdaK\x19V\xf7\xcd\xa5J\x0b\xfe\xe5/\xa1\xae_\xf9\xb7'
    b'\xec\x89T\xb4S;_\xf2|\xd5\xe3\xb5\xf4\xceHGL\xa6\xe6k\x1d\xb2\xafx\xd0\xae9l\xf5\xa4Va\xa1^Mh6\x0b\x02\xd9\x87\x193\xb0\x88;\xb8\xaaK\xfd"kl\xbf\xad=\xf6A\x96\x93Ns\x8bK'
    b'\xb5\xe1\r\xd2\x92&\xb4\x01\xa9\x8f\xc9\\gr<H\x83#\xa2\xac\x1eF\xe8\x0e\xfb\x13Tcz\xe5\xd2\xb1#I\xfa^\xd7\xc0_I\xe5\x17\xca\x1b\xc7\x8f\xf2=\x95\xd7\x12\xe3/\xc9\x92\xa0\xf7\xf3\xa5\x1fK\xe9O6'
    b'\xcb;\xfa;"\x11O@\x8a\x84"\xb4\xb3\xef\xa8\'\xd8)\xd6\xf1\xef\x8a,\x12y!\xa9\xab\xc2\x08Y\x97\x1d\xd3\x04B\xb3\xc2j/\xaa\xe8\x7f\x9c\xb1:\x1cN\x05\x97\xed\x8f\xc3\xb0\xd7\xe6\x93nq\xe8\xb9\xab\xd4\xb1'
    b'b*|F\xe4\x92\x8e\x8e\x8eZ+l\xec\xd4\xe1\xf2Ay\xfb\xc1Ac\x87\xef\x1a\xafe\x92x\xe8\xeb\x0e:\x0c\xb3\x7f\xe0\x19|@O\x89h\xf9?\xea\xf2\xc7\x86\xc8\x1c\xc2\x99\x88\\P\x91+\x92\xaa?\xd4\xb17'
    b'\xa6\xaa\xed\x8f\xd1\xe0#lo\x1bpL\xff\x80n\x0en\x0f6\xfa\x0fZ\xf1\x8eb\x85\xa1t\xaemla\x1aZ\xf4\xe9\xefY\x06\xc9\xc7\xe9\xeb\xb0\xc5BuO\xe64\x849\xd9\xe5\xea*\xe6;\xf8\xe9\xe5\x93\xb7o'
    b'\xdf\xbf\xfe\xdb;&\x92\x93u(\x0e?\xed\xae\xdd\xebm\xad\x85U\xd0?\xa6\xbbk\xb7{\x0f\x90\xa2-\xe6\x8e\xdb\xdc\xe8=(\xf8\x9f\x97\x9b\x81L\x14\xf8O(\xd0tk\xb5\\\xc6\xb9"\xd4W\xbc|\x10>@\xc5'
    b'\xa1\xfcC\xdf\x91\x17\xaf\xfe\x85\xfdX\xd8\x8d\xe2\x17\xfc\xe7N\xf1\x12\xff<\x90\xcf\xbdf\xf9\x1f\x93\xc9)d\xa5\x9a\xa1\t/\x88\xa0N\xb5\x89^\x88\x15\x9dW\xf4E(\x15\x84\x80\xe9#\xcc/\x01\x06\xf3\xf1\x00B\xed'
    b'\xff=/G\x12\x163\xd3`\xaf\x12YA\xbc\xa6x4\x9c\x9b\xc33\xaf\xae\x8b,O\x96^~+\\\x857\xadh\xe8:\xc1\x80\x1e\x05b\x87\xbfq\x14\x00\x88j\xc6\x95G\xdaD\xca\xfd0\x1d\x9c\x0e\x88J\xc2l'
    b"\xef\xb9\x82]\xc4\x12\xc94r<X*\xa8\xec\xb2\xe2LH\xe17\x8a\xe4\x9asS\xce\x81\xb0\xd6\xc3o\x0bh\xe3\xd8\xcb\xba:\xe1X\xda;\xd6q\x84\xbfRsT\xdd\xb3\xb5?\xd0\xcc\x8e\xb4\xbfw\xbc\xdf\r\xf4'"
    b'\xfe\x02\xbf\xb6\x8f\xdbB\xbc\xc4v\xb2\xe4\xcf5\xba\x03\xe7\xa0T$\xb9Q\xa5g\xf8\xd5U\xf7\x8a\xf4T~\'\x90\x87L"\x90 I\x95\xe9\xfd\x9bn\xe1\xd6\xb6\x8b\xfcp\n\xf6\xca\xc4\xb8\xd5,\xa8\xa6\x9e=\x1f\xaf'
    b'\xcd\xfc\xf6\xa3\xab\xc4<m[\xa2\x12\xe8\x1d}\x8a\xb0Ps\xa6\x90U&\xde;\xfc\xdc\x10\x17\x81\xf7\x92\xc5\x04\x11\xe3\x11\x94T\x1b\t$\xde\xa7,A\x11\xdd\xbd3\xd9\xbe\xf8<m_\r6\xafl_\x8d>\xf4\x03'
    b'M\x7f\xe3\xf2B\x1dq_k\x1dQ!s\xcd\xbe\xfd08\x9b7\xb7\xb7\xb1\xa8\x19\xd1\x0f\x120\x9dM\xed\xe5MJ\x9e>\xe1\xf3\xad\xb8\xecz\xf8&\xd2\xd5\xa5\xcd\x84*\x91\x15\xc9`\x1a\x85\xc5\xb0\xaa\xa1K\xce\xab'
    b'\xdfOb\xbb\x1a\x00\xec@\xe0S\xa5\xf0\x18U\xb6\xb3!\xeabO\xd7\x15a\xb2\xb3C\x87T\x81\xb9\xced\xce\xb2\xd3\xf1\xed\xb2m\xce\xf7~\x8f\xf3A\xbe\xc1\xf9\xc8\xef\xee\x82\x8d\xedF\xa3A\x01\n\xd0\xb4\xed\x8b]'
    b'\x8ecq\x92f\x82\xfa\xc2.\xfc\xb4\x9c\xb6\xc9Er\xc9V\xcd\x85\xc3/\x925\xa5\x9c-H\xe78;\x9cN\x80B\xdb\xaan\x1a|\xf2\x18\xff\xd5"/\xc1\x9a\xee\xc8\x18\xe4\x9b>H\xea\xc6u)\x7f\xff3\\!'
    b'\xcc3\xd0\xcd\xd8\xe2a\xdf\x0c\x1b<P\xb8g\x86szX0M\x10[\x80\xe2\x81v\x94!\x830)%I\xa5d\x8b\xe1\n\xe7\x00w\xc9z\xd28O\x8c.\xb1\xd0#\x86f8V\xe07\xbe\xa4vd0\x8d0'
    b'N2\xfc\x95\xb2\x16j\xd9j&\x1f\x9d\xc0\x08;]\xaeT[(\x96W\x14\x1e\xb4\xec\x85\xe4\x1d\xe4\xde\x07v\xbd\xbf\x9f\xbf\r\xbc\x80\xe8\x0f\xff]\xe6\xf8\xf3\xd5+\r\xc7\xcb\xee\x9b\x87\xab\xa6J\xf4\xa9$5Yb'
    b'>-\x83C\xaa\x06rY\x14}@jI\xa1;\xad:\xc6}\xa6\x02`\x1f\xbf-noxz\x12\x1e\xdcg\x1d\xe3r\x1aXf\x97\xa22\xcb\xd9x4\x1a|\x92\xf1\x89\xfa\x7f\xb3\xd8h\xb9B1Y\xc8\x9fVr'
    b'p\xeeS\x1e#S\xb1d\xf2\x9e\xc8k\x927K\xa3FR\xe4]\xa9\xe6\xbe^\xf1\xf6dr\xa1\xa6=\xabS|\xac\x0bs9$\x82\xd6\xc5\xe4|\xd4\x0f\x8cr\xf2\xbf\t\xd3\x88T\xa0\x1ag\xc1|\x1f\xc84\xe2\xe4'
    b'E\xf8 v\xad\xd2RsE\x9cItJr\xf1\xa4\xd9\x92l\x85\xdc\x8e\x97\x81\x9b\x08\xdd\x9a8\xc0l\x9cY\x00\x8b\x8ao\x84\xd5h\xc8\xe1\xea\xfc\x02\x17Z"\rCo\x93{\x10I\x8a\x82(\x10\x8bz\x90\xc90'
    b"\x99\xa2vA4U\xa6\xfaqw\x83 c\xad\x92\xd8\x12E+\x89F\x87s\xae'\x1b\x0b\x1b\x89;\xc8P\xc8}\x96(\xd17\xb1\x82\x86<\xa0:1\xbf\x85\xd7\x1aM\x17OZT\xbb\xd0G\xd9\xed:/\x17\xa2^"
    b'\xdbDNA\xb7R\xb2N(\xeb\xf2\xd3\x16\x9e\xb4\xdcK\x9f>\xdb\x06\x1ac\xaa\x0b\xa7:\x93-\xfehp\ny"\x9e\x96G\xb7\xf0`A\xc7U\x99f[\xe0\xb7\xe4%\x17%\x02\xdb\xa8\x87\xe7\nk-zK\xca'
    b"\x08\xe2\xa7\x1a=p.&\xbaU\xe3D(\xcd_m*\xa4p>\x198x\xad\x06\xd3Y\xcd\x9dd\x917I\xac6K\xecz>\xff\x15W\x87\x10\xb21\xad\x05\x83nVi'3\x9f\xd5&N*\xb5\xa9\xe3\xeb?"
    b'\xa7\xd1\xc5\r\xd1\x90s\xd6\xd3#\x08e\xb2&*\t\x11\xe9\xcbe\xc9\x1e\x87\xebz\xa7`F_\xe1kA)\x083\xca\x1e)\xaf\x8bL\xae\xc3\xb9UL\xd7mq\x1b\x04\xb8\x85\xa8\xbf\x18r>\x14?\xe10\xbcx'
    b'z"\x17\x18\xef&\xef\x92\xf6G\x96\xb6\xf1x\xb0\xca\x8diBT\xbe\xdax\xd2\xca^G\xda\x8e\xd1\xc5\xa1q6dCN\xd3~\xd4\x11\x8aoy8\xd7\x96m\x1b\xc3\xcak\x9d\x8cO\'\xe7\xb3A_\xe2\\\x1bs'
    b"m.\xcb\xb6\x99\xdd\x14\xc0A\x1b\x1c\x9c\x0fG\xcc\x04.qy\xa4\xd4P\x07\x9a:\x98\xe14\x13\xe2\xde:\xaa9\x12\xc7\xf0q\xdf\xd7\x0b\x1a\x1e\x99+u\xd5\x94u\x8awF\x10\xce'\nR!\\\xd6\x08\x81C\x00"
    b'\xc5\xa1\x1f\xdc\x14\xc3*\x03\xd9\x8f\xd5"6X\xb0\xcd\xff\x08\xab\xb8#D\x8d\x95\n\xc3}!.\xd1\xca\x99\x9e\x94\xfd\x9d\xa6\xd5\xbeJ\xe3OK\x97\xb2\xa3j#i}\xaf|>Q\xe7Uw.K\xa41\x99\x84\xc6'
    b'\xd0`\x9e\x18\xac9&(j\x10\x11\x8f\xb0L\xb2\xd35\xb9\xa8na\x85\xa3\x94l\xa9\xab16\x05\x8b\xe7;\x0eOZ\xd9\xebe\xb9\x91\xad\x88m\xcay\xcc\x8e\xac\x83\xear\xd3\xd9Hq\x9c\xa2\xf4\x9aW\xb1l\x07'
    b"6'O\xbe\xaa|\xdf\x9cx\xd9\xed\xdez\x1d\xf1e\xf8\xe4|\x9ehRu\xbd\xb8\xbaY2\xb7\xa9\xa6`o\xa2X(\xed\xf5u9\x7f\x9dYC\xcbi\xcc\xe3\x99\xddBZ8\xff\xd2\x89*I\xbe\x8ao\xc3\xb6\xe4"
    b'\x9f5r\x9b\t5\xbbM\xd5Y"fD\xeb\x86G\xb6Za\xf7\x0fF\x12\xffj\xe7\x0f\xbc\xfaL\x14b\t/:\xe5\\R\xf1\xa3K\x80\xa9\xb87)\xd2$\xbeH\xadJ\xa1\xf9\xc1@\xd1\xa8e[\xc2j\x90\xd8'
    b'?`|\x00\n\xdc\xc1+\x92xX.0\xa9\x18\x1dJ\xc9\'\xc0O\xce\tQ\x95M\x8c\x0c\xa4qg\xd0\xc1+r\xdf\x8fv\x8b\xcd\xad<\x17\xf0"\xa2\xa7\x04O\xaa\xc6I\x9f-\x9b\x91\x872\x83:\xcc\x13\xe2s'
    b'AEC\x1d98L\x0c\xcd\xea\x959\x92\xf9\xb1D\xc2\xa5~L\xb7\xa9\x999\xebkXL2\xd3\x85ua\xe5\xa0\xac\xc9G`\xf2i\xcb/|\xa0,O\xc1\xe7\x85y{6\x1a\x86\xa1\xbd\td\xad\xed8P\xaa'
    b'H\xdaM\xfb.p\x96 s\xf8\xe8?\xc2]\x87\x9a{0\xebt:\xc5-\x9e\x83\xc9\xd1\xd1l0\xff\r\x82\x97\xd4\x87\x05z7\x91\xa3\x95Kzm\x84z\x8e\xe6\xe5\xffF\x86Z\xe4\x8b\xe8m\xdd)\xe0<p\xbf'
    b'\xd3%\x11nnI\xa3\xf7n(\x7f6\x8c\x80\xda\xdc \xccK\x1c\xa3\x92\xb0\x1f\xc2\xff\x8e\x06\x17\xc5`L\xbc\x1a\x03\xc4\x0e\x13\x15\xee\x8d\x8b\xc94\xd0Q1I\t\x10\x8eT{<\xf1^\xd4\x99\xd5\x93\x11\x15\x07\xc6'
    b'N\x88\x81\xebR\xd0BJ"\xd90\x9d@`@o,\xd8\\IJ\x9d3d\x7f%\xde\x80EsB\xcdGM\x9c\xa0\x1a1\x9c3I\xcd\x82qM\x96M\xcf\x83Z\xa2\xcd\xec\x12hg\xa1\x19\xad@\xe7[a\x01'
    b'c\xb8\x0c\xec";\xc5\xb8cz\xb44\x82\xc6\\\x99\xc6S\x82\n\x06\xc6k0\x9d?%~=K\x00\xb1\xc0S\xc3\xab\xdc\xff\x1az\x10(a\x9e\x8c\xfbL\x9b\x00\x9bnE\x95\xc4d\x0e\xabe\xa3E\xc9|\x96\x8f'
    b'\xcb\xb3\xe6,\xb4\n\xf0\x96\xd4@J\x85h\xd8\x84\xe65\\fI^\xd6\x8dH<\x19\x15^\x15M&4\x1e\x08\xc8!}`C\x1b\xd8\x84R\xe7\x12b\x81_\xb0\xca&\xe2\xb0\x12U\xa8\xed\xc8\xef\xdd\x86\xac\x0ep'
    b'\x18x\x8d\xa7\xecB;Z\x99\xbaE\x0b#\xc5\xbd\xde\xcaO3\xf6vocc\xf3Zc^\x1d\xbbe\xe9\xff-\xa2\x1e\xb7`\xf0\xebF\x1b\xe3\xdf\x91\x9d\x18/\xdc\x95\xbe\xe0\xff\xa2%\\\xc4RF\x88\xad&\x96\x0e'
    b'\xfb\xf9\xd6\x08\xcbu\xa4Z-}\x9d\x1f\x12g\xf8X\xac\xe2j\x9az\xd4\xd5y\xb8\xda\xaa\xbcxe\x8b2\x1cW\xd6\xe4\xfb\xddbk\xbb\xf7\xe0\x7fjI\xbe\xfd\xd2%\xa1S\xc2\x92\x01?}\xf2\xec\xafa\xb0\x7f\x1b'
    b"\xf7'a\xa47\xb9\x8f\xa1g\xd2H1(s\xd5rp\xcd\x90+\xf9~\x03\xd9xZ\x8aD\xca\x80\x8f\xce\xc3\xe5\xfdx\xfdJ\xf0\xb3R/\xc2\x12C\x0f\xa0\x1d\x91_\x7f\xba/\xaf\xc7\xbe'\x9e\xd8\x9d\x10asz"
    b'|\x90\xc1\x8a\x84\xdf\x95\xf0\x89\x8f\x95\xc0\xffvk\xa3\x92N\xe5c\xa77\x9fh\xc0\xd3\xe6\xddNG\xed&\xeb[\xea!\xa4\xf0\x8e\xadj\x07\xce\x07o\x8e\x0f\xda\xfd\xc1\xb1C\xae\xc2u\x80G\xc5\xbf\x17\xdbw\xb9\xb1'
    b'\xf9\x0f\x7f\x85sz7\xba`@c\xb9u\xe7\x0en~x\xce\xc7D\t\xed\x13q\xaf\x8f\xc0\xf8\xbc\xa1\xca\x03J\x14{{\xe1\x93n\xf1\xa9[l\xecw\x8b\xbd\xf0/\x7f\xf3\xc7\x86\xfe\xf8T\xc7\x0e\xc3;)\xab_'
    b'm\xc4\x1f\xf2=\xbe\xf2\xc8Klo\xcf\x85\t\x9c`\x08w\xf79\xb5i\xe6\xea\x13\xe2WD\xdcF\xce\\(L\xe6\xcc\x8br\x0fS\xc4\xa4\x8b\x15i,\x06Z\xcd\xda$\xfa\x11\xf6\x08\xfc\xf3}\xb1\x11\x83\xde$\x08'
    b'2^s\xb8\xfd\xf1\xc5:\n\xda\xf3\xb04\xd5\xdaB\x0b\x80\x1d\xc2+\xae\x1e~\xd3P\x8a?\xb6\xf6A^Q\x1bg\x80I\xa1\x18>_\xa9`3U \x9f\xe9\xf7\x1b\xf1{\x8b<\xe1\xe7\xae\xe8\x86\x15\xdd\xf4Eo'
    b'\xd3Z\x14J}\xbb\xab\x9b\xc6\xb6/\x1e\xfa]U\x81\xed\n"\xe7\x13 )}\xd6:\xc0[\xeb\xce\x9d\x15W#\x156\xdf\x92\xb0\xf0;i\xf5\x17\x9d\xbf\xe8\x1d\xac{\xcc-\xe6\xe3\xc0\xf2\xee\xf8#\xd9\xfe(\xad\xc8'
    b"\xe2\xa1\xc9v\\J\x10\xd7\xf0*\xa3\xa4\x81:\xd0B\xe5\xb7\xfe\xac\x9c\xef\xb0\x95\xc7\xd9\xc7\xb7\xf8l'/\xcbXP\x96\xbe\xaaQ\x19\x1c\xf2\xf0OFf\xf6\xc2\x14\xcf\x06/\xc2\xb5\x18\xde(\xbd\xd8\x04pm\xb7\x08"
    b"\x14\x84XV\xd5\xd7\xdb\xdd\xe2\x8e\xbe\xbe\xe1\xed\x8f\xb5\x82\xe1@\xde\x93\x82\xfby_J\xe4\xf5\xbd\x84\x05\x07\xba\xc5\xb8\xb6\x92Cs\x97*9\xe18\xab\xd0`\xe5i\x16m\x8br\x82\xf0\x90\x80\x8aQ\xc4'T\x15\x96"
    b'hW*7\xe7\x9f\xe4(I\xe4\xa9\xd9\\|\xd9\xc6\xda\x05\t\x0e\x1fP\x942\xe4,\xcd+JC\x9f\x83\xdd\xa4$\x8cv\xce\xcf\xdeM2w\x8b\xc9\xf8G\xb1\x1cW\xfc-(\x85\x05f\x9e\xbaF\xe5\xe4\xcbyb'
    b"\xe5Q\xd1^9Gh\xdffE\x0c\x18\x94\xd3 9i\xb4\x8c\xfdx\x14\xbe\x8e\xbf2}\xf0\x11\xacQa<{\xfar\x1f.\x17|\x10\xaa\xef\xf8\x86b\x88\x9f=\xeb\xca\xdb\xf8\xe1w1'\xc7U\xd5\x9f\x83\x99\xbe"
    b"w\x8bh\xba~(O\xbeg'\xf1\xe7\xfaz\x8ag\xc6\x94\xec\xe1a\xd3\xf0\xe0\xd3\x8a\xc1\xf1{\xc8\x18\xfa$N\x13\x7f6\x0f\x91\xaf\xf6\x03\x15\x95\x9fl\xa2Sm0\x0e\xd3?\xefZ)\xad\xa2>T!%\xb2O"
    b'\x16\xd0\x1e\xcc\x96yzD\xe87:\xbc3\x8d\xebP\xf2fJ^W\xb7\xe3\x82 1N\xea\x13\xfaVJ\xd2K\x05\xb1\x90\x1c\xb0cMo\x0b\xad(\xc8\xa2zc\x12\xcf\x91\xe9\xd8L"\x88\xae\x10\x90\x99bx*'
    b'\xfb\xd6`c\x15-\x8c\x0bl\xd5\x98m<\x0f\xb3\xa0\xb3\xc2\xf7\xf4\xb6Q"\xc7\xdew\xb4\x91=\x96\xc6\xdc\xb6\xf3\x07\xa0aQP\xcc\xa2m\xdd\xe9\xae\xc5\xd3\xcb\x19\xcb\xba$G\xe95}\xf3\xb8\'\xb5C\xd7t0'
    b"\x8b\xde\xbb\xd9\x96\x1a\x02'\xa7\xbdt5\t\xc2\xe2f'\x0f\x9d\x07m\xb0\x18G\xc1\xe0\xf3\xd0\xb8\x08\xc8^\x13\x83G\xc7\x14Y\xa716!\xa2\xa3h\xa2\xb3\xaa\x934\xf5\x0b\x9a|7\xb9j\xab`wV\x1e\x13\xb9"
    b'\x86\x8aax\xf0zX\xce\xbaa\xda{\xbeq e(\xf912\xad\xe6\x88\x8d\x17s\xf3\x87\xfb\x19y\xd7-\xd4\xd3\x06\x89\x7f\x99\x06\rA\x82\xf0\xb5\xa5@:\x9c\xce/#>\x00#*D\x91}>\x0e\x7f\xd1E'
    b'\xf0\xc7\xbf\xbd|\x89H\xad\xf7?\xbcy\xf2\x1b\x1c\x055A\x96\xc5\xef\xfe\xc1\xb3\xbbSloD\xbb\xd3L\xb2\xa7\xd3\x9f\x8e\xd9\xd3\x03\xa3\xfa\xf1\xf8\x1aq\x02\xea-\xe7c\xa9Q\x8f\xad\x0e]\xb1\xe6\xcc>\x0f\x1e\xe7'
    b'\xe1\r\x8fPC\x17w(\x16\x81\xd2E\xc7\xa9\x14\xd9\n\xa9:)\xf4\xa8\xf5\xf0\xf3Q\xce\xc2\x9a\x87S\xd3\xe8\xde\xf2E\xbe-\xcd\x8e\'\x85\xf3\x16\xa8c"T\x9c\xfa|p\xb4\xbb\xcc\xac\xefp@\x95\xad(\xde\x18'
    b'\x04\x84\xf5\x0b\xeb\x11\x1fJA\x0c7\xc8\x1c\xeax\x05\xb2G*\x9e\r\xff1\x88\xdfti\xb69\x9e\xaa\xed\x7f\xc2\xa6RK\xc6\x9b\x86~\x8c\xd3V\x90\x80\xfc\x8f\xc7+/\xa1:\x02\xe2\x131b\x07r\xfb\x9b\xfa\x95'
    b'D\x7f\xa9 nw\xb5\xa5[\xd5]X\x15\xc6\xab\x8ax\xab\x9em\xd1\x8dx0U7Gg8R\xffbqJ\xc4\xdfW9\x04DuS1-\xd1\xf8\x8b\x11!\x8c\xfc\x1c\x9e\x18\xc6\x92.\xab\xac\x8c@Aa\x9b'
    b'\x04\x96\xd6\x81G\x19\xaa\x92\xe42<\x9ck\xa0\x86\x01RI\xae\xf8hx\xf2\xfax\xc5\xd8\x14\x80-d\x1c<)\xc7\xc7\xa2\xe6\x17g\x0e>\x10\xc0(8R\x84\x15W}\xab?l\xa9\x0b\n7%\xfdW\xf8\xaa^'
    b'\x01\x02\xfc\xf2\xf9\x0f\xd2A\xd9j\xe5\xf9|r\xf4)\x90\xac\xc3\xc1\xd9\xdc\xa12\xbd\xff\xf1\xf9o\xcf\xdf\xbe\x13\x16!=\xfd\xe55\x9fmol$Lh^$\xa9F(\xdc\xd4<\x9a\x03fi\x9f\x08\x99\xa3@\xf8'
    b'\x92\xf7\xa2\x82J\x15\x01\xa8\x1c\xd0T\x05`\x9a\xda8z"\xb8\xbe\xbd~\xf3\xc3\xf37o)\xd9\xb6\x08\x84\xfd\xe6)\x1b=\x9d \xab$\xb1\xa5Z\x10S\x11fG\xa0\xee\x9f\x9e\xea\xef\x83c\xfe~\xfaSk1\xc0'
    b'\xf8\xc1\x94u>}#\xdf\x1cL\xf9\xcd\xd37?\xe9\xefc\xbe\x7f\xfaSx\xbf\x9f\xe6&\x01\x14\r\xd2\x0c\xd1\xc4\xa8x\xb2F\xcd1k\x07\x03\xf1\xecYa\xaaP\xbf\xce\xd6\x9f\x99\xaa\xa7o^\xfc\xf4\xf3\xbbW\xcf'
    b'\xdf\xbee\x0e\x80=E\x12d\x8a\x8dm\xcd\xb3\xc1\x04\x93\xcc,\xb1\xd1\xbb\xa7\xd8\x84L\x82\xb5\xb9_\x03\x95\xfau0=\x84^/\r\xb79\xa9\x90\x03p\xca\xe8C\xe1p\xb3\x8f&#\xc9\x84P\xdd\xd3z;\x0b\xa6'
    b"\x92\xa4\xab\xc3\xec\xb9:'S\xb7\xe9\x14\xcdL\xe7R\xc0\xe6$\xb5\xb9\xdc\xa18\x1b\x95a\x04\xca\x14\xfe7Q\xc7\xdat\xad\xe8\x87K\xd4\x99t\x8clE\xe5BB\xa2\xda\x15\xd4rc\xa5\xfcNm\xc4P\x1eN+"
    b'\x11\x11g\xea\xbb\xbe\xa8i)\x90l\n\xf2\xbbG!\x94>\xb3\xc3\xa9b\x1f\xb9\xb7\xf9\xdd\xc72\x9b\xfb>\tv;\x01t\x056\x12\xcev\x18\x89V\xd6\xb1jd\xd8\x14\x18\r\x1b\x8c.*\x9c\xae\x8c\xda\xcb\x07Y'
    b'\xa4T,\x17M\xdc\x91\x98x\x16\xae\x01{\xaf\x87t\xb6\x00O\x021<bZ h\xf8\x193P\x8e\x85m\x97\xd2\xad\xac\xa1 \x1b\x9c(<n\x93f6G\xa1\xfaC\x01\xdd\xf4[\xce\xe7\x95\xb3\xee\x8b\xef\xad\xb3'
    b'e\xc7\x14}(o\xae\xbb\xa4\xcdn\x87\xd2\x9a%X\xc8r\xba\x91H\x08\x98\xccG\x81\xc8\xf7\xe9?n\x0c\xeeh8\xf3h\x8a\xb0UDIW\xcb\x1b,Vv\x9e\xa3\x1c\x9e#\xa6u\xc4\x16\xe8va\xf6\x91\tN'
    b'\xf9G\xfb\x811\x08\x8c\x89\xdb\xa1e\xb78pg\xbb\x84\x01\x11\xb2~\xb1\xb3\xa0f\xcc\x84v\xb7a\xc3g\x04\xe3\xc6\x9f\xdc\xf4\x95-\x9f\x83\xc2-\xd8\xf3\x0b\xc9\xd6w\xbeS\x11\x1c\x8b\x87\xf91\xa2PK\x01;\xcb'
    b'\xfcGqb\x1a>\xf2\xd5.;1\xcb\xcf\x8bl\xba\xa6\xb3\x121+s<\xdd#%\x83\n\xc0\xad\xb7\x84\xf0\xd9\xde\x95\x94\x94\xf5\xe3\xc0r\xd6^\x7fD*\x07\xc4\xe3\x18*\x9b\xe9\x0fK\xc7NK:+WN\x06'
    b'\xb5sr\x95%\x8e\xa7\xd3j8y\xb3\xae\xf7\x88=\x11\xb6\x02\xe7\xe0\xc0X\xa1~\x03\xed\x86C\xac\x83+r\x01I\x191\x86\x12/\xa7o\xc7\xd3\x83\x16\x14\xf7\x7f\x0bK\xa0\xf0z\xcbd\xa1\x9d|\xfbT\xd7:\xc1'
    b"\xf0\xe2w\xabi\x8c\xd5\xdb}8w\x11'\xb6d\x16\xb9V\xc1\x18\xc5zW\x06/\x08\xd0\xefJARJ\xe0o\r\xf7\x90\x9b\x14\x19\xffc\xc9\xc8\xea\x9e\xec\x984\x94\x8a.9\x12<\t\xaca\xd9\xa4\xd4&\x81\x94"
    b"\x90j&\x92C\x9b\x90\xc8\xfb\x08\xa2\x1es\xad\r\xe6\t\\\xd1\x9c\x8d\xa3\x9cn\x14R\x12 \x1e\xe1\xc6\x17e\x80PV\xec'\xe5\x84\xb2i\xa4S\xe9xv1\xc8\xa4K@b\x871\xd8Dv\x89\xdd\xb6t:\x1d"
    b'\xd1R8K|RGj\xd4\xf4\x15R\x06\x96}n\xb9\xf8Q\xab\x95L\xa7U\xe2\xae\xdc\xc2lr:\xa8\xb3\n)U\x05\xaff\xd6-`\x9a\xf1\x9a\xb5\xfc\x0fZ\xed\xe3x\xb5\xf1\x9f+M\xfea7\x16\xe3\x85d'
    b'\xd8\xa6\x92\xf7\x07\xdd\xa6\xe0*\xe2g\xc9z\xdb\xc0%\xc9\xf7\xad\xffj\xff\xde\xff\xae\xfdx\xe7\xf7^\xf8\xb7\xf3\xb8\xf3\xef\xffv+\xaa\x833\x14O\xfb\xfc\xb1\x91\x10}\xa0\x16\x8c\xc0#\x16\x91\xba\xb0Wnc\xba\x8a'
    b'\xbeW\\C\xf7\x08\x86s\x0c\xb6\x19n5\r\xfb\xaa"A\x81\xdat=H\xae\xe5\xe0R\xd6D7d\xca\xdd\x14\xc1\x84C\xaf\xce\x94\x13\x11?\x99\x08f\xd1\xa4\xc0\x00\xc1\xfa\x97(1\x84c\x1d\x9e\xad\xe2\xff\x82r'
    b'\x15/h|\xc9\xb9h\xc5\x02\x99\x7f^^\xe5\xbb\xd0\x81W\x93\xfe\xa0\xdd\xe2\xa0Z\x9d\x9a\xd6\x7fQ\x1f\x86\xe3\xb3se\x99Y\xb47\xbf<c\x0f$\x1a\xb4\x95^\x9c\x0e\xc7\xf10\x88X\xea\xde\x95\x9f\xe2;\x08\xa7'
    b'\xe9\x8d\xb1\x03\x86@\x9b\xde,\xbd\xe4$N`\xec\xd5\xccm\xdft7\xa9?R\xab\xceH\xe3\x1aG\xfa$\x98\x92>#\xd9u\xed\xff|\xd3\x1dGI\xa4\x8b\xbbix\xb9o]\xe5\xaa\x16\xb8b|\x13\xd1c"2'
    b"y\xc3\x15][\xf4\x94:\x82v\x96\xf1p\xd9\xc2\xceN\xcb\xd1H\x16\x16%\xab{\xf4\xe5\xf3\x1ff\xcd[\x0b\xa5;\x8do\x9a\xa4\xb3F\xf7N|\x19\xfb\xb9rh\xc4\x92\xc0\x88&\x80\x93\x05\x8a\x9b\xaeJ\xde'\x1a"
    b'J\x13q\xbb\xe9\xb1\xdd\xa8\x04\xd3\x98\x08\xa7\xd02\xaf\xcb$\xfd\xc2E\xeekA\x9b\xe6\x1aJ\xc0\x85\x95\xac\xff\xe0R\xe9\x19\x94J\x17\x13A;\x15\xea\x15n\xcd^\xf13\xdd\xac\xcc\x07\xfd\x88\xa1,\x07\x97IL\x8b'
    b'\xc0\xe7\xc50\x82\x14\xce\x06\x1a\x1f4\xb4\xab\x17\xa1\xb1\xa1\xf6\xc8\x07P1c\x8a;\xa7="r\xbc\x18a\xc8\xf0\xfd\x83\xa1\x80\x9e\xe42\xbe\xdc\xdc\xb8\xca)\xa5\xfb\x93a\xbf\x0f}\xc7\xbcW\xfcr>CX\xae '
    b'\x0e\t\xec\xf8,\x90\xec\xff\x93\xfbg\xfd\x1f*D\xfe\xf3\xf5\xeb_\xde\xbe\x7f\xfd\xf7\xe7o\xa0\xeb\xda\xf2\xaa\x8d\x9a\xc3Mr|k\x08\xff\xabDH~c<\xd5\x10q\xb2\xad\xa7\xe1\xabJ\xd0\xa4D\x9c\x9b\x07\x9e]'
    b'j\x1b\xbd;yD`t\x16\xad\x86`"\xf0\xcf_\x87\x0b\xdcJ]\xf8!\\>E\x89{\x0bn!\r~\xa5\xb2\x13\xcd\xe9N\xb4\x9dp\xa0\xa5)\xe4"S\xd7\xab\xffm\x93\x8frt+\x8ex\xfe\x17\xe5eQ'
    b'\xdeP\xafb\xc1\xd6e\xb4\xa5\xe2\x97\xa8W\xdf\x8e\xd8\xdc.\x863a\xf0\x84\xfd\x95SU\x0e\x11\x0ejH\xbc\x0c9\xc8p\x08\xccq\nDN\x9c\\\x19Z\xc3%\x83\xc1e0\xd20lM\xf3{h\xe95\x91P'
    b'\xfbSy8\x0f\xbd\xdc\x14\xc8\x01\xba\x9f\xd2\xfd\xcf\xbb\x16\xd3\xd0\x176\xfdf\xef\xae\x88Q\x1c\x93\xa1_\x1d\xca\x8c\x91\xa1\x85\xce\x97\x88,p\xdc\xcb\xfeo\xab\xab\xa7\xa8\x0c\x9b|8\xf5\xe1\xacTe\x85\x9b_\xd2\x9a'
    b"H\x1c+\xf3\xb6T=\xde\xf8\x84\xda\xb3\r\xe5\x906l7E\xc7\x1f\x96a\xc0\xcc#\xe4\xe7\xd8\xecX=\x9bf\xe5\xe0:\xb8+n\xd3\xddk[\xb7e\x1a\xf3X\xf9\x7f\xf5\xce\xff\xdc]\x1f\x91dJLGe'"
    b'\x87\xc1\xb7# \xb5\xcf\x08\xb0\xe84\x14\x12\x94\xbd$, N\xd5\x06\xa2\xc6\x138\xfer\xff\x7fO\xdb/$-\xa0Y\x1b\x81g\x15\xf6\xe0!\x92\xbd\x0e\xf2\xbc\x9f\xf3\xc9d\xf4\x19\xf9A\x98\x074\xe5\xe4HM\x88'
    b'\xf7\xfc\xc1\x00\x06\xdf,\x84\x12\xa1\xe8g\xc3\x81\x10k\xda~$g(lI\xacBc\x9a4\xd2\x00A\xa0A\xf8\xe2\xeef\x86k\xcbw+I\x0b{\xfebQ\x85\x04+e=\xb4O\x85\xe6.\x85\x14X\xc4\xa7\xe6'
    b'\xd3a\x12UM)F\xcb\x07\x15w)\xf3-#\xabN\x13X\x9c\x9b<|b\xbam\x0fT{9\xf3H\x18y\x9e\xb0\x1aV\xc5\x17\x82SdI\x1a\xc2\xb5\x03\\\x81X\x82\xbf\x91v\x18\xc8y\x03W\xa3=\xe9\x16'
    b'\np\x13\xbb\x84\x9f\xbeNfWG\xe6\x960\x7fO\xf9w\x0cn\x95W\x9d\xae\x90/)\xf2\x1c\x7f\xc6\x12|\x91\xb9\x08i:\xc5\xa6\xc2\xfa\xaa\x9a\xf8,\x88\na\xf3|\x1d\\\x95\xeaQ\x97\xdc\x9c\xd5\x15\xcb\xe0$'
    b'<\xc0\x85\xb7\xccV\xe2\xc5\xc4\xc7\xbc\x11\x07&\xf3\xfcQ\xe3-\x0c\xf1\xfc\xf3\x91\x80<4\xc7\x1bJ{\xf4\x82A\xe1\xe4\xf5\xa2(\xdb\x81_\x1c\x1e\x8f3\xec\x91=\x14\xdc\xef\xc61\x85\x11&\xfc\x95&\xc0\x06\x1c\x8e'
    b'*\xeaG8\x11/\xf4\x9e\xcb\x80C\x14\xa35\xb1A\x9a\xd7\x07\xc1=`\x95p2W4b\x7f\x01\xa8\x08\x1d\xc2t|M\x88!YiaO\x16@\x9c4\xad\x0c\x83\xaflm\x9a\x16\xfaO/\x85\xa1\x87\xd0\xf2\x1c'
    b'V\x17-u\xeaH"\x8d\xcb\xe5\x937\tm\x16\xaeG\xf2,}%\xe6\x1c\xd6Y8\x07\x98\x9eJW\xb7\xab\x19\xcc\xc6\x93\xc8+[\xfaf\xc9\xafS"\xcfS\xd7|\x90$\xb8i\xb6fQM\xb4\xde\xef\x90\xca\x92'
    b'"\xfbT\x8b\xb6\xc85\x18\xa63\xa6\x89\x86\x1e\x19odff\x82\x83\x91\n\x99\x07\x03(\xb4\x9alO\xe35!\x04\\\x96\xde\xb7\x19\xc8x\xd4\xf79d\x1d\xdd\xe7\x03d\x13:\xb2-\xdf\x93\xe4\xd6C\x11.\xc6\x9c'
    b'\x91\x11\xefqD\xd3\x9f\xc5\xd0\xa0p\xdf\r \x9c\x1d\xaaE\x90\nd\x01\xc8\xe5\xe4\ts%\x1d\xd7\x07\x8e\xb1\xd3\xfc\xc3s\xb8\xed\xf0:\x8cc\x8c\xc1\xa1%\xf3k\xb3\xdfv\xf1\xa9d\xb4\x0c\xdcJE\xc3I\xe6\xa0'
    b'\xc0J\xc4o,\xd4\xd9u\xae\x1f\x18 Q\xf9\xa2\xe2\x9b\x18Bz\xb6\x85\x0c\xa3e\xcd\xe5^!\xd0\xa2\x01\xd6\xd3\x05\xf6\xf4K\xf1\xaf\xc8\xe2>\n,\xb1\xfd\xfd}\x1d\xf5\xe3Z \xa1\xe5\x04>\x83\xc7\x8a\x84@\xc1'
    b'~\xf2\xa8{>\xac\xe4q\x10\xb8\x8d]7Z\x8f^\x95\x13\x06E\xfc\x91\x0c5\x19\xe6O\xaa\xb1k8\x82\x1c.\xb8\xe7\xab\xe5!\x06\x19\x91\xff\xfa U^E\xd3tu\x80\x10i\xe0\x04b(\xbaf8\tlp'
    b'W63\xadEN\xb1(\x14a\xb5\x18f\xf9;*\xe5\xf4\x95{\x93\xebK\xe6\x93\xe3\xe3\xd1\xc0\xbf\xf7X\x12\xadGtE/\xa7\xc3r]\xe4\xf4\xdd5\xd8\xbf\xd6\x08\x1f\x81\xde\x0b|\x04J}O\xd8\x14\x8e\xc5\xd5'
    b'\xd6\x1f\xce\x10G\xc0\xacSGG\xbe\x83j\x11\xe3\xbf\xfe\x83r^\x86\x19\xec\xc1\r\x87.y^q\xcc"\xf5\xd9T=\xb3*\xef\x98\x91C\x92m\x1c\x85\t\x03\xcfL\xb5\xe1BM\xedb\x05\'U\xb5u\xf5&\x1e'
    b'\x8brS\xa3\n\xf8\x80\x1aM\xb4kOL\x93\xc9\x7f\xed\xa1\x8d\x8f]\x83&\x13\xff\xda\xcb\xa5\x1aNy\x15Q\xd1\xdb\x1cg<\x0f2`\x9d\x89\xd8zGc$:\x9d\xa5F\xbdP\xbe\t\x8f\xea\x1d\xae\xcc/\xd2u'
    b"\x93:\x85\xc2\x9e\xe2,\xd3\x7f\xafF\xf3\x1c\xa0\x91}\xf0\xb8\x0e\xf6\xb7\x93 \xcb\x04\x87\xffZ\xad:B\x9c\xf2\x88R\xf2\x0cz9\xf0G+\x82\x97_\x88\x96R\x02\xad.\x99\xbbm;E\x9e\x8c\xa8j\xc5'?\xe1"
    b'\xcek\xb7\xfe\xf2\xcd\x83\x07\xf7\xef>\x84\xb3\xd1[\xbe\xc5\x15mA\x96\xe1w\x1e\x08\x9a6\xf5\x05\x85\xcd(\xe6K\xeac\x0c\xbec\xa6V$]B\xa9\xd6g\xc4\xb5\xe9\xe6\xf8#u\xdf\xb6\xa9\x85{\t\xb79e\xd6'
    b'Yt\xe7\xc9!T\xaf\x11\xa9@\xfa\x10\x81\x16\x15t\x11(\xa4\x18\xcc\xc2\xae\xb4\x04\xa8\xa4v\xef\x92_!\xfd@M0\xc4\n~${\xd0R_\xc3\xf0\xe7B\x04\x15/\xee\xc43!s\xc7\xc92t\x84\xfa\\\xb3'
    b'\xde\x14\x85\xa4<\x93\x1b\xb4r\x00\xb8]Z"\x9b\xe8\x9d\x1a\x0eEK\xcb/\x99\xfbEC\x166#\x8dya\x05mY\x9f]\xb1\x8b\xb5\x84#\x11\x14#\xe9\x9a\xa0\xfa,\xe1I\x96!o\xb7\x18\xad\xbd\x80[\x91\x99'
    b'\xd71^3\xf7\x19\'#\x12\xdc\xa2)\xd7\n;\xcda\xc4#Z\x13t=\xa8F\xd8\xf5wf8I\x9b\x1b[\xdb\x9b<J\xffk"^\x95\xadn\xa3,([\x12u,[ \xaf\x9fH\xf8\xf9f\xcd7\x8dE'
    b'\x84fv\xec/9\t\x99$4\xb2p\x86\xf0\xf2\x89\x08\x8c6+\xd5q\xa3H\x1a6YO\x95\xcbT\xe4\x0b\xc7,f-R\xfe\xbcB`\xee\xdf\xbd\xfd\x80\xb3\xf2\x86\xafM\xc9\x8c\xbf\x17Q\x17\xb4C\xear\xdfS'
    b'\x13mr\x05 \xe2\x05\x14%\x89\xa99Q1_A\xa6%8\x1bR\x95[\xcc\x08\x0bFF2CLS\x81B\xebJ\x91\xdd\xd3\xc1\xec|4\x17\xde\x1f\xaa\xa0\x19\x13\xe6:\xa0\xc0\x8b\xd2\xa0/hI2w\x0c\xc5'
    b'\x94\x90\xd7\xe5\x87\xc1\xf8\xeb\x00u\x9a\xd9v5\x93\x15K\xe6\x97\x8c\xac\x10_\xb4\x84\xd0\x89`\xbb\x10\xdb\xcf\x9b<W\x85P\xbb\xc6\xb0\xec\xe3\xba\xeb\xb6\xe5\xd4\xc3\xcfARc=\rHj@B\xfb\xb1\x92\xf7P@'
    b":}\x07\x8c?\\\x86f\x96\x8a\xcf\x9a\xad\x89W\x8b\x8e\x00\xbfI\x1a+\xda4\x1c\xc9Obm\xaba\xd9\x8b\xef\x9b\x88M\xd7\xe6i\xf1\xe5W\xbf\x058\x9fr\xd8\x8d\xbecV\xe3\x93\xad\x85'\x107\x81)\x14\x88"
    b'\xe2\xa7.\xc6\xb2(\xf6&\xd5\xbfn\xf8\x86\xb1\xe0\xe2\xbc\r\x18\xb4A\xe0\xca\xdc4\xca\xf9Y\x1ab\x83\xb1\xe2\xc1\x93\xcd\xc0O\x17\xd2\xc4\x8a\x06\xcd\xc8b}\xadX\x8d\x91\x0fb\xb2\xd1\xa0\x94\xf0EU\xbd0\x8bB'
    b'\xbe\xd0\x16Qb\x97}\xf7B\xe0\xb1B\x1b\xe8u\x96W\xac\x9c\x02|\xaa\x9d\x0eW\xa8\xf8\xd9`4\xe2}\xd6\x94)\x01 l\x1ed\xd3\x83b\x12\xf0J$\xab\xb6n\n\x88\xa8\x046\x97H*p\x10n_\xc9\xb3'
    b'G\x0b(\xcc\xb5\x95\x03\x90hq\xe5YM\x0e\x94YfZQ\xa6\x06c\t \xcc\xd7\xc8\xa6\x052_e\x85\xf4;\xe6\xee^\xf8\x9d\xe6#\xce\x97\xb6\xdf\x7f\x0e\xf4 \x8cc\x10D\xcdv\x8b"\x10\xc1\x1a\x96\xb7\xde'
    b'\xb9\xbe\x16\xc1\xe1\xb8\xa63\x8d|\x87\xd4+7p\xd5\xdc\x0f\xa8\xfe\xe4pT\x83\x9c\x16?\xe7\x03\x8d\xde\x99i\x9a\xd1\xa1\xe6\xe5NBU\xb6\xa5\x92(E\xbbYJ\xf3\xfb8\xb7\xc1\xb5\x04\x84\x97\xd4\x80\xca\xc4p\xf0'
    b'\xf1\xaf\xbe\x02\xd2\xccS\xc5\xdcPa\xee\xc9tZ^\xf6\xce\xa6\x93\xf9\x04\xb2\xab\\d\xbd\xc3\xc0%\xb5\x9bM\x7f\xe0L\xc4\xfa\x87\xbe\x80F\xc0Z\x17\xa8\x1cH\\+%o}]S\xe5\xedp\xe4\xd4\x03\x10\xf5T'
    b'\x14\x19\xd4\xd4\x19=8#\\\xbc\xc2\xfa\xe6b\xbb0.N\x07\x92&E\x14\x85\xab\xdcW,\xd9 \xb5\r\xe6I\xa8\\\x15\xd3\xa4\x8eh\xc2\xaa\x92OIx\xfd\x95\xd4#\xd2\xedF\x8c\x13]F\x96H\xbbN\x95@'
    b':\x95\xa5\xce\x10\x99 \xbaRF\xf6T^\xa0\xd3\xf9l\xe3b\xfb\x7fQ\xd3\x84.\x84&\xfd\xfb\\\t\xf0?\xa59\xf2\xd9\xb1gkT\r\xc4{T4\xf7k\x1a\x8e6H\x06\x04\x07\xd9wj\x97!\xddX\x05\xe7'
    b"\xf6\xcf\xd9\x0eh\xfeU\x8e7\x1c|\xc24*\xfaQr*\xb6>ECA\xf4&\xd60\x19\xb5\xb7\x8a\xd7\x12=\x11,\x9a\x96\xc6\x03\xe7k.\x96\xcf\x1b\xed\xaajI\xb3}2Jc\xc91\x01'\x97L\xf8\xd2\xc3"
    b"\xc5: \x10\xa6_1\x16\xf9\xe4\xe9\xeb'o~\x10\n\xd7\x88Z\xad\xd9\xc0\x13*l\xdf\x9c\xfd]\xae'\xe1\xd6\xc7\x83e@\xd5\xfd\x01\xdcMg\xc6\x8e\xb2x\xbe\x13\xa5\x86\xe4*i\x85\xd8\xa4\xd0]\xe9\xb8\x7f9"
    b"\t\x075s\xfe\xd7orjp~\x1a.\x9b\xcb\xef\xa3SuoT\x1e\xa0\xf9\x93r\xfad\xde\xde\xa8\xb8\xaaWJ)\x82\xc4\x12\xb6L\xc8\r\x07\xb3\xbb\x86\x13\xbe\xe6\x9a\x9a\xa9\xe6D\xc9M\xf8'\xf5fa\x85A"
    b't\xb7\xfa\xe0k\xb8\x16\xc6\xbf\xbbF\xe2\xc5yx\x89g\xa1\xaaPl\xd5j\x187\x8c\x0e\xe1\x9a\xacT\xf7&<\xfa\xbc\xdaN\x06e\xbfZ\xcb\xb3\xf3\xf9\xaa\xb5\xe4\x1f\x86{\xf2\xcf}H=\xe8\x9f\xfb\xf4\x19\xbc\xe7'
    b'\xd2\xa85g\x00\xceN\x10\x92\xa7\xc8\xd7=\xe9\x0fr\x8c7\xee\xac\xae\x16\x02n\xef\xdb!\\\x06\x8e;\xeecF\x7f\x85b*\x01\xc9\xe1\xcd\x08\xeawaC\xf6H\x14(N\xa5\x1e\xfd\x91\x84\xb1\x9d\xb4{4\xf6.'
    b'\xbc\xbf\xfa]\x88\xb8\xb0I\xf1\x98a%*\xbe\xa5l\x14\xdcA\xbb\xd3yX!\xac$\xa14\x85G1>RK\x9ak(\x9fO\xccV(\x11\xb4)J\x97\xe4J\x12h\x85\n\xa2\x95rh\xfeV\xfdK\xb3\xa7\x1f'
    b'\x96g\xc0D\x9f\xa9>\rP\x0el\x96,\xd5\xcc\xac3t\xc7}K\x138\xfb\xf7F\x1cQ\x93\xa9\xa6\x96\x9c>\xf6\xf9kX\x89o\xa0V\xa2\xf1\xf5t\xeda\xea\xaa\xd2a\x8b\xcb\xb5[H\xb4\xcf\x84M\x11G\x1b'
    b'\x99U\xb33\xe7\x89\xea\x1cD\x82B\x01\xd3\x95\xbd\xd4Ht\xde0`\xc7D&\x18&\x8f\xc0rno\xc7\x81\x95.\r\x13O\xc0\x10z\x19a^F\xebyF\x10\x8c\xd3\xa0\xd9_\xfe\xa5\x1c\x91\x05\x9f\xaaenV'
    b'\x07\xbc\xa8g/b_\xc1\xdf7%\xb6;\x8f\x92\x9d\x039\xa0%3L\xb3(Nq\xb1\xd3\xbfNQ\x03\xbd\xb7\xaa\x07\x1e\x9e\xa8\x9b\xe0?,\xd5E\x86\x9b\xea\xdd6`\xfaL\x8e\xaaITt\x9e|\x11\x0e\xb2\xe2'
    b'\x94\xb6\xe1q \xc5\x1c\x03j\xdcN\xc2\x01~\x8az"\x06\x8c$\x94\x85T,l\xf5\xac\x94\x85\xc8\xd3\xd3\xc4\xa7nr&v\xf6-\xb9+\xe0T\x8a3\x1a},K\xc5-\xc8\x1c\xc70AV\xbf\t\xe6\x96\xd6\x83'
    b'X-\xf9lI_\x9f\xc9\x11w\xbd}F\x01.\xf5\xb6\x0eg\xb9h+\xe5ut\x16L\x0c\xb2\xab\xe4\xf2\x95/x}\xdd\x7fn\x9b\xbb\xbe-\xdb\xecq\x1398\x12\xb7i\x9cM\xae\xda!?\x888\xb9l\xaa\xde'
    b"\xb6/\x9b\xd0\x98\x8f\x86\x90#gm\x0f\x8aA\xfa'\x18\x0f\xfd\xa8C\xe9O\x07\x17a7\xe0\xaaRw\xf1\x0b\x90r\x1c%u\xc38\n\xe4\xf8D\xf2\xf0\x8a\xc2\xc5\x00;\xa5\xe6\xbe\xc0\x06\x8b\x7fa\xd8\x84\xc3QD"
    b"\xa8\x0f\x9f2\xd0n,\x91\xc1\xc5A\x10\x19>\x18\xce\x04\xc4T\xdc6\x11\xa8$\\\x10\x88\x85\x04\xf3dD/a\x94\x04i\x7f43\xcc\xda.\xce-\xc2\x93\xa6)\x87'\xb1\xe1C\x7f%[\x99 \xda\xab~\x8b\x1e"
    b"\xcf\x02\xaeN\xb0\xe7\x93s\xbd\x10\x14\xf6\xb6kN\xeb\xd2\xfb\xb3\xa8\x93\x02\xb5\xd0\xa4\x1bsA3\xc7u\x85l7]M7E\x8f\x9b\xf3\xb1\x1e\x86tHv\xa2'}h\x7f{c\x03x\x0fL\xc1Q\xdc\xbf\x7f\xff"
    b'\xec\x93X\xdb`\xeb\x18\x17\xf7\xef\xde\r\x0f\xa0\xa3 FR\x18\xbd\xa5\xbdQ\x80\x01\\\x9e\x82^\x82\xb1\x8c9*h\xe6\x02\x9d\xe4\x01\xbc \x9e\x85\x00\x98\x1c\x88\xc3^\x8a;\x95\x0fS\xaa\x10A\xd0V\x0ci\xe7\xfe'
    b'\xa6\xbb\x85\xbbs\x89Z\xc1y\x107\xb1\xfd\xd1\x978q\xfe\xab\xfa\x11\x9bq\xb9\x9c\xe6!4\x1f\x15\x94\x9bT\xb4\x9a\\\xe7/\x7f\x91\x88\x9f\x1fG\x93\xc0\x15T\xdev\x10^\xb0\xa1\x8479\x05\xb3\x00\xb6\xc1Q`'
    b"^\xfe#T\xaa\xb5?.Z@\xe1\xa0\x16F\xf6C\xab\xf2i]_'\x9f\x02&\xf3\xa6\xfc\xe9T\xf4\x96d\x0e\xbdZ\nH\x8d\x02\r3}\x08\xb2\xd7\xa4\xa9<\x9f\xe7\xd8\x04\xb4\x1c\x85\xa7\xcb[QC\x94@\xec"
    b'\x12\xa4\x8ah\xd3\x81\x90\x84\xbf\x18\x8fG\x14\xc0\xa8\xa0\x0c\xf5\xd5\xc7\x8b\xc3E\x8f\xa9\x96\xe1\xa0\x16\xeb\x9a\x19\x8f\x95=*not\xae\xafB\x14\xf1\xf2\x1d\x9b\x0e\xb5hu\xae\x86\xab\n\x10\x95s\xde\x1e+W\xb5f'
    b'\xb9\x08a\xb93\x0c1\xa4\xc9\x00\x12^\x04kY=(g\x1ch\xa1&7\x04\xd8\x8b\xba\x84G]\x8c4\xaa\xde\xd6]\x82`\xd34\x8a\x88\xc6\xc9\x87\xc1X\x92\x1c\x8cc|\x03\x14{\x84\x08A\x95\x96P\x87\x81\x0f'
    b'\xa1\x1c\xbd\xb8\xcb\x99"\x9a\x91]G9q\xe2\xceF@8\x12\x83\x1eq\xf64\xe5\xa3\x87S\xbd\xb0\r\x8c\xaf_N?Xkp\x90#\x06\xd2\xd0y\xb4\x89\x15\x86\xd6N%\x9f\xa7\x9e\xdfg\xf5\xcds\x0c\'\xf3_'
    b'\xad\xf3\xeaA\x88\x01\x89\xe2j(\x81\xbf\tW\x07J\x97P/#\x8c\x0c\x98\xdcf\xcf\xf8\x11:\x08r\xa4A\x00Z3\xf7xaJP\xb5\xd4\x9a{\x96\x0f\xfaO/\xdb\x13;\x08\x82\x98wz\x96R:\n\x8b\xb9'
    b'\x8ckL\xac]\xbd\x98\xe2\x1b\xcest=.\x0e\x16\x98\xb1\xbdh[\xbe\x17\xac$\xed\xff\x8e\xac\xa1\xfe\xaa\xe1W^\x93\x05V,Py&\x8e=\xfd\xe3I\xca\xde\xb0\x7fU;!\xca\x06[\xbb\ncc\xf9a\x9c'
    b"\xe3$\x8e\xc7\xfcb\x92\x80\xdd\xb9\xd1\xc1<Jn(\xabAt\xdd\x85\x8e\xf1\x1a\xf4\x898\xde\xf5\xe2\xc0\xfe\xae!O\x92\x80\xcb\xf2,\x9ax\xe4\x81uW\x07\xcc\x18\x86\xa7\x08\xd8\x8a\xaa\xc8\x00\x87\xbf\xd4\x8b\xf0\xab'"
    b'\xe6S\xac\xcfx\xd0\xf3\xa6S\xf4&\xe2\xaf\x10\xdb/\xd4\xdda\x0b=\x98S$\xcb\x9f"\xb9Z\x83\xb2\xb2\x12\xacP\xad\xb0\x9bV\xcb\xbd\x12\xe3\xd7N\xb1\xe9W\x86twB\xc4D\xadY{\x12\x07\xb6`"$V'
    b'}<\xe8\xa9\x95\x12\x95\xf4\xc4?]\xeb\x0b/\x1f\xe6\x98\x82|\xf1X\x8a\x9a3U\x1eb-t\x0e\xe9\x84\xc4\xdeN\x01T\x89\x9e<P\x8c\x07\xd2T\x88\xf4o\x02\xbbv0\xb9XK\xe0/\xf3i\xf9\x11jM1'
    b'&\x8aj\xd2\x119X\xe0\xe8(\xcdZ\xe7\xae\xc1a\x06\x14$\xd5\x8c\x12(\xd2\x93W?\xbc\x7f\xf1\nXH\x7f\xb4\xb4U\xa4$\xff-\x14C\xae\xe1\x08N$\xf9\x00\x85\x1a\x83\xa92J\xad\xbe\xc1\x12&\xc9\xb0\xc7'
    b'\xf5!\xd5\xe5\x1f\xb8\xf1i\'\xe4\xd6?Se\x84\xf6]\xab"U\x8b\xc4V&\x83\xf8x\xfd\x9eD\xae\x1d\\jQA\x7f\xb3D\x1fB2\xcd\xa5\x81\x9a\x0b\x8b\xa7\x19\rr8\xc4\x98\xd7\x14L\xb5\xcc\x96\xaa<\xfa'
    b")\xbb\x13\xd5'\x89\xe2\xe9\xe8\x80\xf1\xd8v\x1b^\x1f\xfb\xdc\xbeq\xc8Y\xe67uy\xe9\xa6Tva\xc9\xbb\x95\x94%\x03\x8feQ\x92\x89x1\xce\x8c\xfa\x89\xd8\x9e\x0eN\x11\xf1ex\x05\x89\x96\x8a\xce\xd3\xfb\x0c"
    b'w\x8bJ\xe2\xbd\x05\xf4\xd6\x9f{qW\xceF\xbdg\xd4\xd7\x1da\x14\x0b\x0c V\xa7\x14\x87\xaa\xccY\xc2z\x19\xde\xd7\x907\xf1*\xf7\x90\x94\x9b\xf67^\xbbm\xf9\x01\x0f\xe5g\xdc\xf0Y\xf4\x92;\xa5\x89\x13#'
    b'\xefzSn\xed=t\xb3\xa7\x1c\xc1\xcd\xdd]WM\x95\xb1\x95\xbbL}\xb3\xe3\xa5\xa6\x1a\xe9\xfc\x1d\x86\xaa\xb4H/b\x1f7\xa5\x8f|\xd8\x94>b\xd4\xd4\xc2+\xc8\xa2\xa9\xb4\xb0E}i8\x945T\x8d\x86\xca'
    b'\xff\xaf!6J?\\\x1c\x1a\xa5\x05\xea\x91Q\xf9\xff5\xc4I\xe9\x97.L*\xf2\xb6\xb2\xde\xf9\xbeI[\xa6\x1f\xb8\xeb\xf9`\xe1ku\xc7M\xf3O\x1e\xa2\x82\xf6\xe1\x18\x08\xe3\xa7\xc7\x83\xaa\xa7Q\xed\x9e\xaa\xf8\xf9'
    b'80\x90\xcf;9$,\x0b\xceMVm\x95UI\xb0\xda\t:\xcb\xdd\x87\xba}1\x96\x18\xffL\xeb\xba\x7f-\xf3\xee\x9bk\xf4Wr{\xd3\xa1y\x0b\xe0=2~\x11\xa0\x04\x7fD\x97!6\x9b\x17%\x01z1'
    b"\xce*\x8e\x97\xc3\x9ekb\xdf}(\xf0\xedr\xd2pX\xb8\x1d  \xa6\xe2bu\x0f\xcf\x03\xc1\xc8'.\xd0\xcf\xa7\x91\xa5MWG\xd7\x82+\x9d\xcfI\xe5\xbaa~b\xd1.\x1f\x0e\xb4@^1\xc1\x04\xe5np"
    b'/\xf2\xc0\x88S\xe2\xe8\xe9\xf9f\x0f\xaf9\xdd,\xb3\xfclW\x8e8\xbfXr\xc0\xaf\xdc\\^%D|\xce[\x98\xc6\xc0\x14\xfc\x1aJk\xb2LY\xc3N>\x89MC\xd2m\xd3X\xb5-\xb3\xab]\x1f}v\x03'
    b'q\xee>\x0c\x88\xa6.\xd5t\xae2D\xf9\xfa\xd1\x07\xa3Q\xce\xaa_Y\x8a\xe9\x8c\xce~\x06Q]J\\]J\xbd\xab\x1b\xf9\xbf\x86\xa2\x1f\x8d\x92\xcd(!\xd0\xf9\xbf&\x17\xe2\xa8U\x16\x08\xe0\xe4\xe5\xc3\x93\xc9d'
    b'&\xd1\xc8*d\xae\x7f-\x14\x8b\xbf\x8d\x1dF\xa0\xf0\x1a\x16\x90\x15\xd6\xefb0\xfa8PgPu\xde*54\xd7\xc4B\n\x8d\xb0\xc4\x82\xf3<9WEa\x19&\xa1T\xad\x14x.rE%P\xfbi\x0e\x8f'
    b'\x8a\xeb^\xf14q\x92\xaa\xc7\x97\x088p\xcb\xc4\xf4$(\xac\xb8\xa3\x0eg\x1e\x8a\xd3\xc2\xd32\x96\x8d\x928+\xba\x08\xed\xe1\xb5\xc1\xb2\xc2d=\xebJ\xd5&\xb4\xb2k\x82\x1a\x06\x9c\xff\xc8\x82I\xd4[\x04\x16\xe3'
    b'\xa7\xf6Y\x90\xd4\x05O\xcb\xf4\x9b\x10\xbe\xc2r\x866D\xeb\x9ewX }eL\x94\xdb\xc2\xc6(4*F\xd2n\xc3\x03\x93ZF\xa5[6Dv\x9e\xc1\x84Z\x9b\x18\x95":DD\xad\x05\xb5\xfd\xed\xf5\x9b\x1f'
    b'\xc8r\x93\xc7\t\x9b<f\x10A\x12\x92\xc9\x14\xf7\xa2=\xdc\xdc\xba/\x8f/\x07\x80\x07\xb5\xc71e\xc91\xa2\x1ewR\xe6\x92\r"\xb9\x1e^\x96\xfe\xa1\xe4)9`z\x06<\x8c\xa9K\xce\xce\xa7g#<\x94f'
    b'\xec\xf1iy<\x18\xcfK\xd71>\x87"9\xf0\x17Y\xd7\xc2\x7f\xf6\xe1\xae>=\x8d\x8f\x1flu\x8b\x07w\xf79\xe5\xf3A\xd6c\xab\xe6p2\t\xc4p\xef\xc1]-n\x1d\x0c7B\xec\xe1\xc6\xfe\r\x95@\x9e'
    b'ScuBX4\x81\x05\x9f y\xea\xa7\xf0G\x7f\x80\t\x98\x89\xc0\xed\x0c0l\xba(?\r5\x85+\xfa-\x00\xa8a\x17\xa3\x19\x8d\xae\xa4P!\x00a\xf0\xc5\x12\x87\xe72"\xe7\xd3\xd1Gv\x8e\x93\xa2\xa4P'
    b'\xd8\t\xeaG+\x0f\x0e\x90#z*r\xd5oO\xde=\xfbY f[S\xea+[\xb2\xac\xf8KV\x12\x7fq\xf1\xf0\x07\xd6\x0b\xffb\x89\xf0\xaf\xac\x0b\xfe\xd2\xa5h\xf0\x89maL(\x82\xc9\xe7\xbf\x183k\x0b'
    b'\xb3\xdbr`\xbc\x89&x!\xc5\xc0)\xe3|\x84\xc9\x18[2\xb0S\x03\xf5)5\x15\x9e*\xbf\xd3\x84\xf0p\n;B\xb2"\xacgDs0\xc1\x15\x8a\x11bp\xa8\xe2M\xa1\x7fQ\xddlI\xff\xd8\xb9\x19N\''
    b'\xeb\x8d\xd5\xce@8\xcaQ\xac^\xca\xc9\xce\x81\xd8\xd9\x95\xb8XT\x8f\xda\xa3\x80g\xd9\xee\x8f\x9c\xd0\xa5\xadV]\xa9\x93\xd4%\x8a22\x9b\x06jO\xdeq\xcfs\x8d1\x88\xd4\xcbB\xe4{\x9e\xbe|\xf1\xea\xaf\xf8'
    b'0\x07.\xa8?\xe9\x99\xff\x81\x1a=\xbf/6C!]p\xe9D\xf8\x86\x7fh\xd1\xc85\xee\xb58\xf4V\x0c\xa3\xb4\xad\xe7\x85/{V\tQ;>x1\xfe\xa0)n\xac(0\xa2\xdb\xc419>\xd0\x94M]'
    b'\t\x8f\xe9\xb4\xbc\xdcKz\x07=F\xbc\xe5*\xc2\xad\xb9-\xd8,w\x85\x0b\x81\x04\x9b\xba\x80Z0\xfd13\x8cf\xce\xa1\x7f\x06\x88\xbcz\x1a\xc3\xbb\xb2\x0b\xd8\xd1:\xbe`e\x88uY\x00\xf7\x81WZ\x11"\x96'
    b'\x14x\x0f\xaf\xf6;\x96@G\xa0\x03\x81%\xf8\xcf\x7ff\xfa\x9b\x97\x8c\x91\xb8 \x8c\x93\x0e\xd6\x80;\xc4\xb4\x9b6\xe7\x9c\xee\x1a\x95Mj\xaa\x8b@\n\x7f-A\xbd\xc8\xdf\xca}\x0c}+\xeed\xc6p\x9b+\x9a\xd5'
    b'.\xc9\x1f\x0c\xf6 \x14\x95\x84\x92\x82D"\xb7\x9bG\x10\x89\x9a\xe9\x1b1\xd3\xfcL\xd3\x89\xd3pi\x9dW\x1cu\x8f\x08\xa4\x87\x1d\x1a$\xe4\xb0\x98JG\x85\x96=\x7f\xf7\xfe\xe5\xeb\xd7\x7f\x15b\xc6\xe7F[\x9e\x86'
    b'U(\x06\xe1\x04\x1e\xce\xd3e?\x14\x14\xfa\xa3\xe1\xa7A\x025\xd11\x00\x1d=n\x18\xe5+b\xaf\xa3\x93\x86\xe4vx\xf1\x1f\xcf\x7fx\xff\xec\xf5\xcb\xd7\x7f{\xe3\xda\xa7b\nx\xe3#%~\xbf\x94\xd3\xff{>'
    b'\xe0\xb3\xb7P\xa3\xd1\x91\xbb\xf5\xec$t\xcd\xba\xf9\xdb\xc9\x80\xc6I\xa5Va\x7f\x8a\x80\xe0 \xb3\xb1w{\xc5\xdb\xc9h\xd8W\xf7?\x86\x04H\xce\xe7n\xd4M\xd9.\x08\xc7w2\xeeS\xe34"\x92\x11\xf6\xc1\x19'
    b'\xf4\xbe\x9ae\x0c\x9b\x7f\x02\x8fz\x0e\x99l\x8e8\x87\xc8\xb1\x80\xcb\x08?\xf4J\xf94_\x1a\xf6\xef\xbe\x06\x9a\xe7\xc0\x9f\x1cvRD/\x8d\x161\xac\xce\x9b\x1cd\xd8\xc2q\xe1R\x82"\x8b\x01a&\xbf\x8d\xba\xe8'
    b'i\xd2,\xca\xcd8\x19\x8c~\r\xbf\xc0\x7f\x0b~\xa74\xda\xc2\x9b\xfa\x1a-jj\x19\x1c\x90\xe3\xbb\x84\x88|dx\x05\x9e\xc3\x86\xcd\xe7\x84\xd6+VM^`\x80\xd9s\x83\x1a\x124\x03\xa2\xf0\xccc\x01\xbb\x8a\xd0'
    b'\xd55\x8a\x98\x81\x05\x90C!\x1b!*\x0fU\xb5X\x10\xa9\x1aW4WM\xaeq1\xde\xa3wq\x10\xfcZk\x14\xfeL\xcf-]\xba"\x10\xb6iq\x19y\xe1\x99zar\x93\xc1@\xb5\xc3\xf0\xe7Em\xe9R'
    b"\x03\xbf\xbb\xe3\xcdY6\x95\xbc\xfa`\x8d\xeeFZT\x1eN'\xb3\xac\x1dX~`\xb55Kv\xba\xca\x95\xcb\x1eKR\xa0\x99\xa9\xa3i\xd4&S\xaend\x87\xe2Hk\xb7W\xb8\xac\xa9\x84nZX\xf2d\x81O"
    b'Q\xc6\x8c\xf3N]5\x8eb\xcf\x12\xbd\xcf\xc4\xb8oR\x8e\xea\xc8\xf5\x84\x84\x935[s\xbc\x02\xac\xea\xb3\x0f<\xba\xa4\x18\xbf\xbc~\xf5\xfa\xfdoO\xde\xfe\x0cw\x90o\x8e\xb6\x0f\x1f\xdc?h=LN\xc2:G'
    b"\xa5\x87\x81\xe6\xdcc\x9bF\xef\xe0\x88\xc3~\x19\xf3\xb2\x9cvI\x9f\xa9\x03\xafq$\xb27r\xa6DD\x10\x83\x05q*Oy\xff\x9bP\xcavf\xd5\xa8\xc4\x87'wb\xb6\x06\x83n\xce\xa4\x18\xd7a^\x84QG"
    b'\xad\x8b\x91g/\x93\x0b\xd6\xe5w\xc4\xcd\xef\xd2\xb2ei\xcb\x16\xe9\x8d\xaa0\x16G\x1a\x8f\xa6&&\xcc%\xcaz}E\xb7\x82/\x95#K\xe5\x88R\x8d\x8a\xeaa\xc5@%\x91\x08xl\x88\xbb\xf2\xf1n{\xef\xbf'
    b'~\x9f\xed\xec\x7f\xd7\xb9\xe5\x9d\x1b\x18\x13PS\x02\x1b\xae\x00\xde\xeem\xee7\x81\x16\xd3\x85z\x0cM\x9b\xb0\n\xfcd\x1f\xb1%2w\xfei\x0e\x99\xbdS\xdc\xfa\xaf\xbd\x8d\xf5\x07\xe5\xfa\xd1\xfe\x1fw\xaf\xfe\xedV\x0f'
    b' \x8c\x16\xde\xf9\xb8\x90@\x11\xe9BB \x96\xfe\xa2Epz\x98\xd8HJ\xc3C\xc2\xd9u\xf49\x8ddxXS\xb2\xf3}\x8ax\xe0\x81\x96\xab\xae\xacR\x089\xc2f<\x1a\xc4 ]\xdd\xca<\xf6\xc2\xac\xf0\xd0'
    b'\xcb\xe9\x08W_\x8fUC\xdc\x97$az\xa1\xba:\xabd\xa1\x9b\x11()\x81\xf5K,G`s`\x8e\x11 \xeb\x0cam\xb6S<\x0b4 p\xbe\x03D\x0c\x85\xf2\xe1n=\x1a\xe1\\\xa6\xf1\x806\x92\x1a"'
    b'JN\x13\xaa\x90\xf4\x12\x918\x03\x0c\xc7\xb1\xff\xad\x0c\xd3W?z]\xd2\xaet\x8d\xca/\xcb\xe4a\xa4\xc5\xb6>\xf9\xf8(\x18$\x0c\x85\x15N\xf8\x8e\x9e\x17\xc5\x9b\xae^\xe3\xa1:\x8a\x04)\x00\xbbc\xad\xc9\xb5L'
    b'\xedC\xb8|S-\xbe\xfc\xf7\x88R4^\x1e\xd3\\N\xd7\x8f\xa7e\x1f\xce)\xed\x07\x1bA\\\xee\xd2\x93\x19\x9fT\xd9\xfb\xb4\x91\xf0Z\x19a\x08\x04e{s\xfb~ws{\xb3\xbb\xb9\xb5\xd1\xdd\xe8m\xde\xed\xb4'
    b'j\xf0P\x91\xbcrO\xd05Be\xef/\xd6{U\xb6\xb2\xdd/\xda\x86K\rf\xec\xa6\xc5tR\xd2dt\xba\xb2\xc9\xc7DX\x9d\xbb\xe0\x0e\xbd\t\xb4@7\xc2\xafF\xf0\xcf\xecf.g\xe2\xb9\n\x87<\x16W'
    b'\xaf9<\xb3\x14{\x93\x0fR\xb5\xfa\x86\x88\xdc\xaf\xcce\x17\x18\xaf\xba\xed}\xc7\xban0o_\xbf|a\\U\xda\xbdax\xb2O\xea$6i\xa9\r\xac\xcf\tS\xbc\xe1\x8c\x94\x1b<\x1aCe\xc3N\xe3\x8e\x82'
    b'MY\xf4\xe4\x8f\xdd\x83\xf6\x92\xdao\x08\x9dca\xf8\x04\x0e\x07\xb3e\xc5+ad$\xeaq{\xb5:\xcb\ty\x8d\x8cg\x19j\xaf\xa5\xe4\xfaM\x85\x88\x0b\r\xf6\xa2\xa0R\xf2?E\xbd\xbdP\x1d\x97I\xd7\xa8\xae'
    b'X0T\xfaE\xebY\xbbn\x97\xde\xa17\x96:\xb6\xf4\xe2\n$\xc9\xfd\xb8\x84k\xdd\xa5\xf2\xa7\xea\xc8%YFq\xc8\xc2\xe1\xa0c\x98\\\x06"\x90\xa5P\x81\xa9*m\xf5\xb0S\x01\xc0\x94\\\x16a\x00\xfe\x88\xc4'
    b'\x97\x98iM7\x90\x18w\xec"\x10\xde\x9b\xdeT1\x10;\x1e7\x13\xd3\xe2y\x92|Z\xc4\xdc\xa3\xb6\xe1@\xcf\x1b9\xa6\xd0\xea[s\xf3\x97\xfc\x93Q\xbfDq-\xc9\xca\x19\x89B \xf4$]\\\xe6NQ\xef'
    b'\x85\xd9\xefmz\x04\xa4\xcc\xdc<\xcf!\xb1\xcc{Qt\xd0\xba%\xf5]\xd2\x1dv\x0b\xb5\x97\x1d^\x1e\x8e\x06\xb1@\xd2\xc1[\x01\x193\xb4\x0b\xa1L\xd4X\xcf\x86\x9f\x84D\xfd:\x08\xb7\x1db\x99\xc0\xd5\x8b\x0f\xb9'
    b'p\xcb\x88\xd7\xa6\x84\xcf\x0clA\x1e\r\x07T\xfcXu\x1aDCF\x15A\xfa\xb6?1\x7f\x907\xef\xde\xff\xf2\xfa\xb5\xa8\xa7[\x1cLk\x07\xf8\x16-\xdf\xef\xfc\x11\xbb\x89G\xc5\xadb\xbbqG\xb6\xaa\xdd\r\xa5'
    b'\x99z\xab\xf5nZ\x1e\x1d\r\x0f\x15\x93\xc5\x9e\x9aP\x8f\xdf[wt%M\xac\xf2\x84^\x95\xfa\xb5\xb5r\xe4\xd4\x94*\x89%\xe8\xaa\x871\xc5\x1eY\x00\xfa+\xc7E\n\xab\x08y^\x14\xf8\t\x9c6\xa9\xb2x\xdf'
    b"\xa1>C\xe2\xf33\x91\xf48g\xe5\x08:a:\xe4\x95\xd3\x0f\xa6\\N\xac\x8b\xe8ed\xea\x1d\xd5\xa7\x00S\xa1P=\x117;\xce'G\xf7qL\xa8h\x8cW\xed\xfc\x8a\xeb\xb4^\x92\x99\x97K\xff\xe5p\xae\xd4"
    b'\x07W\x1aa\x02\xc3\xf4\x8c&\xf3\xae\xa1n\xce\x86\xa7\x89+\x92B\xbc@~y\xf1\xc3\x0f/_\xbc\xfa\xc9\xee\x91x\x9fPq\xe0bE~\xf02\xa0\xcca\xe8\xa4\xb3\xaaP\x978\x8cb\xa7:~G\x010\xc8|'
    b'\x13\x86l\xcdN\xc20\x92(\xc0\x83\x16]P\xd2@\xfe\x10\x13\xae\xf5/3\xe2\xba\r\xde\x93\x0by\x05_A\xb3*\xfa%\xbaj\x9e\xa8,\xf1\x88\xf4\x90^$\nv\x8b\x07\xea\xdcQ\xd0\x90\x92UI~>\x19k'
    b'\xaf\x99k7\x94\xbd\xa8m\xd9\xa7\xfbK\xc4}\xce"v\xae%\xc68X\x06Z\xa9\xa42\x9d$\x90\xc9r&\x01h\xc9\x01\x84Z\xa1\x05]I\x82\x14\xab \x13R\xe7vk\xf3\xdfp1b\x1b\xbc\xe3\xe5\xa8\t\x19'
    b'\xbaM\xab\xeb\x1e:\xc6\xa3(l\x1e\x97n\x8c\n\xd41;\x1c\xd8\x93J\x8d+.Qm\x9c^\x84\xfd0\xb8$\xdc\xeb\xa5j\xc9\xbc\xb8\xea\xef\xb0\xbdPd\xbf\x92\x13\x8f\x99M\xff\xd4\x04\xc5\x9f+\x18\xd2\x9b\xa7\xb1'
    b'(j\xbd\xbbfNWo\xd3\xe6\x1d\x03\\0\xebf\xb4\x8f\xabY\xebM\xc2\xe5\x90\xd3W\xa5\x0b\xcb\x08\x9cg\x90D\xd1\x1b\x88\r\x14\xba\xcczsV\x86\xbbY\xa9\x91\xaa\xf2\xd4U3a\xd5:\xf7K\xc9\xd3\x8e '
    b'NR\xf6\xa7O^\xfd\xf5\xf9\x0fN\x87\xfd\xfct\x10\x96j|x\xd9\xaa]\x80\xdd\x86\xab\xd2\x19\xf2\xcci\x14\xde\x18\xe5(\xa6\xd8P\xb7\x18w\x192d\xdd\xe9\xe1\x0e\xcdM\xfe`4\x81M!0l\xbct^\xfc'
    b'\xf4\xea\xc9\xcb\xf7/\x9f\xfc\xf2\xab\\\xf8\xd5\xebx\xbb\xdbxw\xf3Jv\x99\xa1\x9f\x96cd\x86N\x8ahK~}\xd3\xa8\x95\x9f\x84\xeb\x94\xc4\x1c)\xe5\x16\xbd\xe1L!\x8ah\x1b4$O\xc9\xa4A\x02\x9fLc'
    b'\xecO\x7fP\x8e,j\x08eg\x0c\x10\x10\xafY\x8f\x9e!\xf5\xbcD#+\nS<\x9f*\xe5\xf4\xc2\x05\xa5\xda\xf0\xd0>U\xe1\xfaB\xa3=\xc3\x83\x9b\x95YIe\x9c\x0c\xd6\xf1\xd7\x05\xca\xad\xd8#\x9f\xd2\x9ci'
    b'\xd0\x96~\xe6\xf0Gl\xa2\xbaE\xdc\x84\x9c3\x99\xa7\\9l\xa0\xcbT\xa4\x93\xd1\xd5\xcdN\x9f\t\xd9\x81b+)MA\xee0\x92\xc57\xf9\x08\xf9\xc0\xd5L\xa8\xdb\xc7\x05e\xc8\x8b\xb9\xdfs\xa6\xf5v\x9b\x97\xac'
    b"j\n\xf3\x80\x80\x02\x7f\x13\xd9\xc9f\x9b\xa1\xd1\x8a6\x13\x85?6\xc5\x16\xe4\xd3K\xef\x8cr6\x98\x8a\xd1\xcb\xec\xc3t\xdeem;\xaa\x9c\x12~\x8aV,(\xea)\x1c\xb1@W,2\xec\x1f'`m\xa6\x18\x8f"
    b'\x06V\xa3\xcat\xf2\x93\xf8\xc2\x05\xc7\xcah\x05\xef\xa9?\x9d\x9c\xd1xm\xa8P\xd5\xbcv\xcb\x17\x94;2\x01!\x87\x05\x147M\x04\xb9[\xb8\x85l\x8f\n\x1a\xf0U\xaa\xee\x0flb\xc1\xbf\xc1\xa2\xb6"P\xdf\x8e'
    b'\xfd\x91\xa0\x8e<\x96\xa5\xa7\x19\x95\xdb\x9egD\xe0 3S\x92\xe9\x08\xa4\xa3z\x0cd\x9a;\x95\x8d\xaa!lB\xa5L\xb5\xec\xd0\x9172\xc8\xe43\xe1+6\x1e\xca_\x8f\xa4\x93\xf2+A\xa5\x93\x05A&q\xcd'
    b'eq\x14:5\xcd\xbba\xea\xb3[\x85v\xbf\x06Q\xd0\xd6\x16\x1a?\xfbw\x9d\x9d\xc7A\x06\n2\x8b\xbb\xd2\xd1nG\xc7#\x9a\xdb\xbc\x02\xf1B\x15\xfa\xad(\xcc\xfcD\xab0\xa8g<\xf3\x8baj\x9d\n\x84\xb4'
    b'l.\x99\x10\xfe\xf9H\x9b\xde\xdb\xd8\x8f8\xf2|\x93\xcf\x8e\x1e\xf5]\xebh\xcd\x88\xce\xe7>\xeb\x9e\xaf=\xd6|\xb50yd\xc5\x1cQ\xad\x8e\xbf\xf7X\xe9~\xca\xdf\xc7A\xca\xa45l\xa3\xa6\xfd\x83\x1c\xbd\x156'
    b'\x80\x95$\x9d8\xa56qK\x14\xb0\x18f\xeeY\x8b\xb2Ztc\x98\xa9=L\x08\\\x96\x9d\xa3\x86\x1d@Jb\xf0\x01YF\xeb\xdc\xcd_\xdb\x08\xd2\xed\x07\x87\x1cc-/\x82dy\xf5\xb6\xdd:\x99\xcf\xcfvn'
    b'\xdd\xba\xb8\xb8\xe8]l\xf7&\xd3\xe3[[\x1b\x1b\x1b\xb7f\x1f\x99\x8c\x1b\xff(\xc4+\xab\xea\xcd\x1a\x93\xdd\x87\x92\x1b\xc5F\xb1y7\xfc\xffe\xe5\x19B\x88\xd2s8\xaei\x99\xfc\x03\x07\xdbrC\x90;\xce\xc2\xc9'
    b'b\xe0\xdb\xee\xda\xe1\xf9\x14\xc0\x1c`R\xa7kE\x7fw\xed\x97\xfb\xc5fo\xab\xbc\xdb\xbb_\xe0\x7f\x1b\xfa\xff6\xb7{w\x0f7{\x9b\xf8\xb3wo\xbdw\x97\xffl\xf6nG\xbc\xd5\xd6\xc6z\xef\xc1:\x1fn\xca'
    b'?\x0f\x8a\xf0\xe8~\xefn\xf8s;\x14\xbf\x8d\x7fO6{\xf7\xcb\xedb[\xab\xdd^\xdf~\xb6y\xa7\xb7Ul\x87\xb66\xb7\xd0t\xc1\x0e\xfc\xe7\xda\xad\x08>\xb2\xb7w\x1b\x19\xbe\xe1\xbb\xb6w\x07\x7f\x85\x9f\xf8\xfb'
    b'A7|\xc6\xbf6\xb7\xbaEx\xb3\xbf_\xd9\xbb>J\xcd\x14\xed\x8f\x0e\x87S\xa8s\x0e?\ttI9\x87z\xf3\xbb\xa2\xb5V\x1c^\xc6G\x9b\xfah\xba\xbb\x16z\xb3\xa6\xb3\x15\xb6@{}\x9d`$\x1dt\xd0'
    b'\x1cQU=\x9fe\xba\xd2\xe9\xcfU\x8e\x14VT\xdah\x80\x84L\xdcK\x83X\x92\xa7%\x11\xf9\xc2Y\xff\x1f\xe7j\x89\x9d\xe5\xeaM\xbb\x02B\xa1\x9897\xd3C\x8a\xf0\xf20\x7f#\x0e\xaa\xbb\xc9\t\xe1\xaa\xc6\x8b'
    b'\xa7\xa4r\xe2\xbb\x1a\x8dU\x14\xd3D\xb3\xa0>$1^j2\xb9\x01\x87c\xe5\xcc\xf7\x97\xc5&\xe6\xb1\x04_\x0b44\xe1x^\xb3@1\xe6Vu;LhD\x8b\x9a\xba!\xcf4\x11F\x7f0\x8a`&\xe4r'
    b'\x97\xc59\x11H\xe0$\x14\x1f\r\xa6\xd1\xf5\x97\x9a\xd3\x8a\xff\xf0\x85&v\x16[\x8d\xe0\r\x90\xe1\x0e\xb4+0\\\x96s\x16\x8cvr\x0fb~\xa5^4\xadO\xc1"Y\x0c\x17X>\xf9*\xa9\xce\xf0\xb5\x06\x0b\x83'
    b'A\x1b\xcc\x92D\x83PT\xd9\x03\xc9-#\x83\xb1\x8diH\xb3l\xcf](\x7f\t\x0ep>\xd6lK\xf0\x93c$)*\xe7P\x15\xc2\xc5y\xf8\xaa\'T\x98\x9d\xd8(l\xf5\x07\xe2>\xc8\x00cu!\x94|"'
    b"k\xf2N\xb1W\xc1\x05s\xd4\x7f5\x15t\xb72\xfdb\xd4\x14\xa8\x02\x81q\x98X\xaeD\xac\xa8h\xaa\xd9\xf2\xb3h\xe1\xf7\xaa\xea3\xb5a\xce\xbc:\xbc\xa1''p\xa2\x9fh\xe2\x14\xb8\x9c\x99[\x04\xb0\xab\x0ci"
    b'-1\xf3\xc2\xeb\xd2\xd9\x03\xdcZ?9Y\x9c\xca\xba\x08\xdc\xef\xd0\xb0\x16\x04\xdf\x81\x13$\x8e\xd7\xc9)\x03\rF\x0f\x94\x93\xc1\'\xb2\xba\xe6"N\xb4\x07o\x0e\x0c+4\x18\x1dUq\xf1e\xec\xbf\x86\xb1\x02i\xbf'
    b'\xe2\xfa\xb0\x1a\x84}\xac\x11\xfb\xad]\x05\xb2i\xfa(2O\x96\xb1\x83\xb1^\t\xddC\xc0\x9c|\xf6\r\x03\xaa\x9f\x96+\xe5\x94E\xb9JNY\x8e\x13\x1d(d\xdd\xf0gB\xc0\x8f\x8b\xb6B\xe5V\xb6\x92~\xc2\x1e'
    b'G\xac\xc6\x94Dy\xa1\x7fk\x02]\xc6Y\xf8y\x80L\x04\xed\n\xa5\x86i\xee\x9b#\xfe_\xab\xb3\x82\x1bf\xaa\xef7hsw\xa3w\xf1"\x7fL/\xa4,\xf0\xc9\x8c\xfd\x13\n\x99yf\x16\xa9\x81\x1a\xc1\xf6-'
    b'\xa4i^\x11\x94\xd1f\xba\t\x961\xbe\xcb\xd7\x80\xcf\x08\x14\xecg\x00\x99\xb2Q\x028\xc3\xe1{&\x17\xcf[h\x80v\xce\xbcKd*\xf2N)tc\x0e\xe97/\x8f\x97\x8d\xce\x9a\r\xc5*\xa89\xa9\x1a\xad?'
    b'C9/\x8f\xf3\xc6\x17\x00\x11+/$\xe70\xdd\xf4u\x1b\xab\x1fO*_\xbb\xff\xf3\xe0\x1a\xcd\xb3\xe1\x0e@\x86\xf9\xc9\x87\xf1\nM\xc8;\xbcWbx\xc9\xdcy\x9d\xaa\x9e\x03I,\x91\x01S\xe2P\xe8\xcc"f'
    b'\xf0D\xa1W\xdc1R\xb8i\xbf\xe8\x9b\x86\xdd\xa2\xaf\xb8i*\x9c\x10tGn\x1f\xd5\xb6\x0f\x93\xa4\xcd\x0c\xbdC/\x8a\xfc\x06U<\x9a\xea\x85\xb9\xf4J\xec\xa6\x94\x9e\x83\xd3\xb3\xf9e\x02\x16\x92{A&\xc7\xfb\xb9'
    b'7\xf67\xe6Z\xf1w\xdc^\xa2\xb8\xd4\x197g\x14\xcch\xce\nv\x99\xa6\x0c\x82\xb5\xb4\x97\x90\xc7\xb3\x12W^\x8c\xd6\xecm\x0b;k\x1c\xad\xa4L\xd3\xe5\x94c\x1b\x98\xb0_\xa7\x81\x1d\x9d\xce/\xdb\xad\xc0\xbf\xf3'
    b'\x92A\x0e\x89y\n\x92\xe2w1\x02\x90?\xd8\x87N\xb6o\xf4H\xb7\xa0\xd4\xb2\x98,`7\xf5\xe1\xe5\xadI+i\xeds\x11(\xea\xba\x1aV8e>_\x89\n\x1c\xd6\x89@K\xf7\xa2\xebS\x06Sht@`'
    b'\xdfd\xdb\x08\xd0 \xf9\xf2\xd4)u\x97\x964\xf1\x8c\xb3\xaf\xb1Xig\xa6\xc6\x96\x91\x95*\x91H\x91ziY\x16\x11 7\xf9\x15\x9a\xa3[\xc5\xad\x88\xb70T2\xfc4\xd2\x1d\xe9P\xba\xf5\xeb4i0\xcb\xe8'
    b'\x11\xb9\xa8.\xe5\x17M\x0c\xccs\xa8\x03\xb3S\xcc$\xdf\xbd\xe2g\xec\x02\xf1\xd7\xad\x04\xe8\xf5\xe9)Q\xce\xa5b\xba\x0e\x88/\x8a2\xdb\x93sK\xe5\xa6\xd3p:(\xc7*"\x887+5\xb0sF\xec\xa5\xa5\xb3'
    b"\xace\xcc\x9a\xba\x023BFC\x00]\x97R\x03\x94\x15Q!g\x8bXVZ\x9b\xb9\xdd'E\xe5|\xf5\x873\xdaXv\xa5!\xcb\x96\x00\x9f\xe4V-\xbdN\x90\x83\x9e\xe0\x87\xb9\xb4.cf\x92\xfb*\x19\xdb\x15"
    b'F\xcb\x82\xf9\x08\xf8\xa8\x95%\xec\xbc\xb6\x9ar\x9e\xd7Q\n\x96s9\xd7\x11\x8f$\xdd\xae\xe4\xd3\xe9\x81\x12\xdc*\xb6\xefnH\xcac\xfa\xe8\xfd{\xfe\xc1|\x02\xb6\xb4\xdd\xde,\xd65\xb9\xcf\x0c\xca\x89\x85\xe5\x9b8'
    b'\r\x0eDe\xd3\xd8p\xd7U\xe7f \xcb)0\x8f\xdb\x9b8\x1d}\x1a\x8f!"\t\x02N\xafxm\xde\xf6t}0\xbd\x19\x02JO\x83\x90\xa0\xfb\xdf\xe7\xd3\x86\x1bi\xc2AT\x14DY\xa4\x98\x90p:\x10\x83'
    b'\x97\x88#\xc3\xb9\x17\x04XO\xd8\xdeO\xe6m$\xdf\x99g\x98h\x93O[ 0\x1c\xc7R\xd4.\xae\xa7\x9c\xbd<\xf5qL\x8a\xb4\xd9-\xa4\x01M\xa5\xfc\x1f\x00\xe1\t\xf5s\x01\x99\\\x1c?\x04\x10\xcdU\xda\x17'
    b'\xed\xcaJU\xfeo\xab2,q\xac\xf1d@\xcc0WeXC\x1b\x94.\xa1\xf6\xfc[l\x9cn\x81\x8d\x81f\xa3>u1\x87\x86(\xb0\x87\xd7\x90\xdc\xdaN\x8d\xad\xe5\x1b\xae\xbeE9\xf6%\xc5\x9avf\xea\x11'
    b'\x02\xc1\xcc\xd1/\xbb^\xb3\x01u3\xean\x91\xdb\xd3\x01\xb4\x9fM\xcd\xc4Z=\xc4\xe5\xafR\xbe\x1d\xb5\xc8\xb2c&c\xdd\xa4\xba\x88\xe9\xa2\xcav\x9a\x14\x06g \xa5\x9f\t\xce\x8c.\xadV\xf1\xc2b\xf3k\xfb5'
    b'^9\x95Fy^\x166\x8a\x8bP>8)g\xd74\xdcY\xbdQf\x0f\xa8\xa4\xa9\x92\x8bQ\x8a\x0b\xad\xf6$\x81\x15D\xaa\xf0\x84\xf1\xe3\xe1\xe0\x9e0\xb8\xdb8\xd3\xe9\x94`?\xb4k\x00\xeaC\xd4\xedp\xa8p'
    b'\x00\xb1`\xa5\xfbE\xb8\xf2N,I\xfc\tq\x9b\xf4\xd6\x9bL{\xc8\x13l\x97\xa6\xd6\x1c-|\x11\x1f"\x992=\x17\xbcH\xb9#\x95\x9f\xd0\xdc)\xaa\x15\xe9\xc6p,q}\xbe-#f\x89\xf7\x81\xe2\xc8\xc2\''
    b'\xf8\xd9\n\x17\x02\x0b\xe6wB\x983\x18,\xe2\xcd"\xe8\x94\x8b\xeb\xe2{M2F\x0c\xf4\nk\x17\x84\xe7Vj*K!\x86\xe2)_\xe9`\xc5\x84\x8e85&\xe9\xa0\xad\x96=\x0c$M\x12\x98\x857\xf7\xec\xe1'
    b'\xecl0\x1a\x05^H\xb8;\x13\xf0\x16\x9e\xe7e\xf2@\xce\xc5\xa7\xbe\x18\xf7\x9co\x05\xd9G~C\xd0#\xc0y\xf8\xfd\x1a\x04D\x8b\xcc\x8b*F\\\xbaux\xf2\x16\xef\xb5\xc0+\x9e\x84I\x1eG\xfcSe\xe9\x8c'
    b']\x97\xcac\x00lm\x83\xc0q*\xce\xd6d\xcc9m\xe4y\x9d\xabt\x9c\xa9\x06\r\xcctx\xda\xf6\xbeC\xd1o\xf9\xc9\xfa\x8f\xdeu\x99\xbe\xd3\xf5\x18\x18\xee\x887\xbc@\x94i\x92\xeb\x809:2\xf5\x8e\xbbp'
    b'\x8e\'\xf3\x8c\xdd\xb2J\x96\xdeI\xe1#a*\xf0\xc7\xac\x9c\xff\x99\xdb\xc88\xf6x{\xfe\xf8\xe4\xc5\xabw\xcf\xdf\xbeKi\x1d5\xd7,\xd4C\xdd8:"l\xde\xb9\xf3\xf9W\x9bvz\x01\x0b\xb6\x80\t\xb3\x01\xfe'
    b'\xf9\xabn\xc9}\xb5hy\x16__i\xb3\x1d\x8c\xce\xa7\xcb\xc9y\x9d@ ,\xcc\x88\xf9\xd3\x18\xaak\xbb^\x95\xbf\x0b\xf4\xbd\xa4\xb2#\x18\xba\x0bI%G\xb52\\\xc5\xe9~K\x07d\x81U7:\xack\x92k'
    b'\xb8\x85\xc1\x13\xf3}\x7f\xb0\x92\x964\x94\xab\xe8[\xa4f\xbch\xc5\x12\x99\x9a\x0b#O\x19;e\x06Wi\xcb\xd6\xaa\xa99}\xd7\xf2\xe5\x1a\xd6\xf4K\xa8\x9fU\x1b)\xe0\xbb\xcf\xa2\x80\xcd\x93\xa1\x95v\x9aox\x14'
    b'o\x96yY\xb69\xf7\x13\xca\xba\xe4O\xd4p\xcc\x9d\xe8\xda\x05\x94\xeb9!&&\x00V\xd6\x08\xd1\x83KR\xd5\xa3R#p\x92\x0c<T\xf6\xe1\xe8<\x07TN\x14\x87\xd4ff\x86ZS2\x9f\x0f\x18\xedx>'
    b"\xe8T,\xba\x1f\x9d\xf5\x80\xd4\x84\xcb\xd3\xfe\x08\xe5\\ \x1e\xe1`\x7f\xc4\x91\xe6\x11\x17\x91\xc8a\xe4>\xa9F\x17\xcc5oS\x19\xfd\x0b\xcfa\xc4\x9a%\x8f\xab\xb0\xdd\x8f\xc2\x9e\xa1'y\xd8,p\x04\x82\xac\xa4K"
    b'\xa4x5\x11\xbd\xa2,\xe6C\xd1\x9c\xd0*\x16\xe5&D\x1d#\x99A\xd8\xac\x83\xb1\x18\xda&\xc5|\x00\xbfv\xd0f\r\x89}\xfb\xee\xfd\xbb\x17\xcf\xe8x\xb8y\xd7;\xed\xf5\x07\xe0\x11\x06}1\xc0h\x8abq\x1e'
    b'\x8d\x96\x98\xa9\xa6R\xc6\x92V`\xa4y}\xed!c\xd0:\xf3\x86\x89\x91;e\xc0\x84;\xc6\xda~+\x85\xf0H]aS\x8b\xfb\x1b\xe3\xda\\\x12u\xc6H\xc1}\x1e\x1d\rTW\xfcX\x99t/E\xba\xe2\xc9\xf7'
    b'nPU\xfb\xf5|(^C\x0b\x8fn\xe8\xeeh8SV\x86\xa5%iM\xea\xb7L\x8b\x9c\x8e\xe8VS\xaa\x93\x11S\xcc\xb1\x1b\xf8;w\xa1\x99\x8b\nkQ\xd3\x933\xccz\xd4\xc4\x87\xc2\x8e\x05\xaa\x8f\xd7z\x97'
    b'\x11\xaa\xf0$y\xb7p\xc2\\\x06\x94jIM\x0e+\xf3\x9a\xb9wp\x06\xbaq\xf8\x9dJR\xa7< \x8e\xe9\x7f\xd5\xd8\xa7\xc4E\xb4TY\xee\xc2\xd2p\x104\x1b\x86\x80!\x10\x01\xe1\x86h\x83$wG%k\xc7'
    b"\x97$\xc6\xaeY\n\r\xa1eY\xcek\xb5\xdb\xdbw\xeaM\xbf\xc0\x84\xef\x10\x0e\xd1)\x17\xe7\x89?\x17 v\xdaf\xc5\x87~{\x8c'\xf3\x95.\xb0\x82%\xab9\xe6\xd9V\xcb\xbd\xcf\xd9\xfc\x94\xdb\x93i\x8c\xfd\xca"
    b'\xe0TFt;y-n\xc2\xe2\xaf,~_K\xd2\x1b\xb7\x1c4m\x02\xa2v(}\xb5\x06\x8a\xf2\xb8\x1c\x8e{\xda\xdb\x06\xd2\xd1;\xb4\x14\x0e~\xcfbXqw\x8b\xabVJ\xb0\x01\x1ayZ\xc2U\xf5l\x90\x18'
    b"\xf0\x88\x02\x1b\x88\xeb\xdb3\xe8\x9e\xe1\xb5\xaa\xf9\xa7\xfb\x13\x8b\xea\x92A\xea\xba\xe8Jf\x01+z\xe6c\x92\x96&\xca\x08.\x01n\xad\xae\xbc8\x00\xdbnn\xdd\xb0\xb4\xa2\xbeL{AL_\xc7\xc2'\xadmo\x95"
    b"P{\xb3vu\xd9\x0cF\xea\xcaO\xa0{\x15\x8f\x93\nY<\xa7C\xc0\xae\\\xdb\xd5\xba\xe4\xad\xabK\x1e\xd8l\xc4\x8fW\xd8\xbaR\xb6\x92\xb6N\xaa\x97\x025\xbeA\xdbr\xeb\xee\xa3\xbc\x94\xa8\\X\x82H'\xc5"
    b'\x1b(\x8e\x88p)\xf4VS\xcf\\\xc0o8\xf9\xe0XL\x92v\xb0)u\x08\xb7\\t\xe2\xb7\x0c6J\xf2\xe0\x19\xa2\x1e}uh\xa8E\x98P\t\xc6\x81\xea\x80\xc6P\xef\x9b7\x1b\xe1\x9d\\\n\x11\xe3.\xae\xc1'
    b'\x99\xd1\x9cF3u\x99r\x8e\x8a\xe6c\x80\xf6\xa5\xda\x08\xcc\x0c%mF\x08\x08\xbd\x9c\x12>3\xf8\x01\xb6\x1cW\xc8\x050+X\x8d\x85\x02\x8dA)\xdd\x80nVG\xc4\xbd\x18z;\x1a\xccb8{#\xae\x0c\x83'
    b'\xef\xe3\xf1LE~\xf5\xae\x88X\xdbv\x9c\xdf\xf0\x95D\xec#\xfc\xc6\xda\xc0\xdf\xba%\xb1\xdb\xc2]\x19\xc3\xe4w\x8b\xdb\xf9\x0e\x0f\x126\xf4l~[\xc6\xaf\xf6\xb6\xf7\xf3\x1d\xbe\xac\xecVrAM\x1b\xf6-\x97O'
    b'\xcb\xaa\xdb\\\xba\xcb2\xdc\x9a@\xc1\xca~B=\x91\x85\xc7\x02\x13m\x06a\xa8\x1e\xcf;\xc2\xf9\x1b\xbe\xa0G\x05I\x01`5\xb7\x1b\x9cD\x9f\xc7f\xf9\xc9\xbc\xf2\t\xbe\x9c\xb2#\x03\xf1\xf9\xe20\xff\xe7\xf9).'
    b'\xb3\x03\x9fF\xaaGA\x03\n\xc1\xcdt\xa3s?\x19iM\x92\x16\xc4\x83\x9e\x86\xbd\xdd\x88\xa0\xb0e\xc5T\xae1\x87Cu#,\xe7\xfab\x8d \x93\xdd\xa2?<=\x1d\xf4\x97\xb8\x84\rg9$FJ\xc8\xbe6'
    b'\xd3\xc8\xc6\xf1\xe1\xe8\xbc\x8fJRce\x15\x89\x87r\xdd\xae\xd1\xb5\xd9a\xd8\xe9\xe2\xb4\xe5a\x08R\x12\t\x81\xc8R\x1d\x08\x98\xd3\xde\xc6\x1d\xcf\xddg\x82%\x07"\x82\xa3\x0be\x11\x95\xca\xa3\xc0pv\x9c\x1f\x8es'
    b'6\xf5\n\x19\x07\x15\xb3\xaa\xf0\xf4\xad6\xa9\xb9\xeb\xaf2(.\xa6\xc9p{\xa7yq\xe4\xea\xa5Z8C\xb1?F0\x8a\x86\x83\x88\x0fZ\x15b\xe7\x05\xd5\x10\x0b\xdda?\x87\x82\x9b\xb2\xa8\xc1\xd0i\xf0u\xcb\xcc'
    b'\x8dnB?\xe7\x06 D/[JSW\x8aGK\x15&\xaa&\xda\x0b\xea<\xb8v\xe2_P\x1d-R\xe5B<E\x87\x18\xd7\x00\xdc*g,\x03\x945Y@=\xe9+\x1d\xd0\x80\xd2leb<\x1e"[\x16'
    b'-\x8c\xce\x14:/\xe0\xe36\xb5\xc4-\xef.\xd0\x96\xae\x04\x96T\x81K\xf2q\x95#\xc1\x14_\xc0\xab\xf5f\xca,\xd1I\x10:\xbb\xf72\x87\nX\xd1\xc8={\x18&\x96\xa6s\x8c\xfat\xffS W\x8a\xd9\xd9'
    b'`\xd0\xdfe\xdeh\x14y\x8b\x9fm\x0f\xf6\xd0\x98\xca\xb4U\xf4\xcf\xe7\x97\xe9\xb3\x1f\xc2\xaf\xb6\x07\x85pi\xcc$\x04\x02\xe7p\x14\xaa\xde\xc3@\xf7\x9b\x94I\xe6\xfb\xe0\xa6h\xc9\x11r\x00\x96\x89\x8aT\x9d\xe2\x1b\xf1'
    b'\xa0\xbe\n\xb8\xc5\x9f\xd5\x9au\xf2\x8c\x80q\xa7\xbd\x95R\xed8\xca&\xf7\xb6\xea\\\xfe\xeb\x86\xb7\x08\xc4c\xc1\xba\xf9\x9cM)\xbeq\x05\xce\xe33\x1dn\xa9\x08A\x12S\x9c\x14\xe1yH\xb0\xc8.|-{\xd5\xd3'
    b'\\?\xa9\xedd\xd9]5]\x1d\xbb\x12\xe5t\xd3T\xad`\xc1\x12\x95\x88\xd9\xb0\x04\x947=?\x1db\x1e\xecfu\xcf\xcbO\x96k2\xd3U\x85\x8b\xd7=\x8cp4\x9f\xe7\x93\x96*\xb0\x14\xdc\xd4\xa9e\x8a)\x16'
    b"t\x1d]fAZ\xb4\x8c\xd1\x8c\xf2\x8aq\x9am\xd7\xe9k\xcc\x08*\x90'\xce(a\\\xa8\xc2\x9c\xe9\x06s\x9bW\x9e\xf2H \xc2\xa8\x1c\x108=\x85x\x1c\xcc\xdd\x984\xfd\xd6rSE\xc3\xa6\x98J\xfa\x10\xdb"
    b'\x14K\xe3\x88-\xecT\xe3 K\x1f_r\x01\\\x10\xfa\x1d\x91\x99vN\xe6\x8d\xe0v\xd7"/=tB\xe8B\x80\x0c\x81\x8c\xf1\xd7\xae\xe8\xc7\xbb\xd5k5a\x8a\'\xc6Q\\\xe9\x8a\x18\x11x]d\xf3f\xeci'
    b'\x85\x91\xf3P{\x19\x11\x8f\xb6G\x0f\x91\xb2\xbb\xd9~\xbc\xfb\xfb\xec\x9f\xff\xd6\xb9\xd5M\x8e\xcdJ\x8c\x04 \xe1\x8f\xcf\xeaW-\xbe\xf9\xeaFM2\xd2h\x152\x8b\x86\xb4cN\x87\x91\xb7\xee\xb9\xc0!Ek\xcde'
    b'gQK\xb2n\x89s)\xf9(F\x1e\x9b\xcc\x8f\x8d{1\x85\xde\x0ea\x112\x07.e\x90F\x92\x18F\xa6\xe2\xd7[\xf8\xa0J\xda\xb3\xe4iK\xf6I\xce\x8e\xc1\x7f\x8a\xd1B\xb7H#w\x18C\xc6#O\xe8v'
    b'Yf*6^\xd4\nP\xd3\x8e?Wp\xdeO\xab$!\x97\x8d\x1b\xa3yK(\x0f\xa4\x98]\xb7\xba\x16\xf3\xb0k\xc6\xca\x88,y\x15\x1dC.\x00\xc2\xe6\xb6{dU\xc9\x0f\xa9\xf8\xf6\x8f\xc1tb.!\xe4\xf7'
    b'\xc3\xa9\xa5y\xa8\x9cyu\x0f"rn\xac\xd4\xff\x94&\x92\x80\xc5\x06D\xd6\x9b\x9d\x8d\x86\xe1\x86\xd8iu\x10\xa0\xa7\x90db]\xd7w\xb7~\x9f}w+Of\xf6\xdb\x93\xbf?O8\x06R\xa3\x824\xbai\xca'
    b'\xd0`*GIx\xbf\xf6\xef}\x1e \xfd\xb9\xfeo\x9b\xad\x06gva\xde\x95\x93\xaff\xaf\x96=\xaetnj\xb0\x8a:\xb7&\xed\x91}~5\xb9\xe8T\xc2bc\x86\x8f\x0f\x83\xcbY;\x96j\x8a\x82\xe3!\xca'
    b',\x1e\xea\xe7b_\xedI\x117K7\xc5\xb6\x9a\xf9\x1ep\x07\xcc\xa7\xe5pd\x0e<G\x82 \x86\x93\x82\xe9&\x82\x95:\xb1J\x13\x0cs\x1a(P\xb5$~\x99\xce5\x8d\xbb\x00=Lc\x93b\xc7&\xc6\n\xb5'
    b'\xb3\xa1\xae\x96w\x11^m\x9b,\\\xb6\xf6\xef3T\xb9\xbb\xf7{\xbf\xb7\xff\xdd\xef\xff\xec\xc8\x1fX\xc2\xb0ta\xcbK\xfb\xfeJ\xf5)\x80\xfcD\\\xb9\xac{b9\xdce6\xcc7\x83\xe3\xe7\x9f\xce\xda\xad\xf6\x7f'
    b'\xfd\xf3\xf7\xdfg\x9dT)\x06\x158\x81\xdd\xf6\xfa\xe3\xd0,\xdbm\xad~|\x97\xd0\xf5\x88A\xe8\x82\\q\xfb\xcc\x94g\x1d\x1e7eR\xe2\xdbZ\xe7x\xec\xc3\x07\xf9TTg\xe2\xaa\x8e]\x9a\xc5i+L4\xb3'
    b'\xb0\x87\xbb8\xa9\x99\x98\x99~\xfd+\x00JZ\x85\x08\xd6\x960\xd2\x98\xac\x11&\xe7\x01p\xd2\xb4\x03v\xb1\x18\xc2\x1a\xed\x12\xcc\xfa\xc9\xfc!\xf4s-\xa3\x9a\xc9\xe5\xe5T;5\xf5\xc9s\xd5+\xb3\xbd\x13U\xe4\x85'
    b'=n\xa7\x99\xb9\xfa\x88r\xcc\xac\xad\xd4\x89L\x07\xc8B\xa6\x8a@\x07WY\x93\xd09-\x91\xe51@v\xf6\x04w\xa5\xa2\xfb\xa1y\xcbgLL\x8c\x94\x9fO\x01\xa0\xa9\x1b\xdd\x15\xac\x0fs\x19\xa7\xa6\xe9\xdd\x9b@'
    b'\xef^\x12\xde\x88\x19-\x04\x0f\xfa\xfd\x85\x82\xb1\x9f\x9d\x87\xfb>\xfe\xa2P\x1a\x7f\xd1\xd2\xfd~6\xf8\xbf\xe7\x83\xc0\xf41Z\xfdb08k\x0c\xf0h\x1d\x0c\xc7\xe5\xf4\xf2\xbd\xa4i$\x90\xfb\x99\x80\xcf\xbc\x8f\xe03'
    b'\x08K\x17\xc0\x90\xf7\x112\xe7\x10\xf0\x01\x86\x93\x13\xb1\xf2x\xcd\xd8d\xd0\x87R\xc2\x84\xcfJ\xe4\xe9\x18\x9b\xbb\x81\xd0R\xec\x00\xcdX\xa0\xba\xf0\xc8\xb8\xaanJ\x00\xfb\x87\xa7\x0cf\x9duS\xd2C\x0c\xa7k\xe6\xfe'
    b'A\xf2\x0e\x14\x84\x10pm\xc7\xc3\x04\xac\xc5\x96P\xe4\x98\x06*\xddu=\x01\xb8\x935spv\xfe\xe2\x8bN\xfc\x17\xcc\xbc\xabzAC*P(\xb5\xf2\xa3^\x03v\x01\xb8$\x18H\x17P\xbba\x93!\xe5\xb4\x1c'
    b'\x9f\x03(\xdc\x9ctB\x1f\xdf\xa0\t\xcb\xcf9\xf3\xb3\x83\xbd/\xb9lp\x13~\xe9\xae\xd0\xa5\x13\xc0a\xf5\x8d\x10\xe5\x15qb\xe8\x7fY2\xf7\x8b\x02K\x1e\x0c0O\x92\xf3\xc5\xe6\xfb\x0c\x98\xff\xb3\x8cI\x94<2'
    b'\xbd\xedm\xcb$\xb4\xd1\xbb{\x0f\x8e\xc2s\xafO\x1e\xf8\xc41l\xc4\xfd\x16\xfb\x8bd\x17\x0f\x12\x9f\x06\n\xe7;\x07\xb5\xf3\x8ca{\x04\xc6\xf4\x02\x8a\xf4~\xd7r9\xa8\t\xd2c\xc4`\t#\x17\xa8{"\xe3k'
    b'\xb0\xf27\x1c\x15\xc7P/=fD\xf8\xf9R\xa9>\x7f\x18:\x86\xa04\xb8\x07\x990\xb5\x08K\xc6!\x0cX\xc5Me\xff\x84\xc8\xc0U\xd9\xdd\xf8\xbd\xd7\xde\xde\xfe\xe7\xdd{\x9d\xdf\x0fn\xd5.\x1a\xcey\xc3\x15\xd3'
    b'\xb2\xaf{\x0c\x94\x93\xf5\xe7\xbd\xbe\xbd\xddBH\xc8\xdd{\x0c\n\t\xbf:\x0b\xae\x98p\xa3\xb4\x93\x8d_\xd3Wt:\x9d<3\x04s\x0e\xccD\xb8r\x8ai\t\x86W\x994\xc3\xa5\xee\x16\xff}\xde?\xb6\xfc\xa7\x06'
    b"i=s^\xc8.\xe49\x90\x8b'\xbfU\x12\xb9U@a\xb3\xc4\r\x19N\x94s\x94I\x1e\xb4\x1e\x02\xe6\xcbq\xd7\xa3\x80\x9f2\x00\x08&\x94g3\x19Y\x14A\xc1q\x96\x1c\x82T\xa0#\xf2E\xbe\xa7M\xf8%"
    b'W\xd2\x00Pm\xfe\x97\x9e\x05\xa8&\x80\xfc\xda\xdc\xbb\xb6\x95n\xb4\x1a\x17\x0f(2\xd4t\xcb.Du\xa4\x1dY\xda\xc4\xe4\xfc\xf5s \xa3\x04\xa3b\xb2\x05\xc3\xc7\x92Y\xe0\xf5\x00\xbf\x94\x8c_\xf0\xc4X\xf36\xcf'
    b'\x98RB3yu\x99dB,?\x82\xe6\xd6\x1f 9-|MT\xcb\xc5\x1az\xdf\x1ac\xa2y\x95\xc2\xdfN_\xc1\xfeH\xca\xba\xd9\x0f\xa1\xd9\xb6\xe5\n\x9e\xfb\x14\x03\xc4!\x13H%q+k\x97HO\xbf]'
    b"|\xab/\xbf+\xb6\xc2\x06\x14\xdc;\x99\x8cL\x00 q\xde-|>\xcd\xbc\x02\x1a'\xf2\n\xb7\x9d\xaf0\x13f\xca\xe7{\xe5|\x9f\t4\xd7\xd5\xc1*\x16\x92\xa9\xdd\xd5\x048M\x199\x03\xa1\xadQ\xa1\xe1\xec\x99"
    b'\xcc\xae\xe6\xec\x84\xee\xa5\x92\xa33>\xb3\\\xdax\xbe\x15:0\xccs\x01\x8a\x83\x05{\x01\xdb\xb4\x0c\x04\x96\x9b\xf1\xe0\xd3<\xa5\x05D\xc6\xd0n\xb1\xbe\x19\x88Kq0\x1d\x94\x1f4\xcb)\x8aK\xb2k\x87J\xa4c'
    b'TX6\xdd6\x82\xcc\x90\x94\x03\xc6\x87\x96M\xdb(\xf1\x7f\x14\x8f\xb03\xd2\xf2\xa3&d\xd7\xc455\x93\xb5O\xeb\x8e\x9d\x92ck\x95\r\xdb\xa0y\xd9\xc1b^L\x80\xb8w:\x01\x93\xc1Y\xa1\xb5\xde\xf6~\xd6'
    b"M\xcb\xf6'\xc9t4\x91\r\xb6.\t+F\x15.\xc3 x\x1c\xf8-\xc1jv\x97m\xe1\xb4.V<\x9c\xd9-\x97<\x1e#\x14g3N\xcc\x8b\xf0\xbb\x9dm\xb3nm\xd7YM\\\xc5\xd6\xb7\xadN\xbcQ\xb0"
    b'\x85w\xb9\x87\xb5L\xc4\xc3\x9c`\xa41udB\x87)iX,u\x13\xeb\x9c\xde\xcc\xb7$\xdb\xd6}9\xe3\xe6\xa9L9\xb7X\xf5\x1b+\xbb_\x85N\xad\xbc\x8en\xf5\xbb\xfe|E5\xd2\xb2/\xed\x84\xa4\xe76'
    b"E\x84\x8cw\x9b\xbeRB6?\x87c\xc9\xddW_\x88T\xcbb\xabH\xe3\x04>.\x9e\xfd\xfc\xe4\xd5\xab\xe7/\xdf\xee\xb9\x81J\xb9}\x85h\xb7\xb5,\x85\xdc\xc8H+'\x12\x96\xb9A\x1f\x1d\x9c\xb5\xd9\xedNf"
    b"xM<\xb9\xb8\xbd\xc1L\x14\xb7z\xf22\xd3\xc3i\xa9\xd0\x14;\xb7*Z\x9a\xf2\x9c\xe9\x7f\x08E\x0eXj'\xf0\x9aH\xe7\xd2=5\x9a\x97\xe2\x99\x8e)[TXx\xb78s\x8b\x00\xea+\x07 \x8c\x8f\xf8\xcf"
    b'\xdc\xcc\x18\x95\x06\xa7\xc8:\xef\x92nr\xbe\xb0\xeai\x7f\x10$\xcc?jt\xdc[\xd9\xb9\xd16\xbc=1\xc8\xc9x\x96\xd24\xebaX\x97\x05[\x80k\x181\ro\x98\xe5L,\xb6;\xacH=#\xdb\xd2\x83\xc7'
    b'\xf5\xcaa_\xd9l\xad\x80\x04\xbd\x93\xd0\x0f4E4\xbf\xcd`\x1c\x14\xc5/\x1c\x85n\xd4:ak\xec\x14M\xc8\x7f\x1d[\x82v\xa7[\xd8j\xec\x903\xca\xe1\x17]\xde\xeb\xd5\xf3W\xc7\xbai7Q\x88R\xb3f'
    b"\xefV\xae\x89\x98\x16Z\x0b\xc6\xbd\x91\x02eDO\xedT\xd2\xd1\x87J\x1e\x1a0\xd7.\xbb[\x95\x16$yv-e6\xceb\x93\xe5@\xebD'\xdf\x0erCW\x10\xaaj7~>\x18\x18\xd1\x1ap\xdbb:\xfa"
    b'\xd0=P\nuN\x890#W\xde[C\xb6\xf4\xd5\x02\xc0\xf5\x82I\xdc\x98>T\x99\x1bQ\x0f\xe9\x1c,4,!\xba\xd0\x98\xc0<\x07\x89\xf7\xd4 \xd8\xed\xd2\xcc\x97\xb9oF\xdc;\x91NaGX\x1e\xdb\xc4J'
    b'P\xd1\x13\x91\xb5\xeaaq\x8a\x90(D\xce\xc0\xf13\xac%\x97\x93\xfaZ\xc8x2\xecP\x0f#\xcaL\x80\x9b\xc3Y\xd7\xbfnz\xd4\xec\xc7\xfaT\x1c=\\b\xa4\x9aG\xc8\x8a\x9e \xcb\x9b\xab\xba\x00\x93D\xf8\x9c'
    b'\x9d\r\xc4@;\x98\x92xf\x0f\x9arx>n.RK\xfb\xd4\xe8\x94\xc2ox\xfa\x04}\xef\xf9\x0f\xbd\xe8z\xd2\x06\xad3\x14\x95\xeb\\MV\x81\xb8O>\x07P\x10\xedx\x7f\x14\x1d\x02\xddQ>\xab*x\xa9'
    b"\xec8\x17\x15\xad\x88\x8a\x84\xaaJ<B\xe4\xeb\xa8\xd5R\xfd\xadA\xac'?\x934\xa9\xf2h'\xd09\x05\xd3\xb7o\xc3\x7f\xaf\xaa<\xd9\x81Q\x86\x86\xad\x91(\x1d\rl\x12e\xb2\xd9\xbc\t\x8a\xaa8\xdf\x00\xbd."
    b'\xb5:9\x07\xfa\xa6\xdd\xc5\xe9\x16R\xdf\x1e\x171\x0c\x04\xb1F\xa0.;\x8b\x92\x0c\x88\xca`H\x98\xfa\x9b:\xa4\xf0g\x13$=J\xd4&\xb2\xe3lA\xf3\x87\xcb1\x83G\xd0V\xdb\x12\x85\x1fqy|\xa5W\x15'
    b'\xe1\xf8\x89\xaa\xbdT\xf39\xa8 \xa7z\xde\x88di\x8c\xe8pu"\xf0L\x90X\x8cT-\xaeJ9:b"3\x04b\xea\xba1\xbb\xb8\xf7J\x98\t1\x04p{ \x95/\'\x13@\xa2\x8bR\x93M\xafQO'
    b'\xda\xd5\xc45IE\x87\xcf\x87\x87\x93\xf1\n\xfdv\xd1T\xc3\xa9\\\xbd\xef\xd8\xcf\x05\\\x9a@C\xad\x08+%\x7f7\xc1J\xad\x86@)N\xd9\x1f\x07\x9a\xa7\xcc\xef\xd9\xe5Lb\xce.j7*\x01)\xb2\x1aq\xd4'
    b'\x19\x03\x14O\x13\xa0\xab\xec\x87\x02X-\n4\xa9\x7f\x1c\x8e\xa2\xf4\xbe\x06\x80\xa5=\xca\x83\x9a\xca\xe9\xb0\\\xd7Uw\x8e_\x8d\xd5\x81\x9ba}\xd4\xa7e\x95"\xc7\xe6\xc1\x88T\xf7&\xcb\xfb\x95\xd0@\xcb\x9bV\x91'
    b'j\xecB\x8d\xbf\x91s\x1fp\xf3\xf9\r\xd2\x8d\x9e.\xe2\xd0\x9c\x14lX\x91\x158\xce\x1dAm|}\x94PH\x1f\x15[h\xf2\xf5x\x10\x1d\xf2\x19\xaa\x90\x16c\x95j\xb3\x90!\x07\xb3J\x03\x83\xa0\x9e\x0f\xa9\x1a'
    b'\r\x83j\xd5`\x9dw\x8a\xa6\xc5~k)\xcf\xea*\x8c0\\\x86\x91\x80\xd4\xad\xc6h7\xd4\x86dvyuz t\x81\x1c(q\xd1z4\xfbx,\x93\xb7\xbb\xb6u\x7f\xad\x10\xf4\x94\xdd\xb5\xcd\xed\xb5B\x01\x91'
    b'w\xd7\x00\x17\xbcu\xbf\xc03n\xa0\x93a\xbf?\x18\xef\xaea\x87\xacE\xac\xe0\xda\xe6\x8c\xa1>\xadG\x98\xf3"\xd4\xb4\xf9`\xad\xb8\x0c-\xf5\xee\xacY\xab\xae\xd1\xf0\xe74\x14\x8a\x98\xbf\x19Br\x02%vH\xca'
    b'@M\xde\xbcW\xdc\xed\xdd)^nn\x86\xff\xe2\xaf_6o\x17\xdb\xf2D\xdf\xdc.\x1e\x84\x16C\r7\xe2\xbc\xa5.\xfd\x0bzd\xed\xde\xad\xf5\xe8^\xb5G\x14\x8d\x1e\x01\xa2\xfa{\xb3#\xb5b\xb0C\x86\x0c\xab'
    b'\xfe3g\xe5\xf1\xc0\xf0\xfd\x17\xe1\xda"8\xe2#\xdfi\x96\xf1\x83\xc1\xc9\x90\xd8\x1d\xba\x07\x96\x81\x89\x19\xb0[;\x85=\xc8\xed\xfcqp\x8d\xef\xa3@\x07x\x89\xe8f\xf6\xe0a\x13p\x98a\x9b\xb3c\xf5\x04\xc8\''
    b"\x12\xe6\xd1\x10rY|\xa9y\xdb\x1c\xa0\xd6,\xb7\xad8M@\xc7)\xde!.\xc9\xf8Lm]Qg\x11S\x02\xe1B\x05\xc8\xac(\xbdP\xef&\xcc\xd8\xf7\xba\xc5\xcb\xe7?\xcc\x8aM\xfe\xda\xda\x88fS 'h"
    b'r\t\xf9\xa6\xd8^\x83\xe3\x94\xdc\xca)\x0f2\xd3\x16s\xb8*\x88\x8a\x1f\x08\x1a\xc0\x1b\x9eNHC\xcc\x9bp!2\xcbE\x8c\x1b\x88\x16H\x189\r1X\xc3\x8f4K\xf0\xda,\xf2\x1f0\xef\xc1?\n\xe1\xd7\xe3'
    b'\xe3\xf0\xfb\x84\xd6\xed\x1dq\xdb\x9a_LR6\n\xe7\xa9~6\xf90\x18\xab\x16(\x9agD\x97\xe5\xd3r\x9a\xaa\x99/\x1a\xd0\xba\xe5\x85\xc8\xe9\x1b\xd4\x8eY\xca\xcdB\x1d\xc0\xd18\xd3q\xa2\xe4^\xd6B`\x01\xf7'
    b'm\xd3\x88\xbb\xe6\xcc\x8f\x82\xa9\xc4\xe0\xa3h)\xabM%\x1b\xb6\xff\xe9\x81\xe4\x9d\xa4g\r\xa9\xae$\xed\xc3\x8c\xb5J\x06\xb3\xb5\xba\xde\xaf\x80\xce\x07x\x8b\t\x83\xe1r6)6\xd7\xefaaZ\xb2\xe6\xd2\xd5;\xdd'
    b'\xbb|v\x87\xbf\xee\xb6\x9c\xc2Yz\xf86\xccu[\xffv\xfe\xc5\xe2\xa1v\x9d\xbeY\xbfk04T\x14\xaa\x92R\x8a\xee\xb7\xfa\xcd^)\xca\xcb0k\xe9\x89sD\x92\xd2\xccz\x19x\xe1\xf8k\xddy\xadkO'
    b'\x9c26\xef\x0fu\x9fZwT\x96\xba\xf6\xa8\xc0d\xad\xa8>W\x83&\xdfz~\xb9\x8e\t\xc85\xd6\x84\xf5\xa0\x9e\xd4\xf5\x9f[$\xcc>vH\xd6\x8ci,\xbc\xb6\xa4\xb0ifU\x81\x7f=,\xe7VY\xb4\xcd'
    b't\xa3\xf6SL\xb9o\xc3q\x1d\x1f\xe7\x8e\xf1\xcb\x94\xa4z2\xc4\xaf/\xb2\xf95\xd5\x03L\xa8\xe8L\x96R;\x99N\xeb\x9e6\xe5,\xe63O\xfe6\xde\x9a\x15h\x13\xf4\x0e\xd5\xc0\x11k\xd9y\xddR\x07\xf3\x99'
    b"z\xb2\xa8\xb7\x8c\xd5\xc9\xa7\x99\xfal\xa1bS3\x93T\xf5\x7f],\xddn\xa5\xa9\xb4%\xf3\xae;\xa8b\xe2n)\xfatL\x01\xb2\x1b*\xb3\x07Rm(\xd8\x10\xce\xd0\x8eZ\xd5P*\xf0'\x81Rs\xfb\xf0\xf1"
    b'\x0e\x7f\xcf\xd2\x03\xb7\xbf\xe6\x13\xa1H\x1a2.\xd3w \xae\xe9\x1a\x99\xfb[f\xe3\x04\x05\x10\xc3\x0f\xcc\xd0\x81\xc2\xc8^\x03]1\xf2O-W(\xa1Y\x81\x0e.\xf56\x12%\xd4\xc1\x14{i=\x94\x95\xea\xe5#'
    b'@\xc1\x98Y4H\x19\x03\t\xa9\xa3s\x05\x02\xee\xce\x1a\xd2\xb4cW\xe9\xea\xb3H\xb2m\xc9*6d\x15\x17Md\x95\xbe\xc8\xd7{\xf2ON\x87c\x18\xffy\x04\x0e\xbf\xd9`b|\xfd\xb7w\xbf\xfe\xed\x9dX"'
    b'\xa0\xdb\xdc\xef\xe9\xd8\xa1|\xcau>\xb1&\xb3\x00\xe9\xbf\xbdH>\xfd/\xa1\r\x8b\xaa\xd7\xf3\x1b\xd3\xd2Y\xdd\x1d\x1d\x92|\xfd\x87\xd6\xb5S\xec-\xaah\xff\xaaZUu\x94\x95*q\xcc\x8dE \xf1\xb7\x1a;\xb5'
    b'\x9a\xb2Az#\x13\x8b\xcbc[zM\xfa\xe2\x8c\xb3\xbe\xb6\xac\x07\xe1\xe3\x9dXM7n\x9e0H\xff\xf9~\x83\xc7\xa1\x123\xad-W\x16\xf3\xa1G\xd8\xe3\x83^v\xb5\xf9c\x97\xbd\xb6\xad#\x17\xcecK\xb1T'
    b'P\xe6\xb4\xf3C\x0e\xc0_\x9by\x0b\xd5\x8bC\xdefy\x90\xd3\xa3\x87\x15\xf3i\xd8\x9d\xb6\xc2R\x08K\x9cY\xd4g\xe0x\xa5\xb0m\xd1]\xdd\xa2\x94\x90O\x88\x83\x16K\x84c\x1b\x08\xd8\xdf\xce\xce\xcck|U='
    b'\xe0\x8e\x1b\xfcwy\x83\x99\xcaI\xba\x84\xec(B\x9e\xfc\xda\xa4]\x91\xaf\x91\xed\x8c\xeab\xa8=\xf0\xbd\x80\x8eG\xeb\xa0\xed\x84}\xb3\xee\xeb\x8e\xe8d\xacy\x99\x12{Qw\x14\xae+\t\\Y_\xffr\xb7\xd3\xe7'
    b'\xea#F\x16\xdc\xec\xfd\x07\x97\xe603\x17M\x01\xa0\x94\xacU\x8b\x13\x96lkb&\x84\x01\xa1\xa4\xf8 \xac7xW\x18\x12\xc5<>e\xb42W4\xb2\xdd\x05@\xca$\xbb\xc5\x9c\x89\x02\xc5\xfc ~\xe3.\x81'
    b'\x8aOr\xc4 \x19\x9f%X\xb8\xeb\xc01\x1f\r\x8f\xcf\xa7Lu\xa1I\x1f\xba\xea\xc1\xda\xd7\xf0TAF\x89~y\xd2\x05\xbc\xba(GH\xed\n\xf4F\xca\x13\x06\x1a\xe3\xc4\xbd0\t\xb8\x02$r\x81\xd2\x02\xf5z'
    b'\xe1\xc5el\x11%1=\xc8\xbc\xe4\xb2\x18Bq\xbf[\xfc1\x85\xfe\xba\xf5\xcd\xe0\xfe\xf6\x83\xad\xc3\x96\xce\x05\x9e\x1c\xdd)\xefnm\xb7\xd4\xd1\x06O\xb66\x0e\xb6\xef\xa0L\xbf\x9c~\xc0\x83\xed\x83\xed\xa3\xdb\xb7['
    b'W\xd5\x8c\x8b\x9a\x8f\x84I \xd5\x98\xb7)J\xd1\r~\x0b\x8f\xc6\x968.V:\xf5\xf6\xdd\x93w\xf4\x8f\xc4&\xad\xa5WDg\xdf\x13n\xf3c9\n$kS\x1c\x16\xf7\xb9\x8c\xef\xd9\xf3\xca\xebM\xben<~'
    b'\x1c\x96/\xbe\xc1\xda6\xf7u\x0e*\xafX\xd3\x15\xaaj\xca\xf0\xb8\xa0g\xb1F\x1bk\xa5\xd2\x16\xa2.\xa5T\xf8s\x7f\xa1\xbd`Q_m\x80\x0b{l\xfd\xbe\xa1k\xf4D7\x11\x04\xc6!\x1d\x8e*[\xbf\x94\xb4'
    b'\xc1DS74\xd1\x98ZxG\xf8\x90\x8bYxsL`\xd2R\xd6\x86\xfe\xa2\x87\x87\x88J,\xb9\xc2\x08Y\x00\xee\x8d\xd8\xe8-\xeds\xc4=\x82\x12E\xb2\x85\x82\xafE>?\xb7\x07\xde\xbdx\xf5Nw\xa6\x1bQ'
    b'\xda\xb5=\x9e\xd9\xa6\x15o}S\xde\xbf{wc\xa3\x19\x0e\xbf:\x89\xado6\xef\xde\x7fp\xbbl\xd5\xa7oyE\r\x8b\x19?\xc82}\n\x1d\xfa\x11\x9e\x9d\xc2\xca}\x18\\\xfa\x88\xb7y\xca\x0f(\x1b_r>'
    b'\xc4\xf4\xac\xc9\x90\x18f\xbf\xcd\x03E\xdb\x8d\xbfio\xf2q\xbc\xe5\xdc4a\x1d\xb2[#|\x19qz#\x0e\x9c\x8e\xa5\xad\xd5\xfc\x91\x12e\xe2\xf8JT\x08\x9dG\x0b\xea\xb4w\xd7\xec\x8b5\xd11\xa7<1\x1a\xec'
    b'\xbaW])\xf7\xbb\x14\x9e\xd7=\xe1\xa2Ts\x86\x85\x8e&\xdf\xbb\xe6\xb4awS\xaa\xb0\xf6\xed\xde\x1df\x0c+\xbe\x85R\xad\x13\xb3\x86m\xf5\xee\x9a\xbe\x0e\xe58\x89a\xd2!+\xea4f\xea\xf5\x16K\xc5\t\xd1'
    b"\x92\xacN\xf3\x8cU\xb2\x8c\x919\x10\xa4\xc5\xcd\xad\x04\x93.\xe4>\x03\xcaq\xa9\xe3\xcf\x06\xfd\x01d\xa2r\xec53\xf1\xfa\xa2\x9c'U,\xbf'\xa4\xea\xdae\x91\x82H\xed\xd0Y\x87\xf0\x1dS{\xccbn\xfbx"
    b'+\xf2tG\xf7\xd3y2\xcan\xdb\x1a\xe88\xb7\xb6\xb24\xd5De\x8c\xf3\xba\xbd\xdf\xad\x1c\xd3N\x97\xfd\xf2\x85n\xef\xd7\xd7\xdf\xb27\xa6\xa9KZY*d/\xa9\x9eU\xb5\xec\x83\xa4\x96\xdd\xda\xaa\xe8e\xbf\xd9'
    b'<\xdc<\nO\xbdJ\xb6\xf5\xe8X\xdf\x02\r\x1fF0\x88R\xebZ\xdbfo;>\x82\xcb\xeaay\xb6\xbbFP\x0e{,\xbbGF\xfb\x9d\xec\x92\x1b9!\xd0\xd1s\xab|\xefw\xe9\xe6=\xd9\xa6\xdb\xd8\x89\xcc'
    b'c\xb7\xe9wd\xaa36\xc5.\xe6\xbd\xf7\nn\xe4\xe9\xfb\xfb\xfd\xde\xdd\xe2\x97\xcd;\xe1\xbfw{\xb7\x8b\x9f7\xef\x87\xff\xfe\xb2y\xb7\xb7]\xe0\xcd\xdf77\xc3\xaf{\xbd{\xf6+T\xf7\xe8\xd6\xf1W\x9f\x10.'
    b'\xec\x92\xf9\xb8\xdd8\x1f\xbd\xdb2#\x9b\x0b\xa6$\xd6\xba\xe2\x8c\x84\xf9`\xf2B\xe8\xd8\xef\x17a*\xb6uj\xf8\xfb\xe5\xe6}\xfe\xc9\xe9\xd1\xd7/\xc3\xeb\xdb\xc5\xd6\xa6\x7f\xe6*\x97O\xb66z\xf7m\xde*J\x1d'
    b'1\x95(1\x14\n\x7f\x14(|\xc5L\xc2\xb1\xe0\xcc@K\xb0u;n\xde\xf8\xfc\xdbb\xa3\xf7\xc0\x13\xa0\x96\xdb\xd6\x9b\x98\x9c\x06\x13K\xc5X\xb1\x11\xab\xdd\xdcp_\xdf\x96C\x11\x961\xc3\xdah5\x1c\x11\xa1\x00'
    b'\xdf\xc5\xa3\x17m\x10-\x07\xd8i\x1c\xbe\xb0\xe2\x02\x8dU\xd0\xdba-\x86D\x91\xe5+\x1d\xd8\x90P\x98YL= \x10e\xb8\xdf\xfe\xff\rq\x18\x01\xde\xae\xc5\x9b+\x16a\xc5E\xe49\xfe\x11\xb9\x9e_^\xbc\xfa'
    b'\xc9\xa7\x08\xae\xe2\xd2I0RD\x93\xf8L\x84Q8\xa4\x18\xc2(\x95\xca\x8c\x07\xdd\xd5Z\x1f\xcb\xbf=\xb8\xab\xbe\x1d\x1eP\r\x9e\xdcn\xa8\x13\xc6\xfb%\x18`\xf2=\xe1\r&\xe73]!\xadj1\x1a\x98\xd4\xea'
    b'\xb4f\xcf\xcb\x19\xa3\xf9\xca\x03\xe8<$\xc2G\x19\x1f\tn\xd6\xec8\xc41\xa0F\xbf\xabCyZM\xcf2()\xb6\xff\xb9\xe9\xaa\x02\xb2\xa2\xb2,\xae"\xfc~\xa9\xe8\x1d\xf8{\xc1\xc8\x93\x02K\xe7{w7}'
    b'\xda\x89\x8b\xc0\x1a\xdc\xdcg\xf3\x95!7\xc4\x8fu\xd8\x9d\xe5E\xf3R\xcb\x9a\xc3\xfc/\xdc\x8a\rJAD>\xe5J\xc1\x95\xa1L\x0c\xcc$w\x92\x90\xf0?,u\xcb\x17\xf2Vj\xc7O\xc7\xbeI\xf2\x15d2&'
    b'\xf1B>G\x126>\x95\x14\xb2\x81\xa2\xf1\xa9C]_\x1d\xff$\x01\x98\x00\x8eZ\x84\x1c\x9a}\x13\xef\x0e\x81eO{\xb1\xef\xbf\xa9\xa3\xa6\xe4\xb8)\xfcf;\xfbD\x80S\xf8\xe2\xf6~\xde\xbe\x02\xa8\xdc\xf1O\r'
    b'A\xe5z\\\x9e\xe8\xa7I"\xfe\xfa\xa8i\x06S.\xe9\xeb\xe0U\xa4\x96\xf58\xd1\x1b\xfbM\xdf\xa9\xeef\xb7\xa9L\xc4\xe1\xd6\x8b\xa2[\xb8Uk\x84l\xbf\x16\xc7\xa5\xe6\xf9\xbb\xd8>]\x88\xc7\xad\xddh\xbb\rN'
    b'\\\xbe@\xa7\xe9\xab\xb8\xe4\xcb\x10b\x1a1bb\x92\xbee\x80=\xd7\x9cn\x83p\x89\xc5|N\\\xd1\xcd\x8d\xc51\x0b\xaa)\xd1\xc8h\xe0\xfc\xfa\xfaW\xd3\xceEm\x02}c\xc4kgv\n\x84\x02\x82\x84\xa9\xda'
    b"\xc9\xc854@j\x90@y\x85-E\xe0v\xb4i\x89\xab\x14\xd5]'\xa5\xc5 \xcf\x14\xdf@l\xf2S\xf1\x04\x80\xaa\xe1xT\x8e\x81\xcb\xf9\xa4\xaa\x86d\xc6\xb5LM7\xe8\xa3N\xed\xd0\xac\x1b\xf3\x1b\n\xfc\xc3"
    b"\x89x\xafI\x043\xef\x9e\xaa6M\xa41N(Q\x13O$1\x8c(.\x9e\xbf\x0b4\xe0\xa7\xf7/\x9e\xbd~\x15\x95W\x0e\x9bi'\x97]\xef\x0b\x0b|_\x85T2\x9a\x91\xa5E\xea\xed;\x1f7{\xf7\xf1\xd7"
    b"V\xef\x1e\xff\x84G\xcb}\xe4\xedn\x02Ok\xfd\x82r\xf2\xfe\x97\xed\x1e<Ln\x8f$\xdf\xf7\xf6/\x9b\xfc#\xfc'>A\x89\xf0\xc1]<X\x8fEn\xf7\xee\xd9\x03p\x86\xd4s\x91\xc5c\xe7c\xef\xb6\xf8\xf1"
    b'\x93 y \x0b9\xfe\xdf6\x18\xec\xad\xea\x106z[\xf0\xba\t\x8cx\xc5;\x86\xfc{}.\xc2\x07\xb7E\x1cX\x8bz\x06\xea\x88bg~\x044E\xd6\x17r\xf9\xe1\xbbg\xf0\xa1\xd9F\x1e\xf2\xe2^`\xa9\xb7'
    b')\x17\xdd/o\x87\xae\xe2\x7fL\x9d\x1ed\xa1\xfb\xc5\xc6!2\xa7o\xae\x83\xfd\xef\xddYG\xc6\xf3z\xf7\\\x03\x18X\xef\xf6\xc9\xed_\xee\xa2\xa5P\xd7Iu\xb1 \x7f\x85\xb6\x0eCm\x9b\xac\x1a\x0b\xb5\xc9t\xeb'
    b'w\xdc4b\xc7\xe6}\xd7\x05\xdd\xfe\xe5v\x98\xa3;/\xf9\xb3\xb8\x8d\xe1\xdc\t\xab)\xcfn\xf3!2\xb2o\xf8\xda\xc06W\x16\x05\xabp\xe7d\xfb\xe3\xfa\xb6\xffO\xfc\xe4\x1d\xe0C\xaa\x9b\x10C\xcb\xf7\xe1V}'
    b'\xea}\x87\xef\x86\x0e\xdf\xe5\x0eC\xff\xb6N\xc2\xff\xaa\x0b\xcbw\xa1\xb7\xf7\xf12\xad\x9c\x04\xa8\xe7}~\x80\x92\xbd\xbb/o\x87\x7f\x1f\x9cl\xf7\x1e\x8c\x98\xa2>\x88f\xf0\xdf\xba_\xdc\xfb9\xac\xe5?b\x1d\xafy'
    b"q\r\x96\x9e\xa4;\xb5\x93\x14\xc6T\x86\xa7\x05\xfe'\xdb`\x03g\xe1\xee?\x16m\xb2\xb7\x81K\x16\x85n\xd6\x0c\x15I\xa9\xa1M\xce\\u\xaa\x16u\x0b\xa5kg\xa0r\n\xc2\xfa\xdd\xbe\xb6\x05\xedb\xcc\xec\x90O"
    b'(\xe8\xc6\xfdg\xfc\xaf\x1e\x05\xee\xef\xb0\x1c\xd9I\xd8\x90\x93\xf0\x0c\xcb\xcf2\xf2\x05\xff\x9b\xa6\xfb\x05\x10\xe6f\xc3\xf9e\xbd\x8d\xbb\x87\xd8\xac 8\xd8\x9f\xb7I:\xee\x84\x9ap\xe0\xee\xf0o\xce\xf4\xfa\x03\x1c\xb7u'
    b',\xf2\xed\xf5\xedbk=t\xa0\x81x\xb5\x0e\xc3\x89\xdd\x04Q\xe1\xff\x1e\xc4\xff\xe1\xd3p\x9e\xc2\xbe\x0e\xa7\xe9No;\xf5\xcdP\x8d\xeb=+\xe58\xda@7p|\xef\x1fr\xd1C%\x98\x0b\x9e\xcc\xedPy\xef'
    b'\xc1z\xef\xde:\x89\x01\xfe\xb9\x8fG\xf7\xf9v\xab\xbeR\x85\x10\xc6\xad@`\xef\x95\xa1\xcabK\xf7\xd3\x06\xfeZ\x0f\xff{\x16\x0e\xeb=\x9c_T\xc5\xa3Rp\x9b]\xb7\xee\xb7{\x0fd\xd9\xef\xa96\x84\xbf\x97\xec'
    b'\xac\xbb<\xa5\x97\xf8\xf2^\xfc\xa0\xde\xc6\xb2*\x1e@\xbf\xc3*\x16\xb6\xd8\xa2\xb9\xe0_(\xa6\x7f\x05!\xdaK\xc7\x11\x0cY\xd5\x0f)\xdd\xaa0}\xcei\xd0bJ,\xe3\x14U\xb8\xc4\xd3Rl\x18z+w\xa3*'
    b'\xc3R+\x06\xfe\xe0\x8c\xe92\\<\x91\xeeD\x01\x80!\xec\x81\xda\xfdN\xc5&\x18x\x8e\xc0n\xcc\x9c;!\xdd\x9b\xc3G\xc5\xf1\x84\xfc\x85f\xf5Q\xccj\xf2\x15p\xcf\x18(B\x87b\x05\x96\x8a\xae\x82\xae\xf5#'
    b'\xee\xda\x81%\xe4%\xf3r!\x85\x08h\x05^\xeb\x7fD\x1f\xf2d:-/\x83\xe4;\x99O \xea\x98\x94\xd8;\x0c\x0c`\xbbI\xee~\x12\x9e\xab\xe8\x8d\x0fv\xc9\xc4\x06)\xdb\xcb*|\xe6%K\x0e\x1b#\xf0\x02'
    b"\xc0\xea2\x01\xd3K\xa0\x8a\x8e\xd4$\xbd\x93V\x1ef\xa8\xb6\x1fW\x91\x1b\x186\x85\xb41\xc0\xe8\x9b>\x0b\x7f\xd1\xcb\xaa\xb3\xa8lX\x18\xe4x\xe3'\x88\x97\t\xff\xd6\xb6\xfah8O\x88\x1c\xe8/?\xd2\xb9\xef\xb0"
    b'\x8a\xa6tHx\x1e\xc3\x11\xd0}\x05\x9c\xcdD\x8c\x94M&\xe2Ev>\x0b?\xf2\xea\x0b\x96zgv8\t"\xf0\xf7\x85J\xff~\x9d%\xa3\x9e[g\xb1\x81\xec\xe6\xdc\xf4^\r\xf7\xd4\x03\xa6\xc9\'\xff\xfc\xa7\xea'
    b'\n\xaa\xf3\xaa\x02\x0f\x98\xf6V%\xa7\x9b\xb8\xd8\xd4 Ua\xee\xfa\xb1\x02\x82&\xa5L\\\x05\x18\xd5h\x12\xceyB\x89R\x83\xfc\x84\xba)P\x16\xc3+::\xeaz\xe4\x01U\xc8\x10\xb1ma\x12\x91\x96\xe4\x84\x01'
    b"\xa8\x90R$M\x02\xd9\xf2>.N\x81\x02\xf8\xe6^\xd9\xef\xb7[ d2\xd6\\\x81\x02\xa9\xf1I\xff\xbfK\xa8.\xa0Ii\xb7(5\x12h\t\xce\xb5\x99B;MYE\xa3\xbd\tE\xfa\xda\xb2\xe4'\x8d\xc3i"
    b'\x0e\x14\xd0\xc5N\xea\xe6\\\x84\xfd\x17^=\x17\'\x93\xd5\xee\x9dP\xb0\xf5\xe7\xf4\xca\x86\x80A\xf5n\x0cD\xc9\x95\xb9\xd7\x07$\x85\n\xf2\x10\x8d\x18\xcc$\x8e0\xd7\xe6.g\xb1\x86\xd47\x96s\x85"{\xe0\xa2^'
    b'I\xfa\x8a\x965\x9a\xa5\x99A\x1d\t689\xf47E\x0c}A\xd8T\xb5\xdd\xca\xd0\xde\x85A mS\x1b\xb1ME\xd4\xd4.\xf5q\xed\xc4\x8a\xed\xec^\x07X\xfe\xaf\xdf|\x9f}\x1d\x7f\xfen\xf5x\x05\x82\xba'
    b"\x7f2\xa9\xf0J\xefT\xff\x12\xc3\xff$\x8a\x12j\x0e\x9a\x92\xcf\x86\x03\xc9\x86\x84\xbd\xd3\xf50{\x81:\x08\x8c\x98\x8b\xf6[qSB\x05\xdb\xea8'v\xacLB\xc4\xee\xe8v\xcdR\xe1\xe5%\x96\xefO\xbci\xa0"
    b'\x87\x17\xe5e\xaby\x87-\x0bA\xac\xaa\xd2\x18*+\xcc]st\xf9\x9f\xd6\xa2=\x95\xa0u\xde \x98\xfb\x14\xa2\xa1M\xf4\x8a\xdf\xc0\x9fZ\x83\xe1>\xd0\x88\xeay\x8a\n:\xa5V-,pW\x02\x17\x88\xf7\xe6P'
    b'\x91\x86\xb3\x04\xf3\x17\x83\xa2\x15\xf8\x171\x1f\xc3jz\ri"\x06M\x13F\xe6\x8a\xe8D\x11S\x19\xb53\xeb\xafq\xd9S\xe8\xcd\x04\xa9\xd6x\xe1\x87.x\xde\xbc\x9b\xd9\xe0\x89j\xfb\xdc\x88q\xd1\x8d.\xe0\xb6v'
    b'R\xf6{. \xa5\x8a|;W\xb5\x9cx4\x9c\x0c>\rb\xe4}\xc2\x12lHe\xcc\x1c\x9b\x926\x84A\x1c1/A\x98|\t\x8e\x1b\xc8{\xf1\xe5\x13\x90ULn\xef\x06\x95|\x12\xea\x0e\xd0u|\xd5J>'
    b'oQ"\x88c\xcdW\xa8\x9b\x82\x850\xeeS1\\\x95\xe2\xb6\x81\x1eK\x08\x91\xad\xa3\xa6\tJ\xd8\xf4\xcd9\x1a\x9a\x12s\x18EY\x90\x9f\x83f<w\xcd\xd0\xcdZ\x86\xe5n*\x8b\xd8G\xe4G\xf6\xa4\x1a\xb2\x8f'
    b'\xc8\xca\x7f\xfeS\x99\x01M\xcb\x81z|^\x8e\xe8\x97T\xc1\'h\xae9\xd9\x9c#v:V\xba\x1b\xe6\x008\x82.3\x8c\x82}\x81\x1e\x11OBV\x00>\x9b\x19\x08\x04\x92\xa0\xc1A\xb42\x9br\xe3";K\x96'
    b'\xf1r\xf0\xe9\x1a\xf0g\xe1\x0f7\xf8\x7f\xf4\x89b\xbf\xe0\x07ep\xd2\x92\x056K-`\x10\x03\xb5\xf6\xaa]A4\xfa\xb5]\x88St\xa0\x08\x9d1cU\xd7\xa1q\xcf\xeat"\x9a\xe8\x0fO\x86g"\xd0\xba\xa3'
    b'+\x82\x80\xa6\xd0\x01y\x16\xb4y\xb9]\xba\x96Y\x13a\xe6a\x8e\x03q\r\xfb\x96\xe9{\xe4\xc4M\xc4%\x80\xfb9\x94\xf9\xff\xd4\rz&\xe1\x8d+\\\xa12u(\x9f\xf8>;\\N\x1e\xbe\xe6\x80\xddd\x83\xee'
    b'\xf04\x9c\xb4\xe5g%\xf7\xfcc\x0e\xe6d\xbe[8\xdc\xe8\x86\xa7\xcb\xbe[\xd4\xcf\xb3\x91\xf3\x9db\xaf9\x0f\x0876\xdcI\xe7;\xc5\x06\xa5\xbf\xfc\x80\xee\xe9OD[\xedVp\x11\x99 7oR\x13\xcc\xcc\x08'
    b'\xce\x9dr\x0e\x9dL\xc2\x84\xb7\xcb\xcc|\xacV;\x19\xae\x88/\xb4\xb5\xc5\x06]@\x1b_\xc4D\xd8\xbe\x98u3F\xb3IQ\xcbIt\xd3\x1d9WI\xa7\x16\x8fz\xc3\x18\xde\xc9J\xa9\x8dC\xb1\xdc\x98\xcdv\x98'
    b'8\xf4a\x1e\xd4w=w$\xf1h\xb5\xcaf\x81\x8f\x89\xafs\x9e~\x19\xa0\x8a\\V\x91\x08\xd0eS\x1fi\x86L\xf4=KZ,\xc1j\xd5\x95o\xf0\x00`\x9e\xac|\x15I[V\xc3k(X\xb8\t\xafA\xdf'
    b'\xd4\xe7\x00\x8f\xe9\xf0Y\x8a\xa4\x9e\xf6F\r\xf4@\xeb\x10\xa5I\xb8%~\x9dN\xce\x82\x14|\xd9n\xad\xaf\xb3\x9an!\xa4:uD\x85\x84\xc6\xca\xf3<\x07F4\x05\x17\xd8\xf1;]\x89YQ\xadJ3|C\xbb'
    b'\x99\xec\xfb\xae,\x08\xcav\x07\xe7\xa1iw\xaa\xab\x87\xef\x1d\xe0\xc9\xc2\xad\x91\x9b\xcc\xfb\xd3\xc9\xea\xcbV\xb0x\xf3\xc2\xe9\xbb\xfa\xd2\xe1q^\xa6\x92\xc9\xe6\xf7\xf3\x8d\x8d\xfe\xbdJ\x91\xe8"\x80\x80\x8c\xc8\x83\x0fE\x02'
    b'\\>\x91Z\xc5\xb2\xf8\xf6%\xa4\xa7J~l\x02\x01\x91\xaa\x91\xa1\x9b\xae(\x05z\xc4s7R\xa3\xe6*I\xd1\x98\x01.<m\xe7o\xba\xac\xcd\x85\xd4U\xbb\x15\x89\x1f\xca\xed\xe5\x1f\xefW\xcb\xaeF\xfd\xa2R\xcc'
    b'\xb5\xcc\x88\xac\x8e\xefv\xe1R\xf3\xa4\xef\x12\xe5t\x8a\xc7\xfa\xe6\xc4\x8a\xb8H\xad+\x87\xbb2\x1d\xac\xb8\xffP\xb4i\xef\xf1y}\xdf\xe1qz_\xd9s\xdfE.Ff\xc2\x15\xb4\x9d\xb7\x1cS\xacA\xeaj\xd5\x13'
    b'T\x06vi\xd0\xb7\x14\xe7g\x97\x11\x00\xa0\x14$2]\x1f\x82\xd2F\x06W2\xa8\n!I\x18\xa7T\xeb\xb3\x83\xcb\xf6\xf5\x82=M\xe6\xc4-eu]\x1ds\xe0vG\xc6\x0cTA\xc3\x16nv;/d\xfe\xec'
    b"R\xaeP!D\x8aF\xaaG\xc2V/\xe0\xd0!*{\t\xb3\xc0\xb7\xa0\xc5\x15\xcf\x18\xa0 \xf0q\xa6<\xc8\x04\xfa\x884\xd7M0.a5\xd5\xdf\xf0p\x10f\xef\xcfH\xf3?[R'\x82\xd8\x85%?8\x1f"
    b'\x8e\x92|]oeGE\x19\x0bs\xa4\xcf\x0b\xa0\x9d\xfa\xe5\xd9|0\x15\x90\x879A\x06r\xc53\xc3\xaaC\xc5\x86\xf7 i0\x19\r\x00i\x7ft~\x8c\x8d\xc3\xa4\x8f,\x7f6\x99\xaaK\x0bpC\xc8\xe8K\xdf'
    b'h\x08St\x10\xc9\xc3 v\xa8\xa1a\\H\xe0\x1b\xfcb\x10O76|\x89\xb1\xd8\xa4\x10\x07\x95vjO\xc1\xff\xd0\x1b\xb1x5vF;\x8a>u\xa1\xea\x80\x8b\xb7f\x86\x90\xf0\xbd\x7f\x0cl\xce8\x93k\xb3'
    b"\x9d\xa4\xcc\x80\x10\x82\xc0fN\xeb)\x93\x08p\xaaI\x80!\xba\xb3s\ny%\xfd\x1e\xcc\xc3q\xd6\x18\xa3go\x9e?\x7f\xf5\xfe\xd7\xd7o\xde\xc1S\xe7\xe9\xeb'o~\xe8Y\xe1\xc7\xf9\xef\x1e:\x08\xf89\x84G"
    b'\xdb\x99.\xe7\xe5hr|^\xed`!\xf0\xbd\xf0R\x92\xc5\xa7\x84\x15\xe8d\xdf\xa5\t\xf6\x03\x9f\xc1<\x00\xab\x1f\x06\x7f\xa3\xd2-\xff3\xec\xe2Q\xd8\n\xde\xf5rb\xae\x97\x16\xc2\xf9\xe4\xdd\x93\x97\xaf\x7f\xfa\xdbs'
    b'\xed\xf9{6\x10\x91\xba\xb9\xf6\x88\x84\xfd\x9e0\x128\x08\x96-9\xcc\xf4,:V\xc9Z:x\x81\xe9\xe9\x05\xe6/\x06\x1c\x9e\xaa\x8cis\x80\xdcf\xe7\x07\xaa\x13\n\xc3\x93jP\xa9\x9f\xeb\xb7/\xfe\x93!}\xed'
    b'lTz\xc8\x1f\xbb\xces\xe2\xde\x1b\xd0\xca\x9e/\xbe\xb7\xb1\x1fF\xb0\xcf\xb5@4m}R\x02\xed\x0cB\xb0\x93\x94\xe4\x01%\xafV\xe8eK\x9c\x1b\xc9\x8b\xcb\xf2\xfe\xc8\x83\x05\xca\x17(L>\xe3uoW\x99\xf2'
    b'\xfc\xd3=\x9d\xd8}\xd1\xce\x17Fa\x9e\x02\xceZBu,\xc2\x98\xc1\xd6ao\x86\xbf\x15\x02\xd7\x12\xc3\x03\x03\x17j\xb4IF|\xe2\xcd\xc2\xf3\x82\xb4\xa1\x00\xc94|J\x1cC\xc1\xa0*\x19YD\x078|G\xff'
    b"7\xda\xbe'\xb8\xa7'\x86\xc6\x06\x91[V\x89\xbem1\xfeUv)\x89\x8e O\xd3B\xba\x13\xbbI\x1d\x9d\x8c\x80\x99\x1ct\xcf\xab\x1e\x80-x\xe0\t\xe9\xcd[\xf4d\xd66[\xa3\xdb\xa7i>\x19\xc3.\xd7U"
    b'\xb8\xfd\xa6\xf1\x92\xa2ku\x7f\xa8\xf9}\xe8\xcb\xd7\xf38&\xeaH\x18\xd6\xecb\x08,\x8e\x9d\xe2\x7f\xbd}\xfd\x8a \x13\x81\x03?\xbal\xcb\xe3NW\x10\x0fj\xaf\xf9\xb4s\x15s+\x89\x13\xa3L\xf9,\xde\xb7Q'
    b'\xcfH\x8c\xa5\x93\xc1\x08\x1e\x04C\xe6\xf8\xe1,\x99[\xa3\xe0rs\x00\x9a\xef`f\x15\xcbl[\x851\xf9\xae4%/1N\x05\xc7B\x85?\xa3\x99\x84\x1d[\x14H:c\x9c\xea\x9eN\x055\xa4\xfb\x86W"\x0f'
    b'Y\xe7\xac9\t\xd5d\xee\xb9]\x99\x9c\xd0\x08g\xe5\xac\x04X\x87\xcchO\xe7-\xf1t\x82\x18\xd1TT\xe60\x95\x0c\xd7\xf2\xe8\x92m\x85\x13\xdc\xbftod\xf8\\\xec\xf4\x10V\xa2\x86\xbeF\x8d\x90+\xd7\x83W'
    b'\x83\xa1S\xf8\xe7\xd8ydp\xfc\xab+\xd7H\xec\r\x81$\xcf\xc2\xees\xbc}\xccy\x01\xfa\\\x8eFi\x9a\xdd:\xc4\xe4\x11fr\xb5\xcd\x08\xffy\xd9\xa1\xeaT\x1f\x87\xffd\xde\xd67\x1d?\x13\x19\xce\xd5\x95('
    b'\x93\x89x\xff\xfa|\xfeb,\xa7\x05\xda\x8d\xfa\xe1\xf9\x8d\x8b\xd2\xb6\xc2\xf2\xb3+]\xeb(1\x9b\x0e\x10\x92\xb8R=R\xd4j\xc1Fs\x89=\x98\x9c\x87\xe6\xec\x19!\x1d\xf5v\x0b<\x02n7$\xea\x80\xe7B\xf1'
    b'\xcb\xe4\xa3)\xcb\xc5\xcb\xc6Q\xad\xb5\x99R%q\xae\xf1T\x06\xb9\x01\xd1\x04,tFA\x0e\x8cL"\xd2\x03>4z\x7f\x9a\x16\x9dIv\xa8\xe5\xe4\xfdC\xbb\x13\xf9\x96\x81\xc4\x80 \xb8\xde\x10\x94\xb3\xf4K\xf8\xe8'
    b'ehx\xd1\xa4\xa4M\x87\x92\xb2\xeb\xa4\x80NT.vS\x1d\x8b\xfa\xa4\xf8\xc3\xcc\xd3\xdaR\xa2\x94)_\xd5\x01\t\x04Y\x9ep\xea\x13\xb89\xa6\xf5\xbf\x03\xb3\x1fn\xca\x8b^\xf3\x94{\x02dH\x9b\x17\xba^\xb3'
    b'\x890f\xc6\x95!\xf7:[\xbb\x91\x85\t\xcf\xc2\n\x01\x93\xd1+\rC\xb9\xe7}\xe4\xfd\x083\xfd+\xee\xe8\x16FQ1`D\x1e\x94Usq\xe4\xda:\xb8\x94)\xf0\xe9re\xe54\xdd@\xdb\x19#\xd45E'
    b'\xce\xa5\xa2j4\x9cvi\x8b\xc8g\xe8\'e\x13\x85\xbb J\xce_\xfeb\xe8\x17l+\xdc\xeb\xacY\x04\n\xd2\x93\x1c\x9c\x84o}"S\x1b\x8c\xc0\xe6\xc4t,\x81\xd5\t<\x170\x92\x84t\x137\xd5\x0f\x0c\xa5'
    b'\x89/\xe2\xd4\xd3\xb6Ow\xeb\x03\x7f\x18\xcb\xb0\x99T\xa2\xce\xa0\xe8P#@3Vu\x8f`2\xf2\xb1\x8d\x88s!\x8f*\xd8^f7\xb0&*\xb8)\x0eV\xc6\x8aXXL1\xcc\xac\x8b\x82\xa7\xb0\n\xeeeK'
    b'\x8e\xb7\xf2\x00M\xb5\xb8\xd8\xadw\x19\xb2\x1a\x92xQ\x81z8\x82\x00A,"\x18\x0f\n\x8b\\\xa8\x83X\t\x8bi\xfem\x93Or\x9f\x86\x9a\xc7\xcc\xdduz\x0e\x8f\x9b \x02\x190\x81\xc8\x00jY\xa4\x13\x83['
    b'\xefd\x0c\x0c\xd3vF\x7f}%Y8l\xd3\xc9\xe4\xf4\x86\x07)\xa2\xb6Zf\xfd\x9a\xa53\xac\x98F\xc0\xa2\xb0\x88\x9c\xd7JD\xfb\xb55<t\xea\x903\x02\xa2\xda!\x82H\xd3v0pE\x03\xfa\xdb\xc3,4'
    b"\x8d'\xb0\x92Nc\xc0@\xe3\xe58mZf_\xb1m\xe2\xc3}\x81\xee\x0f\x7f\xc5D\x15GR\xa3\x83fc\xa7\x1b1\xd9\xd6= \x1b\xaa\xf3\xe0Dqtr\x9f\x87^\xf3\xafG\xbbh\x8e\x7f\x7f\xf7]V\xb9`"
    b'\xb0\xc56B\x81\xfd,_\x85\x0e\xc2\xe7\x02P\xdd\xbbT\x12\xe5\x8e\xbd\xf6g\xe3\x0fI\r\t\x94p\xff\xc6\xb2\xb3#\xcbg{\xaa\x89\x04\x1a\xe9k\xdaQ\x86/\xd4q`w\xee\x84\xe3\xeb*\x11dA\xe9\x9d@%'
    b'v\xa8&\xf5\xa4$\r2\x9c\x1c\x0e\x10\x12\xb2\xc2+\xa6\xb3\xd3\xaa\xe3o\xc6\xb3J(E\t\xcfL\xaa\x8e?\x8d\xbb){]4\xe9\xb0+J\xc8\x0e\x04\x9c(\xc8\xa4V\x10S\xb4#\xdd\xa1\\\x84\xb8\x8aa\x8a\x06'
    b'%9\xb8\xa1y\x8a\xe7\xb0[\x8a\xae\xc2\x8a\x0bNjL[8\x8eY\xff\x98Y\xb2\x9cv\x81\xf8sR\x83L\xd3>\x82\xe9P\xe6mBh\xf2\xf1\x80\x16N\x08#\xd2\x01,\xb9Fd\xe1\xcf\x0c\n$~\xa3\x17K'
    b'^GOY\xeb\x06\x16\x9e\xe8\x88\x7fp6\xda\x1dO%\xe6X\xacD&V\x13`\x13\xc4c\xa3 \xdb\xd1Ze\xbb\xe9\xd3\x94\xa8\xb4\xf9\x9b\xe4$j\xa9B\x87\xc0\x0e\xd7\rw0e\x84\x9d\xb8\x19\x8d\xc7\x02az'
    b'~f\xe1\xbcCM=\xe8y\x1b\xa44SI\xc9\xb2\xc7H\x8ah\x99\xfc\xbed\xe9\xcbD"\xf2\xdb\x8drQ\x85\x10\xf3a\xe5B\xe53\xd6\x10!\xaeLL\xa9\xde\x04"\xa5d\xc6X\x0c\x17\xeb\xb2\\\xa6A\xd7\xcf'
    b'\xc5uNFPM\xdcF\x81!\xb3\xca\x9c\x88 B)\x86\xa6\xeb\xfee\x8f\t]\xfd\x8f=\xcb\xd8\xb2_\xc9\x10\xc0\xaf\x81\xd9\x1f\xfe\x8d\x16\xe3j\xa3\xc9\x99\xa4\xea\x98\x01F\xfea%;\xa0\xec\x9cs\xa20\xfa}'
    b'\xe2\x92\xc6\xc8F\xa1\x89|\xd0\x9f\x11\xe2"L\xcfKn\x85w\xe5p\xc4)q;\xc62\xf3\x11\xb1\x915F\xfa\xdc\xe2\x11\xd9Q\xb8E\xbeS\xda\x16\xc8\xd5\x8e\xbaCV\x8e\x11\xcf\xde\x92S\xa4M\xf10I~\xba'
    b'zV\xdd\n\xe9\x13f\xdb\xa9t\xe1s\x12\xf8\x89/\x0c\x9e$[u\x84\xdc\x1dUR\x9aawY\x16E\x8b\x88\xdfq"\x81\xc50\xe8\x15\xd5\x15\xfc\xb1\xca\xf1\xd32\n4\\\xea\x19\xd6\xec)\xf1\xed\xa1\xa0\r?'
    b'7\xa2:\x13^\x99,\xd8\xd8R/\xe9\xd6\xd0\xa8M\x0f~\xc6>\x11\xee\xb2:K\xe5\\!\xdd\xc7\xe2\xad\x13\x1e\x9dN\xfa\x83^&;\xa5\xcf\xa9o\x19\xce,\xaf@\xfa\xe0\x86&~>?{=N\xc2y\xbaD'
    b'\x04\x00\x93\xca\xac\xc9\xa8\x1f\x95\xb0G\xcc}b]T\xbe\x95w\xc1\x84\xe2*\x06H\xe9R\xc38\x9f\xbd{\xa1\x11\x9c&)\t\x0b0\x03\xae\xd3\xdbwo^\xfc\xfa\xb6qw\t\xc4i\xac`\x8fO\x94t\x8a\xc0E'
    b'\x7f\t}\x9a4\x85~\x06R\x8f\xc5\xb0\x04\xa5\xbc\xd7\xcbF\xe1\xd0d\xc8t\xb9\x98|\xc7\xe2\xd9a\xe6\x84\x99\xac\xc7\x1d-\xce\xae\x84\x89-\x99\x07\x82\xfc\xe1\xd7\xd8\xe1y\xa6h\xf19\xfc B0\xd3*\x0f-#'
    b'\x90\xf9o\xc9\xf22z\x06\xc0D\xfd\x89\xa51/\xcf4\x96\x85!7\xa8\xd7\xd8{\x051\xe2\xdf\xa2k\x90Fz\x92q\x08\xfa"m5\xb4O\x12xp\x19sQw\xdd\xe1\xb9\x11utG\x10ZB\x1f\xa9j\x18'
    b'\xeavI\xbd/\x8fK1\x85\xe8t\x82\xc1\x9c=t\xaa]\'qLh\xb0\x89\xda\xd2\xd3A9Vo\xaa\xd4\xadq >\xa5`\xf8"\xf5.\xc5P*`\x0f\x06R\x0b\xcf=\x9b\x12n\x03\xa3\xf8Ul}\xe2D'
    b'g\x0f_\x1bx\xa5<v\xb0c\x83\xf9[|\xdf\xf6\xe9R\xc5y\xe9\xa6n\t\x7f-%\x97\xaa\xb0\xf7\x00\xd3\x1e\xfd\x8b\xf4w\x16\xd5\xe2\xbac\x1f>\xe6\xec\xfeup\xd9\xd6\x0f\x1a\xdc\xa3:Y\x16\x9f\x86\xee\x0b\xbb'
    b'\x9e\x8e\xf8d\x1c\x85\xe1\xc9\xd8s.\xee\xdb\x9b\x91G\xb6{\x13]\xd5t{\xa9\\\x8e\xfflu`\x10\x0e\x0c\xf3\xbc~;VT\x92Q\x06K`\xc9\xe0-t\xec\x9dhn\x89\x95\xe7\x86u\x91\x946:\xecc\xe6'
    b"\xcb\xf9D];\xcby\xc7\xebI\xe5\x0c\xebg5\xddeu1V\x99\xdc\x93\xc9\xc53:\xbb%?\xc2W\r\x87Ii\x82lw\xca\xfc;\x9a\xf1z\xfa\xc1\xc3\x95)\x14'\r\x8a\xc2\xc2G\xf41\x02\x02\xaa\xe9h"
    b"\x0cK\x97\\\x03\xfc.m\xd4\xf31\xaaT\x8e8Z\xff\xebaD\x9c\xed\x1e\x8e-\x0c\xa1\xd8\x9f\xba'\xc3\x0f\xa4\t\xd2_\xad&\x1el\x92\xd8=X\x19\x93\x8b\xb8\xc0\xd0\xb4[R-3pk-\x89=Y\xd6'"
    b'\xf8\x1f"p\x06n\xe4\xda\xb7\xc6\x0eP\xafn\x0c\'\xd46A\x9c\x08U"\x9c!\x83\xc2\x89\xfaw\x9f\x12(\xdd\xb9\x86b\x80;K\xcdpp\xb6" A *\x02-*\xba\x90\x98\xec\\r\x8a\x1c\xce)\xb3U'
    b'd\x91\xa7\x93Or_\x08\xfc\xc7l\xa1;\xe6BO5\xf8Rf\x1e\x17\xec\x10+\xe7_`\xdc\xe2\x8d\xc8\xa6\xf6\xed\xb3\xe8_\xd1l0\xef&\xbf\xf5\x05v\xf3\x96\xd5\xe4}\x02X\xc9\x8b0!m9G"\xae/'
    b"\x87\xae\xa9\xd6\x01\xb6(H\x88\x8cq\xa0\xb7\xaf\xd8\x8e\xe0\xed\xbb(&E\xaa\xdb\xe17u\xd8\xe4\xd0@\xee\x10Lx\x8c6=\xd8k\x98\xff\x0b'\x1d\xdf8\xff\xc0\xdc\x91\x85uU\xf4\x00^\x17j&j\xacJW"
    b'\xf3\x1f\x8c\x06\xc7\xf4X\x0f\xfb\xa6\xcb\x0b_\x1ekp\x87\xce;ZE\xae\x83\x99\x84\xc5\x0b\x83EK\x98\xa4APFQ\xea\x9a\x17\x9bw\xcf>Uv\x99\xacF\x1a\xe6\xc7\xe3\x85\xa3|\xf5\xb6\xdd:\x99\xcf\xcfvn'
    b'\xdd\xba\xb8\xb8\xe8]l\xf7&\xd3\xe3[[\x1b\x1b\x1b\x88\x10\xc3\xf9\xc4?2\x07\x1f\x8f+\xf9\x8c4R\r\xa5\x18\xabv;\xfc\xffEe\t\x99\x86\x92\x9b\xdb\x8b\x8a\x08\x94\xda\xf22\xdc\xfa(\xc2\x81\xa6\xb8\xbbzI'
    b'\x17\x02\x87\xf2\xcc\xa7\x14\x8b\xe6Yx\x0c\xdfm\x9b\xf8n\xdbKR\xd1D\xd4<\xc1\xf0k\x0e\xcbk\x19\x88^\x96\xaf\xa6\x01\xf0\xaf!P\xbd\x8a\x86q\xbb\xd8\xe8\xdd\xff\xfb\xf6/\xf7\xf4\xdf\xcd\r\xfd\x03a\xef\x1f\xb7'
    b'z[\xe1\x8d\xfe\xb1\xb9\xa1\x7f-\xa8\xf4\x97\xf0aq\xfb\xe7m\xfe{O\xff\xdd\xdc\xf8\x19X$\x05P6\xb6\xf0\xc7=\xfbcs\xe3\x84\xe8\x14_8\xc6\x05\xa0\x86\x8a\xedig\xe7\xe3q&\x00\x1a\t\x9d\x11\xb9\x86'
    b'v\x90\xaf\x80\x9f\x13\x98\xe5dvs\x12]`\xe4\xc1\t;f?\xf2\x99\xcc\xbf6\x15\x7fS\xba\xba\x10\xa3\xe679\x91%\xddLDh\x12[\r\x8cGTw\x8d\'\xd4uG}\xbbT"\xe66\x03\x06\x8a-\x88'
    b'\xb9Nm#C\x04\xd5L\xc5\xbaE\xb2\x903\xa7)\x99\xc9\xe4\t\xeat\xc7|,\xca\xdc\xeb\xaf\x10:\xfe\x88\x93\xee\xd9$4(lh\xab<\x98MF\xe7\n\x04f\x01$\x13\x15\xcdc\xbb\x02\xac\x148\x9d\x1f\xb1'
    b'>\xedU\xe3\t \xcf\xf1\x8bt\x8bU\xfc\x02\x17_.\xb84\x93\x11\xad[\xec\xb5\xc4b\x88\x14j$\xeb\xde\x80\xd4Q\xc54SV\xd6-p\x9e\x05\xa7qb\x95\t+X4\xbfv\xf1\xc4a\x9b]g\xae\xd2*'
    b'*c\xfeaZ\x1e\x1b\x9as\xddl\x19\xb6\xd6%\xd1\x92`\x0e\xee\xa5s\xd8\xae\xda\xa2\xd4\xeb\xbc\xe0\x8e\x08\x92\xe4\x19@\x8e\x93\xac\xa4~\x10\xb8ih\xe6\x13\x04\\nD1NK\xc0U4M\xed\xd4\x8c]\xa8\xfc'
    b']\xdc\xc6\x1a\x0c\xba\xcc\xf2\xc5.P\xd6r\x8d_\x13\xc4\xdcj\xee\xdcL{\xe7\xdd\xcce.\x95\x9d\xa9N\xec\xc3F\x16\x03\xa54\xcc\xa0\x9a1\x9b.}\xea\x98W\xce$Q\xa3\x0e<\xaa\xb2\x8f&\xa3\x91\xe0\xdaG'
    b'\x10\x8b\xa8\x1cw\\\x06*{\x8a\x8a\x92\x18\xe3\xb4\x96\xaa\x9dk17\x95@\xaf\xf1\x8b\xd0\xc3\xb3\xb7p\xf3\xd3\xa4_W\x15#w\xec\xa3:\x15i\x0f\xc0\x0b\xa3\x83\xfa3\x0c=0je!9\xc8\xf0\x12\xaez\x88'
    b'z\xcf\xd3@\xb2\xb6w\xa8I\x04 V*\xda\xee\xf0"\xc8\xb0\xf2\xf8\x0f>\xdf\x91\xd7Wb\xbav\xba\x8f\xb3\xe1\xbc\x1c\rg\x83\xc0\xbc\x85\xa9\xf7Pw\xe1\'\xb2!L\x83\x80\xb5\xd1\xc932@\xa9\x88\xd7\x92\xee'
    b"f3\xda\xc3\x7f;\xb9\x8c\xc3L\xd4X|0\xa3\xe6E\x9d\x16Er\x8a'%\x14\xdf\x89\xdfZP!\xe7\x8d\x8ffk$\xca\x83\xe9)\x9cNf\xf5\xda\x13\\\x7f\xa0\xd6\xe3\x89\xa6k\x89i\x03\xaak;\x9a@Z"
    b'yz\x99\xd6\xd7R\xee\xe84\x1a^m+\x053\xa9\xc3[\xb3n{RS\x8c\x0bu\xc6p`\x8f\x07\xf2\x1d\xc7\xaaAP\xbc_\xa2\xd4\x8b\xd7P\x02w\xa2\xb8\x9a\xcc\xd9\xd2p\xb35\xdb\xaf_L\xa3#GW.'
    b"0S('\xebAx\x17\xd1@\x17Lb\xe5\x80k\x07*6\xd9\xb1\xc7;G\xff%\x85O\x82\xf9NV\xb4V\xafxCY\xadZs>6\xa3\x7fXC\x92\t\x00{X\xde\xa0#\x9eX\xf8\x93M\x07\xbd\x967"
    b'P\xce\x8d`\x7f\xf9\xc2\xf0G\xb60\xa6\x9d\xf7\x0b\xa3X\x8c1u7\x9b\x7f\x9c\x9f%%\xbbi9\xceg\xba\x1a\xfa\xca-H\x13[\x16gl8\xb7\xd1\xdb\xe1\x90\x19P%\xbe\xca)\xea1\xa9%\xa0M;\x1c\r'
    b'\xca\xe9,\xaa\xc0c\xa2=\'\x06v\xa3)o&X8\x92\x1e\x97\x86J:KV"F5\x1d\xa2#\xab\xe7\xe3\x08\xd0\x11\x83\xe1mX\x93\xa3#\x97\xb2v:9\x83\xed\xf9,\x9d\xb7 Y\x06\xde\xe2\xaf\xa1]\xc5'
    b'\x14\x10\xa6>\xf93\x06\x8e\xe0)\x8d=\xedNc\xfc\xd4\xa8\xef\x99\x00\x0e`W\x0c6M\xa6\x1d\xea\xc2P(G2\xc1\x93\xa8\xb2\x83]\xec`T\x8e? \x83^$\xf4\xeb\xc8\x02\x81\xfe\xed\xbbOT\xd7\x13uK'
    b'|\x98;\xdc\xf1Q\xc5\xd7\xeeJ\x07\x99SnqI\xe3\x98\xbd;\x9c\xf9\xcc9\x7f8\xf3\x86s\xeeG\xf0\xbc"lJ4^P\x7f\xd0\xa0\x99\x16\x97I\xf5\xe4Qgj\xb8VO\xc6\xe6\x17[\xa1\x92?\x84Uk'
    b"g\xc1\xa6\x9f\x11\xeb\xb4(\xce\xa9\x1e\xe3\x14\xc3\x9b\xae\tm\xca\xc3\x9a\xde!h\x96z\xfe\xb4\xe9'G55\xc7\xb2@\xa6\xca\xb6|\x98\xa5\xd2\xc4;\xa7Jb\x1b\xa0\x96J*\xd5\xff\\BM\x18\xa4b\xc7\x84\xb6"
    b"Xs\xc3M\x0b\x00;\x04\x03}a\xbe\x05B\x01\xb4J\xf4\xcb\xbf\xcchq\x95Eg\xff\x02\x0f\xda\xa6\xea\x8a\xfb\xc5,\x15\x7f\x86\x01W\xad\xd5^\x8b\xf5F\xd6\xbb\x95\x86\xd62\xd6[\xe2a'\xba\xd1\x1b\xeeM\xbb"
    b'\xa1\xb4\x90?\x8e\x18\xd5j,y(YM\xf8\x1c\x1a\xb2v1K\xadT\xb0\x1a\xbb\xc9B\xcd\x8cb(\xde\xf1\t<\xfc\x95\x01_\x89\xd5vq(\xd9\xb4\x89\xf18\xebtx\xc0~\xc7\xb7\x95E\x11\xef\x0c\xdb\xac\xb1'
    b'\x94O\x01\x9d\xdb\xa1\xac\xc4\xb2X\xa5\x1a\x078\x8d\xc8\xb9\x17\x93\xe9\x87\xd7cWW-clu\xbeBc\x9d&\x11\xf1e\xa0\x81_\x1cx.\xa68Q\xfe{\xc3^\xa6&\xae\xd4 }w:g\x81Qi\xcb\x06'
    b'\x81\x9fM\xb7\xb8\x998\xb6h\xf0pL\x9c]\xfbK\xcfQ\xd3&\xb1\x08\x0f\xa5\xa8b\xb2\x05\xcc\x8b\xf8\xd5\x85\xbb\t\xfa\xbbK\x1f\xc3\x12]\xef\xa8T>\x86].i\x96\xe5zT8<\x9fpX\x08\xb6\x80V\xe4'
    b'\xc2\xaet\xaea\x0c\x902\xfc\x82\xb8\x9c"\xb8\xe3w\x1b\xc3\xf4y\x8e\x9c\x1f\x02~wX2\x03\x94\xc7\xd3\x87\xd5\x80\xe4\xe6\xb0\xff\xb0\x8b;\x8b\x02\x8eW\xd3eWb\x87\xbfL\x9d\xad\x95e\xb1lN\x89\xda\x95\xd7'
    b'\x15@\x1c\xfd(\x8b\xe0\xce.>9.>\xf5\xe9"\x82\xfb\xf9$\xb7"d\x1a\xd5\xbd\xca\x14haO\xe2\x1a\x11k\xd2d\xfcU\xb4g\xa2A\xf3\x06\xcf\xf3\xd0\x0f\xd06\x83\xcf\x86\xa3yy8wg\x9d\xafW\xa4'
    b'\x99\x96\xc2\xbeN6\xf5MN\xee\xd1\xbc\x96\x81\xc7\x1dM\xa2\x95\x80\xf4FU|i\xee\xf3\xea\xf9\xa1\xf8\xdc\x17\xe4{a\x8a\x96p\x13R]8\xba\x9a\xba\xf0\xb2\x98\x84EJ\xbdYf\x04i(\xb2\xc8\x90!\xbc~'
    b'\xf6U\xbf\xff\xfcc(\t\xe2\x15\xb6\xe9\x14Zo\xe0c\xc8\xdc6g\xed\x06\x91\xf6\xde8\x15\x00\x10SE\xe4\xba\xbb\x87\x963\x95A4\xe4R2\x8f\x18\xe87iS\xf7\xe8$\xe2\xa7\xe0\xe9/\xdd\xa2\x1a\xc8-\x16'
    b'\x08\x16\x94\xae\x19\x98;\t\x0fG\xed\xe1f\x8b\x14\xc3\xd1p<\x87\x95\xaf)l\xd4\xfc\xf1\xbf\xae\xe3\xc4\x8b\xcc\x97g\x8d\xf4Z\xae\x1c\xd1\xab\xd09nA\x83\xdd,\x10\x11A\xca\xe3$\xc5\x80\xd2O"\x1b\'\t\r'
    b'%\xa8\xcc{\xfd+\xee\x17\xa5 t\x87%R\xcaYEz\n\xfc\xb6\xe0\x17B]I_*\xca[\xb2\x87\xf1\xb5zk2\xa6\x01\xea\xe3\xc1\x00\xc0\xfe\x07\x8c\x9ef\xec\x86b\xc21\xa6`"\x08\xea\x06%\xc6\x8fD'
    b'\xeb\x91z\x8f\xe6\x04\xffS\xe2$FC\xe6\xc0\xd2\xc4q\xe3\xc1\x85\xe6\x9f\xa1\xbdY\xdd|D\x89\xad\xcct%\xf9-l\xd2a\x01\xe9\x88\x11\xc3\xbc\x86\xc9\x07|\x08\xbb\xd5\xa8\xaf\x90Oo_\xbe\xf8\xe1\xf9\xfb_\xe0'
    b'\x10t{k\xc3#>\xc5\xc9\x85\x96\\R\xdc\xd0w\x14\xb7et1\x8d\x8eY)[\xc9\x10~\x9b\x93\x91`WY\xa4\xe3\x8d\xda\xf1\xf8L\xec\x11\xda\x0e[\xb21\xdfL.\x12\xe8\x08{\xb3D\x15\xce\x02j\x8b\xc2'
    b'\x9f\xde6]\x8f\xa9\x96".o\x08\x8eG\xdbb\x88\xc4\xa5M\x96\xbe\xeaA+\x1b\x16\x13oY\xd8\xbd]\x83\xe1\x8c\xf4\xcf\x99H\xa6 Q\xd2Z\x1eS\x97\xd8\x1a+\x87H\x1c\xaf\xed\xb7\x14\xd6"\x9e\xca$4\xfb'
    b"\x01\xc4p\x13\xfbD\x9c8\xd4i\x94\x1bi\x06M\x96w\xad\xbe&'\xb2\xa4\xd2\xfd0\xb8\xd4\xda\xe0\x04\xc3WU\xc7BTS\xb3\xc9\x9aM&\xb4\xb8>9Z\x97\xf9\x9a\x9e\x8f\x06j[\xa57\x12\xa7\xdd\xb6\x14y"
    b'\x07\xc9\xd6F\xf5\x86nf\xf9\x92,\xdaX\x94\xf4\xf2\xa82uoCMn\xe6\xe4\xdb\xddlZ\xa3\xd4t\xf9W\x0e\xea\x8f+\x9d\xd5A\x7f\xc9,\xb0\xf4\x9e\xcd\xc5\xbeNFe\x0eb\xc8&k\x8b\x11\x9a\xfc\xa7\xa2'
    b'\x9a\xe3Z8\xe5\\\xaa\x1f\x13,o\x01y\xd4\xb9\xf2s\xaa\x07\x7fLG\x97JT\x94(\xb53=x\x15\xd2\x96\xaa`\x01\xb4]\xec\xf7A>\xa9\xf5MX\xb17\xe7\xe3\x82\x8e)\x92E\x08\xe3\xee\x16\xdf\xc0r\xd0'
    b"\xf0\xa6\xd5\xa9H&x\xcdK7\xa6\x84\xf4;E{[W\x05\x8e\xc3'n^\xf03f[\xe1.\xdc\xddE\x92\xc9\x87\xa2\xe3\x03$\x8a8\x00\x99\x12\x00D\xbb\x1b\x1d\xe2\xa2\xce\x0b\xb4[\xa9\xb4\x91h\x1eF\x81\xaa"
    b"\xf6\xf1Qa\x01\x7f\x94\x02\xe89\xac#*O\xe1W\xc3\x0e\x89\xc3[\xeaL\xf3\x8d\x99\xc5\x8a8e\x92\x90\tcB6\xb8\xfdF\xd7\x1a\x9d\r\xd5>r2\xea\x97?v\xdb\xc9\x04\xa2\xd6d\x9c\xb93'?\x1b\xb0"
    b'\xedG\xe5T\xc1\x07\xfa\x9a,1\xb3\xb6\x10\x9d\x0f\x96\x8c\xcc\x08\xaa\x8e8\x1a-m\x17\xd0A9\xcd\x95\x8f*V\xb9k\xc3\xa9R\xd2\xb9\x86\x9d6\xf9^\xb1\xca\xc0\xde\xd0s|,\xe77p\x04M\xfe~\xe82\xde'
    b'\xe5\xfb{\x99\x01\xf4\x1d.\xa10\xa7\xe1\xd5SX\xc1C[\xcfF\xc3P\xe2M\xe8`\x1b\xb6\x92\xc0\xc6$\xad\xeeu\x17\xc8\xb2z\x9a$\xf2gq&V7\xdb\xa6\xebm\xa9\xdd\x96\xb1D\xa3\xfe\xf55\xc1k|\x96'
    b'0S\'P\xc6\xe2\xea_\xe0\x9e5Q\x81\x8b\xc7H\xef3"cX\x84PI+\x90\xdcf\xb0\xaa\x19\xe6\x83\x9a\xf6\x03\xcbB\xb2T,]\x17\xb5\r/\xd8\xc6\xfd\xc4\xc0B\xd7/`\x15R\xff\xfb\x14\x95\xad\x08\xb0'
    b'R\x0c s\r\xe5\xf4\xd0\xe4\xfb\xca\xed\xa3\xbaF\xe1\x0b\x11\xd1\xd0N\xda\xff\xadU\xaf\xead\xd5\x86\xa2l\x95\x96\x0b)\xba\xa4ug+?\x1b\x8eg\xabU\x8a\x92\xf5:\xf1\xd4U\x07\x1a\xe8\xd4\xe7\xdc*4%\xe7'
    b'\xf1\x93bd\x9f\x8c\x8d\xe9\xeeFpTey\xe8\x8e\x1c\xa4\x91\xa4\x16\t\x13E\rC\x16)\x86\xaa\xb5w\x9ewi\xf2x\xd3\xfb\xd4E\x97\x9c\r\xc7+\xaa7\xe3\xd8\x1c\x8f#\x15>\x8c^\xb7\xe3\xc6\xb9\xa14\xcc'
    b'\xa2\x96\x94>\x86\xb5QB\xa6\xd3?\x84d\x1d\x1f\x9e\xc9\x9f\x99\x8d]\x1a\xc8\xae9^r\x0e0?o\xc4\xfc\x82\xc5\xe3\x99\x15vXG\x03\x88\xbe&\xbcG2\xda\xb7{Y5\xfb\xae\xf5Y&@\x87\x07\xb1k\xbc'
    b"\xf7(\xe3\xe2\xaa\xcb\xc3ed'V\xbe\xf4\xea\xa9\xb1\xcc\xd75@\xde\x02\xe5]\xa1v\x81\x98L\xe7\x98\xef\xf6\x1f\x8c\x0ba\x84\xb3\xc8t;T\xa3.\xee\x04\xad\x81\xfe\xa5\xe9\xaf*\xf1\x85\xa2\xcb\x18h|\xb2\x9bL"
    b",T\xd7;\xbe'\xd7\x8al\xe1x\x00\xb0\xd1\xa0\xf9\x9aL43\x18\x82\x80\x87\xa7\x05`\xce\xaa\x17\xa3h9D\x07@\xf9\x10\x1ePs?\x8c\x9aB\xe2tr>\x1b\x0c\x90\x88\xbbU\xcdx\xd7\xc0\xad\x88~\xb9\xba"
    b"@\xcd\x95\xd2X\xb8J\xa5j\xfcJ\xc9\xf3*XUl\xc5y\x86V\xd5l\xa1|\xe7\xe1\r'\xb3\x19O.\xfcz\xcc\xd89\x9b\x07\x86\x15n\xfa\xfc#\x9cv\x94\x155;\x9f,f\xd0\xd3\x86\x9b\xb0\xf6\xc8}\x1a"
    b'\xcb\xee\xf4\xaa\xc2TU\x98)\xe2iK+\xadJ\xf8\xd65\xae\xabg\x8b`-)\rzTK\xef\t\xa9\x03\x12#-\xbb\x16\xb6\xdc\xa3\x03\xa6\x0e\xc8\xde\xd12\x1d\x84#z\xb0\x84\xe9\x10t\x12\xf7\xf2\xd1\xad\x83\xef'
    b'}\xa6\xed\x9a^\xc0\xe5\xfe\xad\xa9\x08\xba\x0b\xd4\x03\x81c\x84\x7f5\xffcNS\x00\x8dv;9\xecrW\xf3I("\xc5\x18s3\x84\xfd\xfb\x86\x86\xd8\xab\xe0,og\xb9\xf0l\x11\xee\x10\xbf\xbeJ\xa3M\xfb/'
    b'B~6\xab7F@\x1f\x86\xc6&\xf3+o`zq\xc6?\x14\x07\x83\xcb\x89<\x13\xb8(\xa9Wl\xf4\x81\x81\x1ek\xe4Z\xdf\x00\xb3\x12\xabk\xe6y\t\xda\x97\x1d\xcc00\x00J\xc9\xb1\x12\x02\x1e\xee\xc6\xe3\xe1'
    b'\xf8\x1d\r\xb9\x89\xeb#E$@\xa1cj\xd2u\xb3\x11\xe6\xda\xbfZ\xaf\xf2;T\x07\xb2\x8e\xef\x11\xa6\xd1\xdc\\\x9bP8?\x8e&\xe5\xbc\x1d\xf8\xb7g\x93\xd3@1C\x8d(\xc8\x83\x9cJ\x83~\xb2>\xbaO\x9c'
    b'}j\x99\xf9\x9b\x9cg\xb2\x81\xff\x18\xd5i\x81\x96\x08\xd2\x01\x9c\x1dw\x1cd:\xe0\x05\x81\x8f>\xeaz\r\x97l\x84\xb4\xfa\x96\xf1]\x91\xd5EE\x10\xb5p\x86\x99\x1dJM\xa7\xe2\\*\x9a\x02\xd1\xb7zO\x87\xd8'
    b'\xc5\xc8\x9b\x9b\xf5k\x05\xde5z\x1bM\x89:\xc9/\x17\xc9\x07>\x04t\xf65<\xc3YQ\xa6\x0f\x136?\xbd[\xe0\xc4\x8d}1J\x12\x81W\x89|9YM\xfc\x96\xccF\xd5\x14\xa5\xecRE\xf6\x8d\xaa%\x15'
    b'\x80\x9d\x17\x08\xdb\x03k\x0fN$\xf3\x06\x91\xc8p\xecTR\xf0%\xf3nB\xd7\\\xd0A\xc1\x1e][z6g\\D\xf1\xc7\xa7\x1d\xfd\xb2G_\xe4\xef\xec\x17\xdd\xad\x8b[\xc5V8^\xd8\x00|\xdd-.cq'
    b'\n\x96\xf2*\xfc\xe9P%\x05\xb5\x02\x15\x87\xe7V+\xfe\\\\%\xdej\xff\x1b\xab\x9c\x0e\x99\x00\xba\xcd^\xf7.C\xa1\xd0H\xef\xb2\x83\xca\xdc\xc2\xc0\xc1\xfd\xcfo=|\x1e\x85\x04\xc0\xb9\xe6\x1b\x8c\x81E\xbf\x88\x7f'
    b'%z\xf1\x89\x17V\xfa\xcd\xd5-\x9e5\x14X\xe0\xa0\xeaF\x83\xf1ub}\x18[\xaa\xbd\xcd\xa1\xc2u\xae\xa9\xd0\x82\xbaS\x99K?\xa2\x9c\xf3\xb6m\xe9\x87,0\xcbt\xaf\xb7\x125\x86?lW\x93^X \x8a'
    b'0\xb8\xda\xc3B\xb4\xd7\xd7)V\xbf\x0e\xc2t\xa7\xf599\x86\xae\xc1\xb0\xc98|\xdf7e\xf0\x85.d\\z\x18\x94\xe3r\xe4\xd0\xfa\x02\xfc\xa4S\x0b\x14\xa0\xbb\x9b\xa0d~5+g\xaeY?\x1d\x943\x89\x02'
    b'\x13\x93\x82XGb\x16\t\xbc\x80\x95\x8c\xb4\x97\xca\x88Q_\x83\x16\x9c\xc9d\xa2\x8es\x96\xc2\x03\xf0\x82C\x98X\x86Gd\xb8cj\x81\xc0\xa0)h(\x00\xad\xb01pQ\xfb\xa4v\xc7\x03\r\x90\x05OFV\x83'
    b'F?\xc3\xae\x82\x07\x92\xdd<\x12U\xa0\xd9\r\xdc5v:\xec\xaf3\x03\x1e\xb9\x01\xb1%\xa1\x89pY\xcf\x87\xa3\xd4\x0e\xae\xa9 \x01\xf1R\xeb\x8f\x06)k\x86\xe4\xcf\x8b \xb9\xa2K\xe3)AoE4\x16{\x8e'
    b'\x99\x8f\xea*4\x83\x0cs\x88`\xac\xf5\xc7P\xa9Ex\xf2\x1d\xa3Y;\nE\x9c\xc3\x8c)<X\xf2\x99N\xf8^\x8aR4\xac\x18\xf9\xfe\x1f\xf2\xde\xb5\xbd\x8d\xebH\x17\xfd\xae_\xd1\x82\xc7\x11\x10\x83\x10\x00\xdeI'
    b'\xd1z([\x89\xbcG\xb6\xb4-\xe58\x13\x9a\xe3\xa7I\x80$b\x10@\xd0\xa0$\x8e\xc2\xfd\xdbO\xd5[Uk\xd5\xean\x80\x90\xad\xcc\x9c\x8bg"6\xba\xd7\xfdR\xabV]\xde\x92\x85\x15PY\x11\xae\xa28\x9f'
    b"Oi\xb7\xa4\xe3I\xe5`H\x16S\x04F\x16\x17wc\x91\x14\x9a\x90\xd7@\xae\x93\x1d\x96\x89\xabU\x8ep\x847\xb4\x90\x87\xb1\xff\xc8\xf6\xdd\x04G\xb8\x13\xabF\xb1\xdc}\xa7\xc9'2\t\xab\x8a2u\x01\xd3\xf9\x03"
    b"0\xab8\r6t\xb8\x84\xfc\x13\xa5\x97or\xa0\xc8'!\xffw%u\xd4#\xf5\x89\x11\xcb\xed\x0bU1\xf2Z\xb2A\xd5\x15\x04\xa5'\xcfo;\x06\xa7I\xb6\x86\x13\xb9\x86\xc5\xa1)\x9cV\x05&\x94\xa27I\x85"
    b'\xf9\xcb\xe4\xd7\x9c\xe5\xa4,\xcag%JuV\xec\x92\x19W\xf2G\xca|\xc0%\xb4\xad\xb1\x07\xf6\xa0\xaa\x9b\xc9\x809\xd9\xe1\xe2\xed\xe8zH3PB\xb7+\xed\x89\xec\xaeM\xcco*\xb3\xe5\x9d\xf6f\x1cuG"'
    b'`\x94|\xe5\xb8f\xd2{\xfd\xc8\xe6\xa4\xf6\xc1F2~\xd47\xeb\x8fS8\xb2\x95\xb5\xac\x1d6\xc7%a\xab\xd6pG\xf5#\x1b\xe3\x10\xf2z\x0f\x9c\x06-\xae\xc5\x14O.\xc5\xad\xa5\x90\xd5G\t \xe8\x8eq\t'
    b'\x11l\xe4!#\xba\x94\x83\x0e\xd6\xaal\xc2"\xaa\xbbv_\x03r1\x88\x828\x85\x1c\xb8D"&\xd1i\x8a\xef\x0c\x8d\xfa44\xa2<^\r\xfc\x18\xe7\xcc\x97p\x08\xbe\x0fr/i\xe3\xc7\xad\xfch\xf9"V\xf2'
    b'\x83K\x1b\x12\xab\x84\xd5\x94\xe9\xd0\xa9\xf8\xeb\x82\xae\x8dg\xa3\xf3\x8d\xb3\xe1\x7f\x8d\x86\xf3f\xa7\xdf\xee\xec\xb6\xe9\xdf^\xeb\x9e\x96\x9b\x01\xe5\xea\xc5\\\xaf\x082G\xeft\x1cWt\xc0"-\xb6}\xe3\xb7\xba%\xa5\xd1'
    b"2\x94\xdf\xa8\xc0\xd6k\xda\xcc\xd0!.\x82\xaf\x88\xc8\x81\x0b\xba/\x0f\xd4\x1aC7\x05l$\x02\xda\xbb\x1d\xda0\x06\xe1\x15{\x18\x90y9\xbf \x08{\x83\x0b\x83\xc6\x04\xe4\x1eD\tV\x18\x17L'-\x1f\x9c*"
    b'\xfd@\x1b\xe5\xf0\x11/\x15=\x8eY+\xc5\xf0\x9c\x16uv0\x95\x80X8:J\x18\x90l\x8c\x18\x04\xf5\x91&\x02\x93\xc1\x85\xb0\x83p\xd1\xd1\x84\xa0\xc9\xf5\xa2K\xe1\xc9\x04%\xe2\xae\x15\xe2\xe9 \xbb\xcd\xedI\xb7'
    b'\xcd\xa6\xec\xfd\xd3\x1a"\xa1\x05\xc4e\xb0n\x85\xfa@u2M\xe1\xea\x12-!0\xdcR\xb4VE\xb4M\xf5Zp\x19\xb9o0da\x1c\xb9\x8e\xa4\x8a\xefR\'\xcc)\xf5\x93{"K\xd5\xf4\xc7\xcf\xa6\xd4\xa9<'
    b'\x1a=\xc9\xd4\xa7\xee8\x9f8=|\xf2X\x80T\x9c\xd3R&\xf1\x1c7\xe7\t\xc2\xd4\xcd5\xc2#xT\x9a\x9bk\xf6\xd9c\x7f\x1b\xa6\xaar\xe2d\x8f3\xdf\xaa\xb6\x96\x8dc\xfe\xb7\x14\xcd\xf4\xb8\xb6\xe4\x18\x1b\xf7'
    b'\x0e\xbc\x86G\xcf\x8d\xf3\xfa\tFl^\x97\x89\xdbB<-\xa3\xf5\xd8\xdb\xe0\xa6\xc2:\xe4\xb3\xe1\xe2\xfd\x10\x08\xfa\xc0F\x8bH\xd3\xecL\xcf\xe2T\x0c\xb9Bi\xa8\nZ\xf7\xf9-\xc3w+\x19\xac\xca\xad\x89a\x1f'
    b'\xfdWUf\x9d\x18\xba\x85\xe0\xbee\xc3\xb6\x97\xcf\xbf5\x9e\xb2h\xeb\x9eG\xb3\xc4\xed\xff\x8a\xd5\xe0S\x95De\x0b\xa2\xbf\xd9\xfa0\x7fAIJLj\x8c_`W\x03\xae\xfd\x92\xb1\x06\xe6\x12P\x00pA\x82\x15'
    b'D+@\xdc=\xf8\x96Q,\x1c\\U\xe1\x03\x1c\x9a\xf7\x01#\xa1\xa3\xcd\xdc\\\xa3\x93\xb1\xc1\xd7\xc1p\x19\xf4\x1775\xfb\xc5\xf6\xe6lJ\x03\xa9\xa4]`\xacU\xc4\xc0_\xc08I\xf8l\x98)\x9b\x14\x99\x89g'
    b'\xa1\x08WPpHD\xb6\x00\x9b(1\xbd\xd5\xa4\x8c\x06\xf9\x97\xd7\xc7t\x1de\xa3\xb2\x93\xc8\x11\x07\xec:E\x99*\xa1\xd6\x19\xc2\x94\xad\xf3\n\xbe\xd4\xa1\xe0\xd69\x82t3)^]\x08\x83\xe3\xbc-\xa0,\xcb\xed'
    b'b\xee8r+\xfa\xfbW?\xbc\xfa\xe5O\xdf\xfd\xf8\xe6-cd\xf2\xfd\x1c\xba\xd8\x02\xd8\xfbS\x98\xb3\xf1K\xef?\xf6IPy\xe6=\xe8\x1b\x8f\xb6\xa0U\x87\xee\x80}\xeb\xc4\xc02U\x01\xf9Y]N\xdd\x941'
    b"\xb2\xab\x00\xeb\xebq\x99\x04~wvP\xde\xab \xf0\xec\x1a.\xa5:fF1\x11\xe9\xc4<\xea\x04\xe5\xa8\xa5p>)\xff\xcb\xcd\x92\xc0(\xeac\xa7N\x99\x1e\xf6'\x86m\xab\x8a\x10\xfc&\xc4\x11\x9c\x9f\x15\xd9\xef"
    b'\x94\x1f\xbc2;D\x90\x10\xe6ie&Lt\x8f\x10\x99\xf6N\xab\x84\xab\xab\x186\xba} \x91n\xb4}\xc0\x84\x93\x90 \xb6\xc1\x82Fo\x1aP\xee\xc3\x1c\xc9\x05^d\xd6z\xc9\xe5`\x81\x9d\xec\x1b\x8e\xfe"\xce'
    b'\x7fT\xb5\xecQ\x15]\xd7\xee\xcdU\x1b\x13\xb4\x85K)\xd4Y\xb0fOZ\x14\x05[[\x10$t\xb27\x1a\x04\x04ap\x15\x90\xb4p\x04\xd1\xd7\xca\xc8^\x12\xf3B|\x80\xf5Ry\xcdqKm\xe9b\x18\xa3y'
    b'\xa8\xcf\xae(f1\xce\x80\x80]r\x0e\xbd\xc7\x07\x8c%x\xba\xc1\xd5\xfd\x028h\xf9\xb5]\xdfs\xd1\x0b\xc4\xd25\x8e!\xa4;vv\x98J@ L\xa7\x1721b{\xa8\x8d\xc8\x0b1\x9e\x15&P\xaa\xca\x14'
    b';3{\x13\x953\x89\xe11\x8a\x11\x8b\xfa\x18\t8p\x96\xd6\x0f.X \x97\xc50\xf8\xfa\xa0\x0e*P\xd6\x89\x992G\xb9\x86[U\xb6ReLi\x82\x80-\xcf\xa7\x84\x01\xb7\xd9\x91\x1a\xf6\x8e3\x14W\xd2\xfb'
    b'\xf6\xf8\xd9/?\x1c\x7f\xff\xbc\x8c\xef\xa7\xdb\x83!\xfe4\xfc\x0b\xdc\xb5W\x01\xfd\x85\xa2\x14\xe9\xcf\xd0/\xcbX\x7f\xd4\xdex\xd0:z\x16\xa6\x90\x12\xb4\xc3\xbeg\x9d\x8dL\xff\xe4Vyr=\x81\xd97\xabS\xb2;'
    b'\x92V\x8a\xbaR\\d\xb1\xb0e?h\x80]67\xe6!\x93\x80\x93\xb0$\x9f\xf1\x1aW?}y\xcds)~sa\x98\xc2\t\x15\x8f+\xf5\x94\xa7\xbe0E\xf3\x03\xf5\x0b\x8ai\xb9\x8c\xc2.\xb9\xdf\xc5\xd5\xe8b'
    b'!\x96\xc2\xe2\x95\xc3+\xf5-mS\x7f\x04-/9\tu\x1b\xc2\xb6\x18\x1ec\xf9\xe0\xa9?,q\xa1:\x8c\xbe\xcf\xe2\x97\x1e\xcak%\x8dr\x1fJ\xce^w\x15\xdc\xc6\xf4\x88\xd2\xbdq\x1fG\x13\x02\xd8\x96\x9d2'
    b"\xcb\xca8k\x15\xd1\xc4\x97\x0c\xd1\x96\x9a\xf8\xb9\xe9\xb1\xc3)tC\xce':n\x1f\xf8\xd0\x19\xe1|\x8b\xe9:\x90\xb9\xae<\xb9\xe56\xcaf5\x82\xbc\xe9Ni\x91\xb3\xd1*{T8\x89$S_\xe3d\x99\x0c\x0b"
    b'\xbb\x95\xb3HR\x0c\xf6\xc5\xa5!%[\x19\x1br\x18\xed\x02\x92"\xc4v#=\x08\xf9\xc0(\x94\x0c\x08.\x15/\xe8\xf3\xf4\xf4P\xa4x\x91r\xaa%\x89\xc6i\xf4\x08\n\x0e\t\x0f\xe3\xe9\xd6j\x1d^\x98\xbb\x929'
    b"u\xdfj\xb7?'\xd0\x80\x08\xc0\x87v\xc1[A\x84JC\x8d,\xb1a\xa5\x9e\x05\xfc(\xe1\xdex.\xe2\x14\xd6f\x86\xf0\x88r\x9e\xa5\x98vv\x1b\x01\xe0\x1f\x0e;\xe7W\xc4\xd4\x04\x0c.\xbb\xdc\xa8\x80AO\\"
    b'\x10\x92\xc1\x14\x8b\x15$7\x9c<R\xa8\xd8\xeb\xcc\xdb\x0e3w\xd9\xd6\x90\x03\xd4\x9f\x9ek8\xf1L\xa6h2\xbbLV7\x85\x83\xcc\xd3\xa5\x88\xf3\xbe\x1d\x91\n\xb1\xe3\xb08\x80e$\x04\x92\xd6\x07\x86\xf3\x81\xa00'
    b'\x9c\xbd\xd1X\xca*\xc0\x8d\x0b&|kZ\xc1\x01k\xd5eS\xcf\xc0R\x9a\x14Z$\xdd)\x11\xbf\x02\xe0\xd0\xf7\x02\x8ct\xb2\xef\x16\xe0\xd0\xb2\xcb9\x1b\x1b\xea!\x0b\x15\x80\xd0\xf60_\xae\n\xc4\xb9x\x7fu\x9b'
    b'\xf4G\x1d\xa1\xcb\xac\xb00\xb0UN8\x85\x8c\xf0\xc1\x97A\xc2\x9e\xd6\xa2\x92\x04\x84\x87\xaaG.-\xdb\xc4\xf87\x9f\xaf\xd2\x1c\x8c%\x83\x9a\xfe\xe6\xf3Z\xd3\xdfO\xdb\xc4\x0bP\xfa\xf5b\x9eR\xda\xfa\x80\xa7\xa9\x83'
    b'yeTc\xee\xc4\xf4\x89zC\xef\xc4:2\xdc\xc5\xe2\xf9\x938\x0fJ\xa4S\xa9\x81?\xe8sbg\x97x\xb0\xa3\xadj\xd0\x97\xb8\x97\xf3\x07\x13<\x9b\xaaF.]\x9f\xc3\x1e1\xb2D\xde=\x96\xeb\\bz\x08'
    b'\x85\x9cp\xe5\xeb\xd9\xa1J\xe2\x92\xd3\xfa\xf9\xb9\xbcn\x84\xfaj\xf7i}k$\x8d\xff\xb8\xd4\xdf\xb1N\xce\xec9\x067\x90\xea\x04]\xa5Qu.\xedeT\xd6j@\xd5`\xabH\xab>A\xaaT\xba\x7f\x17m\x07'
    b'/\xf3\xd9ZcI\xe9\xd2a\xa4\x17\r\xdbY\xbe\x0ez\xef\xcf\x0c\x1c\x01\x97|E\xc0\x19q5\xe7\xe0\xa8\xb8$\x85[\x82\xf0\x978\x98!\x83\x8eW\x11>Z\x80\xc8\x1c\x8f\x1b)Y\x03C9\xd1NMK\xbc\x8b'
    b'\xaf\xd9\xb6\xd3v\xf8\x96\x95\x1e0\xa2\x1b\xb0\xf8\x9b\xd9\xe3h#\xdf^\x12\x1cUtT\\\xc3J\xb7\x05L\x8eA)?\xf4\x8e\xa3\xe9\x04\x99R\x02wZ\xa2|\xdd\xf6\x1atl\xb5\xe7\x057\xb1\x15\x82\x11\x94\xc0`'
    b'\xed\xd2](\xcb\xa3\xfe\xb2\x17\xd31\xc7\x99\xe5;u\xdb\x0el\xbd[]\x81\xfd1\xe4\xc0H\x8c\x19\xdf\xe5\x15\x8dq\xf9\x0cX\x9b\xbf\x01\xc7Q\xdd4rd\xd7\xee\x9a`\xbe\x04\xa6\xa8U\xcb\x1f)s\xe9\x98[#'
    b"\xe7\xd6`s9\x84$\xd1,\x05\x0b\xc5-\xe13\xbe\x00\x98v@\x85\xc9\x04k\xa0\xd0\xf8\xa31\x0c\x10\x04\x80U\x87L\x13,\xa2,V\xdeG\xf9\x83\\\x9b'\x86\xd0X(.\xa7 \x84\xdb-Z\xa7Eh@\xc7"
    b'K@\x1f\x192\xb2D*\xb5:\xe4\xe6\xcc\xd7\xb5\xf7SuAz\x0fap\xb1\x88\x95?\x10w\xc7b!7\xd6\x1fqR\xb3H\xeepM\x815\x06\xdf@\xbe\xe5\x96T.N\xbe\xda\x05)M\xebq\x1c\xe0@\xe4'
    b'\\\x89\xdaiI\xc1\x81\x04\x12r\xa1n\x9cX\x1ekS\xdf}j\xd0\re@\xc0\nk\xb3\xef\r\xc3\xe1\x1b\x1f\xa5\x90\xd6\x85y}\xc3c\xc2\xd0|Ki\x0e\x8e\tS\xa3b\xffZ\xaf\xde\x12\x9f\xb3\xcc\xe1\x84\x89'
    b'S\r\xcbP\x04*-&\x8eFN\x0e\xfd\x05y}3M$_\xea\xf3{\xc6\x11q\xe4\x06\x8e\x13\xc6D\xf9\x12\x96\x85.f\xc3\x9a\xab\xdf(\xb9\xf7u\x1c\xd5r\xa2\x0c5j\xe1\x92\xa6\x17\n)B\xec3\xeb7'
    b"\x02\x90)o\xcb\x07\xc1\xeap=\xdf\x1f$L\xc7\x8d\x07\x8d\xdf6\xe2w\x19:\xe6\x14\xc2\x87\xd5\x03\x81lq(\xb2\xac\x862-a4\xa5\xc6Z\xf0\x85Z\xa2\x1au\xcc\xc1\xaf\x1a\xa2\xe1<\x88'\x99\xb4|N\xe3"
    b'2\x9c\xeb\xefCh\xe2\xb3\xe9\x07>\xb4\x8fa\xea>\xbe\x91\xdb\xe03`\xdf\xde\xccg\xe3\xa1\xaa\xab\xd5\x80\xa8p!\x7f\xcdp\xdd\x80\xca\x11a\x81r\xb7\xd54n\xc0~\xcd\x12\xf5\xc0\x05n\x8e\xd1\xab\x93\xb8\xce\xbc'
    b'\xd3\x01\xf4E\x9f\xc3=\xf3Z\x85\x04\x0b\x15\x86\xceF\xe7\x1c\xd8\xb3\xd061\x0c\x11\x82ML\xf9\xdfc\x04Q\x7f\x86\x9b\x14C\\\x11a\xf6\xd2Y\x0b\xe1\x9a\x17\xbfB.*}\xb9\x1c&P\nq\\T\xfek5'
    b'\x1a\xbb2\x98\x13\xd5\x89\x92g\\\xc5 \xca5u\x84J\xe6\x8a\x10\x8f\x9a\xcf\xeeN\x88\xbdl\xc1\xb4\r]3\x04\xf0ViP>O\x1a\x04\x8d\x97\xe7\xa7B\xbc\xc8{\xa0!p\x99\x1f\x86@\x99\x16\x03\xc6c\xca\x1f'
    b"\xca\xa1'H\xa4\xd2\x0eQ\xf9\x19j\x8dD\xf8l\x9b\xd0\x85e6\x9cxr\x0b\x19\xad\x8d\xedO~.s\x1b0\x849\xc6M\x1c\xa8B1\xbe\xae~\xceu\xd8P#\xb1O\xc3\x99\xda\x1a\xd28_\x89\xeeS\xc6\xd6"
    b'\xc6G\x97O\xdb\xbe\x86\x92\xf8\xd4d\xa4Q\x17\xfb+\n\xd8\xdf\xe7\x93\x85\xce\xf6Al\x1cL#\x18\x9c\xb4\xb8\xbd\xbe\x1e\xd2\xc9rn\x11Wd\x15\x8a\r\x05\x96\x9e\x88\xe9\xa7\xc1\x80\xac\x93\xbd\xb1(V\xc9\x18\x01\xca'
    b'\xcf\x82x\xbaF\xc4a\x85\xa2R\xdb<\x19\xbe\'\xbeE\xc7\x14\x86\x8b\x85I\xd5%\x92\xf5"2\x03\x16,K\x14\x94\xac\x97E\xa1!\xa4\n\x1c(\x8c\x1fg\xd8&Xgb\xfe\x11\x8b\\\x85\n\x9d\x18;\x87\x15Q'
    b's\x0b\xe6Z\x8a\xce\xce\x82\x93\x9c\xbd\xc0!\xd89\xe6&M\xb2g\xdcv\x1f\xb6q\x14\x10\xe3e\xf5AI!Z\x96\x03-\xedX\xf8+<?\x13\xac?\xc3\x84\xe0\xa5\xf0~*\x80rRs\xf93\x07Hw\xf1\xc4'
    b'\x83\x0c\xff\xee\xd0\xbd\xe67K\xe2\xa0\xa7\xbaTn\x1d\x83y\x0f\x86\x1f\x1c\x88\x04\xba\xc8\xe7\xc2\xf1\xb3\x86a\xc6J\x1a\x17\\M\xee\xb7\x92\x16A\xbf\xa5\x1a\xc47\xe4\x1b\xb1\x88\xc8\xed\xad\x19X\xa4\xc0\xb3\x1e\x14\x02\x05'
    b"\x95\x8c\x04\xa4!y2\x0b#E\xb7<#\xce>\x98\xb9\xe2\xae\x9eW'BdG7\xe3\xb1\x13w\xa2\xac\x97(Z\xae\xe0\x86_)\xb1\x17G\x12Xr\x94=\xb1\xc1\xb4\xb8\x92\xd9\x88\xc3/F\xd6=\x19\x08M{"
    b'2:=\xa5>\xbed7!\x05\xd7\x85\xd17d\x04\xfeu\xd01\xc7\x8c\xd1\x0eC\xf0\x0c\x12\xb0\x02\x1d\x82\xdcYH(Ib\xbbP\x8d\xeb#\xe3\x15\xee\x94LL\xe6CYQj\x15=\xf2Qs\x87B\x8c\xa6\t'
    b'V2\xea\x11\xf3C)/\x11\xb2\xa7Cb\x10\xafr\x1e\xc3\xc4M\xdbp`/\x1b\t\xd0\x87h\xc9\xe4\x10\x8b\x04Qd\x8f7\x0b\xc3q\xb6\t?\xb0\x8d,\xc5/\xed\x97\x11\x17\xf1\x95\xd6\x1e\xe2\x18Ql\xa4\xab\x14'
    b'\x0cSv\x9eBd\xad\xd9G\xd7\xaf+\xa0\xcaP\xaf,\xb4\x9e\x9cf\xb2\t-s\x8d\x9f\x8c\xab)\xc9\xe96Q@w\xa6\xdb_\x1b\xa7\xe2A\xd8\x8el\xa2p\xcc\xb17\x1a\xfd\xce\x1e\xee\xf9\xbd\xce\xf6\x16\xf1\xdf\xdc'
    b"\xe8\x83\xac\xdb^\xe5&\x10\xcca\x1b,5'\xa27\x9b2\xfa\x08\xa4\xedm\x18Q\xcb\xa7\x8bYq\x90m\xb7em\x89\x81\xd3\xcary+j2\xb4\x83\xf2|\xbc\x93\x1b\xcd\x9bX\xc4]\xdc\xd7K(\xbd\x9b\xf5@"
    b'\xf5\xed\xcex,\xd0\xd9\x054\xd3?\xd5\x1c 8\xf4\x87\x13\x89\xb1], \xce\x87\xb3\xach\xbe\xd3\xc5\xe0\xabm\x87\xc3\xf6|z\xcd\x87\x848B\xc3\xad\xd5\x1bPp\xcf\x9c\xbc\x98~\xfdij\x17\xa20\xadIk'
    b"\x9b\xb53\x0c\xf1\xb7|\xb9\x1e\x0eF\xb9\xfa\xc7+2\xacx\x13\xddU\xa3\xa1\xd9\nc\x83\x0f\xb6\xdfbl\x92\xc0\x05g/n\xce\xec\xc4\xc3]|0Uo\x01\xfe\x11\x91\xc1\xa4\x92\xab\x9b3h|':\xf7w\xaa"
    b'\x85\x84\xa6\x91\xbdB\x98\x92\x7f\xd1\xcd\xf9\xff\x1a\xfa\r\xdc}\xfc\x86\xff\xec\xdb\xf3\xef_\xbf\xfd\x8f\xf0\xad\x9f\xf7/67\xed\xdb\x9f\x7f|\xf5\x97\x1f\\\xa1\x17\xbd^/|\xfc\xd3\x8fD6\xc3\xb7\xcd\xc1\xd6\xce\xd6y'
    b'\xfa\xed\xa7\xef\xbe}\xce\xb4\xb8\xb3\xa9\xaf\xbfy\xf1\xdd\x0f!Go\xb3\xe7\xaaz\xf1\xeae,lx1<\x1f\xee$\x9f\x9e\x7f\xfb\xe7\xe7\xf8\xb63\xd8\xdd\xdc\xdd\xb7o?\xf86\x0c\xf7\x86\xc3\x8b\xbe}\xfa\xfe\xd5\xb7'
    b'\x7fy\xf9\\-\xfb\xb0\xe3hek\x14\xc6\x93\xad\xbdv\xb6\xb7w\xdaF\xe8I\xfa\xbd\xdf\xd9ig\xbb\xdb\x9d>\xbd\xa2;\t\xa7hg[[\x9a\x88\xde\xfc\x98\x0fF7\xb4\x19\xb6\xfcf\x9a\x89\xce\xfd\xa4\xdb\xa1\r'
    b'\xb7\xdf\xe1,\xbb\xfc\xb8\xbbE\xfb\x9a\xf2\x8d\x99\xb4\x9flmv\xfa\xedl{\xb7\xb3sz\xc7\xb9e\xd7\xbb\xc6l\xf2\xe7\x9dRc8\x97oL\x7fO\x13-k\x8ckM\x7f\x8b\x9b\xb3\xd3\xa3\xa6l\xf6:\xbbR\xda'
    b'\xe6\xe6vhR\x7f\xb7\xb3KE\xd2\xbf\xa7w\x0fl\x05\xbd~\xfe\xe3/\xdf\x7fO\x03Fc\xb5\xb9m/\x7f\xfc\xee\x87\xb7\xcf\xbf-\r#\xb5\xfa\xd1\xf7\xbb\xfd\xce\xf6\xdev\xbb\xbf\xd7\xd9\xebo\xbd\xa3N\xed\xee^'
    b'mlw6\xbb\xbb\xef6z\x9d\xcd\xfd\xbdq\xaf\xd3\xdf\xde\xe8\xeco\xf7\xcf;\xbb\xfb\x9b\x1b\x9d\x9d.%\xeft\xe9\x91R\xef\xec\xeas\xbf\xb3\xb5\xb9\xdf\xeent6\xf7\xf66(\x07\xfd\xb3\xb3C\xf9v6\xb7\xf1'
    b'Tltv\xb7\xb7:\xfd\xdd]y\xd8\xdb\xde\xbc\xa2\x02\xa8\x8d\xe7\x9d\xee\x16=m\xed\xef\xb6{\x1dZOZT\xbf\xb3\xd3\xdf\xd3g\xfa\xda\xa7\xc2\xe9\x1dM\xcd\xde\xde&\x1e\xe8\x9f\xdev\x9f\xde\xd2\xd7\xcd=.\x81'
    b"F\x97>\xf4)S\x7f\xabG\x8f\xfb\xbb;\xe3\r*x\x87\x86\x8d#\xb7\xec\xf5w\xff\x96}O\x0bd\x9fJ\xeb\xefw6\xfb\xe7\xddvgg\x8fZ\xb8\xdd\xdf\xe6\xda\xf7z\x1b\xdc\xdd}y.\xf8\xc7\x0eJ\x90'"
    b'\xbc\xe5\xb4\xf2\xd4\x8e/\xdb\xc8\xc6)\xdb\xae\x00\xaam\x8f\xc6\xb7\xbb\xc3\xe3\xbb\xb9\xb7{\xce\x8d\xed\xf3\xc0\xf5\xfa\xdc@\xda\x88\xd4\xd8\xbd\xdd]y.\xf0\x83*\xa4.\xea#\xde\x9f\xd3\xb0\xee\xeemv\xb6\xb6\xb8\xb6M'
    b'\x0cH\xbfO\x8f;\xf4\xa2\xb3\xbdO\xed\xdf\xec\xd2\x80\xefo\xf6)o\xaf/O4 \xbb{4#\x18T\xca\xd1\xedr\xe7\xf6\xbb[m\x9e\xf2=y.\xf8y\xbf\xb3\xbb\xbb\x89\xb7\\2\xbd\xc5\xb0\xecr\xb1\x9b\xbb'
    b':,\x9d\xfd\xad~\x1bERS\xb6\xb8>t\xa5\xb3\xb7\xb3\x89\x876Z\xf3\xb7\xef\xf7h\x1b\xed\xf4\xb8\xbf\xfd\xee>7\x9czO\xe5\xec\xd0\xb4\xef\xf5\xd1\xb2M<\x15hdg\xb3\xb7#\x0f\xf4\x8ak\xdd\xee\xedr'
    b'\xe2\xce\xde\xd6\x96\xbc\xde\xda*$\xcf&-t\xc9\xbc\xb5\xf5\xb7\xef\xb9\x19\xbc\xf6\xb6\xa9|d\xdc\xda\xc6,\xcb\xda\xda\xe9\xf3\xdf\x82\x1bGkq\x7fO\x1e\xe8\x157h\x8b\x97 %\xdd\xe0^o\xe8\xa7]\x1a|\xe4'
    b'\xeb\xef\xef\xca\x03\xbd\xe2\xe9\xdb\xa6\xf5\xd1oSG\xb7\xb6\xf7\xc74f\xdd\x1d\xfaE\x13\xb4\xc3\xab\x97\xd6\xdd\x98\xfe\xd9\xdd\x907\xb4\x13v6i\x08h\xaew\xf6?!O\x9f*\xda\xa7~\xf7\xf6x\xdcvz;\xb4'
    b'\x0fw\xf7\xb6\xaf6\xb6\xa8\x93\xbdw\x1b;<\xf8\x9c\xb2\xbf\xf9n\x9b\x16=\xafe\xa2\x9f\x94\xab\xd7\xe5\xd5\xb6\xd7\xde\xa4Q\xef\xf6\xcey\xb9ln\xd2\x9co\xd2\xf4aO\xed\xc9\xe3&\xed\xeb^AKwS\x9e\xdb'
    b'\xe1\xed9M\xf8\xe6\x16\xed"\xa2-\xfb},\xac}\xfe\xda\xa3\x7f\xba=j1U\xbb\xbby\xbe\xd1\xe9\xed\xeeo\xc8\xa2\xa0q\xe4E\xb5\xc3\xcb\x89\x0b\x94g,\x10^m;]\x9a\x85\xde\xb6<Q\x81\xbb\xb4\xfc\xbb'
    b'X\x7f}&\x04\xfc\xa6\xcf\xbbD\xbf\xf6w\xb0\xfa8\xc5\xe6\x16U\xb1\xb5\xc7I\xac\xdc+\xab\xbe\xdf\xe3\xb5\xb9\xbb\x8brww\xa5u\x1b\xb1\xa1<\x18=&E\xb4\xf6vx\x83\x9f3\xb9\xe8\xf6\x84\xb4\xd0\x08\xd1\xbc'
    b'\xf7\xad\xef\xf4\xc8\x1d\xdb\xdd\xd9\x8b\x83K?\xce\xb9\xb2>\xc6b\x9b\xdb\xb6\xc5#k9z\x7f\xa3\n\xba4\x07\xbbR\x01/\xa5}*\x92\x96\xbd\xb4\x89\xf7\xe6v\x7fW\x9e\xafh\x98\x88\x9e\xd2\xa0RU\xfcx\x0e\xba'
    b'\xc5\xbd\xe444@[\xed\x90|\x7f\xe7o\x8f\xda\xd9\x87\x83\xacO?\xe8\x03;\x12\xf7\xb7\xf6;{\xdd\xcdn\xf8o3=v@\xbci\x93p\xdfd\xa5\xbd\x93\x9e\xc8\xbe~\xc74|\x07\x0bn\xb3\xb7\xcf\xa4|\x9b'
    b'\x1aE\xa7Q\x7f\x8bFjk\xaf\xd3\xeb\xfe>\x12\xb8\xb3>\td\xb2\xbf\xc5+\xbb\xbb\x03\x02\xb8\xd5c\xe2\xd3\xe3Sdkk\x03KY\x1e\xe9\xd3\x16S,\xa2D\xdb\xfbXP\xf4\xb8\xb3\xc5\xa7@\x7f\xbb\x7f%\xa4'
    b'\xa9\xd3%z\xb5I=\xd8\xdc\xdd\xe5\xb3\xa8\xb3K\xa3\xc0\x7f\xb7\xfa\xbc\xce\xe4\x8c\xda\xa4\x83\x1a\x0f\xfb}\xde\x0e \xd9\xd4\xd7=!\xad\xf2\tODU\xf0\x9d\xf69\x168\xcd\x14\r0\xc6mw\x7f{\x0c\xe2\xbaE'
    b'\x9bj\xe7\x8ah\x9e\x1e\x90\xf4\x95\x96\\\x7f\x9b\xce\x96\x1e\xba\xd9\xdf=\xe7\x82\xb8\xda\x1d\xa2\xbfT\xec\xf6\xce\x96\x1eK\xfaH\x93\x80\xf3\xabKd\x9cV\x8d<\xd1\xbf\x9b\xbc\xf7w\xba\xd4\xd7]\x9e\x8e\xae\x9c\x8a\xdd\xed'
    b'\xde;l\x870\x9b\xfa\x8b\xce\xb4\xbdm\xfc\xda\xdb\x1f\xd3\xd8\x10\xd5\xa7\xc1\xedns0\xb2\xbd\xde\xbb-Z\xf0\xbbW\x96\x9f\x8e\xf2\xbf}\xcf-\xea\xd2\x9e\xd8\xa5%\xbcM\x9fz\xfb\xe3\x8e\x1c\x04\x18p\xde\xf1\xf4\xc4'
    b"\x8d\xd8\xe2\x9d\x96P\xad\xde}\x94ng\x87\t\xd4'QG\x9c\xbf\xbb\xbdO!t{\x9c\x898\xa1\xad\xfd\x84\xce\xf5W\xd2\xb9\xbd\xdfN\xe7\xf6\x02\x9d\xdb\xfc\x9f\xa0s{\x8e\xce\xed\xd4\xd1\xb9\xfd.e\xee\x7f\n\x99"
    b'\xdb\xf5dn\x17dns9\x99\xa3\xf3k\x8b\x96\xeb\xbf\x8e\xcaq\xfbA\xe4h\xfb\x10\xc5\xde\x8aD\xae\xef\x18Y\\w^\xff\x95\x99V\xe5XO\xfa[]b\x86\xfb\xdd\xd3v \x84\xf2\x8e\xfe9\xb5\x8c\xdf\xfex'
    b'\xfc\xd3\x0f\xcc\x00\xf7\xba\t"\xe1\xbb\xcb\xb7\xf9\xa5\x8a\xda\xf2\xc5b\x8e\xf0y\x13\x13\x05\x00\xa3\x0f\xe1i\x1bOLx\xc6\x92\xa0Wg\x7f\xe7`\xaa\x8c\xaa\xd4D\xae\xd6RDI\xe4\xff\xeaH!\x0b\x14%Cp3'
    b'\x90\xf3\x04.\xb4\x8c\x9c\xd1(\xc1\x90\xa2\x1d\x10-\xb0L\xe6b4\x81a\r\x8a\xcb\x1a\x1c\x07\xf1\xc0~\x00mH\x92\x03H\xc8\x9a*\xdfR\xbb&\xbac\xbc\xce\x17W\xcd\x0f4@\x1fz\x8c\xe3\x02\xed\x19\xff3\xc7'
    b'\xdd#\xf6|8\xb8\x1c\xc2\xeao\x9e=A:\xaa\x9e\x7f|\xa5)\xb3\x03\xfc\xdc\xd0\x9f\xae\xe9\x02$\xf1\xa1\x1b\xe0\x1c\x90\xdb\xa194\xb2\x97\xa5\x14\xa8,I\xf1\xbfK)\xa4jE\x8d\xc0{kp\x92\xa2RI\xf3'
    b'C/\xb4qEZ\xa9\xaeW[\x9d{]m\xe7\xcbR\n\xe9+=\xfe\xadQ\x11\x11\xaavIT\x0c\x15\xed\xc2\xc8\xbc\x97D\xfb$p\xe2\x1d\xb9\xfd\xbd\x9e\x0f9v\xa8\x075\x88Z\x81\xf3\xe9\xf5lZ\xa8\x1b\xbd'
    b"\x88\x1b\xa7\xd3_\x9dc4\x97\xf0\xadh\x92\x9a\xd2\x14\xe7S\x92\xc3\x88B.\xd5'\xf2\xb5\xc3\xe2-\xc0\xb2\xeakl\xb6\xd3\xe0\x1d\xc8\x93|\x94\xfd\x00\xb4)-\xb0\x83\x97\x94\xa3\x1b\x9c\x08\xffq\x93\xcfEZ\x8do"
    b'_f\xbd\xbd.\x16\xf4~7\x98\x02\xe1\xa6\xfc\x13\xbb\xa2P3:\xf8\xa5\x16|\xe1\xeb\x8b\xf4k/|\x1d~P\x9b\xae\xef\x19\xdc\xe3:\xff \xa0\xf2?\xb55_\x84\xeda_\x92\xa3\xac\xa9\x196\xb4\xd6\x00\xb0\x92'
    b'\x00\xcc\x94R\xbd\x08\xa9b8\xe8Y\xf3\xd6)\xfa]z\xc5x\xb9=\x8c@\x94\xe2\xd1 \xc2\xa4\x10\xeb\x17V\x0fJ|\x1a\x1cK\xb5\xd1\x06\xa4L\x80\x8c\xa1*\xb4\xcb\x83[\xeaq\xab-\x01V\x0f\xb4\xe5\xed\xd5\xb0'
    b'#b\xeaq\x90\xf9"\xa8Y\xf1\'\x13K\x8e\xcaz\x10\x85Kw>\x16q\xd2> \xc7\xb4\xc1]\x1a\xf5P\xd8\x1b\x14H\xefP^\xf9]\xef\xb4\xbd68J\xb5\xbb\xf6\x86K\xea\xf3\x0b\xfb%\x12\x92\xd6=e\xff'
    b"?\xb6s]\xed\x9c\xae\xec\x8d,\xe9\xe5\xdae\x96G\xa3\xb6\xc3T\xda\xc9\t\x0b\x97\xa8\x03'\xbd\x1d:%!x:a!\x12\xde\xb1xJ\xdf\xf1\x81\xb9}Z\xe7\xaf\xec\xfd\x9a\x11\x93\x9e~3f\xf3\xd7\xb6w7"
    b'\xb2\xad\xe0]&\xadS\xa7D\xf1h\x12\xcd\xbb\xd81\x03\x98_\xbc\x08\xde\r\xc5Sz\xcbv+\x97SW\xffm4d\xac\x99\xbf\xf3\xd1\xfc\x1c&\\\x1f\xcfu\xff\xd04i\x13\xdb\xd9\xb9l\xa5[\x1a\xa0\xf9\x81\xbc'
    b'\xa6\x9d@\xfby\xad\x91\x9615\xf9e[\xe3\xf2\x1eD\xb1\xe5Z\xa54|\x84_bN\xba\x9dM]\x8e\x1e\xe0y-\xd2`+\x10C\x8a\x0e:R!/7\xef]EJH\\\x9e~ \x0e\xa1\xe0O\xa0/V'
    b'oZF/P\x98 \xa2\xbe\xa7P\x1b\xdd }nW\x86.\n\x9fm}\x0b(\xdb"\x1c \xf4\xec\x8e\x0f\xfa\xf5\xc2\x7f\xe9\xf9/\xccD\x06P0,d\xc1\xeeBq\xee`\xa0\xdf\xff\xc1h}a\xcf\xd2\xb7\x96'
    b"\xa4{a\xe9\x923\x1eny\xb4\xe0'l\xe6(\xa8\xe5r\xbe\x13\xbb\x06\x17\xc6\x10\xe3x6\x9f^\xce\xf3k\xa8\x0c\x19\xfdE\xcf\xf8QaH\x9aP;\xe8\xf9\xca?\xe8x\xb5\xe3V8\x85?\xfc!K~\xb3\x8d"
    b'Y\x83u\xe4\xac\x8c\x82\x1e\xe3x\xbeH\xb2\xb0\xb1\xbb\xba\xfa\xdf\xbf\xe6h\x94\xb0\xc6x\x0c\xc2\x11\xc4\x03\xd4\x0ek\x80\x87a-b\xcc\xed\x7f\xea\x15\x0f\x07QC\xb1\x9c>\x97ZC\xe3\xde\xedl\x856\xb1R\x93\xeb'
    b'\xf7M\xa3w\xdd\xce\xde\x9a+8p\x0e\xddvi#\xd1)D\x955]--\xa9|\xbd\xa3\xc7\x14"\xb6P\xe1\xda\xeeg\xea(\xcc\x94\xd1\xb7\x9a\xde\xb3\xe9\xba\xef\xfdWau\x96\x87\x00\x8b\xf7\xab\x8c.n\xf7\x12'
    b'%\x94\xba\x91O\xce\xaf\xa6s\xdaT\r\x81\xdbh\xd8~m|\xb1w\xb6\xbf\xbd\x7f\xd6\xb8\xbf\xa0\x8b\xe9d\xb1\x01O~\xd6X\xe8\xef\x8b\xfcz4\xbe\xe5\x82\x8b\xdbb1\xbc\xde\xb8\x195\xee\xe8\xa3\x99T5\x92P'
    b'O\xb0\xde\x9c\x07\x08m\xdaH\xdf\x829\x9e\x1a~g4\xc8\xcaEI\x9e\x8d\xae/c\xc4\xa1!\xc3\xfb\xbe/\xd8]\x068[b\xeb\xf7\xeb\x08^\x9eV\xe4%\xd5B{m6\x9c\x8b/\x17\\\x11\xa1\xaa\xe6\xd2\x00'
    b'\xda%\xf1\xc3h\xdc\x81\x05Vd\x83\xe1x\xc1\x81\x81a"\x92\xb46\xddL\xff?\x98\xbae |>\xaas\xa3&~\xd7\xff\xc7\xd7\xf3dj\x84\xdd:o\x07\x92z\xa7\xa8\x82\xadr\xa5\xb2\xf7\xf1N\xe5F\xaa\xf1'
    b'\xe42\x0b\x88BG\x8fR$\xa4\xa6\x02=\xc1d\xe5\x03\r\x91(\xf6Z\xf5P\x8c\xcd\xea\xc5\x04\x19o\xd3\x8c-:A\xf2\xb1V\xd0+}{T-\xb6\xc1\xc3*\x12\x8c\xa0\xa3e\xf9\x05\xa4\x105l5\xea\x1c\xdc'
    b'\xb5D6q\xf9u#\x9e\xdcl\xdb0\\\xcb\xceXR\x96\xe2\xc9\xe3]\xc3}v\xc8\xcc\x12\xff\xe4\toh\x9c\r\xd2`\x11\x03qk\xf5\x04\xa8\xbc\xe6\x03\xf8\xd9\xf4\xc3\xd1\xa3n\xd6\x95\x0b\xbf\x0cb\xb8\xff\xebO'
    b")\xff\xd1\xd7\xe9t\xcd\xa7\x0b\x9b+\\\r#\xca\xa5d\x03\xeb\xb0\xece\x0bC\xe8\xb6\x8e\x04wn\x84\x91{\xc2X\x9e,\xd0\x89F\xce\xc10\xb1H\xe2\x17\x11\xdb\r\xc88V\tG\xa4\x89\x0f\xb49\x89'\xe6\xa8"
    b'\xe7l\x92xN\x84n6D\x8c+\x07\x7f\xbcP?\x11b\xcb\xc7l\xce\x9c\x8b\xdd\xc5H\x01\x16\xe5#\xe3\x058\xe3R\x08\x16\x88\x81\x19~\xc8\xcf\x17Z\x01\xd0IPfn\xf6\x89J\xca\x8b\xf7\xb9z5\x08d*'
    b'\x9b\t\xa9s\x82\xfa\xfa\xc3\x9d\x10\x94\x04\x0e\xb2\x87\x89\xbc\x03eR\xee\xe1\xf8B\x1dxof\xcaV\x85\xf0\x85j\x1f\xca\x93)N\x0by0\xe45\xdb\x94!\xe8z\xe9\xf8\xc1\x85\x9da\xd5L\xd0X\xdd\xbc\xf6!\xee'
    b'^5\xfe\xe6M\xc4\xe2\x03YL\x8fu\xa5\xb4\xb2?\x82\x89`"7\xfb\xc0\xd7\xbf\x98E\xc6\x92y\xd7\xa6\x89J\x9e\n\xf1\x13N\x06yK\xc5\x95s\xbf\xa8\xe4\xfeIr\xbfX\x9d\x9b\x99\x9c5#J\xe4\x13\x83\x1f'
    b';/\n\x0e\xc2\xc7\x9bo6\x15\x1c\xb2\x83\xfc\xac\x98\x8eo\x16\xc3C>\xb1/\xc6\xd3\xf7\x07\xe2\x01|\xe8\x00\xbe\x81\xbc\x84%\xaf\r\xda\xb0\xbe\xb7\xc2\xea\x9f}8d\x10\xa5\xbaT/\x92T\xae\\\xe1\xfa8\x8b\r'
    b'\xa5$Q\xee.~xQ\xcd;\x18\x15\xcc1\x1c\\\x8c\x87\x1f\x0e\xf3\xf1\xe8r\xb21"\xea^\x1c\x9c\x03\xa4\xff\x90]\\G\x17\xb7\x1b\xe7\xe29\xa8\xaf\x9d;%\xb1!+\x06\x90\xbe\x06\xaf\xc7\xeb\xcbN1?g'
    b'\xa7\x95\xf9\xa2s3\x1f\xbb\xd7\xe5a\xe5\xd6\x1c\xb0\xa9\xd0a\xec\x1b/\xd0\xce{\x9aM,\xb1V\xa5\x8fK\x8f5d\xbc*e\x0c%\x82\x1e\xe4\x0bq\xd7<\x04\x1b\xb4!\x0e"\x1c\xfc*|M\x1c8\xb1\x16\xbc\x97'
    b'\x00uB?)\t\x96\x1e\xd9\xea\xe0.\xcd\xb9\x1c\xba\xee7\x92t)\x8c\xedd\xd8*YXJ2o\xa0\xe8\x1c\x0b\x1e\xb17S\xcef\xf7@\xfdd\xfbPg\x11,\xd8J\xf3\x85\xd8.F\x81\xe9\x150F\xd4\xf3'
    b'\xe9\xbd`s\xcc\x87\x97\xec\r6\x97\xd0\xdc\x13z\xe4b\x8b\xfcV\x1d\x9a\xcd8m0R#\x7f\xf1\x0cg\xea\xc2\xfe!\x8bi6\x1c!\r\x1b\xc9\x01QVh\x01\x9a\xfa\x82\n\x83\xaf\x13\xab+\xb4\xf0\x83\xec\x84n'
    b'\xc6H\xca\x8f\x89\xf3\xb6F\x9e\x8d\x99\x13\x1c\xcbR\x99\x1d-\xb0SL\xaf\x13\xb41\xfa\x98\x80J\x0cg\x82\xa2U\toU\x89\x91\x14kH"\xfb\x18.\xe1\xd5Mt\xd1\xcf\x92\xc6>cg\x8cf\x98\xc2JS\xc5'
    b'\xd5\xab\x0e\xa7D\xda\x1a\x1b\x19%\xe65\x13\x0b#\xe3N\xb8i\xd3*\xe0DWv\xf6\xd1i%Q\x04r\x89\xd4\x0e\x80C\xc1\xf5\x85s\x83\x08\xd7\xc5\r]Ak#(\x8d\x9cM\xed\x10i\x8c\x05\xe8\xd1]\xa8\x08'
    b")\xf3E\xfd|\xe9\x10\xac\x1b$*\x19\xebUa\xa2\xd6\xb3Y\xb5#\x08\xa3tTo\xc2\xea\x8e\xaa\xd1`M\xda\x8fH\x15i\x0cY\x14\xba\xc1\xdd\x8b&\xc5\xa9\xf9t\xac\x08;nyEW\x9bV\x0f'\\+\xf4"
    b'k\x8d\tt\xcb\xb7\xd5\x97\xc1\x85\n\xafiS2\xb8]32S@v\xb0n\xf3\x9b\xc6\x92z\xf8\x9b\xd5\xe3\xb6j\x1a\x19{Y\xa1LG\x18\xed\xd3\x870Z?f:\xff\xb72\x04\xba\xd9y\xc7\xa4\xab\xa2\x9c\xa3'
    b'{\xae\xf1\t\x16\x88\xfb\xa8\x12\x0c5\x83/}\x84\x07@\xf9\x9b\xf7CVX\xc30&\xd5\xd0\xe8\xf6\xb1\x14\xfec4\x88\xa1\x9c<\\\xed\xdd\x03\xbb\xe8\xbf\x15\xa4Sg\x83<\xbd\t^/b}\x9e\xdf2\xd5\xbe\xca'
    b"\xdf\r5zE\xe2F\xc4\xd0\xa6Z\x96\xf1\xa1E\x80\xef\xcea\xe2\x8b\n\xde\x8f\xce\x87\x11fw>\x9d\xad=a\x9c8]\x06\xfc\xa6\xe1>\x96&\xf3\xe7\x9bnw\xb0\x9b$\xb00\xde\xec\xb5\xef'\xda\xe0[\xab\x11"
    b'\xbb\x91o\xf5\xd4\x97&\xde\x81\xbd`8\x9e\xc72\x11\x17zJ#\xa0\x90f\xe2,\xb5\x98NM,cC\xa7\x8e\xdc\x16S\x0e\xbeqV\xdb\x82=\x16\xe3"\x1e\x8f\x9fM\x07\xa3a}\x18\x0bv\xc7\xf7k\x94\x7f\x97'
    b'\xc9\xdb\x92EY\x9b\xb4f\x89\xde\xc5\xa6\xccf\xe3\xdbf1\x9e.\x8e\x17j*\x9e/Z\x1d\xdd\xe55\xb8\x07\xcbH\x18\r\xb9\'?\xf0\xa3[\x81z\x800\x1b."\x95\xf9\xdeA\xf0\x05\x1d\x8ax{i,\xc7|'
    b'\x91\x8f\xa7\x977<\x19l8.^s,\x93\x08\x8e\x8e\xa1\xe6\xe9\xc5\xc5P"\xa86\xa3\xe7\x11\xae\x8a\xbf\x98\'\xf9I\x9d\xe7PJ\xd6q\xfd\x91k\x8fYZ\x9c\xb6t<\xaa\xbe\xd0\xb4\x0e\xae\x86\x85cD\xe4\x85'
    b'\x08\xa8\xa9\xc1\x8d\x18\x86\xca\xd3Lnw\x1a\xff\xed\x1f7\xa3\xe1b\xc5\xb8Mg\\a$\x87H\xdfy\x97\xb3Oh\xc4H\xb6\xf7\xa5\xbd%\xbe\x8d\xe6\xc6XJ+3"\x80)\x8e\nr\x9ed\xa2\x91\xda\x16\x03\xfe'
    b'\xd5\x01\xafY\xc9aX\\\x0f\xa5\x07\x9f\xd0E\xf9\x1d\xfa(e\x96>\xa6\x1d\xd5\xc1g\xc9\x03?6<\x00\x88\x1by\x08\xa5\xad\x89Z\xd0\xba\xa3 \xc9KX HEd\x07\xee\x9fK\xe8\x0e\xda\xc0\xe9\xd0\x9fV\x96'
    b"\xb4'\x8b_V\xec=$Jh\xeah\xc2\xbe\xa4\r\xf79\x10M\xf1\xfc\x94m\xc2\xe1\xdb\xc67\x97\x97\x1aD+\xc8\x0f\x02\xb9\x07\x07Z\xa1\xa6\xd8\xeb\xa9\xeb5U\xd1\xce\xfc\x96\xaf\x1cm\xde\x8c\xc3\x8c0,\xb1\xc3"
    b"\xbaz\xe4\xb1\x1c\x13\xce5\x06\xbc\xb8\x8e|j\x85\xeb\x857\xe6tV\xdf\x06\xae\xe0\x8d\x96\xdet^\x81\xe69iN\x9a~7z\x9e(\xed\xb3\x9c\x97\x1c\xb8\xa8i\x19\x95'\x13\x87\x87J\xfc \x00c)\xc5i,"
    b'/\x18\xfd\xf9qj\xa3\x84l\x9d\xd0Q\x8f\xd6\xa1K\xa6t\x84\xa5\xe9i\xce\xdd\xfaa\xc9m\xf8\xc4\x84\x8cc\xea\x9eA~D\xdc\x01D\x98U\x16\xb3\xa3\xd1@\x9a\xe68\xd7\x0e.\x95"\xce\xe3\x83\x8e\xa1=\xe1Z'
    b'\x8e\xe3\x98\x17\x8b\r\x03\x1c\xf21\x01n\xbe\x83\xb3\x14\x1c#\xf31#`\xde\n\xb3!(\x9d\xe1T\xf7He\xea\x05K\xd7Q\x01\xe6d\x7fJF\x8c\xd3BE~\x16\xa4\x82\x80\xd4\x02B\x9a\x1c\xd4\x8c\xca\x05\x98:'
    b"\x81\xe4Twr\x16\x0e\xc6\x8bP\xc0\x16)\xd1\x07>3S\xba\xc5\xca\xabO\xe0S9y\xbaIEO\xf9\xd5R\xc5\x18p\xa4\x04\x80\xb6\x14g\x13e\xd9\x8ev\rL\xbe\xfb8}\x1c\x93\xef%GmS'`h"
    b"\xa28\xe4\xde\x93s\xbaV|\x1d\xe7]x\x03\x08\\\xe5KR\xe4\x12\x0e\xaa\xcc\x17K\xf3\x0f#\x84u\xa4\x9a\xa5\xbb\x03'L\x8e\x8e\xa5Lo\x8a7\xbc\xc4\xc1?b\x1e\x18\xe5\x80\x0f\xa9\x85naK$E\x8c\xe5"
    b'\x1b\xc2Ti\x89\xa0\x12\x00\xea\xc2E\xdb\x91\xc8=\x82\x84J\x076\xeb\xa7U\xaa\xa3 \x03\x02\x8f\x1a\xc1\rbB\x0eZ:+\x1eH0H\x86&R!\x08l\xa0J\xd7\xe7cN\xf0\t7g\x14X\xac\xbe4\xdf'
    b'w\xed~C\xbb\xac\xd1*e}(\xbc\x1eo\xc7\x17\xb4e\xc6C\x0b\xe7\x08\xd4\x1f\xee\xdc\x9f\xfe*\xe3\x0c~v8\xac -\x8c\x16\x16+\xf1\xa1\xdd\xc0\x19\x8c~\xa0\x93\xff\x94ea\xf9\xc0.((\xaa\xd3\xe9X'
    b'\x08\xa9\x83\xccy\x1fz\x10xkF\xc0\x94\xf8d@\x89\x18\xa5\xea\xc0\xeb\xad\xd2\xd5\x93\xdd\x0e\x17\x87r\x97\xc9Yc\xda\xcef\x93\xcbv\xf6\xf7\xd9%\x97d8\x14\xd3\tb=\x18LIho\x95\xd5\xc1\xfb\x04\x8d'
    b'R\xb6\xbd\xa47SZe\x81&!\x14\xcdJ\x91G$@\xd3\xc9\xc9\xf8\xb4*\xea8\xd5\xfb\x0b\xdbE\x94\xbfD\xf2\x12+\xbfs\xd2\x8a\xf3\xe1x\xbc\x9e|\x80S\x96\xf0\xddxU6$\x10m\xe7\x98\xab\xa7\xbf\xcf'
    b'\x14!\xef\xf8\x19\x8cu\xf9\x83\xbe\xd0\xdf\x96\xe0YB\xde\x00\x90\xc3\xb85k\xb5\xe5\x02\x91\x80}[\xf8\x8d\x93S\x8b\x11I\xb0\x05q\xc8v%\xe5\x87\x96U\x8d=\x1cV\x0f\xad\xdf\x19\xb5\x83\xd6\x01\x8b\xc5G\xe7\x1b'
    b"\x97lV\xcb-b\x0f\xcd\xad\xc1y\xd6\xfd2\xebo\x7f\xd9\xce\xbe8?;\xdf>;\xe3\xdf\xdb\xdd/[Y7\xeb>\xee\xf5g\x1f2\xfe'\x11v\xac-F_*H\xd7v\xd7\x8b\xa5\x13\x8dt`\xb4\xa0\x0e)"
    b'\x14\x02V\xa1| \x1ep\xb1\xbcL\xb36\xe7\xcdQ\xf8\x9aR\xba!\x88\n3:\xff\x89\xc3!\xaa2\x9b\xce\x9a\tI\x07.;\x16=\xcc\x12p\x03\x82\xb8\xbdQ:OG\x93\xc1\xda\xa1\xae9q\xe94\x1dM\xe2'
    b'\r\x06\x9f\xd3v\xba&\xe0\x88\xbd\x10\xf5)/A\x04\x01\xe1\xed\xb14\x9c\xddA%\xbb\x12\x04\xe4\x0f\xcf\xb4\x8a\x89r4\x96\xce\x0bgO\xc6\x06;\xc9\xa7\xb8\x88\xf1\xba\xf1\xcd\x0e\xf9\x94^\x8c\xf3\xb3\xe1\x9a{\x15I'
    b'K\x18U\xfc\xaa\xe1?Wg\xd4m\xae\x84\x81\xe6\xe4I\xb4\xccu\xa3\xbds\xca\xb4\x19\xfc\xa6q/\xc9K\xa4\xbczB\nT\xc3\xfa\xac\x97\xfc.\x07\xe6\xae\x81Z\xf0\x1b\x93U\xc1G\xa0\xb3^~\x1c\n\xf3]\xe1'
    b"\xa4\xb4\x0c\xe8\x8fZ)DT\x84g\xc2\xc5\x9d\x19J\xe8\x81\xbb\x92kI\x83Q\xc1'\xd8 \x9e\xc1ey\x8d`b\xbb\xfbb)g\xcb\x8a\x12\xda5\x9d\xe5\xe7\xa3\x05\xcbz\x1b\x9d\xcdrm\xf7\xc9?!E\x9c\xcd"
    b"\xec\x94\x1e\x8f\x04x\\\xf0i\x16!.G\xb0\xe9\xbb\xb8p,\xff\xa3\xc0\xb3\xfb\xf2.\xf2\xf1\x98\xcbC\xc8C:>\xdf'\xac?\xe2R\x97`?X\xa7\xa3\x92F\x1c\xeb\x9c\xd3\x97\xb8\x98\x8a\x1a\xc4\xb0\x88<\xc6\xbf"
    b'\x87k\xd0@\xc5\x11\xf8F\xb2\x08k\xe7\x0b\x84\x98n\xb4\xf0\x81NT\x892\t\xba\xb3\xe1\xdc`\x80\x19\xa6\x97o\x14\x11k(\x1f3R\x89\x15\xb8\xae2\xa2F\xa4\\\xb1f\x04\xd7\xf0\x14\x7f\x1e,!M\x9es\x7f'
    b'jw\x87\x83\xf5$\xd0\xd8\x96\x894\x1f\xcb\xa4$\xc7\xa8\x90)\xce\xb6\xec\xdb\xd9\xc8v\x95\xf8\x15E\xca\x19\xaf\xbc)\x93\xcfE8\x98>\xdc\xbaJ\xcch\xab6#\xb1\xf1\xc3\xf9\xdb\x11[\xef0G\x1f\xf9\xba\xc0\xb0'
    b'\x15\xc1\xec\xe9#\x91\xf8\xf3\xf9\x08b\x1a\xda\x85\xaf--_\x0f-\xb13"\x819]\xb4\x99\xca\xcf\xcf\x01\'\xf2Q\x8e\xae\xc7\xc4\x1b\xb2\xa3U\xa3\xc3\xf4\x9e\xae\xc3\x1d~\xc1\x7f\x89_\xd4\xbf\xc3\xcb\x06\xfbd1\xd5'
    b'y\xfcacv\xbb\xb8"\x9a\x84<\xb3\xdb\xc6\xe9]0,kX\xb3)\xdf\xe3\x9f;M*\xf1\x9fT\xda?\xa9\x84\xa7\x97\xff\x9c\xdd\xb6\xfe\xed\xf1\xa8\xa5\xe1\xe3\xed2\xb1\xbe21\x86\xce\xe4i`\x825p\xd0B'
    b'AK\xea8\xd9\xb2(\xf3\xdaI1\xaf%\x84B`"\x05\xa7\x9f%\xa3)$\x90v\x89\xe8\x01\xcf\xbbCC\x12V\x1b\xb7\xf1B\x16uD9\xa5\x94\xaf.\x9a\xce\xb0\x10\xee9\nF\xe2\x9a/)\x9c\xbf\x95\xa4y'
    b'\xeaV\xda\x83\xb09hDi@i\x08\x89\xfc\x17\x0b+\xfd\xa9\x1c\xd4I\xb2f\x18\xf4VMr\xe1X\x98~_\x98\xdd\x95\xc1\x85;,66\x02\x9a,\xe6\xb7>\xae\t\x13\x88\x83\xa0T\x95{\x89\x86\x99\x12\xb8('
    b'\xa5M\xa0\x86W\xb9\xd8\x1a\x1d\xf3U\x12\xa8d\x06\x19\xe5\xee\x9f\x8fP\xc9H"\xc7\t\xc6\xa3\x86\xf4P2\xf3\xa8\x8c(\xf4\x9c\x1b\xd541\x17d\xf9A\xb5\x1e\xd0W\xe8lh\xa5\x08O\xeb\x922\xb0\x02c\xb1\x1a'
    b'8\x12\xa1OM\xaa\x8arPBcK>3(-\xd5\x8f8H>Eb8\xac\x89-\x81\x89@p|s\x08\x87\xa3\xf0\t?\xa9: \xe00\xd0s\x8a\xf0E/d\x88\xea\xf4\x00m+\xa5\xad3X\x16\xc8y'
    b'qa\x12)H\x95\xf7\x864X\xd4\xe3\x0c\xfe\x16\x9c\xc8\x07\x0fx\x94_G\xc3I\x9e\xcd\xf3|\xc6\xbb\xee\xc0\x1d\xedq\xaa\xb3d^\xd6\xbbo\xd60_\xeb\x9dkuK\x80\xabT\xec&\x7f\xca\xb5\x15\xa8\xc9\x9db'
    b'\x1e\x06J_\xdb\x8b\xfb\x8cX\x05.J3\xf1\x0f\xc5\x8d\xd27\xf4l\xa0T\xcem\xef.\xf1F\xe1*\xa0\x04[6\x8eX\xc7\xbe\x87i\xf4\xd0\x7f\xc5x\xaa\xc7-\x1d\x00\xa3\xcbI\x906\xd7\x8dr\xc4+wn\x89'
    b'\xf5{2\xba,\x96\xf2\x04\x88\xac\x12CR\x19\xa6\xb3q>\xf9u\xd90\xad1\x0e\xf5\xcdJ4\x99\xbe\xba\xab\xbcP\xfe}Y\x9d%\x98\xb4\x92mP\xacW\xd3=|\xd8L6\xc5\x1f\xfe\xb0\xa2E\xad\xa4-\xea\xf2'
    b'\xe2\x99^\r\xf23ge\x9a\x9aC\t\xd9\xe7\x80\x9d\x94E\x89v\xb9\xedm\x898\xf8\t\xc3\xe6\x96\x8f\x9c6\xe9\xfcF\xaf\x98\x1a\xb2\xef\xaf\x11\xc8\xdc\xd2\xc0\xea\xa0"\xf2&e\xfe\x8cFr\xaa\xd0\xfd9l\xb9\xf8'
    b'_\xb5\xd7J\xd0\x11\x85\x85\xc2\t\xc7@\x98\x85?\x1f\xa1\xd8\x9aF\xac?\x9e#\x0f+\xea\x98\x7f\xc8\x14;\xb1D\xb1X+\x86s.\xd2\x02\x1f\x8e\x14U\x10\x0e\x13\x11\x08\x16s\xc1\x0c\xc6@\x99z\x18>\x8d\xa7\xef'
    b'c\\A:<o\x8a\xe1\x03\x14\xcdZ\x1c\xe1\xac\xe4rP\x0f\xcc\xadf4#D\x1e9Q\xe5\xf8\xf8=\xa3\xbf\xf1\xe0\x86\xe0\x80\xb6\x97\x11\x9c\xab\x14"\x90_\x96\xe3\x86\xf2;\x94\x10\xb0\xe4\xff5\x96O\x08^r'
    b'\x94\x9a:\xc8\x9a\xa7.\x95w\x8b\xdfW\xa1\xa9\xb0\xd9)m\x93\xd5\xdb\xa6\xa4\x11\x95$\x12\xb3i-\xad\xfb\x91\xb4\xfai\xa2\x18\xb5k\xf4\x9d\x8b\xdd\x89\x13\xd7K\x98\xc1P\xe1\xd2\xf9\x99`\x98\xbd/\xfb\xa3B\xd6\xb7'
    b'],Um\x942b|\xf3\x04\xcaj\x00\xfb\xd4E\xaf\xf8w|\x99\x84\xea\t!\x86\xcbL\xdbk\xe1:\x9aP\\\xc8\xf6\r\x1a\xc6\xb0\x1c#\xdb\x95\x9e\x11\x0cu\xb8\xf4|X\xc6 \x1d\x95\xf9#,\xae\xe9\xcd\x1c'
    b'\xd2\xd8\x8f\xc42\x1f\xc0\xff\x81\xbdK\xc0\x10\xc7\x9f\x97\xf3|F\xdb\xac\x88o\x8a\xe1?n\x86\x93\xf3ad\x99\xefN\xc4\xb0\x7fxqA-u<\xa1\xd4\x00n\x10\t\xa0\x8f<\x91\xd7\xa7\x15\x9e\xb0\xc4\x0f\xd2\x08\xfe'
    b'\xe3f\xba@0\x97j\xe6\xe0l\x11\xc7\xd9\xa9\xf2=\x92\x85\xe4fI\xc0r8\x8b\xb0\x93\xcc\xf8 f:I\xa3\x9a[\xc8\xf0\x06|"`\xbf\x10\x1a\x9e\xe2\x07\x88\x12Wr\x06/\xab\x90=*k[YE\xb1\xfb'
    b'\xf8\xcb\x7f{,\x17\x15\xd5\x04?\xe5\x06\x15\xc3?\x8d\xa7yx\xf78\xebu\xbb\xb4c\xd6\xaa\xeez4\x9fO\xe7\r\xde\xd2\xda\xc5#\x84\n\xbf\x19Z\xfd\x92"1\x87\xa8\x16\x03\xf3\xe9_\x06\xd3\x9b3Z\n+\n'
    b'\x93\x14\xf7\x14vv\x19\xfa~\t8DH\xd9~z\xf5\xe3\xb7oNP\xee)\xf5\xfb\nQ\xd5\xfcK\x16\xb6\xad\xee\xec\xf4\xe2\x82\xd5\x16%\x86\x0cQ\x1dTin\x82\xed\x7fFa"\x1a"\xdeV%\x1b*|\xf9'
    b"\x00\xa3\r*\x82\xef\xc5\xa8\xe5\x8f\x10\x01\xf2\xd5\xd1\xde'\x19nC\x86\xde\x92\x0c\xbd\xd3D\x96\x9fta\xc1{-\xed\x00\x1fG\xf7\xb5\x9f\xb3q\x14mJZn\x0f\x7f\xfa\x96u\xe2\xfa\xb9\x87\xeb}\x92R\x1b\x92\xec"
    b"\xa8`/'\x94\xbe\xba\xb1\xb0-?yg\xc9f\xae\xdfZ\xb2\xc5S\xe6;\x19\x1c\xe2\xf6\x1b\xdc\xf8\xf0\x02\x91\xcf\xa8\x027b\xe8\xf3L\xd4M\x94.\x19\n\xb1|\xa9\xdd\xa8usAyf\xe5\xc5\x8ea\xb1\xe5\xcb"
    b'\tR\xd3\xc2\xba\x9d3\xb9\xfc\x85o:K\xb6\x8d\xd1\x10\xbb\x10\xdd\xb3w`{\xf1K^\xfc\xc2<\xfd\xaa\x9dh\xe1\xdfW\x15\xc6\xf7\xa9F\x99\xff\x1c\xacZl\xd6Z\xceI\xc98uy\xbd\xf1\xa7g\x128\x02\x9f'
    b'e\xbd\x99\x94\xbcn\x9c\xc5\x1d>\x99X\xf1\x06)O\xeby>y\x87\x18B\r\xde\xe6\xbe\xd6\x93ra\xb4\xe1$\xf5O\x90\xf1\xc8\xf3\x0b\x84\x08]>\xfb\xab6\x80\x9eY.\xc9\xd3pV\x1f$\xd2\xb2\xb7\xb4\xc64'
    b'\xdc\xcdl\x11,S\xf0F,\xa4#\xfb\xcc1\x9d\xdf\t{\xc3\xa1E\xe1\x88!60`s\xe0\x7f6\xbe\xf5&\x06\x81?o\n\x93\x17\x19\x07\xb1\xad41\x00\x98\xe0\x1f\x87Dph\x1e\xab{t1\xfdu8)'
    b'+\xb3q\x90\xf2\x07bq9\x94\xd7\xe3\xff\xd4\x9b\xe9I~v\xfa\xb4u\xd4\xec\xff\xdc\xd9\xfbg\xef\xe7\xce\xf6\x16d\x98N\x7fe0\xeeRL\xb8\xaf8\xe8s\x06\xbaqzZc{\xd0\xea\x04\x95\x9a\x1bp \xed'
    b'0Xj\xc9\xdf?\xbd\x8b\xd3\x81\x90y4\x1a\xafL\xd3\x8e>\x83\xed\xad\xf6\xb6"4Q\x83\xd9\xf0\\\x15\x92N\'%\xbbM\xc3\xbd\xc1\x8d\nr\x9a&\xe2\xdd\x0f?,R5\x93\r\x85d(\x0f\x85P\xc1Bm'
    b'\xc8\x92\xdb\xdbC\xcd\xcalS:,\xf4f\xc55\xd6\x96\xa67gL9\xc9\xfb\xd9\xcf\xa4\x1d\x9a\xb1T\xb0+\xf9\xc2B\xc1\xae\x94q\xc4\x90_\x065.\xf9\xe4\x9ebs\xab\xef\xf8GPb\xf8t%;M\x97\\'
    b'\xad)\xddp\xd0/_9\xdd\xce\xf31\xa4T\xd2\xc0\x83{X\xeaVh\x00r\xd6\xc8\xbbtd\xaa\xe6\xa6\xe9\xc5\x1c\xd9[P\xf7\x845\xe2Tr\xa5\xee\xd1\x18\xa5\x1a\xc1r/9\x81\xef[V7\xe3w\xab%u'
    b'\xa5\x96\xcb\xd6q\xdf}Q\xdc-n\xf7\xf9\xf4\x9a\xf5\xaf\x85\x05T\x90\xb2\xe9\x8eCcn\xfd:\xcd\xa4\x8f\x966\xf5g\xf0Gc\x82\r\xe3\x01F\x10+\xdb\xc5^Q\x81*,P\xa3\xfa\x0ea\x08\xa2\xf0\x9c\xbde'
    b"\xa1\x84\xe0\x81+\xf1'\xd2\xb9\xd6\xbd7\xed\x84F\xf2Yw>l&\xef,\xb6o\xba\xcc\x84v\xb6\xb3^\xc9\x8e-\xc4\x92\xaf7G\xfa<a\x83\x12\xed\x84\x18D\x12\x118`\x03'\x8d\xa5\xc6!Ii{\xbf\xfe"
    b'\xe1\xcf|G\xfd_\xaf\x9f\xff\xb9-1\xea\xe6v\x99\xbd\xb6q\xe5E\x81\xe3Hd)j4\xd1NTh\x827\x08M\xcc\x9f\xc4|F\xcc\xde\xd0\xa9\x92\xbc\xfalx9\x9a\x1c\x94l\t\xcbYE\xde\xc4w\xca\x03'
    b'\xaa\xfbvr\x9e\x95c\x84\\\x89\x86\xd0IgKJ\x1f\xe8\xbbZ\xaedm\x02\x0e\n9.\xdaP?\xa9\xfd\x86\x15y\xa0\x7f\x83\xf4"\xf0"K\xd4E\x9fR\x91(\x94\xd6\xaajv[\xae\xc1\xd9\xf3\x1cg\xaf\xa1'
    b'Z\x14q\x07\xac[\xa3\xb1Z\x90\xb2\xc1\xd0u6\x9c\xc0\xa3g1\x0f\x8e=pR\x8f\x8e<\x92/\xbd\xd6\xb0\x80\xf1c\xa2G\x964\xfa\xf4&\x1f\xb1\xf5;\x8a~\x83\x92\x9b\xf9\xfb|\xb4\xc8\xf4\x8f\xf4\x8bM\x11\xff'
    b'\xc4\x8a\xda\x96\xd8\x1d6\x83\xdf\x1asS\xe7\x08/\xda\x1c\xb6j+J\xfcT\x1c\xcd\xd1\x145\xe3]3\xdcf\xa3\xd3\xb6\x82\x0f\xec\xe1.e\xea\xaa\x94\xa8D=e=b\x87\xac\xb7"!\xa9\x94!\x81\xc5\x17\x90*'
    b'ik\xe9\xc8\xa8X\xb8\xd9J}\x02\x90\x8c\x98 o\xb24\xd2\xdbtEM\x1c\x97\xa0d\xeb\x9e\xb6\xfcX\xae\xb5 UH\xc3\x86\xac\xc4\xf1\xbe\xd0ei\xcdp\x1eB+\xce\x93\xbb\x07u\xc4\x1c#\xc61\xe3\x0ej'
    b'\x8cN\\\xdb\x8a\xe9|\xe1\xa8oN\xc7\xad\x13\xd6\x8b\xd1d\xf6$;\xeb\xa8Q\xc4F\x8fX\xe9^\xf4\xa4I\xc3W\xc4\x82\x83O\xd1qXUj\xc9\xc1q\t\xd5\xc4\x83\x0f\x0c\x84\x9et\x81Y$\xae\x12\x8c\x11\x01'
    b'\x13\x89\x13\xa4\xba\x95\xca\xfd\xa8\x1e$\xc2\x1e\x86\x93\xb2jF\xd6B\x05\x86Q\xc9i\xc4P\xd1\xab\x1c\xd8R\xa6n\x04u|\xfe\xd7\x9bW?t\xa4A\xa3\x8b\xdb\xa6\xd7\xe9\xa7"\xe8\x1a\x85\xfeW\xf4\xc0\x8d:4\xe9'
    b'\xb3.\xf29m\xdb\x83\xd2\xf2\xb6jW\xfb\xac\xa5\xd2\xe3\xf5\x95\x1aj\xe0\xb4B/\xa4\xb6\x07\xad5\x94G%\xe76\xfb; v\x9a\xeeL!\xb6\xc9\t\x97\xa71\x8e\x12ir44\x06\xd3!\xc6Nv@\x8f$'
    b'\xdcJ\xf6\xfbb\xfaiY\x05t\x13l\xee4\x17\x17|g\xa5\x8c\xd8*\\\xb7\xd9b\xf1\x89\xce\xc1\xdc\xdaz\x0f\x0c\xe7;\x11\x1av\x863C\x01\x1c\xd3\x12\x89i\x82\x08p\xa2f\x91\xe8\x93|hsg\xa8\x86\x85'
    b'I\xad/iNY\xe4\x11\x8c\xe1\xaf\xe58\xd7\xa6\xfc\xef\x9b!D3|\xa0\xbb\xd7?\xaa\xcc\xdd\x06\xbdb\xa4\x1f\xabF$%o\xa1\x05%\x8eos;\xc4Qe_N\xf6\xa6\x94\xf3L\x80\x05xS\xbe\xbd\x1a\x15'
    b'\xbcQb}1\xa8\xeaR\xe5M}Va/#N\xac6X\x9c_\x9c\x85\x84\xcf\x1b\xae9\xc9\xdb ,\xbf\x12\xd1Y\xb9\xba\x13\x87\xe9j\xfa#U\xd77[\xed\xec_\xabJZ\xeb\xa2\x1b\xb4\xda\xa9@\xcd3\xca'
    b'\x89\xd2\x87.\x99\x1f\xefZk\xec\xe8\xd5\xfb\xb9%C%S\xb6J\xf9\x9a\xec\xe0J\xab`\x05\xb3\xa2Q\xf8^\xd3&\xc9w\x82?K[T\x97\xa8|I\xc9\x92e\x91\x9a^\xf1\x96\xfe\x81\x98\x1e\xb59s+\xab\xb4'
    b'\x83\xa0\x01q{-\xdc\xa4\xe2\x8c\xd4o\x81t\xf1\x95\xd61t&\xbe\xd4\xfas\xd6/#Y\xf2\xe1B#\'n+\xfb\xfa(\xeb\x02\x160\xfd\x9c\xfb\xcf\xa9\xcce"\xc0.\x15J\x91\xb6\xe7jt\xb1\x90v"Z'
    b"c\x99e\xe4\xeb\xee\xc45\x98\xf9\xa0R\x83'\xc3\xf7\xd9k:\x9dGE\x02\x06BKh\\\x12\xcc\xdc\xcc\xf9\x8e\xff\x97\x1f_\xaa\xd5\xb0,%\xfa-\xc5&\x12\x91\xf9\xf4\x0c\xc6\xd7T\xf8w\xcc\xaeG\x03J|\xea"
    b'\x10\x83=\x05\xc4\xc3\x12,\x81x\xc0p\xb7p\xca\xb0|\x81\x9ap\xc0\xed Zw\xa0%Mr\xeaF>\xfe\x89\xa5\x91\xc4?\x96^\xbf\x80x\xf3~\xb8\xd59k\x9a\xea\x8ad\xf4\xa5j\x81w\xce\x0c\x15#Uc'
    b' J\xb4\xfc\x95a\xbe\x00X\x8b\xd9&\xf4Z\xc0\xa7\x10*~x=[\xdc:\xe6\x89\xd3\xe4\x05Sq\xf0\xbel;\\\x1a\xb7\xa1*\x91JD\xdaZ\xe1\x0cT\x91A\xdc\x1e\x82\xcb\x831Ei\xf6\xbb\xcaB\t\xf8'
    b'\x84\xf5\x07U\xd9.\xb6\xb2O\xdd\x85=\xb5\xa3\x0c\x9e$A\x9c\x8aq8\xaa\xe3)\x00\x1a\x0c\x0f~\xc3\xf6a\x9f|L\x15\xf4V\x94\xef \xd9\xc65&\x8f\xc1k\x05U\xc9MQ\x13\xf0}\xa0\xb9\xdc\xb9A\xbe8'
    b'\x96>\xf82\xe8%%ha\xed\xd2R\xd2\xb6\xd2\x02x\x11\xe6X#\xd8"\xd2\xe9\x88\xa5\x82\x16\xaa\x9d\xef\x9da\xc2\xf9\xd8~\x90\x95\xc7"\xac|\t\xc9\xa7k\xb5{W!O\xd5;\\zG\x96\xd9\xa7\xb5\xf2\x96'
    b'x b\x13\x9a\xa5yk+\x15\xaa\tV\t\xae\xce\xee\x00p\x15\xfe\x8ca\x9a7\x02\xe7\x131\x9a\x82\xa3\xb2\xd1\xe4N\ns\xf4\x96\xea\x07S\xe4\xe3\x19\x9f_\x8df\xec\xa9\x08\xa0\x1a1\x19,\xcc5Q\xd3,A'
    b'M\x12A\xb3\xd9\xf6V\xe0\x94b\x10ts;\x0ck\xaa\x04Us/`\x8fY\xfa\xa0\x7f\xc5\xf2x\xc5F\x15\xde\x0f\xf3y\xb5\x97\xd9x\xf4\xab8\x12\x02\x96\x8a\xad\xa4\xe0\\\x9exN\x1f\x8f\xc7\xcdF\xc7!\xef0'
    b'pN\x1d7Cm\t\xb2:z.\x85I\xe7j\xbf#\xae\x8a\xf9-|N\xfc\x92C\xa6\xe0(\xffBC\x16\x87P\xcdg7\xa3\xf1\xa2\xceK\x9e\xb8\xeb\xb2\x93\xfc\x9d\r\xd2O+\xa2F\xeb\xd2\x10\x14\x864\x84t'
    b'0\x8d\xa05<{\x15T/k\rN&\xea\x82vVz\xdda\xe7Fz+n\xf1\xc0\xdd\xc9\xccU&\x00YTF\x95\x01\xe0\xe6\xd31\xa2H\xca\xa3\xf7X\x81\x08\xc0\xe8\xb1s\xd0\xd5h\xf3\xef!\xd8\xd1\xb1J'
    b'\xc2t\x8bi\xac\xfan\x94\xccb\x15\xa9\x8aC\xbf\xa3\x00\xb6M\xb2\xf5=\x81\xe3\x93;\xe2\x91BC\x97\xe2\xb9\xd6%V?\xa5N\x8b\xe7\xe7\xda@-\x1d?\xfee\xb0S\xf7\xf8Wz\xff\xb6\xaa\x83\xa5\x94\x8a"\xee'
    b'\xc7\x9dJp\xb3\xa3C\xa8w-\xb9\x07\x1d\xbb\xe4 \x89\xf6\x94\x1d#\xc1\x11q\xdb\x88\xa8\x03\xf2S\xbd\x12\x81\xe5\xd98\\\x86\x07\x15\xfb\x06t5Z\x87\xcdF~V\xd0\x184\xca\xa2\xcf\x87\xb1\xf2R\x06\x18\x9e\x06'
    b'\x94.\x99\xdb\x15\x1e%\xb60tk\xdb\xec\xa6\xd7\xa9\xdf\x01(\xc6.L\xec\xbd\xe5G\xfc)\xbb\x1a/\x0cZ%K\x8d\x9e\xa1\xe2V\x8f\xa5\xc6a\x9d\xe9j]\x84_\x1a\xd8\x03\xc1h\xe0\n\x0f\xf0G:\xa9X\xa9'
    b"\xed\x8c\xc7D\xc3\xb4\xfe%`\x1a\xc8f\x94\xa34b)\x08\xc5\x15((z\x1c\xcdu\x98\xc4\x93\x1dDI\t\xd5b\xeaa\xe8\xdab\x06'1\xc6\xdb\xa9\x06C\xcf,6{\x9b\x12\x978\xb9\x1c\xce#\x9a`\x00'"
    b'ek\xcch\xeb\xc6\xca\x12\xb4\x95\xd7\xba3\xb4\xe4\xa3\xd9m\x97\x12\x98\xc6\x17D\x7f\xe8\xf0,2\x1a\xa9\x01\xc7\x8f\x18\xe4\x8b|\x03 #G\x9eX\x9c6"\x87\xc3%\xd2\xc0\xd3\x9f\n4\x07\xbd\xe3\xf1i\xb4\xfc]'
    b'\xcb+\xba\xef\xdf\xb6H\x99\xeeZ+5~\xf6\x8b\xb4\xa6\x1dg\n\x0b\xe2\x15\xf4Kk\xe6\xf0\x12R5\x92V\xaa\x86\xedA\xc3\x8a\x0bJ\xd8uV\x7f\xe2\x17T\xeb\x8e\xc8\x06\x99\xb5_+\xf6\x99\xd6\xbc\x94,\x9b\xca'
    b"\x92mN\x9fM\xa7\xe3a>i)\xe2\x80~*\t;\x04\x19)\xb4\x8cky*\x7fh[\xfc\x0cs\xa9\x06#\x9a\x01Y\xc9\xed\x87\x07\xd1\xef_\x9b\xbad:\xd0J\xb4\x97'&\xe1\x1d\xd4\x8e\x98\xdf'L\xc3\xdd"
    b'\xaa\xb8\xd1\xb4\xd4\xd9\xf8y"\x07\x1b\x07\x8e\x06\xd3\t+Z\x14\xcbr1\x87\xf5K\xe9\x11\x18IQ\xc4\xcc\xf9\'\xb1fe\xbf\x04\x96\x1e9v#\xc8!\x11n|zC\xac:\xbbi\xaa\xd3\xa3\x01\xabH\x9b\xd6\x92'
    b'\x94\x95\xcf\xbe$\xa6\xb4J\xa4]A\x02nYk.]\xde\xda\x87e\xae\x946p\xd3,xk\x8d\xadgz\xde/u0\x1e.\xf2\xd1X\xe10\x90\xb8\xe4c\xcc\xaf\x1a\xf1#\xe8t\xc3\xd3\x07\xf7\x11@\x17Q\xb5'
    b'\xad9\x12\x14\x95\xe2\xe6\xfa:\x9f\xdf~\xad\xed\x7f\xf2\xd8^,\xc3\xa1m<\x99eh\xd1\xd1#\xd1\xb7IF~~\x94\x8d\x06\xf46Br<\xfa\xfa\xc9\xe3\xd9\x8a\x92\x06\xa3w\xa1,\xc9\xb5\xc1\xfc`R\x0e3\xe8'
    b"\\\x0e\xa5]\xaf$\xc1\x13\x912\xf4\xd9\xb2\x1b\xe5\x10i\xf0\xf2\xcb\xc1\xcb\xe7\xdf\xfe\x02\\\xe87'\xf1\xd1\x0e\xb0\x8dL\xedxt\x9d\x10\x9f;\x01\x96e\xba\xc30\xd8\n\x0c\xdbai\xc9\x9b\xd1\x19;\r\xf3\xeah"
    b"\xb6B\x80v\xe1\xc5!\x8c\xb8\x18\x01\xb8`\x01\x00\xd4\xb0\xb9\x81\x91Z\xa8\xb7\x95\xa8ux\x05)0`\xa1\x00J\xea\x82'&7\x01&\x97\xab\x18\t\xbe\xc7\x03>/\xd2\xa3X\x16\xe5\xdb\xe3gb\xae^\xe6H\x15"
    b"\x1aI\x88\x0b\xa7\xd2a\x10T\xfbd\xc5a8\xd8\x8c\xe8\x15-\xb8\xea7\x07\xd9p\xdfuL\xf3t\x04r:\xac]w\xd7\xcd\xb37P\xa5\x7f\xd6{\xae\xaa/X.\xf4>\x7f\xe7\xf5\x11J\xfa\xa0'\xcb\xb39\xdd"
    b'\xa0X\xb3@\x94\xabH\x19~\x90\xc4\xab|6\x14\xf4sJ\xc7\xcc\x02\xcf\xe6\xfc\x86n\x07\xa0}\x02\xe3\x13 \x88\xd9xRM\x16\xa8<V\x0c@\x8f F\xf8\x01\x19\xacCY\xa3jE\xee\xf9y\xf1ka`O'
    b'0\x0b\x01\x7f\xc3\xc3R\xc6\x0f\xe2\xd2K>{\xd6Z\x96\xac"O\'ur\x11\x97xV\xcb\xcc\x98\xd7\xe1|\xed\xa0[Q/\x13~\x14\xd9\xfe\x86\x84 \xd4`\x1d\x89V\x06\xd8\xba|\xc1\x9f\xc3\x8f\x80\x8f2\x87P'
    b'\xd5\xc9~P\xffv\xea\xeb\xcd"v\xc1.Wzo\xc4u[\x9d\x11\xb2\x9bY\xf4\x80\x17\xdc_j\x98y\xe2w\x1e<\xd0\x03\\m-\x84\xefw\xef^&\xe6\xaa\xee\xc3\xbf{\xfcH\xf7\xde0\x8e\xdc\xab\xef&\x17'
    b'S\xb3\xb83 k[\x90\xc4\x93\xea\n\xd1\xdc\xe1B,\xed\xb7\xab\xb6\x1e\x19\xc8&\xf0M\x90\x988\xbd-_5\xf9vR\x91\x8ap\x1e\x1c2k\x03\x13s\x8e\xdf\x8a\xae\xc4y?#\xb6R\\\xa2\xbf\x07Y\x89\xf2'
    b'4\xfd\x1c\x19a&F\xd8\xcf\x7f\xfa\x93g\xb8\x15Kg\xf2Z\xdd/\tb\x12\x13\x02\x03G*\xb7\x15\xba\xab\x04\xd1I\xf1\x9c(Sp\xae\xe5\xa2E\xba(\xde\xd1D\xa9\x0b\xa6\x06V\x9aA\x91fO\xb2n,\x85'
    b'3\x03\xbd\xb0\xb4\x93\xe26\xd2m\x12\xb7R\x04\x9c\xb2\xdcV\xad\xc1Xd\xea\x98\xca(\x07\xba\x8f\xcc\x8aF\x90"\xa6\x17\x17!\x0c\x85\x89\x89\xc2n\xd4B\xe79(\x175f\xa2\xeb\x18\xd4\x80ey&\x13C\x14\t'
    b'\x87j(\x05jh\x1e;\xd0\xe4(s\xdb"D\xc7\x02$\xc7z((H[\x92~\xf0+\x81\x9f+m\xf9\x08\x1e\x85.\tF\x93\x83h\x92\xc2J[\x03{\x8e\xd1\x91\x1a1I\r\xb2\x89\x99ch\x19\x06a\x17'
    b'?\xda\xcex\xc3\x0c3\x98XtS0\xeb\xd8@\xbcm8\xf5@\x02\x0bk\xe7\xbc\x14\x04\x04\x0cwa\x8b\xa7\xf1C\x84\xe4\r\xce\xdc\xc54"\x8e\x18z\x08\x14\xf0\xa5n,E\xbd\xab\x90\xca\x87\xa5W%\x08<\xcc'
    b'\x1a\xa6{\r\xc8\x1c$T\xa1\x0b\xb1\x98\x97\x98\xeb\x06\x87e\xe9\xec\xce\x87\xd7\x8d\x98&A\xc4\xe0\x16\x07\xf2\x95|\xe1\xb4\xd1\x1d\x8a)\xef\x1a\xad\xa0d%A\x14\xe8@#F}\x13jn\x17\x14x\xbb\xc9\x0e\x8ct'
    b'b\xc0\xf8\xc8,\x0c\x81\x1b\x00,\x0e3"\x9e\nQ?\x1a\x0f\xed\xca\x13B\'\xca\x1cr(9f\xf3\xc4\xf0!\x1e\xc3tU&\xa2\xef.\xe8E\xba\x86\x8aN\x01\xe3\xcc\x12\x9a\x884\x95V7\xb2Dk\xcd\xf8\xb1'
    b'\xc5\xc4\xa5\xa5\xdf\x89\x11\x81^\xd2\x7f\xaf)\x10\xa4\x12\xe3\x94\\&\xed\xd3[1z\xb3+g\x9d\x16^\x15I\xf5e \xbfX\xfd\x85\x00\xc9\xcb\xd3q`\xbb{0T\xca\xb9K\x18*:\xbfKPS\xde\xc8)P'
    b'\x81Iq\xf8(\xf9\xcd`4}L\x94]\xb0N\xf8\xc1\x83\x9dX\xf9l\xc3F\xdf\x02\xb6Iy\xb9R3K\x8a\xb7\xd2\x90F9\x91\xf82\xadC\x069i\xcdr.SAs\xbf\n\xe8\x9b1s\r\xc5\xfawE'
    b'\x9d\xc0\xf7\xd2u\xf1\xdde\x1aQ\xa9\xd7\xdd\xca6\xbb\x8f8\xd4!\xdc\x98\x8f\x8b\xd9\xf0|\xf1#\xab\xc2\x8e\x1e1\xcbG\x97/\x0e\xf9\x97q\xfa\x9a\xe0S:\x88\xb7G\x8fz[\x8f,\xb2\x13\x15\x1a\xe39\xf5\x1fe'
    b's\xca\xdc{\x94I\x9c\xaa/\xce\xf7\xcf7\xcf\xf6\x1f=\x8e\xe1\x93l\xd8\x16\xab\xc7\xcdz\xbd\x18\x97!\xdf\x1a\xc7\x16\xcb.\xf4;\x91kq\x96(\xc6\x12w\xb4u\xa4Xl\xfcR\x02\xe9J\x87Y\xf7u\xb7\x9dm'
    b'u[\xb5us\x19\xf1\xcb*\xb0\xab:\xe6\xb7\xf4\xfee\xc5_+j\x8b\xef\x9c\x86\x91\xebr\xb1\xae9\xeb##lr\xf4\x87-\xaa\x0cl\x8c\xca\xa2\xdc\xc9\xc4Y!q\x94\xbf7\xe9\xde\x8f\x02\x11,H\xf5\x9c\x11'
    b'[8\xf6*~\x9a\x1c=L\xe3\x1e\x96\xf9\xf5\x83\xb4\xc7\x0e\x06R\x8cR\xc1\xa7\xabae\x89\x81W\xfdm\xaa\xa5\xfeL\xdbN;T\x81\xba\xe5o\xda\x1a\xdd\x8b\xc0\x19o\x84u%JF1%\xd1\x12\xbe\xe8^\xec'
    b'\xe5\xbb}$\xd7u\xdf0b\x88\xb2h\\\xd0Q\xfd\xdb9\xcb\xe7\x85\x17\xf8\xb3\xda\xa0\x08\xd6ZYLT\xe7\x12\x95\xb3\x16{\x94\x1a\x97\\\xd1&\xf4\x01\xb9\xfb,4\xa4\xf9\xf9c\xd6\xdf\t\xb6\x15\xa8\xc5\xc2\xdd\xd9'
    b'n\xc7`\x8c(\xe1VK"\xb1\xdd\xea\xbb\xe6f7\xdb@\xc11\x0cT\xd8\xfa\xfd\xce\xce\x12*\xd1\xf0\x01\xde\xd0,\xe4\x03m\xe8l\x1au\xe0\x8f:\x90\xfc\xf9\xf1\xd7\x8d\x92\xa1\xd5g"jK\xc34\xc9X\xa4\x91'
    b'\xde\x02\x99J\xc0+\xff\xfb\xc8\xeb\xa7\x11\xd8\xca\x10\xfa\x0e\xfc~Z\x8bu\xcb\xda\xa27"\xf5\xf8\x97\x93\xdc\x87\xb6\xeb\x8c%\x96#\xfeA-\xf4\\\xb2\x9b\x8a\xe1\xf9\x94\xb9\x83\xa7\xe9O\x1a\x95b\xe9H\xdb\xfeO\xef'
    b'\x1c \xbc\xd4\x84v\x16\xaf\x15B\x16\xea\x9b\x91\xf0~\xc6\xd7\t\xe1$\x86\xceTq\xfe\xee\xda\x08*\x8a\xcfw\x84\x04\xd8L\xa37\xadl\x99\xd0$\xe8F\xbdA\xf5=gO\xb6\xb2\xb4\xbb\xba\xf3\xc9\x13\xbe\x15c$'
    b'f}\x95\x81(\x03\xf95\x98\x97k\xb5\xea\x0e\xbe\x94I\x03$~\n2&\x96\x9d\xe0\xa1\xbd\x82I\xb8\xc5\x03H\x0f\x98Q=\xe2\xdd\xa4h\x0e.K\xbaz\xdc\x17[(\x90\x0e\x1e\xc1\x9f9\xdeS\x1dd\x89\xe7\xd4'
    b'\xe4\x9c\xe6k\xfb5\xcb\x0cfD{\x16p\xb1\xd5s{z\xb3\x80P\xd1\xf41\x90f\xb6\xe9\xee9\xbd!*\xaa!_\x16S\x01\xd0(\xae\xa7S\x8e\xe1\xb80\xfb\x1cS\x85>\x92\x18$\xbc\x1d\xdf \xe4\xf3\x9b\xe3'
    b'\xef_\xbf|\xfe\x86&m\x7f\xe7p\x05DX"l\xcc~\xa7=\xd2o\x05\t\xd3%]\xba\xb4\xfb\xaf\xba>\xcb\x17\xdeR*]\xa65\xdc\xf2\x9a0[&\x91c\t\x0f>\xa6\xd6\xc9\xe9\x0e\x8c\xf5.c\xe5\xd2\xf6'
    b'WR\xfd\xbb\xf3\xf3\xad\xb6v%\xdaU2nq[V\x06\xccm\xe8\xca0Y\xb6\xfb\xc1\xae"\x80\x95\xebs\x1d0\x95\t\xa5xU\x89\xdd?\xaf\xed\xb5\xc1\xa8\x14\xffe2pL\x9b\xce\x04\xb3\x89\xa5\xcd^\xb6\x1d'
    b'\xd1\xcd+\xf8R\xe1:\x1d.\xd2\xf7CKA \x14\x80\xa5\xd6\xf2\x93\xe7,\xceM~\x18#\x16\xaa3\xe8\nOy\xce\x9b\xf8\xc9\xff\x8f{\x88\x8b\x7f5\x12\x12\x0f\x90:\x83\x0b\x926\x08h#~\x15l\x1d\xf9\xc6'
    b'\xf4::\x83\xab\x98\xd7Q\xd2\x87KQ:\xa0_\xae`t\xd8|9t\tvH\xf3@\x0c\xc0\xc0\xf0\xe1\x16\xefq?\x0e\x0bL\xecr?\xe2\xf9\xa0\x16\xd2\x07\x92\x0c\xf6\x95\xb0\xddt\xe01B\x14\\#\xc0Z,'
    b"3\x96\x0e\xfbM\x16\xeb]2\xd2\xd6\x12'\x13\x0fK\xdc\xbe\x95\xfd\xb4k:\x97\xd2\xd0\xa4\xccj\x12#\xa4I\xb2H\x9d\xfe\xf5\xee\xd5%o\xe4:A\xff\xe71\x8e\rs]\xfc6\xcf\xe0J\xde\xdf\xe2\x1a\xfc0\xc8"
    b'\x9d\x12\x87\xda\xea\x00\xb9\xda\xa4].r\xc0l>\xe5Z\x85`$5-\xf7\x18]\xe6\xff\xe8\xeb\x81cF\xabr,\x15\xb6>\x8a\xe0\xce\xb8\xcc!p\xa53\xa0\x94\xd1:\xfc\xdc\xde})\x83\xe7<\xf4"\tXr'
    b'<\xdewD\x06\xbf\xd2:\xcf\xbd\x92|"\xf5\xdf;f\x9e\x92A\xdaD\xdb\x85\xd8\xb5\xc2\xd8\x89\xc9\x9aqyp\xec\xa3\xd3!e\xd2\x84)|PZT\xcb\xa7]\xcc]\xf8\xbd\x88Z\x8b`\xf2.\tj\xe4\xc6N'
    b'\xb0\xc2\x04\x85\x8d\xb5.\xa8A\x83\xc4\xd9\xa76y\x1c\xc0\xe8\x9a-\x16^\xb8d\xd6\xbb]W\xa2\x92\xb2S\xcb\xb7\xf9"\xff\xbf8\x1e\x97\xe4\xe1\x02\xa2\x88m\xaf\xb7\xdfou\xf2\xf9<\xbf}v\xc3\x11\xdd\x9a-\x07'
    b'\xc8\x02Kd*\xfd/4P\x9b\xfdfW\xc8b\xf7\xc3v\x7fk\x7fkgk\x87\x89g)\xcd^H\xb3\xbb\xd5\xdb\xde\xd9\xda\xb6\xdb\xdc\xe2\x8a\xb5\x11\xdc\xa0\xe7\xec\x16\xd2\xc4m\r*E\x1f\x13$\xe7\x03\xb6\xd7\x8f'
    b"/\xcen\x17C\xba\xdbs\x9f\xbb\xee\xed\x08\xa7jo'\xbeb\xd3\xc0\xe3E\x9a\x8c\xdf\xbd\x11\xbc\x0c}+Z\xc0f\xce\xe1\x8f\xf6\xb2'G\xd2|\xae\xe4\xa53\x00\tq;x\x0cK\x1d\xccSh\x17\x85\xe3\xa8$"
    b'\xa2\xf2\xb7\xda \x0e\xc99?\x92\x9d\xd3\xfd\xb0\xb3\xb33\xd8\xdd\xeawy;\xd7\xffG\xeb\xbbqq\xbd\xc8\xe2\xad\xdc\x8dE]}\xbd\x9dR\x85\x99\x8d\x93O\xdd\xdb\x91\xd4\xfd~)\xb5Ca\x8a\xad\xdc\xda\xe9\xed\xd2'
    b'\xffjZ\xc9\xcd\xe3\xf1\x8d\xcd\x0b3 \xa3{\x98|\xd0i\x10\xa1\xd9h\xa2\xc1\xe4d1\xf2\xa7\r\xcd\xee\x1bO\xdb\xf6\xd72/\xc1e\x1f\xd1\xd4}ef\x81()\xfb2\xebW\xe2\x91<\x0c\xe3\xc5.w\xd6\x88'
    b"V\xddJ4\x1e\x1aZ\xf8$\x9e.;4DY!_\x0c\xe1\xdf\x7f\x86%E\x7f\x9e\xa4D\x85^}\xf5U\xba\x88`'sd\xa3\xf3\x95\x0c\xc1\x05q2\xf3f\x18\x98?RI\x8f\xd3\x92\x92U\x06c?7z"
    b'\xbdn\x9fVW(2\x94\xb3\x81\xda\xd2\x05\xca[=P\x0c\xb7\xfb\xe5\xc6\x8b\xd6}\x85\nJt q\x92\xa3\x99\x88\x9bH\x0f\x03\xac\xad#\xde\x85\xfe\x10\x00\xc2\x8f\x04_\x86K\x1d\xaf\xb8c.\xb7\x89j\xdb\x19Q'
    b'\x1d7\x04x\xe96 \xc4\x9fn\x11\x84\x11\x1f\xc9\x88\x8fh\xc4\xb9xe\x90\xe8\x05\x8f\xb7\xb6/\x88d\xf9\xb7V\x93\x9f\x15M\xcep2:\xf5\xe5"\xc7\xe3\xa3l\xb3\xbf\xbb\xb3W\xda\x02igX@\xa6\x9d\xe1\xfd'
    b"\xb3\xe7:S\xd7\xce\xbfK;\xffN\xed\xe4\x9c\xa1\x9d\x7f_\xa3\x9d\x9c\xe1\xe4\xef\xa7lO\xd7\xdf\xabk-\xbd\xae`\xfb\xb0\xe4\x1a\xbc\x0b'J6\xc1\xb2\x93\xe5\xa3J\xed\x0ebCz\xda\n\x18\xfd\xc7u\xf98\xd0"
    b"\x9c\x16\x1cj\xe6\x94\x87\xff\xbd\xabhJ*\xf0\x1e\xf7\x1dkw\x9e'%\x02\x05\xb8\x92\xfcsHD*6l\xcfs\xd3\xce\xa4\x1c\xef\x15n\x93\x00\xbc\xd1p3\xa3IPW\xc3\xc5i>A\xc4H\x18rHdZ"
    b'4u\xc0\xf7\xd0\xf7\xec\xa7\x91K\xacu\xb6\xf9\x87\xa9\x9c\xd8|9c9\xe6IXR]\x88\x8d\x99X\x1b\x00)\xd6\xcc\x1a\xf2\t\x8c\xf4\xd9?|\n\xd1\x90c\xa2\x95\xd1P\xe3*=\xd8\xe7z\x8dR\xe798\xda'
    b'\xa9\x88M~\x04\x07\xbc;\xef\xf8\xce\xc5\xbf\x90\xdc\xce9Y\xcb\xeb\xa0\x80V\x96\xfc\xec\xcc\xf2\x9b\xc2i\xd8\xed#\x95\xdf\x82s\xed|\xf8n\xfa\xabs\xae\xf5\t\x0e\xc5\xcd\xeb\x93\x1aK+\xa2\xc4\x8dq\t%\xed\xd8'
    b'\xfb\xbcx\x11\xca\xb5\x1aM.\x9bt\xd2\xda\xeds\x1cEi\xfb\xc3*/g\x8b7u\x185N\xed\xae\xc2\x8d-\xf73\x16r[\xad\xc1a\xe48\xae\x87\x07Di\xcc1?7m\x04\xeb\xc6\x10<\xa9\x8e!\xfe\xe8'
    b' \xd2?\xba/e\xf6\xe8\x8eH\xfc\xe6`EH\xdad\xb616\xba\x0c*\xc3\xb8$(\xad\x7f%=\xd6\x85Ck{9a\xa8\x94}\xc6\x86nt\x10\x7f\x03\xcbvf\x0c\xb1)YN\xac\xc8%\xea\x1334$'
    b'\x93F\xa7\x91\xb0/\x8e\x12\xd5\xeah\xc5\xd24\x0f\xa1\xd1\x879$\xbc\x02:\xe7\xdce\xd8TO\x89\xc3t\x0c\xd3\xe3\xb8\x81\xb8\x08n\xb8\xca\xcbE\xf5\x1b\xd7f\x10\xf5/][\x89@\xbd\x8c\xc7\xe7Wr\xa2\xb9\x15'
    b'G\x9c\x80\xfb\xa4\x94Jm\xfe\xd5\xc0\x89\x85\x7fJ\xcb\xd8OQ\x94@|\xa8\x9b\x80\x0c\xfa\x8d\xb6XX\x15\x16\xf6\xc8\x8c\xcc\xee\x8d\xb5\x15\xfd_j\x02c5\xb8\xe5\xa2\xe6\xd5\xce@\xcf+\xcfNRo\xe1\xab\x86\x8b'
    b'\xe3\x05\xddY\xe9\xe7\xb0\xd9\x98O\x01#\x9dh\x92k#y\xb9\xb2\x7f\xbe\xe9o\xe7]\x94\xcc\x8fg;\r\x9fK\xb5p\xbe1oh\xc5eH\xff\x1a\xcb\xaa\xe5\xd6\x15\x96\x80/\xa0N\x174|G\x8d\xb0\xf5\x8b\x1f'
    b'\x1d^\xc5\xaf\xe7\xd3\x19\xd1sN\xd3t\xbb5\n\x11\xeejuO.\xfaR\x8dm\xc1\xbf\xd6{9\x02\x9c\xa7\x8a\x10\xb0\xe2l\xc57\x1c\\\xc2>\x15\x7f\xf9\xf0\x12(h\xf6d\r6\xc9\xd7\xa3\x01_;\xe5\\\xbd'
    b'\x9eb\xad\xc1\xf4\x92\x97\x14\x95\x1e]\x83o\xd5\xec\xfbf`F\x91g\x0cL\xfb\x9e\xdd\xca$\xe893\xe3\xacry7\xa2\x95 \x805\xb3\xd1\xe4W\xb1\xd1\x1bHJ\xce\xdf6\xdd\x8b&4\xb3\xed\xd8\x1e\xc3\xb7a'
    b'\xb8\xa7\xf31op\xd9\xd7\xa8\xb1X\xccs\xe0ik\xb9\x97l\xadv}3\x18\xdc\xe2T}\xf9\xea/\xdf\xfe\xf0\xfc\r+nN\x1a_l\xe6;\x17\x03D\x80\xffb/\xdf\xba\x18t\xf18\xe8nm\xed\xe7x\x1c'
    b"nomm\xe6\rE\xc8\xd1!,\xbe\xcf\x07z\xd34+hU\x19K\x14\x03\xee\x05\xa5*\x84\xe5\xeerK\x88\xeb:\x1b.\xde\x0f\xd5>\x98}g'\xd4p\x05\xeb\xb1FE\ndE|7\xf9\xb5\xc9\xcf\xf1P"
    b"\xc4\xbd9ps\xc6b\xe3\xaa\xd0F\xb6V\x8b.\x19M+\xd29n8\xac\xf8\xf7V\x86\xb0\xe6t\xd3m\xa7\xc6\x0eT\\M\tmd\xa5\xfb'%\x9f\x89[*5g\x83\xdfr\xd9Q\xb2\x02\xf1\xf7\xd5\xf0C\xc9"
    b'\x01\xed\x84J\xd8lg\xdb\xa7%o0\\e\xa2\xb4\x0b\xa0\xe7t\x9d\xe0\x12:\xc5\xcd\x19M\xa9\xdea\xfa\x0c\xbc\xb8\x13q\xb4\x1e$\x17/\xa9\xd6\xda}B\xad:m!|l\xe5\x13\xf7\xf5\xd4\xef\xcb\xc6\xfc\xf2\x0c'
    b'^\xaf\\T\xa9u\x80\nfg\x08>\xbb\xc6\xa5.9^Z\xa0\x98\xbfbx\xdd\x13M\xcc\x0c\xbe\xe2\xb6\xff\x11mh\xa5\x0e\x9eb#\xd1j\xd4h]_\xc9ZkF\xa3\x16w\xdf\xeau\xbba\xc2\xb6\xe8Q\xf7'
    b'\xc5\x91\xbc\xa3\x8b\x15\xcdT^@\x85\xc1\x97\x868\x83\xc1@\x08* [e\x12\xea\xd5-n\xba\xc1$\x13*\xd1\xd8y\x9d\xc4Yb\xe1\xc2cT\xc3\x9d\xe3\x86\x1d\x86\t1\xb3X\xd4\x9e\x8e\xa6\x18\xda$%\xb9\xd2'
    b'i4\xdah\x8d\xf6h\xc3\x0cn\xe4w\x98y\x1cfCY\xc8\xbf\xbb\x92\xafVTb\x82\xc5eG\xe6\x0fo\x9a\x8d\xab\xc5bv\xf0\xf8\xf1\xfb\xf7\xef;\xef7;\xd3\xf9\xe5\xe3~\xb7\xdbe\xbb\x11\x84V\x7f\xa7A'
    b"_\xb5\xa8\xd2\xb9\xa8\x16/\x9c\x92m^\xb8]\x98d>\xb1\xcc\xd8gE\xf6\x1a\xdb\x18.\n\xae\x93+\xb2\xe1XG\xebx\xadi\x9a4Cj\x9c3\x18^\x14_?\xe1\x0f\xf9\xfc\xcf\x1a'\x17^f\xdcFZM"
    b'0G\xfa\xd0\x83!\xce\x87>\x1b\xd4\x04+\xa1\xd5\xf3\x93\xaa4\x1aO\xf8\xb8\xcd\x04\xca_\n\x0f\xcbL\xea\xe0\xef\x1bLn\xe7\xf2\xd9SJ.\xb6e\xa6O\xa6\x18)\x99#\xa5]`\xe78\xee\x99\xb5\xb5\xf1d6'
    b'\x1d\xdf^2\r\x83\xccX\x9b\x00\xc3l\x85\xf0\xc2\xb2\xeb BM\x01\x00L)_\x98\x8d\x86\xd9\x11\xb1\x17\xfd\x17qlZ\xd6"\xed\xa7\x0e\xb2\x0f\x82.\x1e1ta\xe7!RfVl\x16\xcc\x9f;\xd8f\x03\xa6'
    b'\x82\x18\\\x1f"\xbd\x96\xe3-\xd1\x94\x1a\x0bD\xb5\xfb\xab\xb3R\xfc\xed\xc6\x84bhq$\x0cQ\xc9\':l\x07A\xc5,\x99\xef\xf1\x0f\xe4V\x03\x96\xf9\x100]\xce2\xda\xe8b\xb4\xf8kk\x0ee\xa1\xd5\xb2\xca'
    b'A\x94\xb0\xe2dfv\xec\xde\x0e\n\x8e\xecH\x06\r\xa9p\x11\x10\x0cM\xa37\x927\xbc\t\x16\x9a\xb1\x99\x0eD]K^\x0f\x14BS\xa7\x0c\xb6\xbet1\xaf\xab\xa3\xa0i|\xaf\xef\xe2\xc2Z~u9L\xf1<'
    b'\xea\x1c\xae:\x020\x1cC\xab\xc2\xd4\x1f\xcb\x0b\x1e+\xdeCm>}\x8fE:k\xb3W\x0e\x04\x1b\\:\x97lp\x9a\x82\x0c8d\xc6\xfe\x9c\x0e\x07\t\xac#\xbf\x14n\xcaA\xda\x8a\xef\x06\xc2<\x05\xf7$\xf6\x9e'
    b"\x02$qp\xa1\x1e\x19x\x0e\xdf\x8b\xc6\xc1\xe1\xa3\x93\xfd\x08\xb32\xb9\x1b-\xa6\x97\x97v\x11\xe4v\x8f\xce\x19\x880/\x92\x98\x8a\x19\xd4S\xcc\xa8\x12'\n\xd1\x8e\xae\x1b$b\x9b:\xba\xcf\xce\x07\x99s5\xd1\x11"
    b'SX\xc5\xb6\x9a\t\xb1\x1b\x8bp\xa4\xb9\x9ac\xd4\xb9\xad\xa5(>\xc1\x91\xed\xf0\x93\xfd\xd8\xea,\x02W\xb8\xae\x1d&\x0e"l\x96_\xc6JP\x13\xfe\x90r\xf8\x01\xc4\x80+x\xfc\x9fM\xf5\xeb\xfa\xa7\xb8A\xb54'
    b'>M\xd9\xd00lh\xae\x86\xf6\x86\x95!\x9e\x14\xc1\xca\xbe\x94\xabC\\\xd2\xfcx\xd1\xec\xb6:\x8b\xe9_\xe8\xde\xa4\xd0\'\xcb\xac\x0bK\xaa\xffri"\xec\xeeEK\xc8\xe0Gk\xcd\t\xee2\xe6lU3\x1ez'
    b'9\x14\x7f\xaa2\xa0\x92\xe4\xa3\x0e\x8a+Qt\x7f\x8e\xb0[\x94\xd0\xeb\xfc\xa0\x90\x99\x0f\xaf\xe9\x00q\xc7/v[\xa3\x15\x12T\xad\xa9\xf9u\xc3!3\x85e+\x8b[w\x7f&\x9bFE\x94\xd8%\x10\xaa\x08\xa0\x00'
    b'\xbcc\xaf\xd2u\x1f\xc3E\xcd\xd64\xf7\xe6\xa4\x9d\xc5\xed\x0cm\xd3\x0f\xe1}\xdapi\xdbo\xf2BCi%{`\xa2\x96D\x10F\xf9\x86L\xe4\xd1#\x16\x03=\xfa\xfa\x0f_\xec\xedln\x1f>y\xcc\t\xbe\xc6'
    b'>\x8e\r\xb2\xb5\xe6<\xd2\xc2\xb7\x15\x0el\xf8\xbe\xa6q\xe82\xef\xb0:\x93M\x9d~G\xbe\xb9\xa6vf\x8e]:\x1drC>\xcat\xfb\xf0\xa6\xa9\xdd\xa6\x1dg5\x8f\xe5\x86\xdfe\x90\x13\xa3dk8\x84i\xd2'
    b't\x1eA\xf7\xec4\x13\xf3b\x9eR\xd4\xe5\xa0{\x18?\x8awU\xb3a~5U\xbb\x7f_\x87M\x8d\x94#\xbf\xd8\x14\x1a\x12@#\xfa\r\x9f\xa3\xc4\x82F\x98\x03> \r\xd8\xc0\xbf\xe7\x83\xee\xd1\xd7\xca\x018\xdc'
    b"\x03+0\xce\xb04B\x7f\x87\x99J\x01D\x90'\xf8h\xc9&\x96o2\xec\x87\xf7 d\x89K\xbc\x85\x90\xc3\xba\x0f\xde\x8a\xd30M)0\x16\xa7\xfaW\xc1b\x81\xd0GT,\xc7\xdb\xa5[\xb3\xcc\xe2\xb9\xdf\x9e\xd3"
    b"\xc3\x02\xe4\x02\xc2\x1eq\xd5Gp'tsQBw\n\xb0l\x85\xb3\x83/K\xe0k\x90\xa0\x96\xb0\x80\xc6\xfb\xbd2\xfbr\xb1\n)\xb3\xd4\x88\xf0n\xde\xe8P\t\x81\x0e\x1a'D<=]\xc6\x82:\xa8j\xe4\xc1"
    b'\xdb\xdcs|\xd7\xf9\xfc\xd7\xcfq3\xccP\xd2\xea\x8bao\x87\xfe\x7fE\xf2p\xa3\x93\x01\xe0\x14I\xeat/\xcdr\xe2\x8d\xe8\xf6\xf6\xfdf\xb6\x9bog\xdb\x19\xaa\xc8\xf676\xbf\xefmf\xfb\xf1\xd5\xc6~\x16\xdc'
    b"K\xe0r\xb1\xc2\xcd\x82\xf8\xec\xe9\xaf\xc3\xa3G\xe77s>\x17\xbf\xe1K\x1a_\xd8\xf8\xed\x86\xb9\xb8\x84\x17<\x85\xe7\xf9\xec\xe8\x11\xa4'|?ZZpln\xaf\x9f\xf5\xdemv\xb6_\xecu\xb6\xbf\xdf\xcaz\xdb"
    b'\xef6\xe8\xd7\x15\xfd/md}S\xeek\xfa\xbd\x8d\xf4\xaf\xf9\xda\xe7\x1a\xbf\x14\xbc\x8cG?]\xfc\xa5\r"\x13\xa6\x1c\xd8]\x15\xdf\xcco\xce\x9a\x93\xb5\xd6\xb1\xe2\x1e\xd80\xfe\rxQCk\x88\x84I<\xdc\x98'
    b'\x89f\xce\x8f}{\xb9\xa3\xe2\x92\xbd\xf0\xa1[E\x01\xca\xe6\x89 \x80\x17\xa2I\xc55I\xe9_\xe5F;e\xbe,\r\x11\xff\x99\xa1\xc2\x02\xf9\xfc\x7f/P\x98\xc0\xbe\xae\xe3\xee\xc3)W\xc0\x84\xe1\xf3R\x07\xcc\x1a'
    b"\x88\x08^J02>H\xe9r\xb5\x0b\\\xf4'ck\xad\x052UZ\x13\x87\xe9\x9d\xe9\x7f\x04^*\xac\xa9\xdf\x08.\xc5\xf9\x7f\x03\xb4\x14N\xeb\x08,eW\xbau`\xa5B\x86O\x06\x7f\x8aPG'\x0e\xf5\xe8"
    b's\x83?9\xd8%\xcf\xef\x88?:\xb5\xb5\n\xb8\x14\xe7\x80\xf2;\xb0\xa5\xe4}b\xf8\xfc\xf2\xf9\xb7\xbc\n\xd9sG\x99+v\x86\xf8\x9d\xd6\xcf\xc1\xc6DK\x8f,_n2\x83\xe9\xec\xd6\xd0I"\xe5C\xccp\xd6'
    b"\x99p\xc8\xca\x81^\xcf.\xe6\xbc\xee\xa0\xbbP\x8d\x17\xe4z\xd0\x17\x08\x01E6\xc8D,\xa7\xa8A\xa2\x99\xca\x04\x81\xb2i\x99\xb88\xdb1\xe7`\xcal|'*\xa9\nHH\x98\x8f\x15U\xde\xc4D9\xe0Ri"
    b'\xb4:N\r\xc1\xa3%\x8ci\xd3\xa0$1\xb5\xbf\x93\r\xe5b\x1d\x17\xca\x08Q\xaf.0\x87\xb2r\xea\x0c\x94)Q\x9dc/\xbd\xee\xa0\xa7%\xf1rj\x96\xf7\tH\xad\xab\xd1G\x9d\x9c\x9a\xdf\xa5\xae\xb52Cf'
    b"\xa1\xf5\x91\x9av\xc0\xed\xd3I\xf7v\xd9\x10R'!\x9f\xb8\x0fA i\x17\xaf\xf1Pq\xa4\xa5I\x8f\x0c-\xc3d\x99\xd0\xa6*\x1b+ \x1c\x920\x16,\xd8\xa4A^(r6\x91\x1b\x0c\x98se|.\xd8K"
    b'\x83\x13\xe66\x14C\xe8M\xcf\xe8\xba\xfak\xe2\xde\\\x03$<,\x8b\xf0Ua\x02e\t\xf5\xf1$_\x9cF\xbb\xb6Z\xccY\xbeEsz:\x8a\x10#G{\xfe\x94\x9d>\xf2I!\x04\xa6\x01\xc7\xd4_\x8f\x17\xf0'
    b'\xb9\xa9\x04\x81\xb9[\x0e\x0c\xdb\x08@\xc4\x8a?\xc4;\xc90\xcb&\xd3\xf7\xa2vs w5\x81&t\xc1g\xee\x92v\x82\x97l\xe1\x16w\x88\xe2(\x9a\xb0FS\xa2B\x84\x1a\n!X\xa2PF\xb74v\xb3\xdf'
    b'\xe2\x13\xde\x8d\x12\xfdA\xa6)\x17JQ\x7f~"\xd71\x16\xa8G\x89\x13\xb0\xa1\x177A\xcc\xabxv\xbf\xd3\xc6@,\n8\xc0\x8b\x00\xa5\x9d\xb1\xb7\xe4\xf9\x94\xce=\xe6c\x8a\x03\xcc\xfey>g_\xb4T\xda\xfa'
    b'\xe6\xf5w\x11G\rPJ\x8c\xa6i\x9el\xef\x18tv\x02\x93\x82\x9b\x19\xafG\xa0\x89\x8bk\x94\xe0+q\xc1\\\xef\x9c5\x1eCF\xd9\xfe \xd4\xa8\xb0(\x964t\xc7\xbcx\xff\xc4\xf9\x95\xb2q\x0e\t\x17\x18\x88'
    b' ^\x05_P\xb8\x7f\x16h\x1de9v\x98e\xa8\x9a_>k\xb3\xc1H\x94\x87\xa8\xed^v6\x84\xfa`D\x15?P\x9c\x1b\xe9\x18\xeba\xb0\xbc;\x01.<"\xac@\x1c\x17\x91\xb3C\xc4\x1cc\xbc\xa1\xc4\x89'
    b'\xcdD\xf1\x00\xd0\x03\x1e\xa8\xc4\xed\xc3q9\x82\xf1!\xf4?\x16l\xa7\x8c:\xde\xc6~\x16C\xf8\xe1 b\x8f\xe2\xb3\xca\xfa\xb9\x00p\xf3V\x86\x82e\xc5\xea\xb8E7\xb3v\x84\x85\x87/\xa2Z\x18\x01\xff|\x1a\xf1'
    b"\xd0\r\xb0\xef\xb5\x16\x07\xa4>\\\xbb\xd9\xc8\xd4\xf6^\xd0a\x19\xd2*6&4\x8a\x12%\x88\xb5\xf6\x97C5\x96\x9cB\xb7E\xf4M\x8arn\xb9f\x84Im`\xfd\xa0\x90B\xaa`l\x0b\xaf\x93\x1d'\xa0\xac0"
    b'\x061\xfc\xe3\xd0e\x85\\\xe5\xaal&y\x9b\x80\r\x83Y\x8a\xfa\x1f\x06\\d\\\x8b\x10\xe1I\x16\x90\xdc\x80f\xa1\xcf\xc5\x15w\x88\xbb\x1d\xc2\xbb\xeb\xfc>H\x10\x91\x94,)\x80\xe55SM\x8fx\xe8 \x98\xf2'
    b'\xd8\xda\xb3\xb0@\xf4H\xb0\xb8\xa39l|\x00\xa6\x075\nn0\x94z\x82\x88\xc7\x07\x9c\xe3\x19\x0b\x9e\xb8xz>\xde\xf8\xa6\xfd\x1cu\x17\xccD\xe4\x1c\xbf\x845&\xb6\xfaB\xa8\x03\xec\xb2l0\xa4\xf3\x9c7\x99'
    b'n-\xeb\x01\xd1m1c}\xf1\x17b\xda^\x1e\x7f\xf3\\lk\x8eY\x16\xf1\x8c\xff\xf9\x86\xff\xf9\x96\xffy\xce\xff\xfc\x89\xadi\x14h\xd7\xfa\xc4\xd4\x04JQ\x07\xf5\x89\x15\x03\xd7\x97\x81`|\x8e\xd4\xf0\x88\xf1\x02'
    b'1\xb0\x8aL\xc8\x8d=\xca>2\xa2\x11|\x8d\xda@\r\xa5;\x0c7\x01\xa0\xb5\x07\x19\x07{}\x9f\xe3\xe1\xce\x10\r5\xc8\x90X\xdc\xc6\xd6\xaf\x0e7\x14\xaa\xecHXP\x89"\xc4\x87M\xbf\xb3\xd7\x88^>I\x90'
    b'!Xb\xf3\xbe2SX^n\x07l\x1foq\xbfC\xd3\xd9\x18\x91o\xf0\xd4\xe5\x19%\xdf^\x11%\x86\x0b\xd1\xae\xb1z\xfcM\xac\xe0\xee\xf0\x81?\x8e\xc20\xbfG|1\x03\x9e\x0b\xc7\xa1\xc6\xb5\xb6\x99\x7f\xa0\xe6'
    b'\x8a\xe7\xc3\xd7\x06OCC)\xc5\xc5\xf8\x07\xa1P\xb5\xad\x06QR\x85]\xc6\xfa\xb6\x10\x0bA\x08e\xa3\x11Q\xf7\x04\xe3\xd5k\xcaP\xdd[\xfe\x1e\x06;E\xad\xe6\x11\x9fB\xf5\xf2\xf0a\xfd\x1c\xb0\xf5I\xa9\xc0B'
    b'Jt\x85\xf9i\x16\x97\xdeXs\x0b%\xa4\x0bS\x86\xc7\xc5\xec\x8e\xc8\xa3\xd4\xdfGi\xa0Z\xa0\xa1\xabR\xf0z:\xb8\x19\x97@KiaE,T\xb0%\x8c9`\xa7\xa2lh\x90\x0e\xa5\x0c\xb17y!\xe7\xb7'
    b'_\x89\x9505\xc9\x92s\xb6\x06\x1f%\xd4r\xfd\xa8\xd9ZD\x14\x1b\xa5\x82\xb2\x90\xf0FN\x03\xb7\x06\xb9\xc9u\x91\x94\x91\x9a?\xb6\xb3\x8f\x81\xe8\xb9J_"BQ\xeb\xce\xcb\xcc\x03\xe3\xa0\x84L\x8c\xe8\xda\x0c\x0c'
    b'\xcc\x96T<0\xcfh\xb3\xcfg\xe3$\x16pd?\xec\xee\xa4X\x8cb\xa1\xaf\x07+\xc2\xec)\x97\x1c\x07\x92\xf2\xb2\xa1H\xed\xf2b\xaa!.\xc7\xc7\x88 \x9fC\x10r\xd6p\xcb\xa2\x0e\x18\x1cZ\xee\xb8`\x00T'
    b"(,\x0c\x7f>\xbe\xa0\x03\xe3\ngIy\xb5{ \xee\xb8\xea}\xb6f\xcd\xc4\x86UZ\x8f7\x11\x16\xa0,'\x7f&\xd1\xbe\xfco\x00\x9bH\xa8*\xbf]\x97\xb2F\x87\xc6Uk\xbaTO\x95\xc0\xbae\xeb\xa8+"
    b'\xde\xdaO\xa3\xb2x\xc9\x8f\xabCq\x81\x10#\xed\x05_\xe2K\xfb\xe5.\x8da\xb5\x16\x0c\x86\xeb@\n\x80\xf1\xf9\xc7*\xdd\xa9\x9c\xbe]3~\xe1Z\x15\xbae\xe8\x07i\xb0<|\xa1\xdbZ7I\x1fN\x1f\x18\xb7'
    b'\xdb\xf0W\xc6e%\xe0\xc6Z=\xcf\x96\xc5\xefK"@\xae\x83\xb8\xe1M8]\xd5\x88_PSo\xc0\xe7H\xc2\x13\xd2a\xb4<\xa0\xa0oJz\xf5H\x82\x8fF6\xca\x85\x11\x88\xb1\x97\xc4b;\x1c>fC='
    b"Z\x84`\x028G\x05f\xe3\x19\x97%X\x1bt\xf3\xc3\xaf\x14\x81\xe3\x05\xd3\xe1\xc9\xb0H\xc3\xa2\x06\x92\x01~\x13\\\xefg4@\x8f7\x015DH\x80E9\x1ay\x0eCn:W'\x8c\xc9uFG@!'"
    b'\xee<\x9f\\\x0e\x99\x8fcN\xb5Q>\xdb\x11\xa9\xda6\xd1\xc7\x07I\xec\x96\x18\x9f3\x0f\x8e\xc2\xd1!\xf8\x89\x96\x90@\xc1\xab\xf1\x0b\x84\x12\xf9"\xf1!\x1eB\xf1\xd2+\xe7\xa3\xf9\xf7t\xc3-#\xc3c\xd2\x85\xa1'
    b'\xf9O[8]V\xa6;m\xc1\xbc\x9a\xdb\xf1\xd5W\xaa4\xa2.\t\t\xe6r\xbe\xe6\x1e=\xd5\x86\xb0\x88\x85\xad\x0b7X?\xef\n\xa1s+&0\xa7\x9d\x05\xc0I\xd0\x92\x92\xcd\x18j\x08\x16\xc9vBk\xac\xf9'
    b'p\xb2\xe1\xae\xa5\xf2\xa6_\x87D\xe0\xe2\xd9\x12\xee\r\xb8\xd41z\x88\xdd\x7f\x80\x86"\xb7I\xdc\x02\x17\xb4\x0c\x81\xea\x9e\xbd\x96k\x05M\xfb`\xc4n\xa8|\xfb\x93\x18)\xe12\x98\xb3\xc5\xb4\x01\xfb\xea}\xa0\x10\xc3'
    b'spa\xb8v\xc5\xba\x8a!\xee\xacl\xf6\xa8\xb7,,5\t\xa2Q\xe8\xbd\x1a-\xb4\x0b\x97^.\r`=\x0f\x07|\x80\xb8e>\x83R\xdd\xb0\x847\x08\xda\x1e\x81\xd1\x98\xe5|O\x9d\xce\x15\x92F%;\xb0h'
    b'\x9b\x0f\xaf\x87|\xe7*bV\x11\xca\xd2%\xf5\xfc\xa6X\x10\xd7b\xbc\x8e\npg\xe3\x91H\xfb\xae\x93e\xce\x02\xc1\x7f\x1f\xde6\x83v\xae\xc4\xff\x81\x81\x0c.3\xe0\xbf\x98<\xbf|\xf5\xea\xdf\x7fy\xf3\xf6\xf8\xc7'
    b"\xb7>\xfaL8(*\x9c\xb3\x19\x97\x83?\x0f\xd1<_\xc1\x08\xb7)L\x9dU\xa1'\xab\xb0\xbd\xf6\x92W\x91\xb7\xa6?I?#O\x08\x81\xcbu\xd2\xdb\xb7S\xba\xf2\x15M_D;\x93\xbaz*\xabl\t\xa2\x80"
    b'\xcbx[\xc9hyXo$;)V\xd9\x92v\x06\x13\xdd\x7f6\x12\x93\x8dYEF!p\xff\x97\x80\xfa\x06\x0c9\xddg\xde\x9b\x94\xc4\xadS[&\x8c0\x0e\xf7\xabi\x898\xfd\x99\xc8\xf4\xacp\x87\r\x0f\xef%'
    b'^\xa6\xd1\x83o\xff\x9d\xa1v\x94WJ\xee,\xf71\x00\xa9O\xd9\xbd\xc7\x92\x03\xa9\xb3\\\x08O\x9b\x8cW\xc2\x8b@\x17\x89\xd6-_\x88\x87\xde\x05\x9f\xbe\x9fP\x86\xd3\xc8\xa2\xc4w\xdcG\xcd{\x90\xa5\x85\x10su'
    b'r\x1a\x80{d\x904Zo,\xd2;;\xc7\xd7\xdaE\x95\x84\x86\x16%\x01|\xa5\xc0\x88\xe7\x8a\xdft\xb2\x822u\xb2\xe7b)\x17DA|\xe4.J2\x96\x89\x02\xd8\xc7\xf8\x98\xc8\x1c\x04\x9d\xdeu\x90\xb2<\xe7'
    b'\x8fM\xd4cF\x9f\x82\x8bE\x0bU\xbe5(U$\xd98\xc8\x90\xdcx\xc2v\x16~b\xa0\xea\xd8\xd3$E\xd8\xf9\xb86\xbc\xa4\x1f1\x0c\xb5]\xbejK)\x13\x04\xdf\x8c\x93\xee\xe9\xa9l\x98\x9a\xab\xc0z\x80c'
    b'\xd1~F\xee\xef\xad\xea\xf6\xa8Y\xe76t\n5\x86:K\xe3\x1a\xf8\xab\x1a\xd41\xe1n\xc0X1\xb7\xb3B\xe5\xccy\x9cKg\xdaRWn0\xa2\x1d\xc2\xa7\x06B/5\xeak>\xfe\xcf3a\xbb\x9e>n\xb3'
    b'\xe5E\xfc\xf0\xf3\x99pm\'\xf9\xd9\xe9\xd1\xcfo\xbe\xa2\x14\x97\x92\x84\x86\xee\xba\xe9\xe3n\x86\x9b\xb0\x17\x9a\'W\xd8\xb6\x18=\xcb}\xcf\x05s\xcb\xed\xcc;\x10\x99\xde\xb7G\xfd\xce\x9e\xd9Q\x80RB\x1a\'E"'
    b'\xd8\\z\xdf%\xee\xe1\x88W\xe3i\x8c\x93\xf8\xcb\x9b\xef\xfeV\xcb\x86\x8f&,z/\x11 \xb9\xec\x95HW\x19-\xadtu\xa9\\\xbdSY\x1a1IRU\xaaaC\x84\xed\x94q\x93\x1e\xaa\x92\xb8\xba\xa9\x8c;'
    b'\xe4N\xc2\x17C:P\xa1\x11\r\x9dBN\xa3Ez\xa7\x8e&\xe6\xfd\xa9:\xe4\xe0\x87\x19\xd9x>\xda\x07\xed\x00\xe7\x01l\xba\xcf\xc6H\xb32g\xe6\x99\xe9\xbc\xcaJ\x9bX\x17|\t\x1c\x15\xa2\xc7\xf3h1\xbc\xb6'
    b'h\xce\x89\xec\x8d2\xbd\xc6@Ipb\x03\xa4\x8b\x07\xd75\xf4\xb6G\x99}\xe9\xe0\x05\xad|\xca\xd9<\xc97.N\x9bO\x0f6\xf0\xd0zJ\x8f\xed\xf2\xbb\xd6\x1f[\x8c\x0c\x1f\x0cr\xae\xc5\x9a\xb1\x14\x9a8YP'
    b'rF"\xe1I\xef4\xb5\x0f\xef\x80]\x02\xb3Z\xab\xb2\x9b/J,}\xa1\x1e\x80\x96q\xc3\x03\x11\xa9\xf3`\r[\xce9\x89\x08\xba\xb4\xf0%\\\x96\xb2w\xca\x14\xb8\x9a\xa9 \x02\xc4\xb6"SFfEmO\xe9'
    b'2q\x90m\xf4JP3`\xd19\xc1!?2\xb8\x12\xe5\xf9\n\xf9\x0f\x15\x0e\x87\x9f[\x99?\xf6bk\x02\xb3\x9f\xacmI\xeb\xf9\x1e\xc8\xcf\xd2\xab\xa7\n\xf7\x89\xb1\xc3\xe5\x14\x8c\x8f\xb1\xb4A3%\x80\x8b\x0b\xc8'
    b'\x90\x95\xb4\x88n\rmV\x9e\x9b\xe5a\x9d\xec%\x87U\xc9\xc70!\x0b\x0b0\xa9\xa9$\xff\xf5wVo\xd1\x03\x91\\\xb2B,\x8e\xe2\xc7\x10\x83C\x94\x07\xb6d\xd0\xab\x1f9p\xe5\xcd\xb0\x0e\xe7\x9b\x1b\xee\x97\x07'
    b'4l\x98\x1e\xfa\x10V\xb6\xd0\xcb&\x93\xee\x16\xd3G[\xbe\xb1\r\xd5<|F\xf1\x82\xffy\xa3}\xfaU\xeb\xa8\xd9\xff\xb9\xb3\xf7\xcf\xde\xcf\x9d\xed\xadV\xcc\x0e\x94\n\xae2RC\xed$\xdeV\xd6\xba\xf1E\xe8\xa4'
    b'\xcc\xb8tAic\x84r\x92F\x11\xf3W\xde\xcf\xfc\x9e\xcau\x18\x8e\xcbR\xac\x12\xbd\x94\xd4\x1d\x92\xa7\x7f\x1a\xcf\xe1\xe5m\x8c\xfay/\xcaw\xc8p\xc2\x96N\xe7\xce\x92\xbd\x9a\xdal\xad\xca\x02[\x8c\x1f\x7fXO'
    b'\x84\xb4T\x81\x93\xfcd\xbb\xf4\x86\xf5\xcd/)\xf0\xda~\x85\x95\x8f:[`\xc1\xe3\x1f\x83b\x84B\xbf>a\xe0\xa0\x88\xd6\xb8\x16\x16*o[\xbdN\x07<Tl\xc5D\x19\x88]j\xcau(\xc9\xca{\x0c\x12\xa0'
    b'\x04\x17u)\xf3cA\x91\x9eG)\xb3\xaa,\x9dr]\xaaegD9\xf8\xe6\xc5\xc2\x94$\xe0\xc9`P\xa2\xc8|\xb4\xfbG|F\xae\x0b\xc6\nKL\xa8/\xb1\xdf\x1c\xe0\x1b\xda\xf1\x06N\x13\x1e\xe51\xe1x\xd9'
    b'Q\xfa\xf0_\x0e\xea\x9a\xf2A\xc8P\xdd\x84)\xd6k\t\x10V23\xe6\xab\xd0\xf5%R\xc82\x00\xeb\x12=X\x80\x88\xad\x11KF\xeb\x99\x12\xd2i\xda\x17\xbdT\n\x11|-\xbf\xa5\x0b\xed\xec\xa3r\xa7\x07\xd9\xc7'
    b"\xbfB\x9dzG<\xed_\x1b\x95.\xdd\x02\\\xb5\x06N5\xcc^Ip\xd1\tj#_T\x98g\x1aS\xc9\xc5\xe7b:\xcf\xcb\xfbB\x8cv>\xd6\xbb'n\x9a\x00\xd2\x04\xbe@\xb3\x84\xa9\xe9e\xf2\xad;\xdfX"
    b'\xdc8\x02\x8f\x9b\x86r~\x83\xfc\xcd\xb0F!\xbc\x0b\xd2\xb7n\x10\xc3k\xde{\x85\xfa\x994\xb9\xa2\xdd\xa8*\xdcj\xd2\xb5]1\x99\xa9\xf1J\x82\x1b\xd1^x\xa9\x0b\xe4\xf9^W\xf20H\x05\x82\xc2\xc4\x15+\xaa'
    b'\x13K\x81\x10P \x96\xed\xa5\xaaA?\xc9v\xb5=\x90?w\x15{\xae\x80\xfcd;8\x9d\xea\x14;\xdfm\xf4d\xe1\xa0\x889_\x90&6oz\xe5\xc4\xa8\xb5\xee\xd9\xf9\xd1K{bZ\x15\xb9\x0f\x88\x00\xd7v'
    b'\xa9\x04\xa5\x12\x94Wg\xdd\xd7\xce\xceZ\xc9DT\xd5\x0cv\x1a\xe4\xadl\xa3\xee\xfd\x99\x03\x843\x07v7R\xb0v\xb4\x0bq\xcb\xad20\x17\xda\xef\x14\xd68\xb6\xa72r6\xd6\x87\xab\x01\x9e\xab\xba7\x9c\xc9q'
    b'\x11ZRG\x99}\t\x95\xdb\x1b\xef\xa0V\xa0\xee&\xed\xfe\xd7\x02$k\xfb]\xef\xab\xcb\xab\x04\xa2\xec\x84\xc2@\xab\x1dD\xad\xf3\xefDS\xae\xc7JN\x14\xcdb\xd79\x1e\x15\\\xef`$\x88Y\x97\xd3\xb6\xab^'
    b'\xe3\xb1\x17S\x81\xa5\x93\xf0\xb7#\xb8iS\xef\xa7fZsq!e\x8b\xe9\xf1\x95\xbbK\xba(\xae\x94\xe4\x92\x86s\x19\x88p\x94\xe6\xd0\x916\xca\xcb\xe7\x94\xec!\xbfwR\x84+w\xea\xd8i\xcd\xe6\xe2\xa6\x9f\xf8'
    b"\x04\x84b\x0ft\xee\x17$\x11\xa2\x8fw\xadu\xa8l\xc08\xaeU&\x06\xc4\xe3\xfb\xf4\x8decT\xeb\x0bk\x80\x9b\xc5x\xba8\xb6\x80s\xf9\xa2\xd5A'jP\xcc\xbc\x10\xc1\xe3A\xf1,}^4\xa8\xb7\xb5\x96"
    b'\x87\xce\xa8\x02\xe1dS\xa3\xceN\xf6\x9d\xf8\xd5#\xe4\xadX\xc4\x94\x90\x12\x19\x15\x11\xf7?pz9\xdb0\x00\x00T\xd4>0\x95`U\xde`\xb9-\xe2w\x16>S4\x91\x82\x01b\x96xb4\x13\xa1\xdb\xcc\xc8'
    b'\x8d\x9d\x8b\xd8\x1c\xba\xc8\xaer\t\xba9\x9a\xeb\xad\xf6l\xfaA\xaaG\x81\x1c@t\xfaA\xadu\x12\xc1\xc7\x9b\xf7#\xbe\xbc\xc5\x1b\xe7o\r\xa4He\x15(K\xbc\x9fi\x95\xcf^Mb\xb4\xab\xf14F\x9eK\\'
    b'\xe2K\t-\xfc\xa8\xf4\x82F\xfd\xec\x86\x8e\xaavT]1\xe8[\x8c\x16\xdf\xc9\x9e\x0fX\\-\xb1\x8b\xa7\xcb\x1d\xdc\x82\x7f\x88\xcc\x04\x83\xdf\x064(qm\xbf\xdf<~\\\xf1T\xa7N\xf3K\xe7\xf0\xad\xb7\xb5\xd0'
    b'\xef\xa9\xcf\x9b@\xa3q\x93\xbf;g<\xb5\xda(\x88\x9c\x01\x1fNN\xd42\xaeq\x1cL\xb0T\x0e\x1a\xd6h\x83X\x9f\x13>l\x90\xca\x19?\x0b\xe8\x0fVt\xe3\xf4T\xb4Iu\x12\xa3\xd1\xbc\xe42\x80\x05\xbc\xa6'
    b'\x83<\xcc\xdb\x91\xa1\xceM\xde}\xf5c\x97^n\x99\xab\xa0F\xd0Q.\xb1tc<#\x97=q_\x97uS\xae>\x05\xd2\xe3\x12{\xa7\xa54\xab\x9c\xdcS\x8d\x00n\xdd\xda,\x07\xf1\xec\x80 \x03:du\xfe'
    b'\xa4\xb6\x84.\xea\xc10g\xb0\xb0\x8a\xa9\x1e`g>\xc9\xbam\x8d\xa8ua\xbbVC\xd6\xa1\x1c\xc32<\x1fF\xc6\xeeu\x88`U\xb5I\xacuoG\xd9\xec\x83Hs\xd2\xd1\xc2$oh\xe5J\xac\x85\xd8\xc82'
    b'\x9e\x02\nY(\xba\x81l\xd5E\xc9}\xab>\xf2\x98\xa4\xab),x%j\x8a\n\xf2\xa24\x9a[\x92nFN]\x1f\xa2\x91\xd2\n\x8eAI\x8a\xe0\xaf\xa4-\x1f\xf4\xad\xe4\xfd:\xbc\x9e-n\xbd<v2\x9d\x0c'
    b'\xd7\xc6\xd0\x99\xd4M+\xc0\xaf\\\x8a\x92\x8f\xd2d\x9aEO\xbf\x9a\x1eM\xa2\x9f\t8\x1e\xd9j%\xa8\xef\xd1\xe2\x13\xa8\x03\xa5^F\x1a\xf8S\xb5\x07\x17J\x9fC\xe6\xb4\x074p\xe9gsx9\x8e\xce\x01\xa6\x1f'
    b"ZdA)\xe2\xb3\xdc\x0b~y/\x00f\x9d\xfa0\n\xd3\xc2\x07\xba^x\xa1\x9aYI\xaf$&\x95)\xa1\x16'*\xe0\x12\xbe\xea\x9d\xca\xa9~J\xfd#\x04\xf3ULx\xc3\xb9y=\x1d\x88i\xa9\xf1$\x8aA"
    b"T\xcb\x98\xa4\xd6\x13K\x97$\xc4:\x06v\xf1_uK\x92_7~\x93\x8am\x8a`\xbd+j\x97\x04\xb6\xd8\xe4WG\xb0\x08S=\x9a~J\xd7\x92$`\r\xd9\xcfv\xe0\xa4J\xdb%\xaa\xb9\x96\x15'\x9d\x17q"
    b'x\xb8\xeea\x14\xfc\x04Jb\xef\xaa\xc5)\x96\x9ch\xf8\x16\xd6\xf4O\x15\xa7\x97\xb0\xa0\x81\xe4\x17\x8d\xaf\x13\xfb\x1e\xc7%5B\xa1\xabV\xfd\xd2\xd5.\xeb\xd2\xf2\x0b\xff\xb4\x1c"f\x89dYf\xa4\x16#\xa6Lm'
    b'a\xb3\x12\xa0a\xecBp$C\xf0Z@*\x9a%\x8b\xf0z\xda\xacy\x7fk$\xc9\x9ae\xcc\x98RK"MF\xcbOlt\xf5\x97\xba\'(c\r\x81\x95N\xaf\rO\x94!q=y\xc5\x97j/\xf8\xb5O'
    b'Q\xa2\xae?\xdft\xbb\x83\xdd$\x81\xad\xc5\x1f\xf4\xe8\xa8Y\x85)c\xees\xafAj\xef!\xb4\xb5\xd4t\x955\xd7\xca\xe5\x18\x19\xcb\xe4\x02\xbe\xe6\x15|]\x1b\xdc\xf5\xee\xc1\xb5X\xe35\xeb\x18L\x86\xe2\xb2\xdf\x17'
    b"\xc73u]q'\xdf\xfd\xe1\x9ea\x16&9M<\xc2\xb7Fu\x98q\xd70u\xedv~!Wy\xe1\\\xeaJ\xfet\n\x97\x0c\xebT\xf1\xb5\xe1\xcb\xae\xf8\x88\xb4\x83\x07Ht\xf1\x82\xc7\x0c;\xef)Uc\x96"
    b'H`\x9b\xa39$\xdf|eGO\x86#\xc0\xef\xa5\x1c\xf5\x1bm\xb5\xbb\xdc\x06\xcf\x9fu\x90\xa14m\xf5\x9a\xab\x1f\x1aQsWb\x94e\xec\xa3\x8a\xc1r\x1c\xde\xc7\xd7K\xc6\xd3\xa4\xfa\x84\x0f\x9dN\x7f}\xa3#'
    b"\xdf\x8c,\xbc\xcb+\x8e(\xed\xfa\xc5\xaf\xc5'1Oc\xdb\xee\x12\x07\xa7\xb2\xcb\x1f\xbc\xfd\xc4\xceFq\x0c\x07\xe6\xe7\xe7\x9cwfCn\x82\xf9c\x07)\x9e\xf8\xda\x0b\x82!;\xe1\x1b\x8f\x01S\x12%\x94\xa9=\x06"
    b"\x1b\x10\xf9yS\x1b\x06'\xc9V_\x8cf\x04\x0e\xd1&\x1fI\xf2\xaa\x8c\x9b_\xfb\xb0\x7fb1\xc9o;%3@\x84\x1b\x1c]\xe7\x97\xc3\x86\xc7\xc2\x95^}\x86\xf2\x8f\x96\x94\xef\x8d\xb7yeI\x8f\x12y\xf1\xc7"
    b'\x92M4\xac_`\xec#\x89a\xec\xb3lb\xcc|/\x9fP\xe5\xd1\xa8\x19\x93Ks^\x95\x9e4\x16t\xdc\xc3\xda\x1eF\xc4\xb0h\xe8(PO\xd4\xbc\xa7\xcdD\xa0\x1c\x7f\x98\x99++uMR\xd2}\xba\x93\x88'
    b'\xc2\x0f\xd7\xe8T3\x14#\x9a\xa7\xf8\x9b+\xec\xe3n\n9\x07\xe4.8\xc8\xab\xdd\x91h\x0b"(\x8b\x83\x90\x9b\xd3\xed\nG\xda\xc6:\x90\x8c\xa58\xce\r\x1d^\x08\xf6|m\x17l\x99\x849\xe9(\xf0\xcd]\x00'
    b"\xdb\xa2%f\x12\xff\xa5\xa3\x82T-\x91:\xc5\xf4\x18\x18\xa0\xda\xd0\xbb\xca\x18\xeb\xb05@\x90?\xbd7\xeb\xf5\x17\xeb\xbbv\xe0K4\xa1\x1d\x89\x82 Q'K\x08\x90N\xcb\x08E\xe7w6\xfe\x80\x0b/\xa6\xd1\xa1"
    b"\x9d\x16\x7f\xd1q\x00D\xb9A\xbb\xf3_\x19\xef!\x02\r\xea\x1c\xe5ba\x15'&\x0f\xc8\xe6\xa23_)9\x9b\x19\xfcN\x19u\x90v\xea\xccd2(;\x0e\x86\xaci\x87}\x88\xdc\x1en\xc7\xb90dI\xb8\xe8"
    b'\x19N\xff\xc4\xf8\xe9Q!\xe2\xe1\x91\x1e\x94\x01\xa1O\xb1\n\xd4\x9b\x1b\x9a|\xc1\x18\xa7\xfb6KWG\x0b\x05\\\x8eh\x0e\xd3\xe0\xb7s`N\x07R\x83\x1a\x0c\xf3\xd2\x17\x0bd\x89\xe9ss\xf6\x82C\xd3\xb2I\xaa'
    b'\x05\xcc,\xa1\xc5\xbe\x90$\x8e\xfa\xdf\x87\r+\xcd\xe6L\x1aUc\xfa\xa1\x16\x96\x85\xdf\x97\x84/\xd4\x9e3\x11K\x87\x9b\xee`M\xdc\xc8Ai\xfa\xa4\x19\x1b\xdcX\xc0\x96\x9b\xa3%"oP5\xd3\x0f\x8d\x12\x98\xea'
    b'\xb2J\xae6\x1d2j\xc2\x06\xa6\x19\xdeR\x1f\x19}\xa8\xd9\x88\x12\xdfF\xcb\x9b\xd5\xd6b=\x98\xfe\xc3|\xa9\x8e\x05\xdf\xe1\x9acC\r\xd5\x1c\xac\x06\xcc!\xb5H[G\x14p\xa2N\xf0\x06.\xd1\xce\xde8T\t'
    b'\xc8\xac\xc5A^\x13<K\x12\x1c\x7f\x92\xc0\xfa\x13\xa5\x04\x159AI\xcc[+*(\xc9\x93S1Ap\x9e\xd5\x92V\xcb\x07\xc4\xe8m\x99\x84\xc0d\x04H\x93,\xb2\xd1\xe4,W\x8cP|,\t\tR3j\xd9'
    b'\x88<\xb8\xec54\xbe\xb9\xbcT\x9f\x0e\x8fn\x01\xf4\x0f\xc3\x19\xa1s\xafF\x83\xd2\x98\xcd\x05\x99%\x82\x8a\xc4\x16,\x93\x08\xd4\x9b\xa9\xa9\x14\xc0n"\x0e#\xd6\x0f\x05,\xe1l\xb3\xa8\x1co\xad[\xbb\xa4\xad\x90\xd5'
    b'sZ\xbf"O\xd4\x045b\xdf`\xbb\xadT\x97\xb7-\xd1E\xde\xca\xce@\xc1}\x94\xa2\x1a\xb5\x1d\x90o\x91P\xf8oW\xa2\xd8\t\xb4mp\xbb\x0e\xbd\xc1\xa53\xe9\x17\xbfi\x1c\xfeN\xad\x9dt\xbd\xb1\xbe\xf5`'
    b'Y\xcdQ\xd6]\xb4\xa2\xcd 5\xd8\xa7\xa4\x9c\xf5\x1fJ\x97\xb5\xfaD\xe1NP?\xa8\xe1F\xcd4>\x95%\rD\x96\xedO\x9e\x9a\x0e\x8a]\xf1G\xd8\x177[\x89m\xa2?4k\xd0\x84\x1e\x15B\xcf=\x8a\xfb'
    b'\xa8\x08\xa06\xc13\x10\xca\xd1\x10\x04g\xb40\xd8\xf5\x04%\x88\xaa`\x07@\x0e\xb7\xf0\xc0\x9dk\xd2\xea\xd1\x84Z\x97\x0f\xeaq\x03\x97;p\x04#\x90\xd2\xf9\xeaE\x00 L\xd0\xc3Wj]\x81U\x88\xed\x99\x9f/'
    b'Vb\xb1Sk\xfe\xc4it\x87\xf2c\xed\xe9,_Jsn\xeai\xe7j\x10\x8cC\xd4\xe0S\xc1\xdb\x82g\x80\xb2(\x0b.i\x10\x009F\x0b\x9d\x1a\xa6\x8d\xf2I\xb0\xcc\x17b!\x02\xe0\x9d\x8b\x8b\x07\xb47\x86'
    b'\x0b\xe9\xf8\xd2.\xdf\xc3\x8f\xa0\x88"\xb2"\x91\xe5\x10x\xf0\xc0u\xb4\x13]c\xf4\x0e\xa8\xb7D\xcd\xaa`\xed\xc7\xe3q\xb3\xd1A}\xb5\x9e\x00e\x882\xc3\xf5\x0c\xb2\x07\x98\xb1\xb0\xd9|\x88*h\x18f\xa9\x99\xff'
    b'\x9a\xfe,U\x85a@=_ef\x92\xda\x8e\x00(-\x85\xceC\x07\x11\xa2g\xe2\x98b\xe0\xa7W\xfcy\x82Z\xd2\x97T\x19\xfdd\xec#\xee\xc53\xaf\x87\x9b\x89|\r\xa5\x94aS\xf9\x9b\xa5\xe5\xe7\xda\x15\xfd\xe9'
    b'p\x06\xf7\x86\xa7++\xd6\x96\x05\x90\x8b\xba\xae\x9a0v\xd3I\xeax\xddb\xbf\x8c.\x0f\xe9x\xb4H5\xef\x9a\xdb\xeb)*\x93\\J{\x9f~}=\xd8\x86\xcc\x8b\xd3\x13\xd9\xfa\xc3\xa3\x10\x8a\x05\x7f\x0eJ\xf1\xd7'
    b"\x97J?W\xe8\xdb0\x85K\x02\xd7\xc5\x95\xc9\x86\xe0\xa9\xb7d\x10\x1c\xb0\x17\xf4\xc5\x85\n\xc0\xa3\xd7\x07\xc7\xc5D\xa3\x11\xc6p\x1c\xa3`\xae\x04dL'9\xafl\x07\x85\xa3\x8f\x9b\x81vY\xfc\x11-4K\x1c\r"
    b'o\x990\xc1\xae\xf0\xb2nul\x8aa\xfeX\x99\xf9R\xa91\xe5\xeay\x87#R\x8c1s\xb4F\x83S\xd3\xe15\xbd\x82\xa3\xe0\xbf^B\xef\xda\xf0T\x1c\xc4\x0e\x1c\r\xf2f\xb85r\xf9\xca2\xc9\x15\x18\xf3\xae'
    b'\xec\n\xf7/\x88f\xe8\x8c\xd8\x96\xc0\xed\xab\xa8\x8f\x81\x01K\x87\xa1Y8*\x1e\xa4a\xdc\xc98\xe4vM\x9cN$\x1c\xafp\x00\x82\xeb\xc8\xb7\x16\x0f\xcf/\xdf\x80]@\xdd]\xf6i)v\xffr.%\xa9\xd5\xf2'
    b'\x1c\xfe.\xb8\x7f)Q~\xc0<-`\xae\xaeO\x97\xd7\xa1V\x9f\x88\xb1Z=\xe0\xa4\xa5(\xc2\x8b\x0e\\\xd4\xdcy\xa0\xeb\xe5\xe3\xd5Q\xc6\xa7\x19\xce\xf3\xe3\xf9\xa2\x19\xdf\xb6\x12\x02\t\xf1\x15\x0b\xafj\xe1H\xbfc'
    b'\x8947\x88\x83w!\xee\x17\xdd\xd88\xf0\xaf\xc6\xe8K=6|KZ\xe5\xc3\x16\xd2\x95\xfc\xacp\x91\x0f\x82\xb8\xf8alA)\x03\x10rJ\x91\x12j\x91hk\xe1N\xdd\xac\xa6p\xb8\xc9\x8cz^%\x86\xdb\xad'
    b'\xe9\x13\x13\xcc`*\x93\x1d\xac +\xff\xfc\xe7\xef\x14\xa7\x06eq)<bf@\xf6\x11\xfaT\x84m5\xcci\xdd\xa2\xae\xe2l\xe9\xd5f=,\xf2\x95\xf0\xf9\x06\x91\x18\xa0I<0\\\x01\xe9"\x8d\xde5#\xfa'
    b"\xcc\xa70\x18\xcf\xe5\xee\x84\x18%\x16\x87G\x94\x81\xbf\x11\xec\xdeQ\x9c\xd3\xac\x13\xb0\xdf#'-\xa5#H\xf1\x12\x9e\xda{T\xa6\xa6)e\x967\xb5LI\x9cK\xedl\xba\x07=\xe9~w\xef\xcc\x83\xf9\xa2\xf1%"
    b"\xba\xf7\x109\xdd\x89\x8eK\xa6\x98\x90=\xa8\x17v'9T\x07\x80\\\xd7\xa3\x0fj\xc7\x87\x9f\xe0\xa5\xd1\xae\xeei0\x87IA}q\x83\x15\xe49\xa8k\xbd\xf0\x18N{v\xec1:<[;\xd3\xe5\xb7\xedM\x9a"
    b'\x9d\r\xb3\x8b\x97Vo\xbe\\\x0fq\x7fo\xe4/=F\x92\xd8_\x95;\xea2\xf9\x88\xdcA\x13\xda\x8cW\xee\x82*\x98\xf8\xe1R\x1blA\x96\x81\xc1#W;\x0b\x06\x1fi`.\xbdx\x0b*|\xc0\xb4\x133\x8a'
    b'\x00\xcac\xd8W\x18\xf8\x8d\xdf\x0b\xdf~\x9c\x96\x87\r\xaaZ\xbe"\xe2\xd1\xf2\xc6\x16\x9c7\xba<\x9f\xcdY\x98?\xbeU\xf8\xd1\xf1h\xd1\x8e8C\xb9G\x83adR\x91-\xb2\x96k\xc4(\xe5\x02t\xcdY\xf8\x03'
    b'\x17\x97\x97\x94\xcb\x02jt\xae`\x0e\x1c\x91f8\xe8d\xc7\x00\xbcU\t\xc9uv9\x15Y\xca{Ae\xd2>\xa8q\x01\xe2\xec\tx\x8dB\ra\xc31\x8aQTzj\x16\xae\x03\xbf\x19\xe9\xd3\x03\xff\n~`'
    b'.\x98BgCh\x02\xcacR\x81\x1bT\xffOC\xad\x8d\xe4R\xf1/\r\x1232]\xf0\x11\xbf\xe0`\xc9\xc1\x86\x02\x06\xfa\x17\xf0+\x9b\xce9*\'\x14\x85\n\x0f\xc3K\x14\x0e\x00\xf1\x9c\x96\xa1d\xdd"\x10\x16'
    b'\x18V\xa9\xad6\x13*\xe4`\x93>\x81%N\x87:XO,\xaeh04L\xedh\xc1\xc5\x0b\x10\x13C\xe3w\xb2\x97\xf9\x19cS\x99\x0e\xd9l\x04\x1eA\xe0\x025d;x90N\x99\x88`\xe4\xdeb\xea\x86'
    b'<\xf4\x9cK\x97\xa9\x80C\x82\x01\x12\xd3\x90\xeb\xb5\xc9"\x16\x8a\xe2)E\x0eU\xe0\xc6\xd2\x9e(\xd2P,\xa2\x9dF\xa8\xd0\xd1\xc2#\x08\x07\x97\xca\x88\xde,\xc0rmm\xb6\x1a\xc8;\x9f\x0b\x9eQ\x96\xb48\xc1_'
    b'\r\xb0\xb1MH\xc4\xc5\xb13\xf1*\x17\xc4\x1c\x0c?\x82\xd2\x89\xaa-.\x9d\xce\x03\xc1\xb3\xa6\xf1\x9b\xcb\x02aA<\xe3\xbf1\rUW\x9e\xc5UD\x87V\xcf\x10\x06\xfa\xbe\x90\xb8\xde\xe8\x126)5\x9a\xbdN\xa6'
    b'4\xf4\xd7!r\xb8\xc6\xf5\x95%q\xce\xce\xbbC]4\x0e\x13\xe3\x03^\x08|\x18[\x8f\xd1\x9e\x8399\x0b/eTP\x01\xbd\xfa\x96\xa7}\x00\xb7\x17\x83\xcbn\xd0\xbc\xc5`K\r\x9e\xc9\x86\xc4Oot\x14\xe2'
    b'\xeb\xd9\xa5\r\xba\xc7\xfd\xf2\xab\x18\x0e\xc9by\x9a\xc7\xbb\x0c\x8cD\x04Z\x94\x865\xc0\x85]\xab?\xb7(";\xecz\xf3\x8e!\xb8y\xcb\xeaZyT\x1c0\xe6\xfdt<\xe4\xa6]\xe5\xe3\x0bi\x18\x8b\x8f"\x1e'
    b'o\x00j\x90\x12~b\xb0#y|\xa1\x11\xd2\r<\x8c\x1dg\x1d\x96k\xaf\xad!\xe2\x03X\xb1\xcc\xe1A\xb6\xd5\xce>\x08h\xf1\xad\xfc9\xbb\xa4\xbf_t\xf1_\xa3\x0ex\xc8\x86H\x92\x0f\xa6\xecH\x12\x8a\xe51'
    b'?\xb0!\xb6\t\x08/\x98Tr\x80\x1a:3\x07\xb5ec\xaf0t2h\xe9A&\x8e!\x18\x97\x04f\xf9\x19uM\xea\x97\xee\xc7\xc1\xabk\xb0\x0c\x16\x8dB\xbfk\x19^\xe0\xd7\x9d\xd7\xe1:\xfc\xa5\xc8\xf8T]'
    b'b\xe3\x18\x0b\x9c\xab\xb0^u\xb715\xbd\x0f\n%=\xe0O\xe4\xfdiG\x11\xe0\\\xbd1\x14\xc17\xc0\x98s\xa8\x8b\xec\xae\xc5@x\x0c\n\x1e\x18\xd9\xf7\xd3\xf9\xc0\xd1\x93\xec\xd7\x89\xd1i1;0\x87\xd2\x9c\x05'
    b'\xfd\x1f\xb0D\x9e\xfdY\xc2\xb7(\x0c\x87w\xc7\xfb\xe9\xd5\x8f\xdf\xbe\xa9\x13S\xa8#a\xc8{\xd2@x\xe4+\xc8\xe1\x90KB\t\xb7N\xb3\xe8/\x98\xa0T\xcae=!\n\x9fG\xa8\xa0\xc4\xd2\x93\x1f&\n40'
    b',DcT\xf2\xe0\xf2\x19e\xef\xe0\xf9!C/\x16\x8a\x95\x02Dhq\xb1\xd6\xc3\\\x166ht\x80\xcb\xc7\xf1\xa0*\xc88\xb4R\xf8\x07>v\xc2t\x81C\xe98wP\xa2\x91\xf9D\xf4\xd2\xa8\x9e\xd9\r\xd1\xc8'
    b'\x84\xe81\xc88\xce\x17H\xb2(\x02\xcb\xc9H\x11Z~\xc1X\r\xecHj\xf1k\x07t\xeb\x15\x8a#H\xee\xc7?|\xf3\xe2\xd5\x8fa\x8aO\x1aLe\x99\xf62Ya\x7f\x14\xf9#d\x98\x7f\xd87%\xb5 \x8c'
    b'\xf6MH\xb3f\xaf\x8fY$I\\b\xc9\x9c\x18G\x88\xf13:\xd0\x14tA\x80\x0eVb?!\x92\xc7/\xaf\xff\n\x08B\xb8\x1c\x847\xf0=\xf0\xc0\xd8?\xc0\xf7\xb8\x19\x9c\xe0[\xd9\x97Yo\xaf\x8b\x1b\xc9>'
    b'\x0b\x84%\xd2\xc7I\xefT#\xdf0"\x1a]\x18N\xec\x87\xbd\xee\x9d\x9eF\x80\xb9@\x8c\x03\x89\x9e\xe8\xc8\x1f$Gp\\\x11\xb2`\x88(\x11\xc5\x063\xd4\x16\xe7L\x89\x990\x04\x1c\xdd\x15\xab\xcb\xc2hH\xc9:'
    b'\x1c\x02\x80\xb8jP\x96\x0c\x9e\xdd\x13\x81\xbe\xa0\x8d\x85\x1e\x00\n\x95\x00\xe6\xa8\xc3\xe4R\xfd\xd4jg\xd5\xb7/Z\xa7KK\xc4a\x14\x8b\xfc>_\\u.(\xd5\xbcic\x99=\xce\xfaTl\xe5KO\xbe\x9c&'
    b'6=\x10\xbf%&\xbb\xc2\xa2\x86\xdd\x15\xc6<"a\xddL\xe8(1\xf4\xf9\xf14\x1f\xf0\xde\x9eGI\xb5\xb0\xebq\x86\xdc\xda\x93\xe2m\x00\x85\x8f]>\xea\xc5y\x0ey\x0c\x06A(\x00\xad\xa5>-\x9c^0y'
    b'\x07\xdf\xfe\x87?\x04#Ig\x17\xa9\xeb\xa7\x91\x04<\xd2\xa1\xbcg\xe2\x9d\xf2\xe6\xfe\x99OC\xb5\x9fH\xc9<\x11\x7f\x94\x1e\xd8)\xc73\xa0\xafN\x13\xc4=d\xe5\x0cb\xf6\xa1\xd3h\x91\xd19[\xfc\xd0;\x8d\xf2'
    b'f|6\xa3\xbf(\xde\x0bc\x12\xf5\x1c\r\xbed4\xbc`\xaf"\xd33\x81\x1a\xa4\x1c,\xaf{_\xc1\x15\xb3E\x87\xaf\xb1w\xfc\xf3\xca\xf5,.\xa7)\x80O\xed*$\xb8W&I\xe6[Q\x08e\xa0\xf4\xae\xb2'
    b'R\x12\xe4\xd4\x0415\xae\x94\xb0M\x94\x11\x0e\xa1\xe5\xa9#\xe5\xf7,\n\xb9\xa0\xd3)D\x96\xce>\x12\xbf\x85T\x1f\xc0s\xe1\xf16 b\xd9~8Zs\xe9\x1e\xaeO/BWy$\x9aL\xaa\xf2\x0f\xa3\x04\xef'
    b'1\x17ebO\xf0E\xa5\xfe\xd0\xeeF\x12\xe85\xd3\xb4P\xbeuY\x16\xa3x*\xb2h\xb8\xe4\xd3l\xc3:!\xbf\xcb\x01\xefy$\xd0\x16?h_f\x9bm\xa2\xe7\x18\x1b|td\xc5\xa7{\x9cmR\xa2^\x0c'
    b'K\xe0}\xf0\x8b\xcf\xae\xbepB\x08s\xeb\x01\xff\xfe\x9a\xae\x84\xcc<\x8e\xc6\x16\x9fk:\t\x97|FL\xc9gtG*\x90\xe0h\x0e\xb3\xf8\xd9\xad\xf9\xe5+:\x84\xba\xb1\xa9T\x02\xf7\xf2\xd9p"\x11\x8b\xe6p'
    b'\xeb\x1f^rT\xf7\xc6\xb7R\xf3A\xf0\x9c\x8a\x81\x98\x02S\xc8\xb5+\\\x1b5bt&\xf0\x10\xf2\x89\x8b\x17c-\xba\xde\xddf\xec\xc3}\xd0\x06j\xf9_&\xa3s\xf6\xae\xe3\xb0\xee\xf9\xb9\xc4\xa4!.G\xd8\xd0'
    b'\x836\xae\x85\xd3\x0b\x1f\xa1Ha\x90\x95\x07\x15D\x82\xe1\x87\x8e\x0c\x91\x1f\x15\x96}0#\x06Q\x01Z\xa6H\x86\xd2{\xc8c\xc0\x17\xd9\xb8RY\xb3\xf9\x94F\xee\xda\xcc9/\xc1\xffr\x9e\xf9\x8dtb2T\x00'
    b'h7\x19\xe2-xv\x8b\xf1\xa0\xee`*\xf8\xd9\x00\x9b\xd5\x8ap4\xa1+q>\x8e\xc7\x87\xc00N\xa6\xc8\xd46\xcb\x16\xeb_9\x15\x87\xc9\x9a^s\x9d`-m\xf0\x95\x85\x10P\x14\xf9\x94;V\x1d\x1c\x9e\x98'
    b'w\x8c\xf8\xdd,/\x16\x0eu\x8b\xbba\xd7\xe93\xe2`\xc7\xb7\x90g\x98\xd1\r\xa4\x1c\xa8_\xf1\x8eE(\x1a\xa9\x17\x7f|q3t\x98\x1fP\xff\xe4\x05\xab\xc1\xfa\xbd\x9d\x9d\xde\xe6N\x7f\x07\x87X\x8aY\xd8\x05<'
    b'\xe1\x13\x14`\xdaKz\xf3\xd5WF\x17P\xc6\x7f\n_\xdf\xe1\xe5\xf1\r\xad\x93\xe3\x05\xd1\n=\x8a\xb4\x12l\xd3\xd1\xf5\xcd\xb8\xc9/hg\xee\xec\xee\xee\xee\xf4\xf6\xc3\xa6\x0f\xf5^\x8f>H\xc5\xfc\xf0$\xdb\xc4C'
    b'\xa9\xc2ry\xd9\x7ff\xf2\xf7\xeb\xaf\xbf\xcez\xdb\xb4\xf3\xfb\xfd\xad\x9d\xbd~\x7f\xbb\xbb\xbb\xaa\x1di>\xa6\x18\x9b\xfd\x9d\x9d\xad\xbd\xfd\xfd\xee\xbe\xcfG\x1d\x8c\xc9vJt*\x96\x00>ss\xa7\x9b\x02\xadO\xca\xfb'
    b'\x15\xa2^\xe6\xf8myFVFD[rG\x80\x8c\xa9\x06\xd5S3\xc1~{0=\x97B\x1dr8\xa0\xd9 \x13\x96O\x86\x8d\xf9\xf3$\n\x8e-\x08.\x12\xb3E\xbdA\x1d\x1a\r\xf9\xb9\xf8c\xb3\xf3U\xeb\xdf'
    b'\x1eG\x9d\x03\xf2\xd4b{\xaa{\xc7G\xe8\xabD\xed,x\x87@\xc3m+\xad\x01e\x91k9\xef$\xbd\xa0\x0b\t\xa1g\x9cq\x82\x0b,\x00L\xbd\xba\xcbf\x04\xf65#J\xd1a\x02\xb97\xe052\xe9\xfa\xa7'
    b'P\xa7V\xa9+\xd2\x19d\x13K\xf7\x13<\x0b<\xe3K\xf6\x16\x11xF\xbe\xac\xca\x97\xfe\xa9\x83\xf5\xf5\xda>\x98\xa6\xbb\xbe\xa9\xe5\xbc{c\r\x8b\xf9\x13\xc0\x04N^{\xbd\x10\xda\x02g\x8do\xde\xbc\t\x83\x94\x83'
    b'\x9cVo\xf4\xa0\xad\x01\xb1>\xa5;\xe5e\xc3\n\xd8\xb0\xecRz\x80\xc2\x8f2\xb9\xb2k\x9a\x8e\xd4]\x1a\x1b[\x13\x9c#\xac\x88\xf9%\xb4\xbbxg\t\x1e\xff\xe7\x17OO\xba\x1b\xfb\x8c\x16\xfbq\xe7\xee\xdf\x1e\x8f'
    b':\xc4r-\x9ai\xe9\xd1\xa1LD\x07\xa5\xba\rw\x99>\xb6\xcd\xc2\xc3\xd2_\x15\xa2\xd0M)\x1c\xfbm\xeet\xbflom\x7f\xd9\x92X\x90\xce\xe1\xf6X\x90\xff>\xde\x1dV\x06\xfe\x82\xf5>\x10\xc3\x0b\x87\x1c\xc2'
    b'@]\x84\xfbD\xee$\x05z\xed\xce-\xf8\xe6\x81;Op\xeb`\xef/;/\x84\xd1\xb7\xd8kr\x00\xcd\xc3i\xa3\xe6\x97"\xdfl\xfb\x1cA\r)\xc8Pr\x9e\xc9\x81\x90/*\xd3\xcb\xac\xb4\x1c+\xef\x89;\xa2'
    b"\x9b']\xb8\xe3\x0c\x0b\xea;\xac\x8bh\x88\xfe\xc9\x03\xc7\xc9\xc2\x0fNmS\xe7FK\xc1\xdf\xdd\xed\xc0\x7f8\xac\xf83\x83\xa9\x17xD\xccGG?Y\xcap\xe9Y\xa6\xb7\x92\x042\xd3\xf2\xdcA\x00w\x80\xa9\x0e"
    b'\x86\xee\xf5\xd5P\xe1\xbe\xac\xe9\xc0\xf5\x0b\xf7)V\xa3A\xc9\xf8\x81J\xed\xab\x1b\xc5%\xeb@\xc7o\xd8F\x80\xdb\xb0l_\xc4\xa4?\x0e\xcf\x17\xcdn\x9b\xc1\xf4\xdc\xa8V\x8bj|qqq\xd1\x90\xf7\\\xe5\xf1x'
    b't\xc94\x00\xe2\x13\x8d\xdd-_\x9e\xd1>\x02\xb3s\xc4\xd2e\x9e\xf3`\xf1|9\xbe\x9d\x85\x93\n\xf2d\xe1q\x89\xa7h\xfa9\xfdc\xd6\xedl\xedX+\xa6\xd0\xa2\xda\xc6\xc1\xeaz\xaaE\xd1\xe4\xce>d\x8f\xde'
    b'\x0c/\xa7\xc3\xec/\xdfeon\xaf\xcf\xa6\xe3G\xc4!\xdd\x12\x87u\xbdq3\x92pX\x0c\xf8\xc7\x8b\xc0\xe7\x8aIbo\xd9;\xa3\x99\xd4D\xf7\x01\xfb\x8d#\x00\x02\x14,,\xba\xe0K{q\xd5\xe72\xca\xab\x87'
    b'w\xe2\xcd||`\x13\xb6\x98~\x9b/\xf2\xbf\xfc\xf8\x92\x0f\x8e\xf7\x076\xe0\x07(\xa5\x9d\xcdY\x83t`\x85\xf3;\xef\xf1[]\x9aB\\\xbf[\xd8\xde\x86\xff\xdb?n\xf2\xb9n\xeaE\xc9\xe4\xa8C\xe3\x8e\xa8\xae'
    b'\x08\xee\x1582\x07\xcb\xa6q~\xf8\x9a59\x1f\x9a\x88\xaet\xc43\x82\x16\x04\xfb \xc6\xec\x81\x02M\xb0"S\xc4]\xcb!d\xf5\xc8u\xcc\x99\x17\xbb\xba.\xd5\x9d\x87\x94\xc6_\xd1\xe8g0\x81\x8c\xdb\\\xe4\x0f'
    b'\xc4\x9d\x08\xd0]\xed\x0e\xf68\xbet\x81\x16\x91m\\R\x91\xae\xf4\xb7\xba\xf8\xa7Uw\xb3\xb2\xab\xb5:T\xa8\xc6\xebwZ\x86I<\x14\x16\xeb\x1cC\x9e\x10)w\x99\x14\xb7\x83\xf8\x87\xa6\xa6C\xd7\x16\x15\x0cq8'
    b'\x87w\xaa{\xb2\x96\xbe\xcf\xa1|\xd2\x10\xbc1 \xdf|\x01k\xa1f\x00\x1b\x97\xfb\xbcV\x7f\xa2\x96C\x91\x1cV?1h\xe1\x0c\x03\xfd\xb4\xe6\xab\x13qp\xc7Fj\x9a4\x19\xbe\xcf\xa4b9<\xf9\xb1CW\xbf'
    b')<\xaaR\x83\x98\xc4\xc9DR\x16\xf3sv\xec\x93:\xc0IU+>\x92\xb4n\xbfHC\xf4x\xe4VO\x0b\xb0\x856\xc2oM\xfa\x9d(&S\xad\xa4\xc8>\xbd\xf6\x0b\xd7L\xaf\xe6sH\xe1\xbc8\x18\xe3M'
    b'\xae\xb2\xa6 \xe28\xa0\xe3\x11\x8c\xd7\xa7\x82\xfdDob\xe8J\xa8\xa9h\x92\x07\xa3k\xbeYu\xb27@\xc4\x0eP\xe6\xda\xc0D\xe6\n\xb9\xf9\xb4.b\xa3\xaa\xd6\x17\xa28r\xa2W\xed?\xa4QzA\x17\x81J'
    b'X\n\xf5\xf2h\xf1\xa3]%\x96\xe6|Lt\x04\xe3I\x05\xac\x9ao\x89\x90:\x84\xee\x11\xbf=\xcb\xfd4\x8a\xdd\x0e\x82h.\xb8\xdf1\xa1\xad\xa6\xed\xc6\xb4\xbd\x90VX\x01[\x1cz\xb7k\x9bS\xb0\xd9Q\x86\xf3'
    b"\xa6\x9d\x95Pu\x81\xf9z\xea\xe3\xef\xc8N\xb1QLy\x86\xe4my\xe9'[.\\7\xf0\xb5t\xdd\xf8o\xe0\x1f\xb4\xa5\xaf&\x8bis\t\x0f\xd1\xce*\xcb\xa3-\x9d\xa9\xf0\x07\x12d\x013\xf8\x19N\xb9d\x14"
    b'\x99\xcf\xca\x07~7\xcb\xcf\xaa\xf0\\\xa0Q4\x9c\xa5F7\x95v\xb4\xd3}-\\%o\xcb\xa0\x16C\xb7\x983f*\xc9\x11\xcc+\xfb\x05#u\xb9\xe6\x98`\x17\x11\xd7\xc0\x1f\xde\\O\xc58\xf0\xf9\xc4,\xb1\x83'
    b'GO\xcaW\t\x88\xf4\xe5\xfd\x0c\xd9zrz\'H\xfdI\x89f\x90\x1e\x97\xbe\xbf\xd0\xefW\xe5\xef\xab"j\xa5{\xc8\x91\x87\xf0#\x91\xcd\xc2\xf6\xe1HJ\xec|\x10U\x01\x8b\xc6\x1d\x03\x08\xc6/\xcaK\x7fj\x81'
    b'\x9d\xa2\xfe()\xd1\xbc\xad\x14\x97N\xde\xde\xd6\x97\x08Z\x11J|Q_\xe2\xad\x8c\xa9\x9b\xf2\xd9m\x93\x05\xd3B\xaf\xff*\x7f\xfe\xc38\x90\xcb\x0e\xeb\xee\xed\xa2L\xcc\xe0<\x9f\x14\xac\xb2l~`KTda\xaa'
    b'dc\x7f \x92\\\xfb\xf6\x1f\xf1\xdb\x0b|\x0b\x05a\xe8C\xfe\r\x8e\xb1\xd1\xd3\xba\xc3\xef\x90\x98W\xb1\xd0\x13]\x7f\xb2P\xac\xd6v\xec\xb3\xe5`mx\xc0\xcb1\xc8\xb1o\xa63\x0e\x015f\xd9F\xd0\x14\xc7\x93'
    b'L\x04s\xac\x89m\x03=\xe2\xd2\xa9\x11 \xba\xe1S\x8c\x95\x0b\xe29\x01\x11\xa6\x04t\xe4\x0b\xa1(\x92\xc5\x82L$\xc2!\x9fXb\x14\x0e\x07\x11V*\xba\x9a\xc3oFb\x9a\xeamC\x04!\xd4\x9e\xbf\xfad2'
    b'\xef\x9c\x86\xf9\x10^d\x07\xf2gC\x16\xc2\xf9p4n\xe2\xc5c\xb7\xb0\xfe\x18\x9e\x93\x92\xff\x83m\xfaB[\\\xc1\xbc\xd4\x0e\xf0\xaf/\x96\x7f?v\x8b+\x94\xfa"\xac\xfa|\x8d\xe6\xea\xb2\xef\xf9L\xf7\xb4D\xd7'
    b'u*\xcb\xbc\x850\x87\xbbqH\xcfO\x8e\xa4 ~\xfe\xea\xc8\xb5\xf2c\x1a\xb5\xe5\x83\xe5\xfa\xeb!=k.<\xc7\\?\xa5\x9e j_\x94\xdc\xdeh\xf1o\xa0C-?\xd0\x1e\xd1| \x13\xec\xf3\xdcR\x1e\x06'
    b'`\xf4\xa3\x18\xf0>\xe3.\xc4\xe8\xc9\x8a\x81^\xadY\x1aN\xb5\\b\xe5\x9b6\xedK\xa2\x83\x0fq\x1bHt\xf6\xe9\x88\xbalh[\xcc\xe4\x02\x7f<\xf0\xba\xaeh\x8f\xf6$b\xa4\x94n\xc7\xf3\xcb\xb3\x9c\xa86\xff'
    b'\x1f,\xd3\x9b=\x1e\x98$\xb7\\k\xf7[\xde0\xff\xbe;\xf8]\n\xeaM\xdc\x89\x9a0Z\xbc\x03\x95\xf3\xab\x99\xe4\xef\xd5\xef(\xf3\xc1\xba\x95\x89V\xa7\x00\xcav|\x16J\x1cpf\xaa""0\xd7\xce\xe2c:'
    b'Q\x87Z\xc1:a\x84\xa2\x18\xe1\xf2lN\xa7\xc7\x10\xbc\x0e\x07\xd7\x00\xb6!*\xd3\xc8<M\x90\xb8o\xf1e\x0e\xb5\xf87Ws\x0e+\xc6\x12\xa6\xe7\x03b\x9dD\x8a4\x13X9\xa9H\xda\x0e\xd6x1\x9c\xcd\xc4'
    b'\xaeR\xc0\x128-\x15oG=\xe0\xf8,\x06\x08\xdd\x80\x05%K\xc1y\xb5+\xb5\xbc\x03T<\xcf\xe9\x18\x8f\xa4R\xf0Q\xe8jy[`\xa2\x10tD\xea\x1aX\xfb5:\xfa\xd9\xad\x12Lkv\x840\x8fhZ'
    b'\xda@U\xf8\xe7c\xbe\x8e\xdf\xca\x84\xe0"CE\xeb\xb8\x049_8\xc1\xe2\xb7\xf4\x82\xf7\xd0erw<]\xc75\xdf\x986\x0cY\xdc\xac/Z\x1d\xbe\xf6\xf8p\x01\x93\xe2\xfdp^q%\x95\xd7t\xc5\x9e\xe7\xb7'
    b'\xcfn8\xeed\xf0\xc5\xaa\x14qv\xbb\x88\x86\xf9J*\xa4\x1d\xfe\xc2h\xfd\xf9\xc8\x1e\x04\x07\x192\xb5a\xf8x\xa0XL\x8f\xa9\x03\x8d\xe8\x00f\xc2\x12\xc9\xc7\xa7\xf4\xf9\xafE\x07\xa3XnAM\xe8\x84\x8f\x9a\xef'
    b' N\x9eL\xc8A\xb9D\x03\x88x\xcb?;H\xf4\r\x03\x16\xdc\xd5\xa3\xab;\x95J\xdd\x80\xa7\xd0\xc2c\x9a\xed?\x8f.\xa2\xc8\x0e\x8b\xac\x86\x0b\x8dS\xcc#B\xbb\xce\x8f\x99P\xbb\xa0\x84oT\x1c(\xae\x842'
    b'\x1f\xf3luf\xf3\xe9b\xca\xa5\xa8\x0fE\x87\xb8\x92q\x90\x84U\x1d\x98G\xd7\x97|Y\xa8\x8dE\xe1\xb0\xf4\xe9zq\xbc\xa0{\xd5\xd9\r1J\r\xba\xc8\xab\xbcF\xa8\x82^\xe7\xef,\x1a\x84h\x1e\xb8]\xe5\xc6'
    b"\xc6\xf0.\x1a\xc9\xa5.d\x87|iYL\x8f0L\x07\xc2\xb1\xe7\xf4\xd0\x8df\x93|\xeb\xba\x03\x0bX\xda7\xe5uB\x9f\x938\xe8h`g\xc4q\xba'\x02\x12B\xfc\n%\xea\xe8\xde}\xc2\xccf9&\xe9'"
    b']\xeb*\x17;\x19\xae\xf7\xc9\xb7p\xbb\x93\x8fW\xc9\xc7\x04\xb4\x1b\xed\ro\x92t\xe2Lv^\x14,\xf8\x0ci\x93\xb7\xea\xd7\x85\x0f\xce_B\x15\x17\xea\xe2\xa57.\x99\xbbC\x034\x04zZ\xc9\nH\x11\x8e\xa9'
    b'`Z\xe2\x7f\xe2\x11\x8b\xe1Yy\xa4\xd5\x97\xea\x1c\xea\xaed\xb3Ft\x87W\x13%\x94\x91^OC\xf07!\xaeNR\xc3u\x05\xf0\xa3\\\x8f\xaeG\x81\xfa\x0f\xdbjd\xa5\xd2N\xa3\xce\xe3anb5V\xc3;'
    b'\x85\xf3\xd2\xb6G\x8a\x9bv\xde/\x16\xbf4x\xd1\x18]\x91\xbf\xcd\x8fh\xddw,\xe6\x8c\xf1j\xf2E\x95~J\xfaA\xa2/\x9c\xcb\x84\xeb\xa7N\x90\x88\xa57\xffR\xdb\xaa\x12\x80\x80{\xa7\xf4\xc6\x87\xc2\x89\xbf\xb0'
    b'\xa7\x84\r\xa8\x18H\x96\xaa\xc02n\x97\xdf\xca\x02\x8en\xda\xc7af \x95\x1e\xc1\x06\xf1z\xc4\xac\x1duh20W\x04p\n\x1a@\x046\t\x82\xd7\xc6\xd7\x12p-\x92:\x86\xca\xcbG\x12\xa1\x90\xb5\xf8\x83\x9b'
    b"\xb9\xe0\xb9=-\xbfx\x9c\xf5\xba\xdd._\xb6\xba\x1a\xb0K\x12\x9c\x8f\xa71\xa2]\x9c\x10*\xb1\xe9~!\x82\xd2\x97\x8e\n\xe8\xae\x19.\xdeR_\xe8\x8aUr\xfb[\xb1\xfe\xb3;\xb5'\xbc\xce?4\xd9l\x9b;"
    b'\xd0Zk_\x04/!\'\x15\x9c\x88\x07\x8e\xf7\x89\t\x9b&|QR\x89\x915R;\x9a$!\x82\x13\x1c_\xa5\xb4An\xa8\xb6p"\x00\x80\x1c\x94-\xe2\x9c\xa8\xa0\xf2{\x89\xa1\x9cK\xd2z\xf0\x99\x00\xeeL"'
    b']\xb6`R\x8f\x17a\x05K:Q\x10\x0f\x95-9\x93h\xd1\xb1D\x0f\xa8\x07\xc19\xd7\x9bE\xfaN|\xaau\xa4\x1b\xc3{\xc4+\x99\x8e\xbaSb\xa4\xc2\x99`\x1b\xe9l"[\xde\x82Q\x85w\\\xcc\xd3Z\t'
    b"q\xd2\x18\xf0\x1b%\x13F.\xa1\x95\x18\xb8\x9a\xc2GW\x88\xb7\xc9\xe0k\xd2\xff\xe1\xb2\xf8\x82\xe4\xd5@A1\xe3A\x04\xaa\xda\x1a\x93\x08\xd6\xe0K[\xad\xcbx\x02\x0e\x00'\x81\xc5\xb8\xb0;\xd9M\xaa0*Ud"
    b'}[>\x99\xccp\xb6\xaaL\x1a7/\xd6W\x19\xba\xaa&/\xd11\xd5\xfa\xa8\x05\x84!.\xe6\xb7\x1a\xf6\xc5k\x89\x12\x07)\x1f\xa6TPga\xcc \x19\xb8\x9cN\x05\x08\x96\xdbA{\x01\xb8_\xac\xf4\x9f\x8d,'
    b'\xb0\xfch\x11.}\x93\xc5|:\x86\x9b\x186\x92\xf88[nQ%n0\x962\xe7\x95k\x92\xa8\x08\x8b\xa8-1; u)Pm\xd8\xf4\xd7\x17\xd0/\xca\xfdf\x1d/\x93\x90\xc7\xc7\x8cVg\x93\x00\x02P\xe7'
    b'\x84\xa2\xee\x1a5\xa1\xc2\x15\xa9\xb6\x1c*\xdcv\xf0\x1a\xad\xf2\xb1\xc7\x968\xc0\xd4\xac\xd7\xa5MM\xef\x13|\xe6\x02\xa8\xfa\xf77\x10\xda\x95\xe9\xb5\t\x95\x97\x8d\xa3G\xd0\xf3}b\xca\xb7\xb4\x8f\xadR\x17\xb9\x9e\xf6\x8a'
    b'\xe4)\x0c\xf8\x92Q\xe3B\xd2\xcbU\xc9\xe7&_Dw\x14\x18\xa4}n \x8f\x00I\xad\x8b\xde\x8c&\xd5\xf56\x9a\xe3G\xa5\x9d\xb8\xc9z\x8fZ\x7f$\x03\xeb\x8fO\x9b\x14\x0e\x9b\xeax\x8b\x98\xc5p\xf7\xb0\x9b\x9f'
    b'\xba/B\x08\x11\xcf\xe0\x187=\xd00\xe7*\xd2*\x85\x1d\xa7\xeb\x1e\xf8\x1eD\x18O\xfd*\xa2\xa4+\xc9\x11\xe4X\xc8\xe2\xe4y\x92\xe1\x8f\xcc8A\xb6\xf5e#\xf5\xd1\x10\x81[\xa94yy\xc4^n1\xb9\xa9'
    b'\t\x1e\x8aP\x9f\xaeU&\xe6\x977\xc2\x12$\xe5\x88\xd5;\x9a\xd4\xach\x19\x1a\x7fd\xeb\x0fS \x98%P\x85\xafhV\x94\t>\xe3m+\xed\xce\xd9\xa5\xb4\xc6\x1c\x05\xcb\xc3t)\x8d\t\x1ec\x9a\xe94\x98\xc8'
    b'\x9f]\x06#\xc0R\xd1\xc2e\x94\n\x84\xf6\xff\x17\xf9\xe4\xc6K\xafA\xb0k;\x9f\xbecy\x10B\xa0\xb1\xb0\x9dE$\x1c3m\xb8\x107l@\xdd\xb6\x9d\xdb\xac8\x86~\x8a\x18>\xb4\x11\xf2\xd7\x87A4Mi'
    b'B\xfa\xf0\xb6f\x9e8\x91\x0cL*\xc5\r\x99\x9f:i\xf9\x81{6\xf3-K\x98\xe0\xa0K\x15\x89Ijp\xb0\xce\xc7c1 \x0c\xb8\x07\xb7<H\x83)\xdb\x1a"\x02\xe8d8d8t\xa2&*\xcf\x9b\x8a\x07'
    b'z\xae\xba~\xb1I\x86\xd5\xc7\x0cv0s\xc4\x1b\xcd8\xb8\xa8\xd8\x9f\x1fb\x9c\xb9\xb0\x02\xa5a\n\xda\xc1\x93\x18\x87\xfap28\xc4\x9e\x17\xc1)\xbb\xf1\xb0\x01\xb4T\x9eO\xf8;\xd5\x8c\x9b\xa7\xc2\\{\x11+<'
    b'\x88\xad!T\xe6{D?\xa7\x06\xc19\x1b\x06\xb4l}\xe3p\xd8\xa91\xc7\xdc\xf5\xe1 ^,\x84\x14\x7f\x8cf\x1d4\xba(D\xc2\xf7&aS\xd9\xb53\xfaK\xe0.\xf5\xe2\x93\xca\x94 T\xcb\xcbD\xef\x8e\x8b'
    b'\x974\n\xf7\x15Z.\x07\xde\x19\xa1&8\xa1\x96)rD9\xbe\x80C\xeeJ\xec\x82\xb6\x02\x17\x08M\x06\x06?_\xfb!X\xbfYH\x00?:\x88\xd8\xc7>\xac+1\x10\x99\x0f/n\x8aaB\xado#\xb5N'
    b'\xfa\xd3\xc6\xc5@\\W\xa2\x88\x80\xdfyH\xf9\xe8f\x16\xe3\x84U):\xfa>\xb3\xd0_\x8d\x8bYQ\xa6?\xf4\n\xfb\x0c)!on-\xc9\xcc\xf0\xb0sb\xf1\xca%\xd8\xfb\xbab\x92;\x94`Q\xe4\x82\x9dm'
    b'\xc6\x9f\xa5\x8b\x14\xdc\xd7\x15\xb3\x1bf\xe1\xd1\xac\x89\x87^\xdc\x1c\xd4\xafB\xcagb\x10\xdd\xc4S\xf7\xff\xab|\xfcN$\xe9\xa0\x8az-\x03G\nO\x92\xc4\xcf\xd4\xf1\x95\xe5!\xffm\xdej>\xfe\xf0Z^kK'
    b'2\xdc\xa3\xc2W[\x93\xe0\xd9\xc6d\xb5\xde\xf5\x10\x05\xb5xSD\xa7\xb7\xda\xd4\xbd\x98\xda\xae\xd5\xc9\x94C@\x83\xf9v\x97\xc6\x86\x08h\xfck\xbd@V\xe8o\x84\xc2\x8f\xbb\xb3\xb4\xaa\xf8\xd5\x11l \xe2y_\xde'
    b"\xde\x95\x93or\xf9\x0b\xbf/\xb1\t\xa8\x02\x06NLk\xee%'\xe5\r\xc2\xe9\x7f\xc9\x8b_\x98\x0c\x97Jn\x96#D\xa3*s\xbb\x17\xe8\xae\xa5\xb4\xb0\xe6\xd4\xe3\xc4G\x16\xaf/)\xb8\xdb\xaacD\x92\xea 3"
    b'\xb9\x8f\xfe>\xd5\xe31\xcd\t\xb0\xc0%\x07eT3P\x16\x04cnZ\x84\xf7\xb0bK\x9cf\xa4\\\xb0\xae\xc262iG\x1a$c\x1d\x13\x92Rl\xef%[\xc5Y\x8f\x9cX\xfb\xd8\xfapr\x9e/\x9a)o'
    b'\xec\xf3\xd6\xf2\xc8\xad\x14d_\x1a\x08\x19^$\t\x8c\xe42\x9c\x83\xf9+\x86\xff\xb8ad\xb7L\xde\x1d1/\x18\x13\xf2\xf5\x9fS\xb1\xac\x0c\xaem\t\x86\x93OiT\x06\xa9\x13o8\x18%\x8b\x89\x98\xfc\xf6\x1e\x9f'
    b'\xe85c\x9c\xc1\xd7\r\xc2\xc5\x7f\xdcL\x17q\xeeu\xac\x15h=\x0e\xc9Z\x07P2\x16\xb4\x1c\x12\xf4\xc3\x183H\xee\xf4\x9f\xcfwP\x04\x10C\xe5\x00\x98aj\x9b\x0c\x97O\r\x9548\x00\x1fH\x8c\x04f\x04'
    b'"\xd8A\'{\x15av\x12,\x1d\xd1\xf9\xb2\x18\x8b-\x95\x1d\x02\x0fRE\xebM\x99OH8\x8c\x11\x80\x08,\xc5\xd8\x07g\x06\xd9\xb2\x06(\x82T\x82\xb3\xbe\x9a\x01\xfe\x89\x85\x12\xfc\xeaO\xaf^~\xfbF\xf00'
    b'~y\xf5\xfa\xf9\x0f\xfc\xc95\xd1 <^[k\x02\x8c\xc7\xb3\xd0\xa2\xf0\xea\xb5vE3-\x15}\x9a\x0b\x13\x92\xa5\x18\x1e\xd4@\x8d2\xc4\x96\xd2mu\xc0\xe3\xeb\xaf\\\xb8\xe3\x06\x86C\x13\xdbH\x1aomX\x9a'
    b'\xd6\xd1U\xa8[\xc3E>\x1a\x1b.4\xa5-\x81"\xf2\xabF\xf8f\x01Fm\xe2#t0>Oe@mlOF\x039\xbf\x82\xd2\x92\xc5\xf4\xfe\xe3Ae\xd0\xa3\xd0NJ\x9c\x08(Q\xc5\xac8)\xe6(V'
    b"\xaf\x86\xc6k\x04x(n\xae\xaf\xf3\xf9\xed'Fy\x80\xe1{9V\xd0Z\xa1\xecF\xa5\xa1\x95]\xc0lN#$Hq\xe6x\xaek\x1b\xc7i\xe3\x84\xd5\xe0\xda\xd7|\t\xe0\xec\x06HN\t\xd2\xf3\xa3`'\x8f"
    b'\xcf\x10\x84\x1a\xe54\x96\xfbg\xe6\xf3K\x94X\x94\x9c4E\xf2\xae\xdf\x18\x0f\xbbU\x01\xbaO?\xaf\n\xe7\x0b\xbf>\xf8w\x15\xce\xdd\x90\x11\xb5\xd6\x8b2\xcd)K\xddB\x91\x8d\xf85\x9d,T\xe5Z\x844^\xc1'
    b'\xa9@]\xc44\x17\xcc\x7f\xe7\xe3\xb6h\x1fR\xdc\xae\x8ez5\x8b\xa7\xd6\t\xe8h[\x1b~\xb5\xb8\xa6LrS\x19\x9c\xfaK\xdd%\xda\xaf9\xdb\n\xa3\x82\xbfS\x812Z\x8c\x87>\x90\xd7\xe5Z\x83@\xe9JC'
    b'@o\x82\xf4@\x0b\xe5D\x86\xfd\x89\xbf\xfc][R#\xac\xd4\x00\x1b\x8eO\xffD\xb8m\x03\xdb\xae\x8b\xb4h@\xd9J\xa5,\xac\x88\xd4\x19\x02\x8bh*\x1f\xb8GS\xf4\xd2\x14\t\\\xb7\x95\x01V@\x91\xb1*Q'
    b"\xb2k\x90\xba\x1fj\xce~Z\xf6\x12\xa0f\x9d\xb2f\xa8\xaeU\n\xd3!\xb3\xb2\x04%;u\xd8\x1c^\x96\xb6\x04\xa4\x87\xcf\xa6\x1f\x9a\xba\xaap\xae^\x81'j\xab,\xbf\x9di\x0c\x86z\x94\xfd\xd2\xcc\x8c&\xb3\x9b"
    b'\x85\x0b\xf7\xa3s"\x15\x85h?\\"\x84\xf6C\xc8\'z\xf6\xde\xa6\'\xc4$\xe5\x97\xaeM\x06\xb6+\xbf,\xc1\xd2P\'\xf2\xba\x19J.\x8f\x9c\x0e\x0b}O\x87\xe5f2Z\x94\t\xc5}t=n\x91\nY/'
    b'\xb8\xbce\x14\xbdL$\xbcS\xed\x0b\x8f\xf1\x98;y\xb3\x08\x99a{7\x1e\xf1\xb8\x045\xef\xc5\xff\xcd\xde\xbb\xf7\xb5\x91\x1dy\xe3\xff\xfbU\xb4\x95\xdd \xc5B 0\xd8\x86a\xfc\xc1\x1e;\xf6\xb3\x9e\xb1\xd7v\xe2'
    b'\xcd\xc3\x10>\x8d\xd4@\xaf\x85Z\xe9n\x19\xc8\x0c\xef\xfdW\xf5\xad:\xb7\xbe\x88\x8b/\x99\xcc\xefIvc\xd4}\xfa\\\xea\xd4\xa9S\xf7J\x8f\x89\xe9\xf1\x1d\x8d\xe8\xebwhd\xf6\xd8lk\x95\x04HO\xd7\xdaZ'
    b'ikw7\xe7\x0e;\xde\x8b\xd3t\n\xea\xee=\x89\x19k\xd4\xf0\xae\xcf\x14\x0b6\xbcG\x06\x01<\xdd\xb3<\x12\xdd\xb3\xf3\xe9=\x964"Wo\x874\r7\x04@\x91\x17\x1d\xafM\xe5\xaa\xf5g\x04\x9d\xb77\xcf'
    b'l\nh\xd4y\x90k\xf6\xa4\xa5{Mg\x8b\xf1\xd7\x04\xdcx\xdd\xf4\xc4\x99\xa1\x8a\xd0\xd7\xb9\xd1\xf0\xbe\xf5J#*#8C\x7fx\x17\xdb\xb5\xaa]Y\xf3\x81\n\xa6\xf5Oe\t-/\x05v\xde\xcb\xda\x1d\xd2t'
    b'\x8fB\xb0\xf1\xb2sF\x81\x15G\xbc$\xd8S\x93#\xe8r\x82h:\xd3b\xcd\x92O\x12i\xbd8\xd1\x98\xcd\x15I\x1c\xe0GUK\xf9\x07\xc9XS~\xa4\xd7]\x97-\xc7\x04r\x7fW|:\x8eD\xc7\xb24\\'
    b'[\x8aT\xb1\x82\xbf\xd9\x9f\x82h\xec\xce\xd2j\xb4\x1a\r\xd7"~\x16\xe7i\xbc,\xe9fw\x96\x98\xd3_\xfa\xfe\xbb\xe3\x08\x11\x07tC\x9e\xee,a\xbc\xa4\x1b\x1830\x14\xd78\xda\x8c6{\xf4A\xceV]\xea'
    b'w})\xba\xa0\xa1\x96\xcc\x046\xbd\xf1W\x97\xa2\xfc\x1c/\xd9\ryg\x89\xddi\x96\xc2jR\x9d\xa2\xccI\xa6\xdcY\x1a\xcdsv\xfe\xe2\xcc\x03\xf9R$O\x97\xcd\xa2\x06\xebK+n\xc8\xfb\x83\r\x0c\xfap\xf0'
    b'\xd0\x0e\xbb\xee\r;\xb8_\x1dD\x86\x0f\x86\xa0\xfeV\x8e\xe9\xff\tv\xdfw\x9c\x87\x8b\xf8P\xb2\xee\xdbV\xe9\xb1\xc9\xf5\xc4\x9f\x96Y\x9e\xd3\x84OE2V\xd9Nb6\xd3\xc2\x9a\xe7QJ=f\xa35\xac$\xdc'
    b'\x15\x12\x8d\xb0\xe6\xdevcbh\xe1@\x06G\xa3yY\xddy\xf6\xf0\xa1\x19uEy\xec\xb6\x1e\xb9\xdc1\xd7\x9d\xc8\xb8{1\x17\xe4e~\x0f\xf3\xc0;\x87\x98\x9e\xfb\xb8\xd8s-\xf6mO\xfem\xe4!\xf7s\xba'
    b"\xf7D\xf4;A\x02\x08\xcb\xc5\xaa\xd5\x94{\x82\xcd\xdb\xa8\x97evJ@\xdc\x84\xa1\x9dr5\xaa\xf4\xe4\xecX\xb6qo\xb5\x1f=\xa2\xff\x1f>\xe4`\xd9\x07H\xb0\xe1'nW\x1a\x14\xf8\x82\x1a\xc648(\xda\xf0"
    b'^d\x89\xdf\x1f\xc7\xc4\x84t4fW\xc0\xe9\xfb\x98\x9a\x9e+P7\xd7\xf7e\xdf\x94T\xe3\xfaw\xf3Y\xc5\x0e{\xca\xfe\xb9\xc9\xd8H!2\x91j2{\xf3\x9c9W\x17\xe5&A\x08;\x91\xa9F\xf3\xc7?<'
    b'\xdc\xbc\xbf\xb9\xcd)\x1b~\x94p\x82 \\!\xf4\x8b5\x0e\n\x03\xdbM\xc6bg\x9b\x90\xdfy>Ig\x01^\x07\td;U\xa1,\x10\xfa;\x9e\x02\xa2\xd3\xb74\x81\x8b\x83\x1f\xaeJ\xbap\xdf(\xcb\x1c\xa9\xfc'
    b'Ep\xb9\xf3E\xab\x8a\xb2e\xcav\xddkY\xac\x88\x90"{u\xde*\xe8\xd9\x05\xd1l\x83I\xde\xda\x0b#\xb2\x9d\x86G\x08zXC\x9a_ \x83\x8c(\xbf*vrS\xaf\xb71\x8d\x19\xc1C\x8b\xa47X\x93'
    b'%qZ\xd5\xa4\xdco\xaa\xbe\xd7\xfc\x9f\x06Cs\xb5\xcf\x8bk\xb9\xbdm\x05\xd9.\xfd\xa5\xec;\xeb\xd1u\xcc\xba\x16p\x88K\xee\xd2\x8d\xe8\xe7\xbe\xe7\x9f2W\x931\x98f\x8c\x96\x10b4\x96\xd9\xee\xf2\xb6\xb5\x02'
    b'4\x05>\x11\xb9\xab\x876\xf9\x05Y; \xb1\x82\xf3\x82\xe56\x1dM\xb3\xcd\xd8\xffX\xe6o\xdb\xf5\xdc\xf7\xces\xbb\xc1~\xbd\xa8\x0b\\\xa6b3\xefx\xe9u\x1a\xcc\xdd\xb5N\xdc\x0c\xb9\x0f\xb6\xb5w\x82\x82\xc1\x81'
    b'\xb5\xdf\x83\x80o\xd5\x1aw\xaa\xe9t\xc2\x02\x13\xa2\xba}\xe3\xbe\xd0\x1c\xdb\x02E<5)\xbd9q9T\x96?\xbc\xfe\xcb\x93W\xcf\x0e\xfe\xfc\xeaoo8\xfa\xf3K0&-\xc8\xdf\xb1\xcc\xc0\xb0\xc2\x7f\x8090'
    b'\x03\xe1G\xe3\xe5\x7fe\xbf\x9b\xcad|\xf9\x9ee\xc6\xe8\xff+\xcd\xf9\x16}[F\xa8\x81\xd8\x857\x7f\xd5^\xd3v\xff/\xb2\xd18\xb6\xc3\x18h,\x7f\xe0*.+\xed\xbc\x86\x9c%M+\x82\xaf<\xecx\xef\xbd'
    b'\xc2\xa8&\xbe\xcaO\x9c\xdc\xaf%76\xd9\xc1m\xf8\x94\x86\x80\xa3S\x9fD\xb6\xa4v\xae\xd6\xd9\x9b\xd1\x01+\xaf\xadZB\xebf\xcd\x92\xbc\xf2\xd7[\xbdn\xe2\xb2\xae\x0e\xd2\x0e\x15\n\xae\xc2\x95<_\\\xab+\xe8'
    b'\x9fz\xdf\xf6\x9f\x9f{\xe5\xed\xf4\xd1E\xf0\xa8\xa1n\x96\xeeIX\xe2\x95\xe6\xe1i\x8eX\x8e\xba\x98Ij\x14\x95\xba\x1b\x12\xe1k\x1e\xe0\xbeW\x9f\x18V\x1eM$\xaf9\x06\xcf\xe2"\xb8\x8f8\xb7}\xd7\xcf\xd2i'
    b'X\x9ef>SK j\xc5z\xfeN.\x99s\xdcY\x17\x80\xf2y\x00\x81=4\xde7\xb1\xe4\xfa3h!\xa9<=\x8dS\x1d\xd0\xaeJ\xd3\xa5\xefZ}\x8eWF\x7f\xa6\xec\x82\xcd5\xdd\xe9\xeb\xfahJ\xce8'
    b'p\xd1\xf0\xcdE\xc37\x17\xfa\xcd\xb9;/\xe2u\xe02\x1b0\xc7\xa8\x15f\x98q\xd4\x1e\xf8\xa3\x8b\xf6\x8fH\xaao\xfe\xe6<@\xe4JE\xdb\xe2\\\xec\x11\x8c\x0b\xe9\xc4\xe4\xa3LJ\xe7\x00U \xa4\x15N\xc36'
    b'\x02AE\xaf\x19\x07\xe6\xf9\x85\x0b\xc0\xear\xc8y\x82[s\x10=\xa1m\x91\xde\xe1\xd8\xe6j9 \xf9\x9cFmJ\xc6?M\x7f\x19\x137r\xa6Y\xc6\xa0BG\x1c\t4i\x15\x86\x87=\xc6\xc7\xb8\xa5\x1d\x05\xb0'
    b'\xa5\xc4\xe1\x92\xd61\x17\xb9\xe5w:\x9e\x1b\x07\xd4\xe2V*\xda3\xd5\x15\x88\x90J\x99le\x9a\xe8\xd1[\xf9\x0bOO\x8d\xc0`D\x87\xfd\xfd6Q\x00H\xc83\xda\xb7L[[\xd3\x06!\xc9\xfb\xda\xa0\xf0"\xa9'
    b'\x83\x1d\xb4=\x81\t<\xb0\x05\x83_\xb0\x02\xb0\xa8\xc8$\xad\x1cpG\xc4t\xb8\x90\x17\xdbF\x92\x82l[M\x1f\x10\xa9\xdb\x1dc\xca\xf4\xc2\xe2\n3=\x05Is\xb6\xc2\x98\xb12X\xa1\xcd\xdf\xac\xb1\xbfY!\xf3'
    b'\xe6\xeb\xb9\xddIU\xff\x1b+\xdb\xf9,R_\x0f\x8962B\x9ez\x1d]\xb9\x13\x9e\xe8gGY,\xfa\xb1yWPZ8\xb8\xf2,\x95\xc4^H\x16\x80K.F$(\x1f&$^\x97\x8c\xfa\n*I\x06\xde'
    b".\x8et\xdc\xfeZ'\xd2\x0f\xb6\xe6%nX8\x87j\xed]t\xb7e\x92\xea\xf2\xb4\x90\x87\x11.\x8f\xec\x88Ux)#\x8c\x857\x95\xb9~v\xa1\xec\x02\x89=;\x8de\xa5Ej\x14\x12\xdcW\xcb\x1dS\xd2~"
    b'tn\x7f^\xf0\xcf\x0b\x93\x83\xc9\x11Y\x9b\xc4@\xdb\xfd<_\x1b>\xba\xaf\\\n\xde9\x02\xb9+\xe8ccND\x98\xf2?\xdc\x90\x0fA\xaa\xecg\xa0\x17\x0b&\xae\x1d\x08\xb5\xe4i\xca\xb8}C\x92\xe0\x12\xc0\x99'
    b'EQ\xbbE\x1f2\xb3\xdd\xeb-\x96\xfd\xad\xa7A\xa7\xbf@\x10Vo\x80@\x9e\xf6|$\xac\x86\xf4\x83f\xe4\xb5o\xb8\x90&{\xd0zu\xbf\xb4\xce\x8b$*\x15\xe7\x0b\xa2\xc2JA\xd8]Vk\xf0H\xe8:\xba'
    b"y*\x9f\xf8\x99\xce\xbc1\xe2\xc2O3\xc9\xc1\x9a,\x95\x8b\x99c\x9a\xe8%\xe1\xaa[IZ\xac>\t(D\x8a\x86t[L\xd8\xfb)E'w\x8c/\xa1\xed\x8b\xa9\x8a\xeb\xca\x8b\x9b\xc7\xd8\x88\xff\xe8\x9e$\xe7\x9e"
    b'E\xfb\xf8\x10\x8c\xf3\xf9\xdb\xe3C\xbc\ts\xd0\xd8(=j\x07\x8f9\xfew\xa8\xff\xae\xed\xbbtOHvaB\xccyE[\xd1\x9e\xa4{\xe0\xaf@\x9a\xb7\xa2\xa1ou\xd2V\xd4QU\xb9\xe6\x89\xe7\xbe\x1d$\xfa'
    b'S\xb4\xb6\xb1\x11\xad \xb1\xc66\xb4g\xda\xaf\xa4+\xa1\x97\x97\xa1\xe6PV\xfd"9\xef\xf2XF\x8b\x16\xe8\xad\xbdZ\'\xdc\xe6\xfaS\xb1\x1a9\xd5\xdbT\x06\x05N\x1e\x1e\xfby\xc7$o\xa9\xbf\x13\xf4\xbe\x12='
    b'\xd6X\x84\x05\x9f\x0exz.u\xeb]I7h,x\xc7A\x15\x06n.\n\xc7\xefPW\xcf\xa4\x12\x8cT\xf1\xe3-\xc5o\xec\xc77\xd8\xf2\xb3\xce\xffX\xb1L\xb1\xd8U\xeeR\xcb\xaf\xe3\xcc8\x92kI\x132'
    b'\nk"W_P\xd5J\xa9\xa9T\x10\x03N\x9b\x94<\xec\x96\xa6e\xb5\xb4\x98Z\t\xd8A-\xad\\\x8f\x9c0\xe4j\x84\xab\xb9U\x94\xebdt\xae\xe9\xd4\xe4\\\x97,\x9d\xf0\xc5\xe5\x00Z\xef\xb8ii-P"'
    b'D\x11\xb8\x95X\x83\x0e\xd7z\x01k\xca;\x02\xe3H\xfc\x11\xe5a\xe0?-\x1e\xb8R\xc8\xc9\xeb\x18\x8c\x9f\xcap\x0e=\x1c%\xb8\xa92\xfb\xf67\x8d\x8c\x87\xda\xe0>\xbe\xc1\xef\xba\x03\xe0w\xac\xdf\xe1\xbb\x0f\xbb\xef'
    b"\x9f\xbex\xf6\xce\xab=PG\\\r\xf2\xb0m\x14\xears\x14\xf5\x1a\x95.7\xa6\xc5\xd2z}!H35\x8c\x0f\xb2'@\x00\x12\x8f*\x9f\xd4JB5v\x9c\x97\x89l\x7f\xae\xbb\x8e\xc1]\x80K\xd7\xd4V8"
    b'\xc91\xcb\xa60\xf1\xf5DkS$\xb6I\xb6n( |\x17\xeb\xfe\xe3\x1f-\xac]\xb9\xf1\x8a\x88\xad\x1fW\x8b\xe8R\x1f\x9a\xe2\xd9\x07z8\x97\x9aXN\xe8\x8dD\xc0^6G]f+_\x14%S\xceHc'
    b'\xa3R\x94\x1c\xc8\xd5\xaax\xc7!;\x16ne\xbc\xc8\xf7\xe6\xd0\xc0\x8b\x9aU\xec\xcan\x9a\r%y\xa9\xb9\x1fw\xaf\x04A\x02C%A\x8f\xbbp5\x05\r\x89t~o\xd7PF\x1c\x1e[L\xe4[\xc6\x03l\xdf'
    b"'\xc36\xe6\xaf\x8e\xb4^\xd2\xbc\x16%E\xd5\xe1\xcb+A}\xe9\x0e\xa0a9\xae\x83{\xd2\xb8\t\xf3\xf4M\xe8\x94\x87gR\xd9}&\x1e>\x91A8\x170\xa1\xf0uY\xef\x15\x8aK6\xc4A\xa7\x88\xe2\x0eF"
    b'\x97\x05\x02.{\xe22\x05\x99\xca{*\x13\xdbR\xe2\xd6\x85\xcbV\xdeC\xf5\x0c[zOoF\x9edO\xb6\xc7\xd6\xfb\x0br\x10\xba:H\xfa\xbag\xd6-G\x86\xd0\xe0MN\xbd\xe4\xe5E\xb7\xb3\xbc\x0c\xc4\x1d\x1b'
    b'\xc1\xc8~\xe3\x03\xd2\xb0\xc5\xf2{\x0b\\\x98)Ka/\x13\xe5 5/<\xd1\xb9N\xb8y\xef\xafs\x0cl\xd3j\xddq\xdd%oVA}j\xf3\x99?\xedE\xf8\xdd\x84\xa8R\x136\xb048\x08\xba\xe3\x10\xbc'
    b'\x90\xf6\x0e\xab/\r\xbd\xad\xcf\xae\xd7(OP[Ib\xe8\xb6\xd6+\x80\x8e\xa8\xb4kP\xf8H\x9aV\xab\x9b;\x98\xd9\x14<#\xc8\xc9t\xbb\xef\xf2\xf9\xad^Da\xd1\x82k\x0c\x8b\xa6\x95\xc2\xbd\xfc\xc8\x1b4.'
    b'\xaf\xd7U\\V\n\xca\x97\x1d\xfbB\x10Wc\t\xa4\xbe\xf3\xe0d\xce\xc9G\xd77W\x03\xbe\xae\xf2\x89p\xf9\x92\xcaM>+bdqk\xfd\xa2\xe9B\xa9AI\x96\x1d\xb8\xa9\x96\x1e\x00\x99\x89\xba\x96\x9f\x95\xa7j'
    b"\x80b\x96\x93@\x94]b\x0e\xa7e\xa8\x15=\xe4\t\x15\xa6\xe6\x03'|y\xc2O\xa8\xfd\xd3\t[\x8b\x91~.H\xda\x17\xa6\xfac\x11g\xd5$%I\xa7\xdda?\x92a\x08\xe6\xfc\xfd\xff\x10|d\x8c\x81I\x05"
    b'\xa8?a\xe2\xe8\xb5\xe6\x03\xbc\xaa\xe3\xbf\xb9\x8e5_\xa0\xfe\xd2\xd41\xbd\xed\x05\xf7\r\x16+u2\xba\xba\x9e?\xf1\x8e\xf7#\xdeO\xe8\xfd\x9a\xef\xa1\x1a\xca\xd8\xaf\xab\xfb^\xc7\x15\xacna\xc3\x00E<\xc2\x8bs'
    b"\x988/\xc7\xca+\xcdJte'\x97\x1e\x8aeS\xe0E\x92+\xcc\x1d%\xab \x894g\xd2.\xed\x9fJ\xee\x03\xdd\x0b\xed\xe4\xe5\xd8B\xa8\x86n\xc1\x9d\\\x19\x1c\xc5|\x16\x0cnK\x96\x0cN\xe2\xe2\x8a\t\xf4"
    b'n6\xf4|\xb68\xbd\xb8\xa1|\xa1\xa3\x19\xcb\x1b\xee8\x8ads-\x8f\xb9H+\xf2\x06\x94\x88\xf6\xd4\xfa\xb7\x9b\x06\xd7r\x98#\x1c\xee\x18\x0cg\xc40\x1c\t\xdfm\x1d\xf7\x98\xce\xd0+)\x13\xbf\x13=p\x8f\x8b'
    b'Y2\x99\x10\x97.W\x98\xe3\xa2ZQ\x0cC\x98\xbb\xfa}\x90\xf5<J\xce\xe3\x11\xbcL\x0bY@?\x1a\xb3\x1f\xdcH+\xb5\x92P:\x99\x8f\x93\xb17\xab6\xafE\x8f\x10\xa8\x1f\x86\x9dP\xad\x14\x8aV\x96\t\xcb'
    b'\xb3\xf8Y(V\xfe\x1e\x94_\x91\xea+\x88u\xf0\xaf\\Q\x16\x88\xe7l+\x1fY\xdf\x17\xa3\xee\x11\xcb\x06\x97\x89&\xba\xccq\xf6~\x85,\xcdWi\x1c\x06-\xd7\xdc\x970\xef\xfc81\x8c~\x9eq\x19\xe5DS'
    b'\xe1*\xc3S\xb7:\\y\xd1q\xcb\xc6\x9b\x9a_t\xbc6\x01\xbb\xcf\xab\xf3#V5\xc5\xd9\xb5F4\x94\xa7iP}\xd7\t[^E\xa3L\xbb6t\x93t\xf7gl\x908\xd4$Vm+\xd3\xaezm\xa7\x99'
    b'?0\x81\x00U\xee\t\xad\x83\xb4\xc8\xce\xa5\xba\x92\xf7\x1fJFQ\xc4\x9cHx8<\x05\xcbL\xc5\xa2\xdf\xb2\x8bt]\x89\xe5\xb5\xf7"\x0f<\xd1Y\xd5\x1e\xff\xffr\xa8\xbe\xd3\xc6H8\x06\xce\xd6\x8fm\xf4\xb6n'
    b'\xe2\xe6\xc1~\xe5\x9a\xa8\xf1\x1aW\x88\xb4\xad{]\xcbl\xe4m\xc7kx=\xd7kK\x97\xf4Bi\xf8\xd8s\xbenx\xeby_\xeb[sv\xebX\xc32\xf0\x13=*\x90u=e\x82\x1c\x98\xeby\x1a\x92\x08\xbd'
    b'\xf8<\xb6\xe9#\x9bm/\xd2\xcfb\x03\x8a\x0b\xcc\xec\xf4}U\xb5\xd1\xe85\x99Nl^\x88\xc0\xb5\\"Mm\xcdG\xb8:\x90\x10\x9f\x9b\xecY\x08\x03\x97\xa4XG(\x99%e*\x11\\b\xd3\x16\xb0r\x18\xf6'
    b'\x8f\xccV\xcb\xd6\xac[\xa2$\xa2\xbb\xe7SR\x849(x*\x98\xb3f\xb3\x90|\x1aM\xae\x8fa\x16\t\x93\x7fEt\xcb\xac\x0e\xe7\xa7w\xc2\riK \xc1[.\xd9J\xe4\xf30q\x04z\xab\xf5\xa5\xe1\xe3\xce'
    b'\xd1\xa8W\x8b\xc3\xc6H\xd8_(\xc6\xa0Uq\xcf8pZ\\\x85\x9d\x03\x9dKBB\x9f\xf3\xbf\xf8\x86\x0b\xe6\xb8\x18\x7f\x8c\xe82\x0e\x04\xdew\x9a\xdc\xe5\x06\xa9\x06<0\x07}\x05\xc9^\xbc\x04\x03\x18\xfdz\xd9\x05'
    b'\xfc\xae\xe5\xf6s\xdd\x9f\x98\x82Va\x87"u\x10\xb0k&\xe0\xeb\xa4\x16\xf0Q\x86\x15Y\xac\x88\xaa\xe7\x16h\xd8\xcd[9\x08\x87\t\n\x9a\xfc\x1bMj\x97Y\x92p\xd5Uq\xf8\xc0Q*3\xeb\x02\xa2u\xe9\xc4'
    b'\xd3\xa3\xaf\xbc\xd51l/(V\xef\x92\x81\x1dK\xee\xcb\xf9\xb4\xf4\xce\x0c:\x7f\xc5fY\xfc\xa55\r\xaa\x07G\xcb\x99\x05\xf6\xdbw\xdc\x1e\x05S\xfc\x0f\x9b\xe0"\xa7\xe0\xb1D\x8e5\x9f\xbd\x8e\xe6\x0e\x9e\xb1s\x14'
    b'6\x06\x98\xab\x89O\xf1\x18-:\x0b\xdc\x83%7c\xcf\x94\x9a\xacz\xb6c\x9a\x10E|\xb8\xf3\x83\xa62\x8d,1\x1a+\x14\xea\x92+mY\xd2De\x92X\';\x02\x99\xd2"\xae\xfdJ\x12\x18\xd9\r\xa9D\xc4'
    b'\xcaJ\x8d\xbd\x80\xdf\x02\x0cK-\x15\xe3\xfb6\xf3&\x82\xd88(\xda\xcf\xb9Y-\x0bxSS\x11\x00\x11z\xee\xf0.\xf4e3\xe0\xa3c)[\xdf\xa3rx\xc3E@\xf8v\xe8\xc8\xa6\xca\xa6,\xf6\xe0\xc1n\xf7'
    b'\xdb\x1d\xd7\xea\xff\x01\xd35Ig\xac\x81\xd1\x107\x87,tt\xdb\x13\xf9\xfc\xfa\xeb\xb5\x0e\xa6\xdf\xa9\xa3\xe2\xf5\x9e\x91_h\xbb\xb5K\x88\xee<\xcf\x9eO\xee\x03\xee\x938#\xe2\x8f\xbc,B\xc2-\xb5\xf7\xe9\xcd '
    b'\xf4\xbb\xab\xfeg\x81+\x93&\xf9\xd7\x93\xd4\x8f\xcc1\xd2\x92\xc2\x9a\xd3\xbd\xaf\xfafA\xe2\xd8\xcf5\xa4\xa9\x8d\x16x\xd2\xc4\xe6<\x1a\xac2k\xaf@P\xf0\xc5\x95\x91w\x0e~\x0e&}T\x8bm\xc1\x0f/\x8f\x9f'
    b'>G-\xde\x00\xde\xc1{I\x0f\xb9\xe8\xae^\x1d\xacn\xd8\xaa2A\xea#\xefH\xe0\xd8v\x10Q\xc3\xb7\x9fz\r\xe1\x0c\xf0\x01\xe67/\x8c\x03Rg\xbf=c\x05\x1d\x99\x04>p\xef\x92R\x1b\xef\x1bs\x81\x0c'
    b'\xcb\xaemf\xb4\x1b\x1c\x92(\xe8\xe4\nd1\xe6 M=\x1d\xe4\xb3\xefv\xf68\x02|\x19\x1d\xec`&\xfb\xac}\xb0n@\x848\xe9q\x88 \x9d\xebu\xc6\x90\xf2\xfa\xc2\xe4\x04lU\x9f\xae\xb0{NQb*'
    b'\x9di\xed\xf1\xd3\xe44\xcb/\x06\xd1\x076\xe6\xfbq\x02L~\r\xa2v\xc4\x03\xec\xc6\xf3\xa4-\n\x97\xac\x19\xb4\xa6\xb6\xf6\xe0"\x8al\xfd?\xcde\xed%_7\xd9\xf6\x8b2fK\xd1o\xc4\x81l\xd1\xa5\xef\x92'
    b'u\xa0\x10\xdfu\x07\x0f\xb5\x0e\xffT}\x0b\xfej\xf7\x01{\xaaI\xffM\x86\xe6J>H\x83\xdb $I\x19\xa4+\xd3\xday\x15z"_|XHQ\x16\xd3\x14\xed!\xa4\xe2A\xe3 \x11mP\x9c\xafq2/'
    b'>{2/\xae?\x99+\xe0\xfd\x81\xed\x11\x0cn)\xb3\x03\x86L\x82n\xb0\t\xda\xeaE"N\xadZ\x1dp\xd1\x8d\x1a\xf6\xd0\x0b\xd2k\xffK\xa5-\xe6\x1e}\x16\xa5\xba\x8aF\xfc2\xd328\xc0]q\xe8\xe0\xf8'
    b'\x81\x1bD\xb7\xa4i\xae~w\xb8#x\xa6\xd6K\x15S:\x0b.\x93\x85\xc2\xb8\xa6:\xea\xf4\xab\xb2\x81/\x85\xd7d\xdfj(\x0cR\xcb/\xe6\t\xa5\xf4\x80\xa4\x908cu\x86\xfaa\x14\xf1\x05\xab/\xc6\xc9\x04%'
    b'n\x0b\x9b\xc7\x90\xa4\x0f\xa4\xea\xf4\xaa\x08\xf16\x19\xe7!\x92L\xde\xf1\xado\x8aE\x0f\xeaI\xc6\x88\xd3\xba+\xef\x80rV\xd1Fr\xed\x07\x8d\xcai\xfb\x14\x9b\x1f\x88\xc4N\x1a\xd6\xd5<1l\xceLkr+\xe6'
    b'\xf8r\x90\xcbK\xcc:m\x1b\xdf\x0etC5#!\xca\\>\xf6\x0br\xcdv\x81}\x07\xa6\xff\xc7<\xff\xdb2\xcf(9\x9c\xa0\xfaF;\xab\xdc]\x80\xc9^\x98P\xb1\xa4\xc7\x8e\x13\xeb\x8a\x07\xbfI\xe1}\x16\xf3'
    b'a\xfc\xa4\x05+\xbc\x88\x99\xaf\xc5s\xb3c\x97\x9c\xf5~\xf4\xcf$\xcfx\xad\x13\xd6_\x8a\xf3\x8e\xa0\xa4\x9e\x18=O\xf0\xbf\xd4:`\xdf\x82m\xb7\x05\x8cGI\xe8\xb4\xcfZ/\xe3&=\x19\xff{r^\xbc\x06\xa9'
    b'\xeeps\xdeK\xbf\x155\x88\xfc\xdd\xc0\x0fh\xaaN\x17\xcd\xbf\xbe\x81h\xfeW\xac3\xec\xbbd\xc6-\x91\xfcP16\x05st\xde!\x0fa|\x1c\x13\xef\xecR\x11\xc3\rW\x05\xc6~m\xec\xfb\xf71\xf6\x1b\xab'
    b'~\xd4hK\xa3\xa4\xacO"x\xdd<\x11\xce(h\x12Fk\xceo\xbe\x1f\xf1\xb3i\x12\x0f$\x9d\xc1\xf3@o\xa9\x90\xc0\xad\xdd\x02\n\xb9\xd1\x9b\xa6\xb0X[\x1aR\x8b\xc7:\xe1Z\xf6k\x01\xa4\xa8\xf0\x12&G'
    b'\x1cV\x16s\xfe\xc7\xf44\xb6Z Np\x8a\xdd\xae\xe8%\x89\x8a\xfc\x84<\xdbV\xb5\x8bc\x80\xed\xcb\x8e\x8e\xb6\xaa9\xb5\xd5b!)\xb9\xe5\x92\xe7\n\xebe\xc8>\xdd\xbdB\x0f\xdcs\xd5zO\x16gSt\x86'
    b'\xb3\x93z*E~$*\xdev\x1d-\x08e\x84 t\xdb\x8b\x91\xe2\x16|\xf6Ni:-\x12\xe5\x91l\x14\xa6\x04fI\x02\xf4k\xebx-\x94\x05\xae\xb9\x0f\xed\xb6\xec\xea\x1d;]\xffp\x1a\x06\x9cW\xee\xc5\xec'
    b'\x94\xcf`Dvt\xdc*\xbd\tcW\xdb\xe9\xb8\xd3\x8d\xebu\xc8\xb7t\x8d*\x13@\xe4\xa5\xf1\x12&2\xbc:\xd8\x90\x90 \x1e:\xc8\xcf\xd6\x02\xd5\xc6\xe5\xe0\xeb\xe6W\x10\x1c\xaeT\xc1\x9b\xbb\xd7;\x00\xbe^\xb8'
    b'\xe3\xe4\xc5\x85]Yx\xd4\xe0\x1d\xde\x8cF\xc7\xdf\xe7;\xf4t\xa1>&\xb4\t\xb4\x83w\xa7\x01\xbe\x16\xc2\x9e\xd9\xbe\x0e\x9c\xea\xe2\x11\xe8\xd0q"V;q\xe7\xfe\xae\x0e\x95\x82\xb8 \x91R\x8dV\xb3&c\xdf\x99'
    b'z\xf0\xda\x14A|\xcfj8Fb\xd2\xc3\xb1\x1c\x91\x96\xce\x1e\xb8\xeb\xe5<\x87S\xba\x14\x91J\xf2\x823G%\xf1X\xcc\x7f\x9a\xae\xad@tS\xa2A\xd5"\x95H|\xab|F\xdc\xa1\xb5yJ\xf1\x1d\xe2\x97\xb8'
    b'fZ6\xf3\xa4!\x19\x10Kr\x9e\xf8He\xc3\xcc\x98\x11/\xe0\xbd.\r\x0c\x1e\xc9{\xda\xc7*\xd7\xe6R\xa6\x9b\xe4 h`*DV\xd3p\xb5\xf6\xe3q\x7f+&\xf7\xac\x1fO\xe3,3\x02c0\x0b&5'
    b'\xbf+\\\xe3Ye\xae\xe4\x11\x9c5\xc4\xb1(\xd2y\xa7R\x12\xdd\x88\x86\x8b\x134\xd1\xdc\xbd\xe7A\x811e\x1b\xad\xc3\xb6\xe8\x91\x8d(\x05\xfe\x8bg\xe3W\x11\xe3:\x0e\xe0&\x8dxi1\x88=\xe7\xc0\xa8M]'
    b'um\xeb\xeam+\rJ7\xd6\x81\xa1\xc1\xf2\x83\x98n#\x8a\xa0\x81\x9f\xcb\xb2kj\xed$4/M\xb1\xca\xbbc\xa6c"\x98\xc0\xef#\x85\x165\xech\x8a\x1f\x7f\xb1\xedQ\xc0\x9d\xef\xa02\xfc~\x963\x13\r'
    b'w,h\x00\x9e\xc0\xb9\xde\x16$bu\x83,\xdeA\xe70\x99pA\x9d\x0c\x83\xa0,.\xdd%\xdf\xadH\x7f\x9d \xb0WLY^y\xb3:\xaa\x1b`m\x07u\xebl\xf99\xffuc\xb5\xb8>\nn\xa0\xcae'
    b'_j\x9bk\xd5\xe1k\x1f\x1e?\xd2\xfc\x9f\x89\xadMu2?\x1c\xa0*\xa1\xfb\xc9\xefm\xe9\xa3h\xab\xa5$\x12\xb7\xda\xbe\xa2\x86\x81\xd5v4\xe7\xf2h\xc0\t3\xe1\xe8\xbbCNjbw\x83v\xe8\xbb\x95\xc3\xef'
    b'u;\x8d\x95/\xa8\x1bPQ\x1a5#\x84+W\x80\x1e\xaf\xb3\x9b\x9au^@\xfc8\xfa\x05\xd9\xd3\xd9!@\x13\x06\xa1z\xe2\x96\xa4g\xef+\xe1\xdcBra\xa1\xa9\x9d\xcb=\xb7+\xfb\xde\xa9\xad/\xde\x1c\xdep'
    b'\xf1 \xa6\xf6\xb4)$ZV\xd85\xd3T\x06\xad\xcbh#^\x1cB\xb0{\xcep\x14\x1ffpm\xda\x93$\xedZK\x90+\x03\x9fQ\x07\xf2oE\x11\xc7\x0fOt\t\xfb&\xa0\xecIF\x8cx\xec\xea8\xa1_'
    b'=\xcf\x01\xdeA{\x7f\xad$\xd4\x914\xae8XI\xc7\xbe\xad\xde\xe2Pp\x17\xf3\xa7\xd5\xe2\xc7\xbe\xb9Y\xfcd\xe6\xb9\xb9:\x0b\xe1\xed\x1b\xc2\x87\xfb\x12\xc2\xe8\xe9\xdf\xd8Z,U[\xfdr\x8c\x86\x12!lr\xae'
    b'\xda9\x97\x10\xcd\x14\xd2\xa1\x86\xf5*]\x9a\x1d.,\x8f\xa0LC\xd1\x9e\\\xc7\xce\xfd\x1a\xf7\x90i[\xb9\x8bL\xe5\x1a\xc4\x82\xe9\x8fN\xd0\xde\x07k{\xc2\xbf\xde\x17\xbd\xcc\xc2\xcb\xc5\xe6N\x90\x19\xb5\xcenqJ'
    b"\xa2^\xebw\xad\x81\x9f.\x07\xdfbj~M\xf2\xdb8x\xb3\x1fA\x98\x81\xac\xa9\xef\xbb~\xf5\x9e6p,\xd0J\x87\xd9\x97\rd5\xb1\xd7\xaesh\x0b\xf2~\x1b\x8d\xb3\x17-\\B\x9a\xb5'\x87\xbd7D\xed"
    b'@\xd7\xc8\x12\xe71=\xaf\xa4\xfc}\x9b\x9dU\xf3\xfd"?J-\xed\xefmcD1\n=\xb5\xfc\xd5D] \xaf\xcc8,\x14\x99=\x0c!d\x03\x8c\xadI\x91+\xa1R\x93\xaa\x87\x9f\xc9\xf2nb\xb49\xbf+'
    b'R\x87\xaa#\xb6a\xe7KW\x83\xc8\x14,r\xe5,\t|\xca\xb8o\xf9 \x96\xaa?j&5\x81\xd4\x87\xf0^\xe1.\x94\xd8\xd3\x0e(\xd19\x13]\x02\x94l9k\xbeP_\xd7\xffD\xf2~(\xc9\x0bF\xf0\x12'
    b'\xcd&\xcc\x1f\xbd\x13&\xe0}|\xd85\x01\xfb\xdec\x89Bv\x92\xa1\xc7`\x98{\xc0\xeeh\xbd\xb0\xfb\x1f\x94\xc3x\xc1\x01\xda\xfc\x19\xa7\xf4\x964\xdb\xfa\x0f\x8c9\xbd\x86\x98_G\x19-?\xc2\x10\xdf\x11\xd8\xbe$'
    b'i\xce\xf9\xef\xf3\x9b*\x9f\x8a\xde\xf9\x85S\x9bs\x97~\xd5\xf1tZ$y\xf9\x04{\xd3\xe5\xa6JY\xc2r\x907X\xa0\xfcX\xe6E\x9e\xac7\xae\x8a7(\xa8\x13\xa5k\xa2\xc7U\x93\xfa\x00\x0bMG.\x8e\xd9'
    b'c\xf4\x9a>\x90\xc26\xb4*~\xe9\'\x19\xbc\x8bQ8h[\x80Z-\'\x7f\x14\x8f\xcak\xe9\x95"4\rO\'\x0f\xc6O;^\x03k\xfa\x7f\xa17#\x96\xc2\xe8z8\'\xfe\xc2\xbb:\xad0C\x08l2\x11'
    b'$6\xc0\x05\xab\x0cv\x89\xbb\x0fv\t\xe3\x05!\x8e\xb4\xd6\xb6w\xdew\xe8\xda\xce\xb3cb|/C!;\x9a&g\x93\x0b#\xb5hv\x04U!\x80(H\xae1Q\xc9\xb2\xada\xda\x98\x1c\xd8\xb2\x15H\x0b\x8c'
    b'\npj/\x832\xcb\x85JKy%\xc7J\x98x\xe9\x93\xb8P__\xb4\xf0\x92\r\xa3z\x8d$\xdarnq\x96\xdeL/\x84\xc9\xe1\x12us4N\x91a\xc1)\x07\x82\x05\xda\xda\xe7G\xb4\x14W\xfc\x9c\xfa\x9d'
    b"O\xc5d\xa1\xb5t\xc4\x9e)i[\xb8\xf6\xa3Ep\xe9h\xf7\x88d\xb3\x93\xae\xf3\xa0\xab$+\x96\xf4\x03,G\x10\xdc\xde\x89\xbf\xaeCJ6C<\xcf\xf2\xa7\xe8J:Y\x90\xf0\xb8\x9e\xd98(\xfa\xd2\x0b\x92'"
    b'7\x7fQ\xef}A\xd6d\xfbb\xdb$f\xb6\x8b\x08x\xa4@\xd5\xe3\x9b\xa6\xfa\xe2\xc4\xf8\xa5\xca\xc8\xba\x82H\x1e\xeb\xaa\xb5\xda1\x8e^\r\x9c\xc2\xaa\xaf\xc8G\xb7=\x9d\x8a\xf1\x96\xe0\x1c\xbd(\x80\x83\x1a[t\xb6'
    b"\xc4\xc9\xfd\xcfa!\x1b\x97'\xc8\x1b\x12`1,;\x88@w]\x83a\xe6\x9apc\t\xcad\x05-_\x88\xd2\x85\x1d\x08\x9eI\xea\xa1\x84|\x8b'\xf1LOEB\xf70\x8d1E\xca5M\xe2U-\xac\xce\x81"
    b'\xd1*v\xcaJt\xc8\xf9\x0cW a,;:\x99\xa1J\xae\xbfX\x94X\x00\x0eO\xe8k$u\xb0\xd9\x1cxjgD#J\x15\xc1\x9c\xf7\x13:\xa1\xf9\xcc\x9cx\xc9X\xd6\x07\xac :\xc8\xae\xa2d\x14\xda\xa7'
    b'"\x93H\x0f\x9a\x12R\x1c\xf3\x97$\xd8\xcd\x86\xe3\x8b\x97*\xbc^M\x14\x98\x99\x16\xcan\xd2\xc3;Dd\x93\xf2]I\xb4A\xfc\xb4\xab\x01&\x96^\x1f\'\xa5\x12\xeb\'\x17/\xe9\xea\xc3\x87\x05\xdd?\x95+\x11\xf8'
    b'`^n_q\xb1I\xbbh\x80\x7f\x1b\xef\xb2Q\xc2A,a\xceK\xc3X\x0b\x9f\x80_\\-\xc7\x8b\xc1vJ\x12\xcb\x00\xb3\xb6\xc490\xf4\x82\x8b\ta!4P\xedv\xe4w\xfe\xc5\x98\x9e\x1e#8q$\xce'
    b'\xf5\x1c`]\xf9\x84Zt\xfcD\x15\x9e>\x06Q\x13\xa3l*\x14\xb2\xb0)\x05\xb4\x96W:%6\x8ak\xe6\x08z\xf59C\xc6\xb1Q\xa2\xda\x9a\xed\x868\x9a\x11x\xaf\x89\xca\x8e\xf2t&\xd9\xd5\xcd\xc6\x9a{\xf9'
    b'J\x11\xc3\xac$\xe4\x83\\\xb9\xfa@kj\xb8\x1c,=\x8c\x83g\xa0h+\x80-h*\x01v\x12\x04\xad\x10l\x8b\xea\x96\x10lV \xcc\xce\x9b:\t\xa2\xf4t@\x8eZwe\xed\xab\xbb\xac\x9f\x07\x1a\x93\xef\x98'
    b'\xe1\x88\xb0\x82\x9d%\x06\xca\xd2\xf7\xda\xc1w+\xfc*\xd0\x93\x98\xbe\x07\xd8\xbe\xc7\x95\xaf\xf5%\xbfCr\xe1(h-\xea"\xf4x\xa7\xd5\x18\xd5\xd4\x9f\xe8\xcb\xc2\x1e\xc1K\xa8\xca\xca\xf4\xea\xeb0\x1b;\xc2G\r\xfd'
    b'\xf8\x9d\x04}\x90\x94d\xba@\xa0\xd7\xd2\xf7\xaaWj\xf8\xfc\x90\xde\xe5\xc1K\x1f\x1b\xd1\x84\xba\xfb\xden\xa4\xcf\x16^:\xe6\x91O,\xf3\x8e\xa2<\xe2\xbf\xe8 \xd5\x99Hu!\xbc\x1a}\xb6k\xca#\xe9\xf9;t'
    b'Qs\x03\x94F\x8f]\x8c\xbfx\xdbAk\xd5\xe3L\xe7<\xee\x9fT\x8b\xb5"}Y\xf6/i$\x81>\xe9h:\x02\x18\xd9GrZ\xb0\xb6\x19\x15\x05\x87\xc2y\xf3\x92r\xa7[F\x93v&\x1fnKg[N'
    b'\xc1&\xfd\xdd\xb9\xd2\xf8)\xdd\rWW\xff\xd3\xf4\xc1\x7f{Y,\xc6\x99\xa5\xa08I\xe0?^\x12\xbf\xc3\xe9\x9c:\x83@X@LX\xdd\xfdK\xd4\x0c\xae\x9d)\xe4\xd2D5\x07AL:\x08\xa7\xe3\x1e\xb9\xbe\x89'
    b'\xaaG\xc1\x9f\x8aLj-L\x92\x81&43\x056&;\xd1\x13I*\xd0n\xdf\xf1\xf5\xa6\x1e\x15\xb9S\x85\x1fCG\xcc\xb0\x1e\x84\xa4B\xfa*gA,\x19g\xdc+/\xcb\n/\xd33I\xa2.LH\x97\xe4'
    b'\xa4\xc9\\\xc3\x13f\xa7\xb1\' \'\xba\xbd`"\xfc\xea^4\xec\xa9\x82\xac\xbf@/\xbb\xef-\xb0\xaa\x9b5\xb57Q\x8f\xe1\x81\xd5\x9d^\x1aQ\xa6\x17\xa4\xf7\xae3\xd553\x9e\xc7]?\xf6Uc>_\\\xd1'
    b'\xe9\xc9\xa7D\x14\xaa\x9a,\xdd9\x9fNX\xcb\x81q*\xf3\x9c\x16a\x9f\x16O\xab-qv\x0b\xbf0^N\x1b5\xb6Z\xd4RF\xd3\x01\x1e\x8c\xaf \x12\xa8>\x93\xa7\x86o|,N\x9e\xaa\xe2\x91Y\xd8t|'
    b'l\x80s\x03[+\x9d\x11im~b\xd4\xf8\x1e\xa7GGl\x89#.\x15\xfc\xa8\xe8f\xe1\x13\xaa\xf7\xf9)\xcc{$\x83\xa5*6\xd2\x81\x82\x94\xc7\xb5G9<u\x10\xbd\xf3\x07dF\x97\xa5:\xbbb\x156\xb9'
    b'{<0\xc9\x93\xe5$nE^I\x04)+/%Q\x10\xfc&\x06\x1d\x1e\x8a\x03\x1c\x99}g\xf2\x06\x15!\x0b\x8c\xb6?5\x14CJ_\x92\xd4\x04\xa2\xf8\x12KV\x81`Z\x9a\xb8$k\xe6V\x90V\xe5{\xa3'
    b'\xc42j\xc7\xb3\xf8b@\xbdq\x87\x7f\x96=\xe35\x89\x1f\x01\xe1\xc4\x90\xa7\xb1\xce\xe2\xfe\xb9\xb7l6\xc8\xc3\xa0\xcd6\xcd\x829s\x12y\xcd\x9es|\xc3\x19\\\xecN3\x8d\xda\xe3\xde1\x9b\x93 \x1f\xe8 \xfa'
    b'\x0b\xac\x83\xba\xa7\xda=&\x00a\x05\xbd\xcaT\n\r\xfec\x9d\x85\x02\x02t.\x9dnq\xe70D\x8a\x89]\xda\xf3\xaeh\xd6r\xd3m:\x15q\x08\x9f3\xff\xf8\x91?\xb0\xf1\x84\xd2\xab\xa6\xc8G5Z\xedSt'
    b'\x81\xea\xb9\xc4\xd5\xe4\x93J\xc7\xca\xb0\xc2\x86h\xe4\x92`C\x06\xd1\x1b7?\xfb\x19\x8b-6\xb1\xa9\x8cn\n\x14\x15e\xce\x9a\xb0P\xe2\x83\xa2\x93\x91B\x1b\xc3\xb6\xd28\tUo \xa6\x92;\x97\xe2I\xa2R\xc6'
    b'\xb7\x0e\x9d$\xa9\x14\xb0\xd2\xe9?\xb9&\xa9\xca\x8b\xb4\x91\xb0[\xaa\x07\x83w\x10\xa4\x8c\xee\x9f\xdf\xbe\xfe\xcb\x9b\x83\x9f\xfe\xf2\xe3\x93go\xdf!\xc3\xe2\x90mHk\xfc?\xeb\xec\x10\xee\x1a\xbd\xfc\xe9\xbf\xb8\xc5/\xd4'
    b'\x82\xe8\xcb\x1f\xc6\x8f\x1e\xc6\xc3X\x1a\xf3\xef\xb5\xa3G\xc9f,\xdf\xe1\xfd\xea\xc6\xea\xc3\xb8c\x93\xca6\xac\xd4\x88\r\xfc\xa7\xeej\x909\\x\xc4;/\xfe\xf2\xe4\xe0\xcd\xab\xdd\xa7\x8dU\x03\xa0\xa3D\t"\x88K'
    b"\xa2\x10\xdd\xc3?\xfb\x03\x81\x91\x96!\xdc\x8eBr\x8e\x97R0{\xe4\x17Yi\xed\x88\xcb\xa9\xb8\xcf\xd3\xe9Oz\xc8p\xeej\xdd\x04\x90\xa5[P\x98\x8bpP\xf1\xc7A\xbf\xc6\x7f\xd4'\xc2\xb1\xaf}V\x00\xa5S"
    b'\x8fdg9\x1d?7%\xc1\x93\xc2[\x93\x97g\x15\xeby\xcf\xca2\xe2"k9/\x91\xf4\xdb\x9b\xbd\x99\xa7>gN"\x9c\xfa\xb6\xd1\xf5\xd5G\x17x\xc89\xbe\xc9\x1c\xaa\x10\xacl\x90\xd4\x04\xe2N\xb7==\xe3'
    b'\x07>\xa8\xee\x90\xf9\x07Ph\xf7\x94\xa3\x93\xb7\x84|\t>\x9c\xc9\xad$\xf3\x05D\x95\xe6\x00\x9c\xea\xbd\xcb\xedA\x99\x9a\x0e\xe8\xa2M\xa0\x11\xc7\xef9\xd3\x0c\xeb\xfc-\x7fP\xca\x13\xc2\xc5\x10/\xea\xc9G=\xb0y'
    b'\xce;M\xa05\xe5w\xc1\xacTr\x017v\xf3\x8b\x18M\xe4\x9d\x86\x90\x15[-\xbd\xf3*?nyg\x7fO^\xec_\xbad\x8e\x95\rm=\x9cN\x12j>5=\x03\x1f\xd1\xd2\xe8<\xf1\xceMS\xcf\xa2\xce'
    b"\x8bY\xa8\xcbz\xd1T\xed'`q\xbc{T\xd4\xc4\xbc\x8f\xf6\xa0-\x19%\x96\xaa\x95dS\xc5>v%\x8f\xf3\x19\xb4I#_\xa0\xe6}E\x7fw\xf5HY\xf3\xd0+\x15\xa5\x86BA\x9f\xf9\xd6(]\x88a;"
    b'\xa2\xec\xf0\x7f\xb9\xa2\r\xdf?\xc7Y66\xe5FE\x93\xcd\x0eMwl\xc6@\x1e\xebE&\xf9t9\xe5\xf7\xf5V\x10~\xaak\xb0J\xaa\xfa\xca\x94\xd8\xb2\xc7\x1e\xcc_\xba\xb1\x08~D*\xb1-\xcf\x95\xd1UC'
    b'\x8f\xa2kMG9z\xf8\x9a7B\xf55\xe0\xc1\x8a\xb7\xf4x\xda\xfd\xe5\xb2\xdf:\xd1J\xbc\x1a\xba\xf4\x80\x1f\xee\x868\xa3\xb2\x1b\xeal6\xb9\xf8\x12K\x10\x9fd\xe8\x98\x1aA\xec\xa7\xd7\xf2\x96\xcb\xd2Q\xcb\xea{'
    b'\x95\xc5s\xef\xfd\xd6\xc6\xd6\xae\xd7\x8e\xa1\xdcA\x08$;\x19\x0b\xa8\x8a\xbd\xa0\x86\xc3Ak\xb1\t\x02?\x16\x1e\xd1\xcf\x97A\xe4\x8c~%$l\x82\xa9a8\x9a\xee\xca/\x8d:\xd7C\t\xcc\xc4\xc9\xf8\x8b\xb8\xa4\xb6'
    b"\xafC[n\xb0o,>C+\xc9|\xb5u\xc05\x1c\xae\x13\x9c\xa2\xdb\xec\x9b\x14\xc3@5\x12\x8fQfQ\x88\x875\xa3\x18Kh\x13'\xec\xdd\xca\xf4\xeb9!UW/\x15\xff~\xb4\x85\x8a\n\x08\xd4\x8dW\xed"
    b'\x95\x0c\x93TM\xe1s\xe01\x9b\xf6Z\xba+\xfd\x1boN\x12\xf6\xab~\x85\xd2`ou_\n\x94W_\x1bj \xd7\xda\xff\x11\xb0\xab7k\x8b\x08\xa4q\x1b*<\x18a9-\xb7\xcdf\xe9Q\x0bD\x1d\x071'
    b'\x86\xf1\xeb\xfc\x15\xcbKM@c\xecke\xd0\x0c\x92^\xcd\x93K\xfe9\xfe\xf3\r2\x17\x87/\x9c\xe2\xe3\xf2+\xef\xd3\xa2\x99*\xd3y\xa7:\xd1pO\x1fGv\x0b\xa3-\xb3\x08\x8fG5\x96.\xfa\xd4\xe22\xdb'
    b'\xbd\xc5\xe4m\x84C\x98\x0f\x13\xda6\xf5,\x9294\xd8\xa2a\xd3CI\x8d\xdc\xa4\xa7\x1aD\xafI\xf0k\x1ah\xa9\x88\xacW[\xac\x85y\xa7\x9e\xb6\x11\x85\xc0X\xcd\x00\xd7\x9fqPM\xb7\x9c$\xa2XPn\xb6'
    b'"\xcc\x91L:55\xc4\xfe\x998\x83&&\x0e+(#\xa1\x8a\xddi\xa9\xf5\x7f\xc1G\xdf\x94\x81\x94\xd4w\xdc\xddNM\xd4\xd1\x94\xfbU\x0f\x1b\xff\xf0`\xd3\xab\xaf\xd0\xdf~\xefz\x98z\xe9*\x88\xe0\x99\xcc\xdb'
    b'C\x8a\x9e\xaf\xab3\x12]e\xcf\xe5\xcc\xc2p\xcb\xbe\x108\xc6\x12\x13\xc1dn\x9a\x9cy\xd5\x83hn^\xfaqF\x0b\xfeZ\xfa\x86.\x04_V\xeb.\xab\xf3:W\xb1HF1\xe7\x9fP\x9f\x07\xcf[\r\xaad'
    b'E+u\xc0\xc0r\x93\xb1\xd9\x15\xae\xe7\xeb\xb4\x9d\xfe"\xfd\xe8\xe8F\x16P\xdaaC*\xfb\xa4=\\GT\xd0\xf4\xd6\xe6\xa0\xea\x975\x9b\xc9\x89d\xb7n\xd8\xbfm\x17r\xa4.\x13\x98\xb1q-\xb0/\xd5\xaf\x01'
    b'\xef\\\xdf\xd5\x88>\xbc6\xbf\xb7k\xd1Lx\xcd\x7f{\xaf|\xa7\x86\xea\xc8\x086\xb6\xcf\x02_\t\xf7x\xbf>\xad\no\xe7\x1c\xc9\xd1\xce\xb2t*\x1f3\x91\x10\xeb\xb7l\xb50@\xfe\xa1\xf6/s\xe3]A\xc4'
    b"\x88I\xd1\x97a\xbf\xbc\xcb\\\x95\x85\x9e\x9fE\xdf][N\x00s*\x10\xf1\xd9\x13\xff\x18\x15\xcb\xd9\xfb\xd9\xf3-\xca\xa6\xbe\xaeV\xb693nPF\xc0\xf7\x95\x81N\x13h\xce!\x07\xeb]\xe9'\x803\x1f:\xee"
    b'9D\x0c\xe5\xfb@\xfe\xff:\x1e\x02Z~\xa7\xe2 \xe0\x19c\xd4\xe9\xf8c\x9b\xe1\x1f\xc5UL:Y\xfa\xbb\x9a\x9f\xdf$GV\xa1\xbc>+yS\xc9\x1f\xac\x06(y\xa7gQ\xac\x0e\xedLl\xb4H\xeb\xe6<'
    b'\x9d\xdc\xd2\x9c\x14\xa2a\xd1\x08Y\xb9v\x1d\x93H?h\xaed\xe2\xde\x06\xf0\xd0\x15\xf9\x93\xd0v\x9c\xb2\x87vn -\x166\xf5\xdd\t\x04T\x9c\x121-\xfdb(z}\xe1-\x97g\x96\xce\xd2)\tu\xdaK'
    b'\x83\x93\x80kU]\x84\xba\xe6\xb9\x06<$\xce=\xacc\xde\\m\xddl\xbd\x91a#\x0c6\xf2\xea2\xd8[\xf5\x0e\x9d\xce\xac\n\xe0\xc5\xe5J\xaa\x9cV0\x13{\xd57s\x98z\xf9X\x9ao`mr\x0fx;'
    b'\x13f\x9e\xb6\xb9\xa7\xf5L\x04\xee\xf0\x98uEW\xc0J\x19\x10\x1a\xa1>.\xf4\xb0I\xd5\x1d\x8bU(\xa0xR\\\x13\xec\xd7E\x04\xa7\x98,\x079\xd2\xde\xb5\x1e\xe34q\xf1\xc0\x96\xc4\x11!\xb4G\x1d\xedl\xf5'
    b'\xe0\x80\xa5R\xe6\x94\x90)|~\xc5\xb1\xbc\xe1\xa1\xf4S\x0f-\x0ef\tO#bY\x9a\x0e"\xbf\x08\xebGL&\x08\xbd\xf6\x96\xca\x191\xed\xf9\xf1;\x0ci\x19\x7f\xe9\xbd4\xee\xaa\xaf\xcd-q\x8d\xcd\x0b\xdd\xd5'
    b'd\xf3\xbc>\xfdh\xe4&\xe8\xbb\x96\x8b\xb1\xfeF\xccp\x9bxe\xd0>\x00T\x03\xee;*\xda\x90}\xbd\x86\xff6r\xc8\x18\xc5\xeb\xe6\xe3\xebiLo\xca3\xbcwj\xf6\xa9\x97RX\xbc&\xae\x8c\xc0\x10\x8f\xc3'
    b'\xf3\xbex\x082f\x16\xe9\xb9\xaf\xd5\x17\xae\xc3K\\\xcc\xc20\xaco\xd6Zk\x0cg\xf0\x99f\xbb.\xe7\xf4\xe09\x14A\xdd\xb7;4K\xf6`_\xc0D4e\xf1\xa8\xdc\xcc\xcd\xce\xfe\xfc\x91KY{W\x14F'
    b'\x81\xa0\x01\t3\x88Wpj\x00\xcfQ\xd98\x950\xc4\xc4\xbb\xc0d\xec\xa8\xf3&\x82W\x8d<\t\xbb\x86\x06\x11l\xec\xf2\xbc\x03\x8f\xd1:\xab\x01\xec\xa4\x06\x9d\xdeb\xa6\x1d_\x9b\xfb\xd4\xe7\xe0q%\xf2\x08\xea\xae'
    b'\x1cFN\xf50z\xe5\xd0\xfb\x9e.^\xd3\xb0\n\x95\xc4\xd2\xd8\xf8\x9bPg\xd9\x14i_Wk^Q\xc4\xb7c\xf1\xb5\x1f\xd6\x08t\xc1(m\xf5\x83\xbdT\xdb*\xd2\xcb)P\xfc\x80\x14?A\x94\xba 5\xa7\x0e'
    b'\x81\xaaL\x8dS6.8\x8c\x07r^\\\xd4\x9d\r\n\xb2mj~K\xdc"\x9b\x95u?X\xf3\xb9\x97\xf4%\x082@\xc9g<vaCU\xdaa\x9c6\xbc\x1b\xf1K\x92\x0e\xffn>K\xe2<\xa8d\x9a\x89'
    b'\x85\xcf\x19\x01\x99\x86\xccKx+K\xddk6=\x8b\xec0opr\x80Cw\x93\x9f\x838.\x1b\xb5\x8d\x92\x0e\xa6#\x9c\tR3&\xb1<\xceu\xed\x95v\x19OY?\xa2\x03\x9a\x1d\xd6\xe6\x9cra\x0fj('
    b"}\x892\xe1\x1a\xb4F\x8b'\xf8\xe2U\xae~0\x8c\x1a\x9c\t\xcf\x15\xc9s\xd4\x10J\x05v\xa2A>\xf3>\x87\x96~raY\xae\xb6\x82z\x1f]\x9b\x8c\xcd\xac\xbb\xa0\xf8\xd4\xe5\x08\xd9\xb9\xf6\xe76\n\xd3\x12\xc1"
    b"\x99:)\xa3\xab\x9e\xfc\xd3\x1a\x97\xa4\xf9\xa1\xd0\xd4'\x98>uW\x14\xf1j\x89\xe8\xfd\xe1{\xab\x1cq}\xe3F\xa7\rwDm\x94\x17\xaf\xd1\xf0]uM\x11\xbfj4\x86\x1aM\x92*Py]\x8d\x95\xde@<"
    b'|\xf3l\xa0\x8d\xd5^\xf6\xfd\x18TO\xbd\xda0\x9f\xc7-\xba\x1a\xe2\x1b\xf6\xf6\xfd\x84\xa2J\x81\xc2\xdb\x06\xfaK\x8e\x9bf\xfc\xb6\xd5\x14%[X\x9e\x96ZE\xd1T\x9d\xaf\xc3O\xcb\xe7\xd1>\xfc\xef\\\xf2\x1d\xa9'
    b'\xa67\xd6\xea\xf4\x85\x84\xeb\x9dj\x99V\xad\xc9(\x11\xbf\xd3\x12\x8efb\xcfT>Ju\x96j\xe8\xe9\xf6\x1a\xe3\xe3\x12\x17I\xc6\x7f\x1b\x99u\x91%W\x07\xf3,\xa0\xeeCk\xe7\xb9R\xee\x0f\x10\xfc\xfa\x17\xad-'
    b'\xf9V\xbb+\xbdH\xb5\xea\x06\xf7\xeaJ3\x16\x05w\xda<X\x1e\xb7"U\xcf\x0f\xd3\x8fd\x16\xee^0\xc9\xabT\x8fH\xc8y\xf7.\x8b\xaenj\x10d\r\xfb\xda\xce-L\x91\x96\xcbx\x0b\xd3a\xcc1Y+'
    b'\xde\xe2\xcb\xc63\x81\xa1;\xf0\x10\xe8\xf9N\xd8-3\xb5\xc5\x12\xe5\x0f\xeb\xa4\xa3\x80`\xdf\x1c\xc9\x1c\xa5j\x17\xf5d\xbb^\x98\x9f\xb9\x0fj\xb5mgEr\xac\xd2C\xc5\x17\xa4^\xb45\xb0\xa6|;\x85\x87\xb3x'
    b'8\x8cyY\xd6\xec\x9a\xbeKN\xbb\xb2\x03\x9f\xd6\xea\xbe\x1a\x8cxY.\xd2m\xd4\xbdO\xfcI\xa1R\xc7N\x9bm\xaf\xaa\xaa\xf1\xa44\xfe\xb0EY\x82w\xa1\x9eD\xbd\x83\xd8\xb7X\x8c\x8c\xed\xb9\x15\x03\xc1\xccY'
    b'\x19\x9a\x8dU0\xf6Q\xaf?w\xc4d\xa9~\x8bW\xf6.T\x80\xa7\x93j\xf2\x96f{\x07\xbant\x97\xdf\xb2\x9b\xf2\x9e\xefz\xab\xf7A\xa7L\xc5\xe9\xee;nX\x7f\x8b\x7f\xe4"\x97|\xda\xf17\xf3\xb22\x84'
    b'q\xb7\r\xba_\xb8\xe8\xeeB\x17(^I\xdfz\x0f\x87s\xf3\xd5\x03\x0b\xd5O\x952x(\x131\xe5*\x81\xd9\x8ciL|\x8c\x1c\x0f]/\x83h\xbb\x89\xf4J\r\x93\xa1\x0eW*\x99@\xba\xea)\xc2\n\xa7\x83'
    b'\xfa\x00\xb6\xd1\\\xcbXw\x9c#\xa3\x91swS\x87 \xd4\xb5\x92"\x106\xb7\xdf$\xf1\xca\x1c\xeb\x05\xcdEnL\xf7\xaaZ\xb7\xa5q\xb6"C\xe1\x85\x97}\xb2\xfc\xbc\xe3\xfcQ\tqXP\x87\xbcVd\x1a\xd0'
    b'%\x1b,\xac\xd6\x04\xce\xd0\xa6\xf3&N\n\xdf*/l/\xfc\xbe\xef\xc0j\x0c^\xa76\xe5\x88\xb1n\x8b\x87xaIv\xdd\\\xac\xa4\xeb\xd6\x86bu\xf7\xe7YI\x00Y\xb7\xca\x12\xfc\xfa+1L\x9f;\x80\xe6'
    b'\xaa\xbe^N\x18N\xc7\xdcp\xcd\xd0\xe3\x8e\xd7"$\xf1\xa2\r\xeeVm\xd8\xe1\xdeV\x14\xc2\xd2\xb8w\xa3R3[\xac\x81C\x1c\xaa\x7f\xe6+n\xb0wZ>5`\xf6\xe6g\x18\xc0\xca\xd4L\xcb\x9e\xd4\x17\xaa\xa8'
    b'\x9d-\xf3\x01@\xb40\x16\x02$\xbd\x06\xaa\x10k9\x8c(nXU\x8c\xb1\xe0u\x14\x17\xa5\xf5\xd5\x97\x98\xf0\x8aK\xf9\xae\x9e)?[\x8e\x8d\x1d\xe0{`\x94\x15\xa5\xcbq\x8d\xdc\xa5|<\xadd\xc8\xbd\xdb\xac\x9b'
    b'\x85\x9cz9\xd3\x921\xd8\xe4\x07\xe6\x83\xa2\x81\x0b\x12\x9b^\xc8\xec\xc4E\x10\xa1x&\xd2^\xa2*\xd8E\xdc\xc50\x84\x8a\x0b\xcf+A\x03,\xf8}<\xf1\x867\x89d\xe1\xd25A\x1c2{\x05\xa8\x1b\xfe\x19"'
    b'9\x0ei\xea\x8c\x15\x8ep\x18\xe2m\xb3\x9c\x85\xabG\x891\xe4\x01\x81\x12\x8b;\xd3\xec\x1a\xaa\xd5R\x97\\j\x91@f8D2J\xa2f\x9d]YwGS\xfb\x85uELv\x11\x00\x83\x13\x99@~\xe7\xeeE'
    b'\x03`\xcd\x92i\xce5\xbcOcy0\x8e\x0bFB\x1e\x88\x150\xa8\x07A\x82\xbaq\xc8\xf7\x1c(d\x92O2\x93\x8b\xa7\xf0(\x80\t\x87\xf2\xf0\xd8\xb41\xe9\xacB\x9fs\x10j\xb4c\xa9\xa3pjE\xa1\xe0"'
    b"\x8c\x14\x15W`\x95r\xacN\xdf\x9b\x91'\xbb\xf4*\x1eK\xe8\xd1\x9c\xbb\xef\xa3!k\x91\xf1\xc8\x06\x82-\x0f{^\xd2)\xdc\xeb\xa6@\x15Z\xee\x05],G\xc3\xfd\x85l\x82|\xb3\xba\x1f8\xcdH<O\x8cu"
    b"\x99\xf0\x1f\xe8i\xad\xd3IK\xc4\x90\xf5\xd1Fr\x1aM\xab,J\x04\xe4b(\x12\xcf\xfd\x05\xf1Bt>/\xac%\xc6\x0b\x94\xf0\xca\x1ba\xfc\x84\xceE\x01\xc8\x89\xd1\xdd\xf3!\x93\x9aT\n\xd3\x0b\x8d'\xb6\xd7\x90"
    b'u"\x08\xdf\xa9\x97%\x1f\x06\xfcI\xd7\xc7\xab\xd7\xaf\xff\xeb\xe0\xdd\xfb\xdd\xb7\xefm\xc9B\x92\xf4\x8c\xc7\xd1\x82f\xb2\xd8\x1d\x15\xd8\x9b\\a\xbc\x1d\x07\xfb\xd9\xe8\x13\xa3\xb3\xd46B\x9d\xd1\xb5\x16;\x8b\x1b\xb9\xcej'
    b'\xd7\x1eg\xeb\xf46\x9a\x8d\x94W\x0b4\x93\x1ai<\x0b\xf3\x06Kt\xefj\xa37\xf7\xc0\xb9\xcb%\x1d\x08O\xcd\xbe\xe49ph\xdf\xaa\xc9\x8f\xa8IC*\x05\xe5N\xd3<\xcf\xe4.fH\xeb\xef\x9e?\xac\xdf\x8e'
    b"\xaf!\xfc\xa5\xb1v\xdc\xaf}\x10\xf6\x1cOG'~\xcf\xfa\xdb\xd4\x9a;wo\xce\xed\xc3\x0b\xf7\xf0\xa2\xb6\xfcj\xaf0\xed\x98\\\xf7\xdes\xeb\x8d[=t\\\xc7Oj\xc70\xa4v\x7fz\xfa\xe2\xf5\xdb\x83\x9fv"
    b"\x7f|\xf6n\xcf\xeb\xa3vV\xb7\xecg\xb1p\xf3]]\x00\x82L\x91>\x94$\xf72G&Jy\xd5\xb3V\xe5\xfa\xc1\xef\xeaJ[\xbf\xbe\xe8\xd9\xb4\xea\xe9\x04\x9c\x1fsD6\xc0\x8aM\x1ap'\xe3\xfa:[j"
    b"\xfa\xe9#o\x06\xac\xa8\x87\x84Gw*\xb5\xd3\xd1/_\xe1\xe6\xb8h\x19n\xfb\xfc\x07\xfe\xcd\xd5\x8f8\x7f\xb3M\xdb'\x9f\xdb-A^\x0cj\x84\x8f\xf9i\xd7>\x0e\xbe\xef\x85\xb9%\xc7\xa0\xcf^gh$Q\xae"
    b"\xda\x91<\xd1\x1c\x85\xb5\x96(\x00\x88\x87\x92\xc2p\xec\xd8\x1bp\xa4\x8a\x7fn\x10\x80V\x1ew\xec\x84\x83\x87\x90\x9a\x02L\xd6\x0e=|\xf3;\x0bf\xbc\xe3\xcf\x0c'\x8b  \xbd\xe8_\xf7t\xd9\xf7\xec\x186\x1d\x94"
    b'=\x1fZ2\xc9BW~\xd7O\x9e\xb6c\xe4\xf5J-\xb9\xe3g~\x87\xa7\xef\xf0\xd8\xf5|x\x1c\xf4\xcaL\xa2\xe1D+UE\r\xe2\x99\x9c\xc4M\xda\xcc\xd4f`\x8a+|\x9c\xf8\x15\xc1\xfd.;\nsej'
    b'\x89M\xa6N\xce \xa5z\xbd\x0b\xa3\x9c\xe5\xbb\xe1}\xf6\x91\xae\xe8.b\xbf\xc5\xbdKrQ^Ar{\xfeu\xf1\xa6\xa5O1\x12q\x8b\xb6^\xab\xf4\x1f5\x82\xfd \xe8q\xb7Dg\x1eW!\x0f\xeaBO\xe9'
    b'\xb5Y\xf9{\xf7hV\xfcjJ(\xf4v\xb4Bx)\xbc\x07\x10#p\xd8\xbe\xfd8\xc8\x00\xf0\xab\x04\xff/\x1e\x87\xb3V\xfb\x03\xf9\xf1R\xd7\x19\xecneU\xbf.\x1a\xda\xc3~\x81\xa3l\xbc\xf2Qr\x0f\xca\x0b'
    b"\xb7\x83\xe6e\x88\xbdhe9\x92r\xe2\xd9\x87\x05r\r=\xcb\x8b\xabz\x96dA\xc8\x89%l\xcbHkby'k\xd6<\x80\xbe\xb9r\xee\x82\x99\xb5\xc9+D5\x9d\xa0\xcf\xf7N\xd2\xa2\xc4\x11\xc5\xbb \xa6P"
    b':\x0e\xf8Tyt\x1d>\x15-\xf7\x82.\xae\xe4S\xe5\x1b\x9fOM\xf2\xc4\x8f\x0bw\xb6\x90t\xea\xc4#f\xccm\xa8\x02DH\xcd$\xcd\t\xf9\x8d\\\xe5[w\xd9\xd8\xc6\xe9\xc4\x1d\x94\xfa\xc2\x08\x97\xcc\x812\xbb'
    b"\xcc\xb7\xe2\t\xdbY\xe1\xd0\xa8\xf2&xYu \x17\xc9\xcf8w#\x91\x93q\xf1\x06+\xca\xfd\xb3_\x80\x8d\x14\x93\xecl}\xfb\tGur|\xb8\x99\x97\xa9Q\x12\xab\x03F\x99&A\xc5'\xce\xf5P\x14\x9e]"
    b'E7\xa9\xce9\xffb\xa2\xfa<\x12\xb6\xb0\xb0\x97!c[\xd1/\xdc\xe5V\xb4\xda\x8f\x8c;\xee\x16\t\xb4\x13\xa6g,|m\xa1\x90\x0cS\xcd-\x8fC\xbe\xbct\xde8>f\x81\xc5o\x92\xa8\x0e/\xde\xd8\xac\xad'
    b'bV\x12\xd9j\xb1\x15\xa9k?\xdb\xf3\xe5\x00\xe7\xce\xbb\xf8\xbd\xaa\x8e\xd4Kw:\xaex,\x94\xe2k,\xdc\xbd\xa1\xf3\x8e\xdfW\xdf\xe0\x8f\xc9E\xe1\xe6\xd1\xe8H\x14\xa6(\xe7\x9el\x0c\x90\x9d\x9f6\xf2\x9c0$'
    b'\xf4\\\xcf\xc9w\xd1Z\xdd\xae\xa4b\x8a4\x94\x03\xd8\x1b\x14Y^z\x83\xc7t\xf9\xd4\x1c\xcd\x1c\xee\xc4\xbdh\xd9\xfby\xc8U\xa0\xa2Cc\x99\xb3\x874\x0e\x9f\x18\x9d\xa9\xf5\r\x94),\xde,S\xa8A3\xa5\xf0'
    b'\xe4\xc3%\x85BU\x1d\x89\xf1\x85o\xce\xf0)\x89Sj\xf1\xb6\xe9\x9e\xb6\xc8\xde\xccN\xfb\x06\xc8\x80\x9cu@\x0e\x84\xe9c\x85\x7fsV\xf7\n\x89\xac\x8652\xa2\xd4\xe7\x00\xc6H\xe7\xd0\xabD8`\xd6&[\xb5'
    b'QX\xd8\xfc\xb1\x86\xae\xedD^;L\x98c\x9bpR\x98\xb0\xb5@\xde\xde\xaf\x931\xed\x98\xb5\xbb-\x00\x8f\x02ALN\xab\xb5\xb0_\xbbz\xeeR\xe5\x0e\xd6\xfd0`\xab\x13$\x88B7\x95\x82\x916\x0b\x91\xe2'
    b"W\x10\xfe\x01jh\x06BXw<\xad\x80h!P\x84\xcf\x0c\r\x18c\xecA\xa7\x96b\x05\x19{*\x15\xb0%\xa3'\xd4\xdd\xb6`\xfdM3\xac\xbc\x93H.\x17#\x12\x8f\x97\xd1\x19\x91\xff\x84\x99\xeebP\x9e\x97"
    b"r\t\x1c\xc6\x9c\x8a\xc7\xe5\xcf\x93O\xc5\x97\xadO\x9f\x8a\x8e\\\xb5)\xb6\x94\x85N:N\xa1`W\xcf%L}\x10\xbd\xa6kL\xb2b\xa0\xa9\x17\xdb\xc2e\xa3'\xa6\xfe\xb7\x9b\x15\x14*\x9c\xea\x8f\x9e\x887~\x11"
    b'%t\xacF%\xe6\xc9\x95\xf1L\xdd\xbb\xe3d\x10==\xc9\xf9v\xe4\t<\x1b\x1f\x9b\xc4\x16r\x0b\xc5hc\xf2x\xf2x\x89&n\xd1"\x1d\\K\x87\x99u\xfaC\x93]\xbc{\xf3\xfa=]\x07\xcf\xde\x1c\xfc\xc8'
    b'\x99,\x86k\x84H\xf2b\xf7\xaf/\x7f\xfa\xf3\xc1\xfb\xdd\x97\xaf\xe4\xd5#\xfb\xaa\x98e\xe5\xfb\xf4\x14\xea\x1b1}{\xca\xbd2\x9b\xbd\xa3\xf7\x85\x17%\xe0\xda\x1b\xe9\xbc\x17\x8d\xe8\xea\xcd_*\x83\xe8ZH\xe0Y\xad'
    b'\xff\xa0\xe6\x06\xf6\xa8\xcb\x8ah\x19B\xf6\x10\x0f\x88\x9bAE\xa2\x8aC\xdb\xd5\xb6\xe9Zvh\x9e\x838\xb4\xb2|\xdd\x85\xbd7Bb\x8a\x94\xe8\xfc\x03\xfa\xe7\xde\xbd^-\xbbs\xdb@\xa9\xd6\x84i\xcd\xad(k`'
    b'\x87\x07\x97Q\xda\xef\x98\x06\xf2J\rEz\xde}@\x11od\xc1Y\xf7\xa4mZ\x04\xd6\xcc\xbd\x13\x017w\x06\x96e\xee!\xef\xfd^\xba\x1f\x1a\xb0At\xe2\xb2\xc1a\x1f\xd3\xeb\xc6\x9a\x8b\xea?\x1b\x87\x91\x02F'
    b'>\xeeU\x12g\x04{z\x16s>\xa1qR\xc6\xa9\xa6\xd2\xf2\xb0\xcc\xde\xfb\xd9\xb9\xbf\xd3m\x00\x16\xd7\xbc\xf3\xc6\xe8\x0e\xa1\xf1\xc0\xab0\x92\x05\x1a\xf4k\xe4\x18\xa7\x83\xc6s\x8dN\xb9\xf0\xe6D\xf2,\tB\xca\xa1'
    b'\x8f]\xce\x9a\xd1IBg_\xc4\xe4|>e\x92A\x1d\xf0@\x01\x9c\xd1\x9d\x14+E\xa5\xad\xc7\x91\xae$\x92\xdf[\xd2\xc2=\xe6\x9f\xd8\r]\xf0\xb6\xe9\xb5\x12\xbeA\xbf\xcc\x92}\xc0\xaa\xec\x9d/Z.\xbd\xb5\x81'
    b'2y\xb5c\xe9L\xdd=x\xdc \xd5\xbc&\xc2\xbf\xd4M\x08l\xb8\xd4\xb8\x82\x04\x86\xfc\xfe\xc0\x84\xb4+\xe4S\xa6Y\xe6\x17\xdetI\xc2\x9a\xc2jEWf2\xfe\xe1\xc9\x80\x1ft;G\xe7\xcbL\x0e\xb9\xfe\xe7'
    b'P\xe7\xcb/\x06\xd9t>;\xce\xe3q\xc2\xc9a\xa1\x0e\x08\xce\x8b4\xca\x93b>1K\x17.\xf2]\xc9\x8es\x1d%\xe3\x1d\x16_\x83^\x8b\xf9h\x94@\xab\xd6\xe4\xc9\xee\xa6l?\xd11\xca<\x9e\x16\xb1T~'
    b'\xb2\xbd\x13%\xe3\x0b\x01\xd4\xba\x13\x1a\x03\x07Y\xe3t\x88\x95)\x15H}\xce\xf5\xc9%*\x9d\x91\x9d.\x85\x92.\xf8.\x03\xf0\xd2\xf9\xb5W\x9e7A\x9f \n\xf8\x07\xd2\x0b\xc7d\xbe\xa1\x8b(-B~\xa6,\x9d'
    b'w\x96\xbf\xe2\x9bm\xd3\xd7\xda(\xdb/\xd8\x80Z\x7f2\xfd..\xa8\xfa7\x8b\xb7\xb7\xba\xc1J\xaa\x0b\xd81\xae\xda\xec^\xdb\x96\x12\x15\xebV\xb7\x124\xb6\xf8\xd8>#\xb3\x0en$\xa32\x03Z]\x95\xeb\xe6F'
    b'\xc0\xa8\xa0L\xb5Y\xe8\xd3qUS\r\xc9\x8c\x8b\x8b\xe9(\xf2\x0b\x83}\x14\x94C"\x18\'\x7f~Lf\xa8\xed\x82r\x805\xf44\xe4\x0c\xad\xb8x\xb1\xf7u\xb8;Pa\xa3\x13nK0\xfa\xc7<)\xca7I'
    b'N\xe8\\\xf0\xc6\xfcr\x9a\x8d\xb9n\x8f;\x81\x97\xc2ew\x08\x1d\xb9\x02K\xc7\xdfx\xaf+\xda\xaf\xe7\xe9$y\x81\r\xecv<6\xce\xdf?=C\xfc\x85=\x9fw\x1aO\xe9e\xe0\xa9\xba\x1dP>\xeb\xbd*\xe3'
    b'\x9f\xd1\xb9\xa2\x9b\x96\xa5\xe6\x1f\xd2\x1c\xce\x83\x17pW\xcd\xbbv`\x80\xe6qT_^_\xd4\x1c/\xa7[hsI\x17H\x13\x0cj\x14\xc3\xca\xc1\x89D\xb8\x01F\xbb\x87$\xdd>\x83:\xbd\xc7\x8e\xe0\xc4\x82%\xdb'
    b'7\x9cr\xeb\xe8 A\xfe\xb50s\x01\xd8FpV`]\n\xb7\xfa\xe4\xf5\xee\xdb\x1f\x0e\xde={\xff\xfe\xd53\xe1d7WW\r++/?\xec\xbe|\xaf\xfc\xefF\xf5\xdd\xee\x87\xdd\xbf\xe9\xbb\xd5\xea\xbb7\xaf'
    b'_)s\xbc\xb6\xb1\xba]\xa9\xf4]\xbc,\x8bdr\xe41\xaaF\x17\xfb\xf3a\x9eL\xb2x\xfcs\xf1\xa7\x1d\xfa\xffx^f?\x1f\xae\xa4\xaa\x16\xe5\xe6v\xf2O_<{\xfa_\xc4\x873\x8f\xf2\xde\xcaGZ\xe8'
    b'\x1b"\x83S\xc3_$%KY\xd5\xe3\xc4F\xf8\xa7\xccm0\xd7\xdct}\n\xb9\xb1\xbb"\xaa\xefq\x9a\x0b\x16\xd7p\xdaJP\x845\xbf\x08\xd9\xddB\x06u\xdfW\x87\xf7\x8c]\x0bm\xaf2\x88\x92\xe9\x0f\xfa\xd6'
    b'8\x81):\xe8\xd3\x016\xbck\x97\xce\x06K\x17\x1e\x176\x1dM\xb2\xc2vcD\xe8\\jJ\xd71\xd5\x94Zd\xcd\x98fn\xa9\x81\x0b\xd4vwZ\x9c%yQ\x03\x17\x12\x12`\x06`\xa6\xd9<w\xc1\xfc\\'
    b"\x15f\x08\x82)\xba\xd6\xcd\xd8\xce\xe9\x0bM\x927\x1e'\xac\xf8\xb2;\x1a\x02R\x89d7\xd8A\xfd\x98\xbd\xc7\x19U\xf1o\x9e\x9ev\xaf&\x0e\xb0\xdb\xfd\x94\x95\xcf\xd9\xbad\xe8Cu\xb5\xd5\xc1\xc3\xed\xe8\xb9\xc0\xbd"
    b'\x85\xf0\xe1O\x9fg\xf9\x13>-]\x89\xf3\xef\x1b\xc7\x99\xbf\x99 m\x98;\t\x90Z\xa2\xf1\x07\x06\xd24;\xeb\xb2\xbe"\xa0\x0bN\xc1\xc3\x17\xd8\xb8\xb9\xad%0\xd6\xf1\x80\xb0c\x97}\nw\xdc\\=\x8d\xa5}'
    b'vv\xc2\x87\xb7\xebu\xf9\x9d\x9d\x96\x81\xa2\xc0\xe2\n\xa6\x8b\xe7\xc7\xd2`6/\xf5a?\xa4S\xbd\xd0\x9fn\n\xd9\xd8\xdc\xa6\x0e\xa1\x9cv\x13-vt\xae\xa1\x8a\xf0\xaeY^\xcf\x87\xa1\xcd\xa6m\x9e\xf5\x9b@\xa5'
    b'$\xd5\xde\x88\x1e\xa4\xdc9\x89\xa2\x11\t\x15\xe9\xd4\xfc\xbe\x0cf\x05\x13&\xf6\xd5\xa2\xd04;s3w\xb3kz\x0bE\x1e\xf3\x08\xde\xe4\xbe7\xdb\xeb\xd6\xe9\x10\xc6y\xab\xea\xee\xb9y^\x86\xc5\xe3dRU\x8d\xc5'
    b"\x05{\xee\xbc\x80\xb8\x93\x88\x87\\\x1f\x02\xa2\xa7#\x81s#\xad\xca\x90\xbd\x9e\xa9'\xc3r0\x1d\x9b(\xc6!p\t\xaf\xe5*`\xa2\x1f=C\xa6;~\xf8\xfc\x7f\x8c\x86*\xcb%\xc1C\xf4$\xcb\xca\xaa\xc3AG"
    b'\xe2\xae\xe1BV\xcam5\x88^Jp\x8f\x06r\x9a\x1a1j\x1c\xe9K\x00\xdd(;%1\x83\x13\x0e\xd7\\\xbe;\xbe\xdf\x11\xf4P\xf14bh\x8d\xb2\xd9\x85\x89\x1c\xc2\xe4\xb6tf~I\xab\xb7\t\x07\xbaT\xbb'
    b'T\xc7~\x14\xd3K\xac\xb7\xe0Y\xce\x82%\xcb\xd4\xb9\x16\xa5\xb7%\xd0\xe0|\x18@\xce\xdd\x9agq1]*ai\xba\x10_Ngg\xda\xd2\xde\xfa\x91u_\xe4>\x83\x9e\xde\x88a\xa2\xa2\xef\xa3\x9d\x99\xe5\x19\xdd'
    b'E\xa7\x05\xe1\xc0\x8cX\x9fd<\x80\x92\x15\x1a\x00v}\x80\xf2\xa7N\xa4X,\xa8\xf1\xb9\x8e\x90\xcb\xc1\xa4C0\xe5,\xf7\xd2d;\x98P\xe76\x0c\x99\xaf\xcc\xaf6$\xe2\xbc;}~\xfe\x83\x08\x1c.\xa7\xa0\x05'
    b'%\xd7\xf0\x11M\xa2\xa9B\xee8\\\xe3<\xc6\xa9\x15\xc1\x9d\xc0\'k\x92~\x04"\x10b\xd6\x9c^D\xb2\x19D\xcc\xf39\xec`\x05(\xf1M\xce\xe2&\xce\x8c\xcf\xff\'\xd8\xf1\xe6\xca\x02f\xa6O\xe1Q\x89\x82\x96'
    b'\xb3d\xeac\x1e\xefLb\xd31\x10\xd2\x17\xc6\xff\x94\xb6\xf6q\r\x01w\xd5\x8bB1\x96p\x05\xc7\xe90G\xde(\xfa\x92U\xb8\xc1\xc4B!\x9a\x87\x7f\x8e\xaaEF`\x95\x1d\x97\xe6\x91\xe1\xf2v\x7f:x\xfbl'
    b'\xf7\xe9\x8b\x83\xdd\x83\x1f\xde\xbe\xfc\xeb3\xa60\x17\xb3\x84\x86k\xe7\x915\x95\xbd\x8e\xc4\x8c\xdf\x1d)\xe3\xc10\xdc\x89~\xb1\xf7\xbdI\x07\x7fd\xef|M\x15\xbam\xc3\xc9]a9\xd0\x188w\xb0\x13 \x9fb\xcd'
    b'\xbf]n\xc9\xf9s\xdcB\xa4tl\xea\xf1\xa0\x9a7\t\xe57]\x81\x1c\xdc\x0e\\\xbf\x92X\xd1d,\xae\xbar\xedYZ!\x9a0\xebIb\x9d\x17\xb1&\x99\x16n\xde_xP\x9b\xe0\x9e\x87\t\x16\xa3i\xc5\xcc'
    b"\xdcQ@\x0b\xe4\x82\xe9!\x134\xf4\xf7\xe1\xed\xeb\xf7\xcf\x0e\xfe\xeb\xd9\xdfP\xc6\xe4|\x19\x12C\xbe\x8c\x86\x9dm?\x87.'\x8fg1\xd9\xd9yu\xa1>\x11\xc0a0Fd\t\x88wS\x00\x8f\x9ez.\x93\x1c"
    b'w\x8fu\xfe7K\x9d\x08\x9f\xf0\xa5\x03\x10\xac[\r\x81\x03\xa8\x16\x0c\xa2D\x92\x011@\xe8N\xc9\x99\xab\xb4\x1f\xa2\xf8\xefxu\xc8\x03\x90\x96\x8f;\xf5\xd4l\xa8K&\xd5\x8d1Fvtd\xed\x1a\x99\xc6\xfd\xd3'
    b'$\x18\xad\xd5\xb9\x19D\xcb\xb9\x1e#\x0f\xb0\xd7\x17]\x1f\xb2\xa3J\xd6\x10\xad\xab\xc6\xda*y\x0c)\x9f\xe3\xd8\xd2\xdcr-UM\x81\xcd\xc2\xa5\x0em\x1e\xe3\x9ez\xfc0uq\xa5\xa4~5U\xadr\xb2\xbe\xaa+'
    b'O\x8e\xe6\x05\xf0\x95y6\xb4\xe8vBr\xd9\xf1\xc8\x18\x1ak\xd7\x15*l\xf9\x0e\xc8\xd1\xda4\x88\xe3s\x026\x8a\n\x82\xa4\xda\xb3\x0f\x1b-"\xd1\xe4\x85\xa3\x01\xcc\x82*\x98\x94\x08\x006\x01\xd2\x89w\xb8\xa3\xcc'
    b'<\xd6\xfc\xf8\xc4\x9e\xda\xa5Bd\x0b\x9b,\xb0i\xdc6\x8d<4\xe0\x9d\x9e\x1f\x84fyb\x9a\xd1k \x95\x1b[Y\x018\x92\xfcc\x9er\x1aM\xf6S\xd7\xb2^|o\xe3r\xb6e\xc9f\xeaX\xa2w\x8a\xc1'
    b'R\xce\xdc/q\xb5rP\\\xf1s\rqV\xc7\xb6)\x97c\xb1\xa5|\xc7\xd9\x1d\xa7\xc3|R\x8b6\xac.\x8d[\xc9\xfe\xba\xf6\xa1y\xa9SyY1G<\xc5\t\x95\xb9\xd7\x9a\x9at-O\xe5\x80\x10\xe4J5'
    b'\xeb2b\x03\x8b\xd8!Q\xff\x0e\xcd\xbc\xb6\xc5\x16l\xbb\x96_\\P\x17]L\x9a|\xee\x8d\xdb\r\xdf\xca\xd5Y\xb9\xe81{\xe5Y\xb1\x89\xa8\xcc\xd50\xe3VZ\x82\xd8\xb6\x0fa6#13\xce/:\x956-'
    b"\xf8\x83,)\x84\xbfI\xce\xe5e\xd1\x94M\xb0\x9flFGSCN\xd1$\x19\xc11\xf3L\xb3\xabB\xa3g\xf3I\xa7(m\xef\xe2\xd6\xac9Mmq\xfc\xefw\x01Q\xb3\x06\xb5\xb8dCa\xc0\xcc\xa1\x01\xa7'"
    b'\xeb\xda\x94\xed\xde\xad*\xd4\xdc\x18}yh\\\x88\x129\x10\xb1\xb2\xe8\xe8\x9c\x88\xf2qj\x03\xce\x85\xfddC\x1c\xcd\xf5\'fe\x91\xc1E3c"-\xc3Q)k\xe2j\x19\x99C\xf0T\xd3\x1bh\x17\\y\xa3'
    b"\x983\x19gO&zx\x9c\xc7\xa7\\S'\xa7\xbb\x849\x1dO\xc3\xa5<\xef\xcb\xa9\xf0\xdc\x96>\x1fi\x98\xaa8\x08Y\x18\x99\x10i\x11t\x84+\x1e\x14\xb3IZv\xa1\xddi\xf0K\xf1\x05`\x13\xd01Fz"
    b'\x92i2@pSw\xe5\xefXs\xf7\xe7\xf1\xbd\xdeV\xf4\xb8;\xf8S\xef?V|\x01\x96?q\xa4\x193Qgy\xbc\xda\x1b\xee[2\xdc\xc5\xccy[\x18\x93\xec\xdf\xbe\xff\x91|\xb3f\xbe\xb9trG\\\x86'
    b'\x9e\xe7<EQ\x8b\xb8\xd1m\x9f\xea\xc3\xeb\xb5\tK\xec8\x1d\x10\x7fa\xab\x03[JU\xe5\xd6*\x0c\x18#\x90\xa6\x06d\x86\xab\xa8\xe3\x91\x97\xcd\x94\xe9\x9f\xa8W\x8cX\xca<\x95L\xba\xcev\x99\xcd\x0b\xd8/\xfc'
    b's\xb9mK\xfc\xbe\xc9\x93Oir\xe6\x90\xdbr4J[\xc1\xb4XV\x8f\xe3\x9d\xb0\x8b\xee\xde\xd1\xf0%\xcb0:\xde\xab\xc6+\x9aJ&E\xe5\xda\x02?\xe4\x03K\\\x96\xccA\xa8V+\xb6s\xb6xl\x85\xba'
    b'\x1d\x1f\xd7\rH\x06VL\x94\xca\xd1S\xf8\x9c\x8d\xe69\xd3\xc7\xf7\xd0\x8b\xf9\xd8m\xdd\x11xfl\x1d7\xdd\x00v\r\xc7\xc1\xa5\x05\x89A\xecW\xad[t\xcc^\xb5\xe6\x18T\xe3\x9aD\xe5\x12fF\xd4\xb0I\xb3'
    b'\x88=\xb1\xcc{>lw\xe5\x00\x1b\xed9\x0f\xf0\x8a\xfa\x91\xf3\xe7\x9a\xf1\xdcq"\xe0\xd6\xea\x9d\xcdHfy\xef\xdev\xc5\x81\xad\xa9\xa7K_\xc7\x17\x16\xaf+\x96\r\x19\x92\x08\xb0\xf0\xf3\x96\xdau\xb5\x12x\xc52'
    b'/g\xe9\xfbHD\xbdb\x14\xcf\x92\x17\xe5\xe9\x04\xe8mj[q$\x82\xd7\x9f\xf3\x9d\xf2\xfd\x05\r\xc4\x9ah\x93\x03\xb1\x17\xc1\xc3\x0f\xbf\xd7}1^b\x1eh.\x17\xbb\x80\xcc\x04\x05\t\x0f\xfc\xf2`\xba\xdf:q'
    b'\x1f5\xaaN\t-\xfd\xfd\xc42\x8d5\x8e\xc1\xca\xae3\x87y\xfe$\x1d\x8fa\x96\xbd\x8b\x99z\x86\xfb\x90%QD\xa4\xad\x87\xb7\xd8k\xbd\x15k\x87\xb6.\xa7\xa8H\xc8\xe83\xe8\xdc\xb9Vx\xac\x0cv\x0f\xc9\xec'
    b'\xa6>\xd1\xb3\x83x\xd78F\x19t\xac\xec}\x05\x87\xe1q*\x15\x81\xc3OIf\xd8\x15\x16\xb2\x0c\xc0\xc5ec\xe7J\x8e6\x94<p\xc2\xaa\xccw\x85!0\xea\xc5zZ\x06\xa7gD\xe7\xcd\xaf$\xd0\x0e\xcan'
    b"+\xe3\xf8\xeaso\xe0\xba\xfa\xde/\xd7W\x94\x1f$m\xb6wa\xebZ*o'\xd9(\x9e\xb0\xb9\x9a}\xd2\xa8\xcf\x97er\xda\xb5b5k6\xea\x0e\x07\x0c\t3M\xd0\x10\xafG\xba3\xf5\x95^\x89b-@"
    b"h\xcd]\x82\xd2Q\x9a\x9fv\x1b$g\x1b']u\xbb-\xa5\x9cb@\x91ML3\xfc\xc7:\xea&\xa8\xec\x90h\xf3\x06A\x9dCa\xca$a\x92\x06\x8d\x18\xa3\x9eN\x96\xed\x11u\x05:a\xb0\r5\xf3\x14m"
    b'~oA8\x1a/Rz\tmu\xbd\xea\x0c\x8cnx\x81\x9d\xad\xb6\xe17\xb0\xb8\xa9\xe9\xf1*3\x9bx5\xcb\t\xba\r\xae\xa1H\x03\x7f\xcf@\x10\xeb\xa8\x08\xb1\x9e\xacl\xf9\x19\xdc\x98h]\x8b\x8d\xb0\x98\xe9\xe3'
    b'bQ\xc5\xc5\xbe\x0c\xd1\x88\x91\xca\x9b\x08\x97t\x06\x0fJ\xdc\xc7vt_\xff26\xa2\x02\x14/\x92J\\\x94,\x9a\x18\xd82R\xc2\x1d\xd5\xa0y\x0b\xf3M\xe8\x84\xe9\xd9o\xe0\xe6\x9a\x8e5\x7f\xaa\xe1\x8f\x90\xc6L'
    b"\xa4]Y\x02'\x86'\x04?\xe1*\x83V\x94\xf6J\xa1J\x04\xde\xca\xcf\x87x\xb1s\x1aO\xe7\xf1\xe4\xe7\xc3\x15\xcf\x14\x8d\x13\xd8\xd6\xc2\x1c\x83;6\x8e\x12\x00\x15\x99\x9b\xa8\xf8E\x11\xe9\x05\xe3djZ\xa2\xef\xea"
    b'\x8b\xf0\x8a-U\xb3.\xb7\x98,:\xb4\x08\xe8\\\x9d\xca\xf5\x8e\x8d\xc1\xecx5DUf1.u*\xc3\xb9\xe1\x0e\xe7\xc5\x85\xe4\x82OR\xa9\xa21\x8d\x12XO\xa6R{\x0e\xe3\xe7,W\x819\xb5\x08K\x10\xd0'
    b'\xbew*k\xaf\xeb\xc9_\x8b\x0e\x82\xcb\x10:\xed*o\x8a\x99\x95\x95\xad0\x15\x19\x93\xbf\x10#\x883z0\xc5iP\x9b\x1b\x04\x84\x99\x01\x9b\xb8@%\x0e\xb0\x18\xb7\xeaOj\xbfp\x19\xda$lE\n.\xc4\x0e'
    b'|\x89\xec\x0bO\x82&m\x94\x8b\xa5\xa4\xdce\xf5\xbe\xabF\r\x19\x84\x1d\x8bc)epM\x82W\x07(\xd0\xed\xba\xd0\xac\xce\x10\xc2\x81\x01\xaa\x9eS\r\x94?\xa2sW$t\x89\x8c\x8bA\r\x98W\x81\xaf\xb6\x90'
    b"\x9d\xb0\xac\xcf\xa2\xd9B'Ss\x05\xb9S\r=\xbe\xdaz\xa7Y\x92\x15!\xec\xf67\x85\x11w\x9e\xb3}\x90M\xa4\xd9\xd4\xe8\xaf%\xc7\x85\xdb\xf6*\x1b\xb6\xd54\x07\xd1\x04z&?\xa7\xe9\x97\x1d\x90^Y~\xfb"
    b'\xc1?\xbbMs\xc2"\xec\x11\xf6tzt\x92UR\x95\x8f\x97p\xf9\xa9\xcc6@d\xdaU\x1bd\x00\xcf\xba\xec\xf1 \xfa\xa0N\xf9&*Z\xe6\xca\xa0c\x9e\x0f\x1a\x10\xbe\xe5\x03Gq\xbdJc\xe4\x08\xae\xee5'
    b'tJ\xce\xed\xc0\x7f_KM\xa3\xb7\xa6\xef|@\xbd\xf6\x1b\x1d\x06\x17[\x15\r\x13\x80u\x18A\xa4a\xe2\x97\x96\xa9i21\xfb\xb0\xb3F\xe6\xbb\xbe\x91\xb9.\xff\xdbk\xeb\x0b\xda\x15\xff{\x9e\x95\xf1\xb3\xf3\x11\xdc'
    b'8\xab\xfar\xdfPk\x91\x8f\x13K\xe2\x16\xb5T\xe7L\x0c\x8ey\xc6\xe6o\xd89\xe8\x00\xfc\x90L\x12Nn\xd2@$\xbd\xea\x87\x05TR0\x9c\xa7\xa26f\xc6\x01\x11\x82\xd7\xb0)6(\xce\x1do\\W\xb7\xbb'
    b'w\x81\xd9t\x9c\x8e\xd9\xf8\x8c\x9b\xc5mt\xa3=28\x85\x9fg\x99\xdc\x96\xc3\xd5\xbc\xdcKb\x10\xa6\xf1db$\x95\x86\xa4p\xd5\xb5\xb7\x88"\x8d\xedH\x18s\x06\xc6\x16UU\xaa\xa6BD2\x897\x9b\xcd\xd9'
    b'\xeb\xf3^\xb8\xb7h\xb6iqb\xf20!\x9b\xc1\x95\xc6\x85\xab\x84=\xb3G\xbb\xc5GC\x9a\xac$\x10\x1c\xb5[\xb3p\xeb\x1b\xab\x96o\x0b\xbd\xb4d\xe5\x9f!\xb0\x05T\xa7\xd9\x83\xc7\xba\x95\xa8\x0b\x8f0\xdaZL'
    b'\x92-Mo\xe93\xde\xc6\xcee\xc3G\x8eL4\x1d\xd6\xab|\x11\x17\xbb\xa5\xd4O\xac\xbd\xeajT\xae\xedb\x16\xc5\xd5g{z\xa8\xff\x88\xc5\x05"\xf4\\12d7\xfc\xd51\x1a\x8b\x9e\xdb$c:\xcb\xb3\xe9'
    b'\xb1\x15\x1e[\x94\xaa\xcdT5\xf0Y\xe0iK\x9cn\x0ba\x08\xa9B\xc5\xf1`{\x81\xf6ClRm\xe9\xf6}g\x14`\n\\\xbe\xef@yQ\xf3N\x90\x99_5R\x83\xaa\xc2\xed\x94g\xba6\xb9k-\xdbA'
    b'\x04)\x9d\x9a87\xc2\x17\x0es\x03h+\xf1\x83F\xb3\x8b\x04y\xa6\x94\xd7\xe7\xe7\xc9\x06\xc5\xe2\xec\xd5\xb6O\xb6\x80W4\x05B\xc9\xb8\xa4\x14\xb3\x96\x0c\xc6-k:\n\xb8.\xc6>\x108\x953\xb8\xfb\xae\xb8\xff'
    b'\xee\xb0-\xa7\xd7\xb7\xdf\x95\xcd\x92S\\\x8a\x90\x14u}\x11\xacgKi;\x89\x87\xc0\x86D\xfe\xc8)\xa9\x0eWjq\x8e\xba\x86\xd9\x96\xcf\xf2\xe3b\xa7\x07\x04\xbf\xb09\xbb\x15\x9eZ*+(=\xc9Q\xf36\x0b'
    b'\x18\xa25\xe8\xb6H\'\xa5e\x12Y\x1c\x16c\x94\x88\xcf\xa78q"\x97Z\xc1\xbd\x1f\xcd\x0b\x97\x8c\x92\x16HO\x07w\xbc\x90\xcd*\xb0T:\xa4\xde\xefH\x88\x17M\xf0\x1dj\xca\xfc" \xdc\xd2\xa3\x0c\xc8\xbc\x00'
    b'\xbcl\xe0\xbb.\xd8\xfa\x8a\xd0\x92\xb7H\xf0\xf7.%ma\x8a*\xd9\xd8\xce"B\x9e\xae>\x0e\x05\xf2\xec\x94|\xab\xee\xf7\x11\xd8\x9a\x8c5\x1f]hZ\x1e8\xe9\x13\xf5\xc9\x89Q\xe7\xfc\xcc\xc6g\ru\xdd\x85\x01'
    b'\x0f:\xd5,\x94&\xef;;OqzP\x9d{G]\xf4$\xa3[\xdf\xb8\xd2H\xaeu\xd35\x7fC\x04s\x97\x17\xd81I\x10\xccK\x08A\x9aDU\xc3\xd8]\xa3\xd8/\x1a\xe5\x99\xf93\x10\x185\xad\x1c^p'
    b'\x11=Mq\x80\xc8\\C\xf4\xd2\xc2\x00D\x8b\x93\xdb\xcc\x99\xd8.\xd0\x8a\x837o_\xff\xf9\xed.\x9c\xe4\xe1\xe5\xa1\xb0O\xce\xe3\xd3\xd9$Q\xfb#\xfb\x85\xb8\x9am\xd8\xe7\xbe\xd0\\\xe5\xda\n\xf7\x81:\xa0!Q'
    b'\x845\t\xa5\x8a\x90[0\xa62"\x12F.1\x91)O\x02\xd6\xba\xef\x15z\xf0}\x97XSb\x13I\x98\x02\x1a\xc1Ny~\xff\xcf\xfeg\xf7\xc77\xaf\x9eaMw@\x0c;<\x10\xd7x7\xd3\\\x99]\x10'
    b".OW\xe2\xf98\xcdV\x8e\xe24?\x98\x17\xc9\x01uO\xf7\x06'\xd1\x1b\xcc.P\xe8\xa0#s\xe1o\xd1V\x1e\xf2\x9e\xf2#\x96\x0ep\x1c>eto\xf0\xe6\x9c\xd2\x19\x1a\xc5\x93\xe8\x94\x0e\xc0Xo\xb7x\xc4"
    b'BZ<\xbdp\xc1\xcb\xbc\xe8\x1f\xf9\xaf\x0b8\xceq\x9f\x1cE\x85Nc\xceGHx\x91\xcbs\x9a\x17?\xde\xbb\x03\xc7\xd0yIG\xb8\x90\x1a\x0c\x1dp\xce,-\xee\xdfAE\x87k,\x95M\xc5\x078\xb77Y'
    b'aT\xa4\xdc\x17\xedQ6\xeb\x87\xff\x9b\x10\x05\x8a\x005\xe4X\x12f^\xc8\x9a \xc1E6\x0f\x85\xe5/\xb6p\xf9[\xb3C\xdf\x08\ng\xf1\xa7\x03\xe4t\xc9o\x04\x85\x0f\xbb\x7f\x95C\xc47\xc8X4\x9b\x9c\xd6'
    b"2\xbb\xd5\x92n\xbf\x08\xbd5V\xc4'f\xe5\x90\xa8\xce\xc7\x86\x85\x84\xcd\xc2\x15==\xe1\xc4\x17q\x84o\x89\xfab\xdb\xcc*P|\x93UNo\xff\xfc$R\xc8\xab\x07\x99\xb6\xf7\xbcM\xd41\x87]\xca\x88\x07\xac"
    b"\x00\x00\xc4\xbdu3o\xb7\xdc\x939cp2\xbb\xe1\x8a\xd9\xadc\xe1\n\r\x14<o#B\xe0d\xe2\t=\x86t!\xbc\xd7d\x03`\xb4\x97K\x1dW\xc87\x80\xc0,!&1\x9e\x1e \xd1\x19'c\xb9\x19$"
    b"\x14\x9b\xb5\x97\xc8\xf4\xc2G\xf3\x08<\xde\x91\x0f'\x0fB\xdf`i9\x89\xc1\x87\xd9\xd9\xedV\xa4\x1f\x1b\xf2#5\xc7~\x0b\xcb98c}\xc8g\xad\xe9\x0c\xae\xae&y\xaeOF\xbf\xf9\xa2\xd8\x990\x1d\x1d\x9c\x14"
    b'\x9fnz\x045u\x13\xbe\xf7\xea\xda,\xdc%\xc3\x96\xbex\xf7\xd7o\xb7\xb6\xfc\xf8\xf0[\xac\xed[,\xe8\x8c.\xe8\x83\x92\xd0hr\xd3\x15\xf1\x97\x8c\x81|\xd5\xa1|\x94\xa4\x16\x84t\x9d\x83\xafA\xa2Eoiv'
    b'\xcbL\xbd\xee8\xc2\xc8\xc4&\x9c\xa4\xd3\xb1\x97\x83059\x8d5\xc3K4J\xf2R\x8a\x9cN\xa0\xeb\x19!F\x8b\x0b\xdc\xe80`\xb3\xb3"\xf9\x060\xa39\x1f\x1d\x11\x16`\xd5\xb7;\xb6\xda\x85\x02\xae\xe0\x18f'
    b'\xb0\xaeS\xad\xbd\xf4/A\x89\xd3l\x9a\xad\x1c\xa6\xd38\xbf8PFw\xc1\xea\xb8u3\xbb\x9bNG94\n\xbcQ\xd2_\xa4\xfd\x99\xdd\x92\x1c\xdc\xae.Q\x1dI\xbe\xfeB\x99U\xb9\x8a\xf2\xb6-R\xe8-W'
    b'\xb1\xe2^\x8a\xdf\xd0\xb2\x8e&q\xc1\xf2\xdd\x81A\xaa\xdb\xac\xcet\xe20\xf3\xb7\xb3\xc0\xd9|B\xa2\xd8\xe7\xee\x1bz\xf9-\xed[N\x84\x93\xb3\x94\xde|I\xf2\xe5D\x83\xfdp\xe6Pfo\n\xcb\xc2\xf4\xb7\xb08'
    b'I\xca\x7fp\x95$\xd2\xbaD|\xc8+\xf3X7\x93\xe9\xdf-,\xb6K\xd3\x85}\xabu\x99\xe3\xf2YG\xed\xb7\xba4DW\xddne\xf8\xf4\xb7\xbb6\xd0\x80\xdb\xac\x8c?\xfc\xed.\xeb+Q\x92\xdf\xdab\x85\x13'
    b'w\x13\xbc\xd1\x82Cv<\xa4\x97\xbf\x8d\xe51w}\xb3%)?\xbe\x88\x17\xff\r\\\x05\xd7e\x9e[\x91\xf4f\xac\xb3\xac\xf5\xab,\xcb\x98\xe0V\xc0\xdb\x1e\x94\xf1\xac\t\x07m\x88o\xa8_\xe3O"\xfe\xa42_'
    b'q\x03\x80\xba\x8f+~\x8c&\xf3\xb11mgS\xa3p\x97t\xcb^\x10\xae\xf5Q\x13\x0f9\x94\xb19\xd1j\xa9\x98\x9d\xf1\x1f\xba\xad$q\x1b5\xa4\x85\x0f\x9b\x02\x0e\xd4?\xe1\xba\x00zg\xa6\x8f\xd0\xc4v }'
    b'\xee\xc2n\xba\x96"\x99\x16Y~p\x9a4\x0bG\xcd\x8b\xf9K\x91\xb4\x88sb?:\x8c\xf3\xe3<\x9e\x9d\x18\xdb\r\x16\xfe)\x9b\x94l\x1c9M\xe2b\x9ek\x82kI\x98]\xb0\xb7cY\xb2\xf1ul\x0c\x9b\xfa'
    b'X}\xd2\xb3\xfc\x16\xdb\x1bO\xe3Iv|c\x90\xe8D\xbf%L\x8c\xe7\xe3\x8c\xa3GC\xd7\x8f\xaf\xb0\xf9\xe9\xf4(\x8fi\x07\x8c\xfc\xcf\xa9M\xf2l\xc2\x1a\xae\x831\xc2\xfa\x1bV]\xf9\xa8\x82\xddIY)\xcc\xbb'
    b'P\xf3,\x1a.8\xe1j\xe59\x8d\x88T\xdb\xd8\x9b\xf44\xcb\xb3i\x1a\xed^$\xd1n\x9eGo\x93\xd3\xac\xd4\x14!\x12i\xa1\x15\x9fN\xc4u\xa2\x9c\xe7\xd0\x13J\x0b\xe4;\xf2\x06\x915\xd1\xebxbF\xba\x05'
    b'6\xe5\x98\xc3\x97\x80\xf1\xd1\xf9\xff\x83\xef\xd7\x82o\xbbB}!\x80[5\xea-G\xda\x1cX\x1dv\x82\xa8\x87\xc3\x8b6p\x08\x1b\xd6\x02\xf6\x7f5\xac\xdat\x0f7\x01\x18\xe0A\x9c\xcc\xa7dR\xa0p\xdcq\xa3\x9e'
    b'\xf4\xdf\x1b\\\xc7\x87\xbfi\xf2\xf8/\x05\xcco\x95\xa6};\xa0@\x1a0 a"\xca\x05\x83\x17\x01\xa5.\x11\xbc\xe70T1\xba6\xc92R\xf3E\x12\x9f\xd0\xe1\x81\x97\xc1g\x10z6\xea27\x12\x8fQ\xd1]'
    b"\x08\xbe'\x7f\xfek \xb7P\x1d\xba\x00v\xcd\xfa\xd0\x90\x82\xff{So\x117Q\x19\xfd\xc0\xa4n\xb9\r\x88\x9c/\x83\xbb\xe6\xda\x91N\xdd\x92\x90%\x92=\xe9\xbe\x14\x0e~u\xb8Q\xdb,/\xe4\x9f\x83\xd3\xec\x13"
    b',8M\x10\x93\x86!\xa8\xe0|\xca\xc2\xf9Y&^\x11$\x98\xe4\xd9!\x07\x8eh\xd6\x998:J\xcf9\xe0\xd7\n\xecG\x91\x1d\xa5/(\x03\x076\x98E\xdf\xbdYy\xfa,\xe2|l\xd1n\xd5i\xc6\x1f?X'
    b'=^\xdcj\xb9\xb38\xcd\xaf\xb9R\xa3f\xe1Od\r\xdc\x86Ss\xa0\x8c\xaa\xc4e1e@\xd5XS\xa0\xda\xba\x88`\x9d\xb2:+\xaaq\xfa\x92\t\xe3\xa0H>\xe8Qa\xf1\r\xd6n\x1ce\xaf\xbb~\x96\xc5'
    b'\xce$\xbf\x96\xccT\x0bV \xb7\xe2ar\x91\xa9\xcf\xa3V\xcd\xfd\xd7nl\x915j\xe5\x9b\x16v\xa5\xb3^H\x1b\xa5\x8b\x7f\xdd\xfa\xe4p\x1f\xe0\x90}\xf6!U\xd5B\xeb\xf5\x87\xa08\xfe\xa2\xd0r\xa3L\xcbB'
    b'L\x8d\xa0\x8b\xb1\x9e\xcb\x15\x14/\xae\r\x8bF\x12\xd6\xbf9\x98\xfeqV\x94+\xd0\x11\x1eL\x889j\xf2n\xe0&!\x84\x9e@\x99\xe0\xed\xb2\xbacr\xd1y\xe3\xb1\x8a\x18&:\xceE4\x8e\xf3\x8f\xbe\xa3kl'
    b'u\x92P\xc5\x10@\xfe\xfbl\xe5\xdd\xfb[Pn\xcc\xec&\x0b-fi\x9e\xded\xa5W\xa9_\xa4\xc3\x08\x1d\x06k\x9c\xb2\xbf*\xa1\x0e\xfb\xf7\x97\xc9\xb7]\xe5Y\x123\x15=\xd0b;\xd7Z\xa8U$\x96\xc9\xe9'
    b',\xc9c\xe30}\x1d\xddS\xb8\xb9:\xfa7\xde^-!\xb5\x82\t\xa5#\xf1*\xc9\x0fp\x1a\x1b\x00Pm^\x01\xc6,\x9d\xfaNc\xf0_\x14\x93\x07\xbek\xf0O\xc5\xf3&\xf7Ty\xc1\xab\xc0K\xf6\xd07/'
    b"%4\xa6\xc3\xbe\xe4\x18Uk\xf1\xa5\xff\xd4\x93\x1cu\xb8N'\xa6\xeb=\x1b'G\xf1|R\xf2\xe3\xb5\xc1CD\xb9^~\x0e\x90\xe6\x8dn\xda\x8b\x01\xb4[|\xf4\x85\xac\xd3l<'V\x17\x89\xc39\xa2\x84\xa9\x9b"
    b'v\x1dq\x81BI\xab\x88\xe8Te\xeaN\x992r\xb2\xed\xdf\r(\xa5X\xe8\xcdA\x89\x83\xe7W\x91\xe4\xb8\xeb<J&\x10U\xb5W\x13"\xea\xd5\xa2\x93B\x8c\xc7\x93\x98\xff\xcec\r\xaea\xba\x13\x1d\xcf\xebr'
    b'\xd6\xbf/`\xe9\xfa=8\x8d\xcb<=\xbf9l\xd3\xd3\xf9\x84\xed"\x04\x96W\xcf~\x88\xa4\x1b#A\xa0B\xf9\x16\xa45\x96ZL\xfdS\xde\x89s\xf8+\xf3ME\x93\xeb\xb3\x7f\x1d3\x01\xf3\x99\x89G:\x8c9'
    b'c\xd7)W>9\x9cpr\x97\xb1d\x18\x05\x01\xcdf\xbc[\x10}\xf8sM0\t\x8a)\xae\xd11\x11Xl\xb5\xfa\xf3\xc5\xb8"\xa3\xa3x\x94\xfcnv\x8d\x1b\xde\xf20\x88\xf5U\xf9m\x11\xaaM\xe2B1G'
    b'#\xde\x85\xd0\x1f;\xd6\xe7 E\xd4@+\x84\xa9\xa2\xfe\x7f?P\xe42\xc47\x05\xe2sN\x1cgR\x0bG\xa34\x1fq\xac\x05\xe1\xfdY|Qp\xac\xc9(\x9e#j\x81\x8d\xa3\xa9\x04\xb6" 1V\xa2\xfd\xfb'
    b'\x01\x1f\x1f\xe4\x83\xa3\xacY@\xbf\x02\x15G\xac\xc2\xb1y\x9d\x8d\x7f\x98\xd0\x06\xee\xb2\x92\xb7\x98Z\xbc}\xfd#\xd1\x8a\xd3x2\xe1:\xbc\x08\xb7\xeaK\xec\x92\x17\xac%\x05\xa2i\x17\xb8F\xba\x8dz\xfb\xdd\x80\xbc8'
    b'!\xeavsh\xff@G\xd9\x1c|\xee\x81oC\xa2\xa8\x10\xfb3\xbe\xf2\n/l\x84.E&\xc7\x1a\xd7\xc6\xe5\x18\xf3\x8c\xe9\xb1\x85i\x1f\xfe\xe2,\x821\xfb\xfb\xbb\x01\xed\x0c\xc9 o\x0c\xdb7s\x97i<\x92'
    b'N\x82+P\x04\xdd\x8068\t\xf5\x14z\x0b\xe8\xe94\xad\x04\xbfc\x7f\xf3\xac\xfc\xfd@\xb6\x8c\xf3\xa34\xe1j\xbd7\x84\xed{\xd8\xa6<\xed\x1dw\x15I_\xbf\x17\xe8pF\x86\x83I|A\xc2\xd9\x8d\xe1\xf3\x8a'
    b'SX\xa3l\xa5\xc4v!K+\xdd\xec\x89\x84\x05{\xc2\xc1Y\x96C8\xe0\xd0hM\xf5\x95!\xd0:\xfd\xfd\xe0Yy\x96\xdc\xe6B\x7f3\xc9J\xadK\xc0$0\x89\xa1\x1a\x1f\xcd\xf3O\x89\xc6EK\x80\xacd\x92'
    b"\xcd]\x06.\x18L\x85\xaa\xfa':\xb6\x19(~\x1f`\x95{\xe2\x96\xf7\xbcw\xf3\xe8}s\xa4A\x88t\x9dG(\x12\x80<\t4w\xff\x0e\xe2\xac\x81~\xe8\xa2\t]?\xd4\x9c\t\xf1\xef\x82\x9d?\x99\x1f:\xe2"
    b'xpF\xb7\xea\x02\xf8R\xe3k\x13\xc7~\xe8j)\xf7\x90\x81ND=\x99\xa4\x197\x80 \x8f\xff\xdb\x02_z\xcaY$Vb\x96\xe1\xa71\xe3\xcb\x81<Z\x00EiPQ\xb7h\x07,1\x82\x86\xe0\xca\x1e\xbc'
    b'\xf9\xe9\xcf\x9147\xba7\x13\xf2\x0f4ew\xb0)\x942\x06I\xc7\xeaos;\xb4\xbc\xc1\xc2\xe5\xb6X9$qw\xc4\xab\x9ed\xc7\xd9\x825K\xf3\x8a\x8e\x99\xbfe)\x85\xbf\xf5\x83\x8a\xe5#\xd69\x8a\xb4\xa2'
    b'\t\x13-u\xe4z\xe1\xce\xe5s\x9c\xa7G\x12`\x15\x8f>\x1eK/R\xec\xc5\xa0e\xaa*j\xe6\xd9Q\xc0\xe3\xdf\xfd\xd0*\xf0?\xc6\x93$\x1dg\xc5(\x9b%7\x84=\x1c\x06\xe2\xc8\xef\xa1\xef\xfc*\xa1\xde\x83'
    b'\x98C\xcf8a\xbfU\x9d\xf0~i>\x93\xf9\xecw\x02\xc6,O\x93i\x89cS\xdc\x10\x8cV\xb5\xc7\xf72\xdf(\x0c2\x11\xff\x98\xdd\x86&\x83\xe9\x1e\xc2\xc7\xe3<\xbf\xf8\x1d\xf0:\n5\x91\xbc%y\xdb\xf8\x86'
    b'`\xb3\xfa\x0b\x81\x8e\xc1;:\xea\xa0\x07\xff\x98\x13zI\x85q\xd8Oi\xfe\x9e+\xf7\x99\xd4\xf5A\xba\x95\xe2ws\x96\xcb\x94\xb5\xa0(\x03S|\x11h\x96B\x1f\x19L\x10\xe5"N\xbdn\x8b\x9214\'\xe0\xdc'
    b'OS\xce\xb6\xc6\x06\xd0d\x96\xc4\x9c\x00\xad\x18\xcd\x93\xdf\x0f\x9e\n`\x0f\xf3t\xf4\xf1\xd6\x80=;\xc9&\x06\xbc\xca\x88\xa3\xc3\x88\xf9%\xa5\x8d>\xd8\tq\xd7\xd7\xd8\xfeA\xff\x8bs\xf2o\x8f\xa5\xec\xe4\xb1B\x14'
    b'l\x96\x94\x05\x9cD\x16\x9eynP\x91\x12+\x0eD\xd2\x95u \x12\xd0"\xbe\x88\xbfU\xf6\x06[g\xa9\xc3\x88\x98{\xd3\x84\xc5Kq\'BC\xcb\x02\x186\x88\xf3\xd6^\x1f\xe2\x98\xeeo\x11\xde\xce\xc0y@\xb2'
    b'F\xb3\xa1\xb7\x1d\xe6\xed6N\xe3\xb2\xa3\xdf\x12\xef\x95K\x11\x02\x12k \x1b\x89\x10d\x1cu\x9c\\i\x89\x05\xc7"\xccoD#\xfe\x1d\x80\x9cN\x0f\x90\x9b\xe7K@\x99\xf9w\xfd\xaa\x1f\xcdg\xe3X2\xae%Z'
    b'\xbb\x05qL\x0c\xe0\xdf\x19\x08oA\x1b\xae\x8f\xa7\'$W2\x97\x85\xacF\xff\xfep\xe3t\xe1\x07D\t\xc7\xb7"\xa9\xca\xc2s\'LN\xc7\xed\xc4T\xa2\xa28s\xb8\xf0\xaa\xe6\x10#\x97nQ\xba\xd4q\xff\xe6'
    b'0\xa5;\x9ce\xc0\x15\xc9\xfeC\xb7\xfeqz\xb4\x08\xa4\xda\xbe\xd9\xfb\xcdt\x12\xfd\xf9\xe5s\xdf3\xa4\x1fiYIHF\xd18A~L\x9bS\x15eC\xe74\xaf\\3\xfc~uI\xbcq\xd9\xd7@\xa8\xf6\xd5'
    b'\x83J\xf9\xcbWMN@\xd28q\xb1\x0b\x8f\x16`\x18\xef\xce\xdb\xe0\xd1\xe7\xaf\x98\xd5\x10\xb3l\xf1%y\xfd-?\xca\xf23\xe4\\g\xfb\x93dx\x1f\x9f%\x93\t\xd4\xae\xaa\x89hH\xe4\xf6\xad\xf6\xd7\xe8Fn'
    b"\xb1\xc7o\x13S#R\x19[\x97-+.l!\xed>\xf3\xafyb\xb4\xa0\xa6\x8a\xb1~*\xd5Z\x90\x83R\x14\x04\xc5I\x9c'\xdf\x0e\x16\x87\xc4\x9a\xc32K\xf4\xb3\xb8\x05\x0c4\xec]\x93p\xb2\xe7\x12\xc9\x92I"
    b"\x0e'\x8e\xf4Hv\x17\x95Tp5\xf1\x18\xc6\x95\xe3\x98\xebs\xf5\xa3\t\xca\x96\x18\x8f\x10\xe3\xd9#\xf0\xe3\xe2\x9e\xff\nP\xc8j\x8a\xdb\x01\x83\x03g\xf2x\xa2 )<\x98\x98\x1c\xe6.\xd4X\xed\xaeA\rFi"
    b"\xcc\x89\x8eO3S\x9f\xc3\x7f/\xfd\xde\x1c,\xb7\t\xb8^\x00\xa3[\xd2Eq\x9e$\xfa\xe7D\x18\x8b1\xa6\xb0\x05\x18e\x17\x11Qc_\xaa4\xf3[SK\x07\x84b\xc2\xbe6'\x8d\xd1\x8e\xb7;7\xb2z\xf8"
    b"\xc2se\x9c>\x92\xd0\xb2\xd9>\x862L\x11\x01\x9c\xc9\xbf\xe2d\\a\xd7X\xb8\xd6\xea\x8e\xbbLB\xc6\xa6\xc1\xc6\x0c\xd6\xf0\xc1\xa0!\x9e\tv\x93\xd5\x19|4\xc9P`\xfd\xa6\x96\x8e\xdb,{<\x8f'\x07\xfe"
    b'eQ\xdc\xf2F\xf4\x96^\xe5\x86\x0c\x92\x07,\x01\x1e\x1a\x11\\\xb4vZ\xb5\x97%\xf5<.\x93o\x85\xea\xd3$\x9b~1\x86\x80/FH\x1e\xb1$\x08\x87AF\xb8\xbd\x19\xa1\x03.\xc0~%\xcf\xc8\xb7Cr\x14'
    b'\xb5-\x0e\n83\xdd\x1c\xc7\xd5\x07\xca_k\xc2\x05\x1b\x8a\x82\xdd\xc5\x94\xef3G\xd7\x99\x08$/\x8cQv\xa1H\xa9\xde\t\xd6~\xc5\x8e\x92\x84\x1d\xf1\xf9\xb7\xbc\x0c\x15\x1a\xb7:\xef\x15\xde\x17\xfcP\x93\t\xb3r'
    b'\xdc\xad%\xce\xb0I\xf0\xc2\x01V|\xdd\x03/\x9b\xb0\xc2\x0b\x91\xf0\x8e\xa3x\xbc\xc8\x0e$\xed+*N\xfa\xc4\x8a6\\a\xdat\x16\xc4q\x81\xcf\x89\xb5`\xedMW\xf6\x9b\xd4g*\xec\xc6I\x99\x8c\xca\x03}z'
    b'C\xd8\xc1\xaf\x80+\x86q\xa2NF\x11O\x9f\xc6u\x13\xe6\xc7\xacRK\xa7}s\tx!QY\x0ef\xe0+\xd3C]\xa5\xfc<\x80\x83\xc3\r\xd7\xf8d\x9er0\x1b\xf3-j\xb9//f\t\xa7\xb1\x9fM\xd2'
    b'QZN.B\xbe\xc7-\xd1\xd9\x18<\xa5\x84\x94\x12@^S\x8e\xa3\xfdZ\xcbO\xf2O\xd9\x95\x81a\xd2\xea+\x07\x86\xb1\xeby:\x9dg\xf3\x82\xfa\x11\x1bc\x84\x81\x83K\x94\x88\xc6+\x80\xeb\xed\x82@\xb1X>'
    b'\xbcY\xa4\x98|r3\xb8\xe1\x1f\x92\xab&\xe9\xa1:\x13\\\x0fx.\xc0\x08\xfe4|r!F\xc8z\xbd0\xa3\xfaZAOM\xdd\nD\x98\xcb\xc9J\xb9rH\x96\xc3(\xc5\xb5t\xd5\xf6\xc7Q\xa5\xc8%Rp'
    b'R\xa0\xe9\xf5!u{p\x88K\xd65!\xf1c\x06,\x92\x85\x17\xa7$9\x9d\xd0mjnFI.\xc7\xdcd\n\x9bs%\x08\xebUk\xea\xa2\xaf\xb2\xb0\x96\x88\xdf\xc6\rF\xc4\xafh\x13\xf9mm\xe2\xd5m\xed'
    b'[\x19\xc7\xb9\xf2f3Zx2\xfe\x16KkK\x1d\xd7\xbe6\xb3g8\xed\x89\xf8y%P\x9b\xea!\xfd\xea[C\x98\xcf\xda\x86\x15\xe2<.&\xc8\x0ew\x9e6^\xea\xda\xb0\xe1Jb\x87v\xfah+\xe2\x8a\xc4'
    b'\xc4\x7f\xe7(\xc2\xa0\x1d\x12\xa7\x92p\xc8fQ\xd2M/\xd6\xb5\xa9\x145d\xfeU\x8d\x9b\xe3\xf48\xb5\xc6\xb9\xbe\x89\xad\xd1\xb0%u\xe1\xa6^\xfa\xea-<\xb9\xb0\xea\xa1\xc3\x04\xc9r\xe1\x974\xb9f\x8e\xff\x1b\xb2'
    b'|\x06B\x87\xf3\xe2`\x9c\xb0?\xcf<o\xbe\xd7\x16\x81\x88\xbe\x8e\xec\xd7\xea\xe4\x9f\x89>}\x92|J\x0b&\xd44K\xb0\xf3\xc4\x90\x1cO\x89\xe7\xdf\xe2zB\xa7\t\xcbviq\xca\xb5>\x10{4\xeeG\xc8\x83'
    b'\x11\x13\xa9_&\xaa\xc9\n)\xe3i\xc8\xb7\xa5\xb1e\xf0\x05H\x9cg:\x05-\xd0\xc25\r\x12q3\x94\xa4\xd0\xeb\x8d\xa14\xca\xcb\x03\x12ZO\xb9D\xdeMat,\xdc\x98\xde\xfb\xdaI\xdf\xdcXL\xdf\xed%'
    b'I\xdc"\\"\xa9Ij*mn1\xe2d\x085\x15H\xc8\x92\xe9\xf5\xa9\xc4X\x11 \x89]G2l\xa38\xb0\xa5lN\t\xf3\xd2\xa9\xa9\xb8\'_"N\xc3\xd31\xc8~\xcd\x0f\xd5\xcf\xe1x\xc2\xbe\x13_\x11'
    b"\xe3,\xbe\x1cH\x86\xb5\x1b\x82\x93\x13\xbc\x9f\x11\x03TE;\x152|\xdf\xc8\xbeR\xa2t\x04'i\xc7A\xf5=g\xdfY|ll\xde\\_\x85\xff\x9ee\xe9\xb4\xf4k\xa46*\x1e\x9a\x81r\x13\t\xa4\x06\x91\xe2"
    b'\x80K(}6D\xa4\x12\x93\xe1\x97\x8d\xc1\x85O\xe0\x0c\x01\xc8\x16TP\xad\xd9\x02\x8a\x02\x9b\xc2\xe9%\xc1!\xa0\xa2R\x8b\x92\xed\x8b\x9e\xb1\xa3I:;\x18g$G\x10\x9d\xb8)\x0c\xf8\xe3e\xfa\x18D\xa6\xcf\xc9'
    b'"d+y\x03OI\x0cGY(b\x8e2\x93~\x06\x91\x1a\x99$\x1a\x80>~~:\xf5\x8c\xca\xacl\xfd\x9a\x87 \xe5\x8aheNW\xd3Q[\xe6\xd2\xe6\xf5>\'\xb2\xc7\xc4\x14\x92\x92h\xce\x89\xcb\xb6\xddq'
    b"x\xc0dl\xb4H\x9e\xbf!at\xe6\xfc\x99\x12\x93eA\xdc\x95\x8a\x9b\xeckM\x95\xfc\x1b\x90G\rX'\x84\xc1\x07&\x95\xd11]%\xf9\xc5M1\tY!\xf88q_&EQ$}\x81\xa0\xf0-f\xa3"
    b"^\xa7\\p]#2\x9c\xff\xb6|:\xc98\xd1\xe6W\xa3\x1aSfO\x0e\x98p\xdft\x89\xf8\x12$_\xb8\x9b\x11\r\x95q\xd8\xe8!+)\x81)\xe0]\nq\x17l\xe4q`\xd1\x81\x15'\x1a\x11G4\x1d\x9b"
    b"*\xad\x12\xf6\x94\xe7\x17\x1a{\x01\xc5'_*\xfc;O\xc6\xcb\x99\xe6\xb0Qh\x95(\x08K\xc3\xf39=\xf9\x9agN\x0b\xf2\x9d&c\x92f\xe9j\xbd6\xd8\xde\x98\x0f%2\xb9t\xa7\xa9&\xe0\xda\xb2uU\xc9"
    b'\x16\\\xfb\x19\xaa}\x9a\xc2\xae\xb6,\x1f[\xbb9\xdd\xcd7\x90\x7fo\x90\xe7\xa9\xff\x19|w\x9e\xc5c>\x16\xc5\xad\x88\xb9\xfdZ\xa9\xb9\xe5\x93\xca\xec\xcc\xcbP\xcb1\x8c\xb0\x10\xe5(\xfe\x18#\xfb\x15G\x92\x17\r'
    b"\x01\xe3}[D+6\x17B\x1f\x11\xbd\xa2\xf2\x95\xbb\xe2kb\x9f\x1d\xe7\xc0\x1aTn\n\x177U\xdb\x85\xa0\x8c1\xa2\xf1\xb9K\x13e\xc1'Y&\xcaG\x97t\x04\xa9(\x84G\xf7X\xc0\xaf\xba\xea\x8fL\x1cn"
    b'B\xa1\xd2#\x0e/`A \x1a\xa5\xe5\x85\x17\xa2@}\xe1Th\x14\xc74\x13\xdb\xe8i:\x9eB\xd7j\x98^\xa24c\x0e\\@\x1d\xc9lz\xd3\xe5\xfd\x86\xae\xb3bF\xd2\x1f\x97\x83\x98\x1d\x08\x07zS\x84\xe1'
    b'\xef\x97\xf9{\xe1`\x05[\x94\xb6\x8f&\xe9\xe9\xa1\x7fo\t[0?\x95*\x123_\x9c@N\x86\x84S\xf2\x81\xd7\x1e\xd7M\xf3_\x16k\xdc\xbao/\x9bz\x8b\xf78c=5\x9a\xb9\x9e\x17\xd3\x0e\x879Q\xdd'
    b'I\x94\x96\xb601\x83M\xa22\xbf\xea\xea\x89\xc2\xcf\xd9\x99m\x9a\xdcX\xd8\x94o\x8d\x0f{\x96k\xf6\x19\xd4\x03\x15\xc6\xf7\x94m\x15^\xcdy\x9c\x98,\x1f#\xf6BM\x14\xa3\x8b\x11\xc8L\x9e\x1e\x1efJ\x80G'
    b'\xec\xf8\xae\xe9\x8c\xc6\xc7\x88\xe1;J\xcet@SUV\xb4Z\xd5\xdc\xa1\xd4f*\xf5\x0b\xa7vN\x90B]f\x80\x11\xbc\xc0H\xd4\xba\xc5}uK0\x97t\xa5\x1f\x14e6\xbb\xd5\x1d\xc5_G\x05r\x98\xd0\xd7'
    b'\r\xbe]W_H\xe2\x14\xc3W\xfb1\xaev\x84D\xb2-\x94a\xd3w\xac\x04\x1c?0\x1e\xc9\xfeS\x17\xd0/\x19\xfcEf!$5\x9b\x06\x05\xd3\x94\x93K]\x0b\x9672\t8\xd8\xa5\xa2\xdd\xb9\xfdef\xbb'
    b'\xb8\xc6e\x06U\xf82_\xf8\xc4\x8eN\xe2@\x86\x8b\xb9\xe64\xcb\xff_\xf3:\xa3\xc9\xce\n\xf9gA\x8akiVq\x13\x9b\xfb^\xb9\x12i\xac\x9a@4\xbf\x9eR\x94[6)E\xf1\xfc\x9a\x8b8K\xf3\x84-'
    b'\xd2+D\xca\x92\\2\xd15,\xc24\x0b\x97\xf1\xfaP\xca\xe51!P\x9e\xfe)w\xf3J\x12\xda\xa9?\x9be2R.\xce6MJ\x17o\x94\x96_\xa8\x88\xa4\x9c\xf9\xb3\xf4(\xbd\xf1\xc2[+\xd94\xaf\x19\x96'
    b"\x1853\x98,]\x19\xe0\x90\x8c\x1b\x96\xda\x98\xeb\xf63\x97vG\x8bd\x7f@\x82\xcci\xa5\x08\xb5\x14\xe0\x16')S\xdf<F\x84\xb5f\x06`/:\x124\xe0p\xd1\xaf\x94\x08/\xa5~;1:s\xe4L\xe5"
    b'7S8!\x1a\xf2b\xdc\xf1\xa4`\xb9h\xa3\x0f/T\xb5\xc0+q\xa3\xc8\x87S\x1a\xe6\x8e)\xcf`\xa6\xf4.N\xc7\xddq6\x92)\xf7\xb0U\\<\x9b\x89\\\x11\xedD\xee]\xf4\xeb\xafQ\xa7\xd3\x1b\xe0\xe2\xee'
    b'v~\x9e\xd2\xdf\x92\xd7\xabk;\xed\xf2g\xd4\t]\xc98\xfd`.\xe9\xeb\xd3no;\xba\xecmk\xe7\x05\xfb\x15\xeeD\xbf\xf0\xbcL\xcdw\xad\xa6\xde1\xd5\xdf\xe5\xa9.R~^\xf2\xf7\x98\xd8\x80\xee\xa9g\xb4'
    b'\xce\xfa\xc8\xe0\xeex\x0c\xee\x9b\x07\xc1\x14NY\xb2\xeb\xae\xfc\xdd\xd4j\xff\xb9\xf8Swp\xaf\xf7\x1f+\x98\x92|\x80\xea\xeb\xd5\x0fP\xa8\xbd\xa9\xb5\xc0\xbb\xda\xbd\xce\xb6\xfaAz\x14u1\x9f\x1e\x96>\x00\x0e\xec\xc8'
    b'\x14\xf7\x86\xfb\x06BhK\xc2e\x82\x0f0\x1f\xfd\x80AB\x1f\xe0\x11\x7f\xa0{\xd0\xa7-8\x8dg\x1e\x14\xa8\xa1\x07~\xfaU\x81\xbe\xd7?V\xa0\xfd\x1b\\\xda\x91u\xb5\xce\xe9.Z\xf3V\xe9\x87\xfc\xa7\x81\x82\xfb'
    b'B\xc6\xd2Ip\xbb\xed;\x97wj\xa8\xf7\x13/\xbf\xcbd\xc1\xa1\xdd)\xf3\x1d;\x95r\xf4u4\xcb\x02,\xa3_{\xab\xfb\xd1\xce\xce\x0erj\xf1Z\xe97O\x81\xe7|\n\xc4\xd0\xa6\xaf\x0f\xff\x973\xd4\xc7\x05'
    b'\xb3\x05\xdd_\xb8\xf9\x16>bE;\x0c\xe3\xc4r\xe5\xf3\xe4\xb2\x1f\x1c\x10\xee\x83\x80\xd2\xb3\x18\xacD\x8c\xa6\x1aV\x99\xbf\xc6T\x07\xc8\xfb\xd50Ymb\xba~\x1c5O\xef(\xa6\xdd\xe8G\xf5\xb3\xa3\x1fbOD'
    b'\xca\xa9\xfeGN\x96i\x07\xa4\xa2C\xbd\xb7O\xbd1\x05t\xaf\xf0\xf3\xb2\xde\x87\x0c\x88\xdd$\xe2\xb4k`\xb4Tx\x84*\xf6\x02\x05\xe4LqT\x95\x97s\xe2\x1f\xf3\x8c\x9d\xec\x84:\xb1 \xc0\xc1X\xc8\xb9\xc8d'
    b'|J\xec\xee|2\xe6\xfe\x11:t\x96\x16\x9c/\xf0\x93M\x89\xc4|\x1aA\xe9tV\x8a\x85`\x92\x90H\xcaI]x>\xe9\xcc46\xc3\x16\x19\x08\x9f\x17\x9d\xcc{\x10\xedNy\x04\x03k&\xc3S1\xf2Y\xad'
    b'\x0f\xcf\x02\x0b\xa0\xe1.X\xe3HTV\xdaMib\xc8\xfbB}C\xe6`\xa4%.\xfa\x02\x8b\xa7\x13\x94\x97\x0e\xd9\x19\xca\x1frN\xae7\xad\xe0\xba\x02\x8fp\xa8~ \x0c\xf2\x9a6\x7f\xfcctW\xff\x1e(&'
    b'\xf03\xf3\x88\x07\x19@h\ni\x01\xb6\x84\x839|\xca(\x05J\x88\xb4\x83\xab{\x97\x94\xf8|\x8f\xc7\xdd\x17|\xe8\xed\xc5\xe5\xbe\x1c}EJ\xfd\x86\x90\x96\xf9\xd7#\xdc\xb1\xd4\xd4=6\x83\rT\xb0\x162`\xcf'
    b"]\xa7cN\x8e\x80p\xe1\xe8\x8d4\xcd\x9f\r\xd3\xb5<A*\x9e\xee\xca\xde\xaf\x9d\xfd\x15\xda\x0c\xbe\x9b|\x12d\x8e\xe2\x93,\x9b$\xf1\xd4'I\x98\xc3B\xca\xb9\xb2\xf7s\xb1\xb5\xbf2\xe0\xc0#y\xf58Z\xea"
    b',E\xf7xl\xfa_\xfe{\x8b\xff\xe6\xf3[9\'\x03\x0eB\xeev~\xed\xf4\xccA\xf9p"\xfe\x01\xbe.\x10\xc8-\xae\x1d|\xa7_(JY^!\xfa\x98$\xb3\xa0\xd8\x11\xca}\xa9\xc2\x85\xa5\xde\xf9\xb4ph'
    b'V\xa0\xc4\xf2\x8f\xdc\xdb;66po]oAw-\xb8\xb5\x7f\x9a\xb8\xfb\x1a\n\xcf\x1b~|\x07\x0f_\x11*\xbc+\x93Y1\x80\xa43\x98\xcd\x8b\xe6[\x19Wl\xf6\x91=\xc7vh\x93\r\x82W{6;-'
    b'M\xa5\xbb\x8e\xbe\xdb\xe9\x10\xe4k\x1f\xb8;YoI\xff\xc4\xb5\xb4\xe6\x91\xb9Y/\x1c\x87\x1fa\x10\xbc\x03\x1aU\xa7\tH\xbdH\xc7\xe3dZ\xf9\x18ovN\xe3\xe9<\x9etz\xb5\xf5\x11\x0b\x9b\xc5\xe3\xca7\xf2'
    b"p'\x9e\x97\x99\xfb\xe4\xae6\x11\xb7\xe2\x9e\xcfK\x99C\x94s<\x9c^\xbb\xf6 \xfc]U\x06\x8fWp\x18<|\xef\xe8\x1b^\x9av.8\x1auz\xf4\xa8\x8b\xee\x1e\xd3kn\x80\x1f[\xd2\x03_\xe4\x8c\xc0\xcb"
    b'\xf4\x1f\x87\x9a\x01\xb9_\xfe\x02\xff\xc1\x18\xefmR\x14(\xef\xbc\x93@\x84\x17\x91{rn\xb7T\xbd\xfc\xcf\x04I<\xe0\xba \x9f\xed\xf6\x85S\x01wl\xa7J\xfc\x8cwL\xe8\xb3\xd7\xf0\xf7\x1e[\xfa\xe8\xf0S\xfb'
    b'\xd9\x912t\x03\xe3\xe9H\x846x0\xd8\xf5\xd9\x1b\xf9\x86\xdbHR\xe5\x12\xf7\x9a\xfb\x8d\x99>\x0e~m5\x90\xcbK\x0b\x04\xce/L\xe4\xb5\x01\xd8|m\xd9;K\xee\xd6\xe0\xceB\x8a\xd6\xbe3\xb2c\xb0\xd1I'
    b'V$\x12\xba\xcf#\x94\xfc\xd3DC\x9e\x9e\xb1\x17\xe7\xc7)\xfb\x14\xb8\xeb\xdc\x08\xbdb\x06A\xf2sI~\x06\xcb\xa6\xf5\x7f\x0f\x85\x1d\xc8\x18}\\\xdb\xb9x\x80h\tC.\xa1\xa2J\x11\\\xa6t\x95\x86\xb7\xe3\xf3'
    b',\xef\n\x8f\xc3JPf\x92\xaf{C\xfa\xf7I\xcbu\xd2x\xcd0\x01\xb2\x1d\xf0\xc2v\x88\x85\x1a\xc9\x86\x10\xe4h\xab\x9fMP\xaa\x82Nu\xfaI\x8e\x125\x1b\x8c\xd8\xa0\xf6\x930\xef J\xd0C\xdbs[\xb9'
    b'\xa0\r)\x0b.\xe9\xba\xe0\xd2tMK\x87X\x1a_\xc5\xe1\xc5\xdb\x8b\xbc\x17\xcd\x18\xbd\xad\xbd@\x92\x8b\x0f\x93\xc9\x82\x15\xe2}\xc7~\x82\x9f\x03N\x96\xf7T3\n{\x97;o\xb2\xdf7\xe1\x16{o\xb4w^\x90'
    b'\xe0>*]\xef\xf2\xc1`\x9c\x16\x1c[\xc7\xf2\xd9\xdd\xbb\xb2\xeb\xa6\xc5\xbb\xa7o\x9f=\xfb\xe9\xe0\xdd\xcb\xff\xcb\xdct\rZ\xe9\x94U\xbd\x0eN2\x8fl\x86\xb7\xed\xf3\x90\x06n\x1e\x91~20\xcc\x90\xf4[{\x1d'
    b'\xc2A\x1a\x11\x8d\xec\xfc,\x0cM\xd0V\xd6\x8aE\x85;W\xed[\x81\x80\xb2\x9e\xe3\xa7t\x9f\x8f\xbb\xd2\x85\x9d\xdee\x15`\xd9T\x0b\xcf\xedD\x0e\x16>\x14|\x94\xd0o\xb047*{\x1bt\xdd\x08\xe1~\xfbs'
    b'\x91\xcfmKF|\xff5>\xd0\xb7f\x9eJ\x0b\xa9\xa9\xb94}\x11\xfc\xee]\xff\x08l{o\x0bw\xb4\xad8\xd2\xc2\x9c\xe9\xf1\xb0W\xda\xae\xe2$\xee\xac.\xd1\xbf{\xd1\xd0\x8a\xb9\xe8\xbb\x01{4\xbd]\xc0\x0e'
    b'\xdf\xe8|4\x9d\x0ew(>\x99\xbcp\x0b\xbaK\xa7\xb3\xb9=\x10\x92a\xd3\xe0\xa0\xdbC\xa8Z\xfc&\xad\x07F^gSt\xdb\x82\x1d>nx#\x9a\r\xce\x13VI\xbf\xc9\x93Oib1\xe42\xec\xbe\x19\xfb'
    b'\x0cN\x99\xd6u\\\xc2\xf7\xda%K\x8cSKK\xf8V\x10\x03\xfa\t\xea*jY\x19\xba"\xa6\xb8#$p_\x8c\x1b`I4\xe2r>\xb3\x1c\xdc]\xd5\xa9\xfc\xe2Q\xa4\xe3l\xba\x88\x1e\xa9_\x8cEnn>'
    b'\x80\xff\xe2\x8eu\x9a\t\xde\xd5H>\x14\x91A\x13\xd6\xfa\xe7/\xde\xff\xf8\x8a\x9b\xfc\x91u\xdc\xc5v\xd8\xa2LK\xe8\n:\xef\xf9\x06$\xf6\xba\xf0\xc0@k\r[/ \x8exO\xbb\xc1\xb5\xd6\x17\x93\x02\xa8\x88\x88'
    b'+\x8c\xe9^\x19\xf6nA\x05x(\x83\x0bw\x16\xd3\x81K\xc7\xba\x06;\x02\x85N\x96_\x7f?\xb8q\xf3n\xe0Mm/\xf8\xa9\xdf <\x97\x9d{\x08\xf9R@\xfb\xedZ!,\xbd\x98\xdd\xb2\xb2\x10r\xb8\xc6&'
    b'HL\xe8U\xdf\xc5xHf|\xa8\x9c\x8b\x8b\x82\t\xd9\'\x7f\xb4\xc5\xfb%\xbb%\xe2\x80\xc3K\x7f\x9bt\x93\xaa\xf0\xe7\xbe\xad\x8c\xe2\x13\xe0K\xc7\xb2\xf3|\xb5\x18Z_%G\xc7V\xb3\x00yk\xf6\xdd0\xab"'
    b'\x99\xa2+\x8fa7U\xb1 \x99\x98\xaa\x0f\x17bi\x0c\x9c\xb0\xa7Y\xc9\xb1d\xf0F\x02\x17\x0b\xa9\x96\xfa\xd6\x94\xba\x03\x1e\xe4\x02\xb1F\x1f\x93\x99\xaa\x7fr6\xda0u`\x9c\xf3\xb6\x84\x05\x85\xd3T*\xae\xb1T'
    b'Pf\xb3\xa2A\xedHCv\x1d\x8f\x89\x19x\x08J\xec\xaeb\xe7\x93\x8b\x97c+{\xf2W\x9e\x88\xc6_\x99=\xac\xf6\xd0\xc6AJ\xcb\x01T\xdfA\xb7\xde\xcb\x1a\x8aS\x9b\xa9k\xc3$\xf4\x90\xe3.x\xd5\xc7\x9c'
    b'\xa1\x9d\xbd\xdeXw\x86\xa7Z\xa8\x0b>\xa1\x9c\xcc\xdd\xf8\x86\xb1\x89`\xea.\xbc,\xfbX,Z2\x1a\xbc\xe3oI<\xa4\xabhqC{5\xf2\x8f\xc1,f\xeb\xd3O\xd9\x98\xe9b\x91\xe4\xe5\x93\x84\xae\xe1\xa4;'
    b'\x85\x9b\x15\xdaX\xa4\xc5\x8aO K\xf3I\xac)\x19\x0c\xb0\xeb:\x02A\xf7\xed\xc5bB\xa3\xec\x8f1+t\xa2c_\xf8\xe7\x0b\x9f\xbf\x1ce\xd3n\xaf\xd7\xd8\xa0\xb2\xe1\xef\xa9S^wW\x1cL*\x87\x03\\\x8a'
    b'\xa7\xcd3\\\x0fL\x01\x8f\xc3\x9f\xc4_F\xdd&]\x07\xbf\xe9u\x1aU\xbb\x0b\xff\xb3U\xd7\x9aD\xf7d\x9a|V%\xa7\xb5\xea\xa5L\xed\xc4\xa6\x83\xc7!\xa5\xbc%br\xaa\x1e\xb5\xbeT\xcd\xea\x98\xae\x13\xce\xc0'
    b"S\x0c\xca\xf3R,ag'\x17\x83NO\x94bL\xdf\x16\xa8\x8d\xe4hY\x00\x1ff\xe3\x0b9\x1a\xaf\xd8\x01[\xaa<\xda\xa3I{\xdd\xe9\x13!o\xdc\xef\xe0\xd0\xd7\x14\x1a\xc5(A5\x03\xc4rke\xbc\xbe\x92"
    b'/\xe3)\xb0D\xab\xbb \xc2yC\xc2\x98gg\xd41\xbbn\x14"\xf8\x06]\n\xd3\xc90\x9dO\xd3RFP\'\x8d3U\x16J{\x99\x9fn\n\xf7}\x98\x1c\xa7\x86\xfci\x02\xb9S\xe8\x03\xd9\x9f\xaa\xd0\xd2,'
    b'(\xaa#`\x12J\xcb\x02{:B\x89\xea"\x9c\xc9+\xf5C\xe3\xbe\xdf\x88{=\xdb\xc0\xe9\xde\x8a^J\x19\xd0\x18e\n\xde&H\x88\xda\x17\x1d\x02\xd1\x17\xa9\xca\xa5\xc0\xe3u\xa2oO\xc5\x99r\xd9$g\x0cX'
    b'*\x06\x1e1\x16\xa6\xf3\x1d\xaf\xef\x9d\x02^w\xdd{\xf36\xd3K\x90\xe9\xde\x04\xc9F9L=f[\xa6\xdd/\x93A3\xe3"*\xaa\x91\xcf9\xd7\x87\xe0\x9chFX\x85\x94\xa9\x0b\xac\xd2Mh\xec\xa9\x03\xe9\xde'
    b'\xdaJ\x91\xdbHf]\xc6\x87\x12\xe6Z\x10\x0cI\x84\xa3\xdb\xe85\xab[\xe0\xb1-j\x1e\xbc\xe5\xa9\x16\x9a\xa1\x18\x1e\xb8Z\xfdH\xe9\x97\xe8\x8eh\x1e\xdfE\xab\xbe.\x89\xbf\xb2J>\xcfpy\xb3\xeb$\xb81\xa4'
    b'S6\xec\x03Z\xd3\xca\xedR\xa1{\x0e\xa4H\x86\x13\xc6>qO\xac\x13\xc2\x1f\xe2\xd0Q$e\xe1\x82\xbf\xc5E\xa1o\xcf{\xc3\x7f\xd4\x8f\x03\x14B\x12\x1f[{\x90\xf82Ye6r\x19\x0f\xdc-\xf7z\x9a\xa8'
    b'\x9f\x8d\xeeE.N\n\xe0 \n\xe3\xa9\x94j\xda\x16\xc9\xf0\x93\ta\xd2\xa8\xfct\xe6\xf6\x94\xb1x^zpP\x0e\xaf\n\x14\x19\xbe\xf5\xba+|l\xed\xf4\x82\xcb\x00\x0c\x81/\x0c\xfb\x820O\xde\xdb\xd1\x7f\xcc\t'
    b"\xc2\xef\xa0-\xc8\xf2n\xe7\x0fA\xbf\xd1\xc0l\xa2\xc7np\x07t\x11\xfb\x98T\xbd\x04e\x9fv\x02\xec\xda3\x1f\xec\x9bVB\x8fvxF\xe14v'\x93ng\x0b9\x92\xa3\xef\xd9&7u\xc3\xe3\xa3\xbd\xd5\xfd"
    b'^d\xfe\xaa`\x1d\xb8\xfeN\xd8|h\x9b\x0f\xab\xcd\x99\xe4Y{P)\xda\xce\x86)\x05\xa2\xb7(\xc6S\xd1\x0f\xba\x95\xf3G\xaa\x00\x97}0w\xc3\x1f\xff\xf0ps}u\x9b.\x86\x8eR\xaeN_\x91:7\x94'
    b'\xac\xfd\xc2\xf4\xcd\xb7,\xe7\x06\x1f\xd2\\\xb3\xe96\x1c[Z\xff\xd3yYZ\xaa\x1d\x92l\x9c.\xd0lK\xe0}\xd2\xbd\xf0<q\xc7^\xad\t\xeb\xc7\xcfFS\xa95\xc1w\xb6\x18D\x8f\x8e:\xbd\xc6\x19*\x10\x03'
    b'9\xc1\x045\x0b\xc3"\xa74f\x9b\x92\x04\xa0\xc9\x99\'\x06SS#\xdd\\T0\x160\xe9T\xe9\r\xdfL\\\'\x83\xcd\xb9l\x96\xaf\xdf\x7f\xa2\x81\x16\xd3\xaa2\x8a&3w\x1f\xb4\x97\xf8^:\xd84\x80\xd8\xbf'
    b'\x9c\xa8\x01\xc2\x9c\x94\x0e.\xda\x17\xbb\xca T\xb4\xcc\xb6\xe0k>\x9dk\xe2;d\x02Gnbd\x11\xf6<\xd9\xa9=n^,~\x10\xfd$\x916tS 5\x18\xd1\xa1gc"2\xea#7\xd5\xb7\x12\xfc\x18'
    b"\x02\x96\x06?\x9c\xa7\x93\xf2N`\xb7K~\xa4Ix\x12\t\xe6\xb4\x80=7\x9f\xc8\xc1\xe0\xd6\x8d\x0c\xad\x1dB\xf4yr,\xfb\x04FV53'\xc0AY\x9c\x7f\xfe\x88C@?S#\x16\x1ep\x9a\xa0\x0c\xda\x11"
    b'\xeb\x12F\x80\x81I\xff\xee\x18\x03\x93\x19r\xb1\x12>\xd0\x99\xb1\x1clt\x04t)\x8f>\xd2\x83\x8e{\x85G (\xd9\xd4=\r$~\x9d\x84{{\x85v\x95\x01\xd5\xf5\xfa^$\xa5\xd7\x15)\xf4\xa1\xef7$\xae'
    b'O\xad\xfarKx#q\xb0\xf1\x95KB\xbcI\x06\xf8\x0e\xc8\xfa}\x00]\xba\x1exk{x\xbf\xa2\r\xda\xe6\xc4]\x1b\x9d\x0b\xe3O\x8b^\xe7\x8e\xd1?w%o\x0col\xfd\xd8v<2\xd3\xb1\xa4\x02\x1c\x83'
    b'\x98\xed$*\x00j/\xc6x$X\x81\x87\t[\x88\xfc\xaf+\xc6\xd2~\x8d\x0eW\x1a4P\xe2\x16;\xf8c\xf1\x88\x83\xbb\xa6o`/*\xe6\xf5-\xa9\xd9\xce\xdcn\x02^n&I\xa2\x16\x13\xe5*\x8d\x16l\x92'
    b'}4\x00\xfc/\x93V@\xe8P\x85\x9a\xf1=%i\xe6\x97e\x02O8\x13\x1d\xf3\x92\xa60\x84M\xe5S\x85\x95g\x91^\x000\xafU\x03\xd4\x9a\xed\xff\x0eh\xe2\xed\xa6~0Mz$\xf5u\xa8\x89p\x82\xf2\x9f'
    b'\x92\xab\xe8Y\xc7\x9a\xe3\x84\x02_Oc\x88\xb6M\nCy!\x9a\x16\xee~\x97\x7f{oj\xe4*\xae4\xa8\x10\xd4\x9f\xe7k\x1b\x87\x89\xff\xde\xe8\x08_\xb4\xde\x9ch\xcd\x7f\xb4\xeaD\xd0U_\xda\xb0\x17\xf9\xbb\xf4'
    b'\x90]\xc4-(\xaa\x17A\x9b$\x80#\xec\x16\x8b\xbb\xc1>\xaf-\xf54xm\xd5/\xec\xf5\xb6\xed\x0b\xdd\x15^\x8c\xe5\xbd$\xafp\xbd\xdc\x85\x11\xd0^\xd3c\x0e\x92\x87\x10a"\xb3u\x89\x90\xc9\x10\x05\x84\xba&'
    b'\x9a\\\x16/\x97Do\x90\'&\xcd\xa4\x0c\x04)O\xeafY\xa0/R\xa4\x86\x8b\xb9\xeb\xfdt\x1e\x1f\xdeC\x9f\x87T\xce8e\xb4\xa7o\xd1\x8a\xd8\'"\x00o\xb0q\x8c\xb0\\\xc6\x85\xc5\xdd\xa7\x13.\xa3\xf1\x96'
    b'`\xd2\xf5\x88\xba\xacyG\xa7\xb9\xb09z\x87\xb8?\x00\x9fF\x9b\x02\xef\x8f\xda[\x01\xd7\x0e\xb1\xd3\x98\x98\xfe^\x96\xb1\xe4\x17h\xfd\xec\xbc\xfe-\xc7=\xd0\x97\xd2\xf40\xa3cqJ_jG\xfc\xf2^\xb4\xe9\x7f'
    b'|\x19l|<\x1e?\xfbD\x7f\xb0\xae\x85\xb6\x94\xf6\x1e`\xef\xf8\xd4\x85\x83H\xac\x15\r\xbc\xb9\xbf\x01\xec\xad&\xc8GG\x88\xd3/K\xfb\x01Q:\x02N\x8f\xdf\xfb\x0f\xa2\xbb;\n\xbb^\x0bR\xb2\xda\xe6\x12z'
    b'\xb8f\xcd\x91A{_\xbb\xe3)\xb3\xa0\x11\x15=\xa9\xa5ZP\x92\xde^\xf7\rE\x80\xf1K\x12\xa7Dv\x1e\x92X$7\x8c\xb1\x12X\xc1WeUe\x16\x0b\x932\xf2\x18\x9c\xa9d\xa1\x87\x86\xe5,\xdb\n\xb5\xf7'
    b'\x92u\x95\x9d.\x8a\xcaJX\x1d\x1ej\xdc\x07\xe2G\xe2\xafT\x85\xa4\xc28\x96\x1b\xc8\xb0\xcdO\xe6\xd47\x8a\x0c,\x86\xddJ\x8b\x94\x15\x1dS\xcd\x8dor\xe66\xd2\xffA\xf4\x0e\x17\xaf\xd1$\xb9\x8b.\xce\x93\x06'
    b'\x11b\xa9\x90\x9d\xa6\xb6\xd6\xedE\xba+\xa4P&\xc7\xd1\x80q\x17o\x15.\x9e\x9bE\x853\xc8x\x9b\xab\xa5?\x8ce\xe0\x10\x89ZN\x8bdB\xcc\xca\x96\x99\x8c\tvA<\x10\x17\xa2\x16\xcd\xc4,MFN\xf1'
    b'\x06\xedy\xae!\xc1\xb1\x96~\xc7_\xb3$\xfe(\x89_5\x04].\xe6b`f\xaf\x93Y\x92\x02U\xd4\xc5\x94\xf3\x82"\xf5Q\x9f+h|\xd4\xf0\xb5\xc2\xe8Y\x19\x8fy%H@\x95_Db\x04\xb5\xe9\xa8D'
    b"\xf1\xc4$\x02.5\xec\xde\xca\xb6l\x90E#\xac\x94'\xf3\xd3\xc3i\x9cN$\xba\xc6\xe6\xb7\x93\xd2\xa3\xc8L\xc6!\x12I\x91M\xe6\xdc'\x0b<\x92\xc3z\x14\xcf\xd8\xdf\x9b\xa5\xc8\xa3(\x86pcT\xd5S\xe57"
    b'\xac\xe0\x94\x1b\xd4\xeck\xc2\x02<\xaa\xbc\xe62\x9aw\x02\x9b\xd0\x92\xdbH\x13\xf1\xc1[S$\xa0 \xea\x0e\x1cK\xd0\x1e<\xa2\x85\x88\x1aG\xea\x83\xb7\xaf_\xbf\xb7i\xb2R\xd1}\xba\x05\xbb\xb2\xc9\xcc\x9b\x94\x1d\x15'
    b'\xb7$M\x88\xaeMr\xf8Ip\x06F\xe3\xa8\x0e\xfe\xd2E\xdc\xa2\xf2\x8eT\xe4a\xdd\xb5A\x16s\x1eEXc\n\xff\xfa\xf9\xf3go\x9f\xfd\xc0T\x15\x0e\xdf\x03\xb3\xb6F\x8f\xd5"\xf1]\x15\xf6\xe8\xe7\xc0\xae\x9b'
    b'\x7f\x18\x80\xec\x8b\xbf\x82\n\xc8\xb9\x1fq\xe7\x98S\x0b\xbd\xb4\xd4\x1a\xb2[6E\x18\x1fk\xce\xb0\x95\x11\x02q\x00\xb5\xd5\xe1\x99\x18\x9b\xef\xd0\xdb\xf78d\x05R\x06x\x05\x7fUw\x9b\x13\xab\x89E\x86\xb0W\xd7v'
    b';Yb\x07\xc3\x07&\na\x85\x83B`l^\xeb\xa9_\xe1\n\xfc\n\xe9\x1f\xc8y^\x90\x0c\xf6\x81\xeb\x97\xcdPC\x18*d\xd1\xd4\x9a@\xb9\xc2\xd4 \x94\xd5\xc3b\xb4$\x9f\xd0\x9eg\x98\xe8\x9f\xdf\xbe\xfe\xcb'
    b'\x9b\x83w\xbb\x7f{\xc7Q$\x9d\xd7\x9e\xbb\x1aG\x06]p\xb0\x13\xaf\xcc\x90\x94\x0e]p\xcd\xfbVw\x11\xd1\xbdsC\xf8\xdb\x07\x87+\xfeI3v{\xf7\xde\x8b\xc6\xf1]|1!Z\xa7\xa5l\xe2\xf2\x92N\x1b'
    b"\xfc\xe7\xfa\x82\x95|\x1e\xed\xa7\x9c\x9d\xdc\xa2\xa4\xf5\x06\xe4N\x00\x05\r\x92x\xf9\xf4\xfd_\xde>\x03$.e>o\xa1ke\x9a\x0e\xbd\xa7\x97\xf9BK\x0e\x83@\xd8l\xc6\x92x'\x83^ .\xb40\xb91\x8a"
    b"\xcc\x0fQ\x02\xdd),\xd0mWr\xf0\xd0\xa4i\x07\xe7\x85Q\xdc\x03\xdd\xe5U\xd5\x81\xa7\xac\xb8pw~T\xbf\x1d\x8e\xdcX\xb6\xfd\xdcS'Tz>\xdc\xe7_1\\R\xf1\xd6\xbe\xf4~\xaeFC\xfa\xff\x8at"
    b'\xa6\xef\xff\x14\xadI\x9b\xeb\xf6\x11-W\xbf\xec\xa8+\xb9`\xb5\xef\xd0-\x86V\xbd\x01\xd9ye\x8e\xec\xe9\x17\x99Fg\x99@f\xe4X7\x16\x18\xc1l\xbd\x8e\xa4\xfa\xd7T\x12\xcc\x8fN\xd2\x99^\xe2\xdc\xbf\xb8\xae'
    b'\x0b\xd7\xa0!\x0f\xf6\xc2\x80\xb6j\xed>\x1d\x89tlmUY>\x16\xf6Y5_,\xaf\xc1\xa3\x93\xf5\x95\x10\x01h\xdb;G\x1d\xa2j\xda\xff\x84Szu\x8e\x8a\x8e_\x87\x9a\xee\x19\xd6\xba\x8f]\xb80\\o\xdc'
    b'\xe3B\xf34\x89\xcb\x83\xdcE\xe9\xe4$\x9bs\xd85#\xd3\xf0\xe1\xec\x1c\xd8\xf9\xfc\xd9\xae\xc1K\x0e\xa3\xdbsat\xa2$\xf0~\x86\x01v\xdfi\xa9w\xcczg\xe9h)\x1a\x9d\xef,\xad\x0f\x1e\xd2\x1f\x17;K'
    b'\xc3\xd5\xa5(\xa7\xdfK+\xdf7\xb7\x1c\xae\xd5\x1a*~\xb4t\xbd\xb6:\xa8\x7f\xf2\x1d\xee\xa4\xf1\xce\xd2\x8f\xc3\xc1\x06\xad\xeadm\xb8\xa4\x15\xba\x97\xcf\xd2qyB\xdf\xd1g\xd472\x12\x80\npBH\xb1\x8a\xc0'
    b'\xba1!II|\xfa\x0b/c$\xeb\x06\x90\xc7\x89\x88\x04\xef\xbe\x0b\xb4\x04\x94\xf2\xe3C\x03!\xf7\x06Z\xec??Y\x08 \xb3\xec\x87X\xc2\x86\x0f\x9es<\xc5\x027\xf4mu)M@\xe2N7\xaf\xf1\x9d\x01'
    b'\xc0\xeb\xa9\xad\xce\xa6\xe8\x85\xd4\xc8@\xc1#\xe1Xk\x95Z\x14\xb1\x02S\x8d\xf8B\xc6`@\xcf\xf5\xcb\x93\xf9!\xc0cR\xa7\xfaiT#\xef\xe9w9\x11j\x0f2\x8c9K\xd1\x05\xa6\xaes\x1e\x12,\xa4z='
    b'\xfd}\x9f\xd6u\xee\xafc\xcf\xe6Q"\xbc\xb4\xe9\xb9\x98\xf1\xa3\xc5\xf0\xc3!\xff\xbdf\xec\xa7fK\xea\xc3\xae\x0e60\xf0\xa6\x1d\xf8\x11?\xb1#\xaf\xc9\xc8\xc3\xc1\xa6\x0f{\xf4s.\x00\xa7\x8f\x1f\xd8\x8f\x1f\x04\x1f'
    b'\xaf\x9a\x8f\xd7\xdawdOb\xc7\x19\x99\\\xd8;\xff\xfc\xba\x93\x0f\xfaa\xf8^\xbb\x1b\x9d5\xea\xef\xba\xfd\x8d\xf4\xb7)\xcb\xdb<\x0e\x86\xb9o\x87\xd9\x1c\xac\xbba\x1e8`-\x9c\xec\xc3\xc1\xc3\x8d/\xd1\xcfps'
    b'\xf0\xe0\x8b\xf4\x83N\x86\xeb_hU\x9f\xdb\x91]\xd6\xf5:rd1\xd1Pz\x04t\xab\xfbW\xe6UiD\xd0=\x08d63)\xe6\xed\xb3\xd3t<\x9e$\xe6r\xf2^\x1c\x11\xd7\xaaC(}\xf5\x85}\xdc\x96'
    b'\xb8\x9dxhQ@\xbdz\xf6\x83\xf0C\xdc\x11\x04Z!)\x12\xbdO\x18\xe7\xc5\xfd\x83\xaa\xd8\xb0~\x82\x07\xae\x03\x07\x0f\xa6p\xcb\xf9|\x92\xec,\xb1&#\x1b\x8f\x97\xe4\xb2\x88\xd6\x06\x1b/\x86tZw7\xa3M'
    b'b+\x98\xb9\xe0\x9f\xd1\xf0>\xbd\xd8\xa4\xe7C\xb0\x1b\xfc_\xfaeX\x97\x0eAw\xe3\xc5\xda\xfa_\xd7\x86\xda\xcc}\xce\xcd\x1e\x99^\xdd\xd7\xe8\xf5\x01?\xff\xbf\xda\x89\xb0f{{4R?\xda\xd8\xefG{\x8f\xf4'
    b'\xdf\xe1\xba{\xc4\x7f\r\xd7\xf0\xf4\xbe\xfdk\x15O\x1f\xe1o\xf7\xd7#}\xba\xef\xa9\x8a\x87\x83\xf5\r\xf0i\xde\x91\x85q_\x0f\xadH\xca\x80\x9f\xf9S x\xccI2\xa6\x05\xd1\xf3\xd3\x9d%d:\xee\xd2Z{U'
    b'\x02\xc6\xe8\xf3}\x08\xeeB`\xbb\x16m\x9e\xacO\xee/\xaf\x7f\x1a\xaeN\x96\xe9\xdf\x17k\xff\xf4Q\xd6\xdd\xd8\xc3hc\xb0\xf1\x8f5\xde\x0b\x02\xd4\xc6\x8f\xc3\xb5\xc1\xc3\x888\x88\x7f\xac\x0f\xeeG\xf7\x07k\xf4\xf0\xe1'
    b'\xe0>_\x91+\xc7!\xa6\xb2/24\xff\xcc\x80\xd1\r\x06f\x16\x97\xb8e\xe24\xc3\xdc$\x11\x85\x87:\x1b\xc8\xe5\xad\xa9\xb9\xe4\xfe~\xf96r\x0f\x82\xac]!,\x903,\xe9.\xaf\x13\x92\xac\xd1\xff\xf5\xaa\xeb'
    b"oG\xb7G\x8c\x02'\x1b1/T\x16k\xa0\xc1\x88\xa3O?\r\x87^\x03z\xb1\xac\xbfN\x967v\x83\x17\xd1\x83\x88\x98\xa1\x8dO\xcb\xc3a\xe5\x05\x06\xfag\x05\xcf\x86k\x84\x1dC\xc2\x0eB\x8aM\x83\x13n\x1b"
    b'\x1eE\xf7\xff\xb1\xbe\xbc\xc6x\xfc\xe3\x03j\xb2\xf6\x8f\x8d\xe5\xf5hH\x1d6]Z\xb5\xad\xb0\t7X\x82\x9a\xcc\x8f\xe5\x10\x1f\xb1lGl\x95\xaa\xa9\x84\x91\xa6\xee\xe6\x87b\x11?\x9c$\xd8\x8a\x7f\x9c\x15\xa5`\xe4'
    b'\x7f\x9f\xad\xbc{\xaf\xba\x1c~\x82\xdf7<\xd6\x04\x8a\x93\xe1\xfd\x980J\xe1A\x7f\x01\xac\xe6\x01-s\xed\xc5\x86\xfdmO\xf5\xf2\xda\xf2\xda_\x83\x0f\x97\xd7\xfeI\xdd\x11~\x9e\xac}z\xf8b\xe3\x9f\x04&\xf3\xe3'
    b"\xd1?\x7f\x1c\xae\x9b_'\xdcp\xf8\xc0\xffy\x05}^\x15\xea\xecx\x86\xfb\x8e6S/>Q\xde\x8d\xb8\x8cBnT|qt\x1c\xcf\xa1$T\xae\xbe\xf45Z\xeff\x89\x8a\x07qt\xc6*\xbc\xb8\x10w\x1e\x00"
    b':\xa6\xc3\x90\x1d+\xfd\x94\x1f\x1e\xb0\xcd\xdb\xca\t%4 \x80>\xacs\xd48\x94\rk[\xab\xf0\x11\xbc\x1e\x0b\xe5:?q\xdf#NP\xd7\xf1\\\xf0G\xe1\xff\xd5\nJe\x7f<\xa6q\xa3\xce4\xae\x0bL\x17'
    b'\xde\x98z\xf5\x82\x9f2w\xa6\xebi]\xe7\x1bn\x8d\x97\x9d\xdb$\xd2\x13\xdc?\xcd\xe6S\xa9S\x06\xc74\xf6\xf3c\x8dN~\xdaWs\ng]\x8b\xf8\x86\x84,\x18OU\x12\x1d_\x08\x95\x96\xdc\xdd.5x\x90'
    b'$\xbcq\x05\xf7u\xfa\x0e\x0e\xde\xec\x87C\x03\xee\x8d\x1b22kk\xcd0h\xefB8\x8fM\x0f\x8c\x1er\xdf\xaf\x90\x9d\r\xbd,\xab\xe8\xb5>\xf0\xb9c$r!\x18|H\x97\x9f\xfb\x7f\xdc\xf6\xb62\xb2"M'
    b'2~\x14=2w\xff:Q\xbf\xfb\xd1\xa3\x98&\xc5\x13\xab\x90\xe8\x87D\x0c\xeb\x82l\xb1\x14\x08mk\x10\xbe\x86\x95\x1bk\xcf\x18<\xf5\xbay\xe2j\x97\xf1\xa3\xe0g(\\\x88D\xb4\xde,\x11=T\xe4\xbeZ\xbe'
    b'\x96i\xddW\xca\x82\\8V\xe1s\x94\xc4\xac\x0e\x13G\xec\x8f\xc9E\xa0!2\xaa\x81\x1b\xe4\xf5\xa0.l\xa6\x8c\xcb\xfa8p\xd3\xb6\xc3 \x0cK^\xb0\xad\xb0:\x15c^e\x7f\xd8V\xf3\xeaO\xef\xba\x9d\x93\xb2'
    b'\x9cm\xad\xac\x9c\x9d\x9d\r\xce\xd6\x07Y~\xbc\xb2\xb6\xba\xba\xbaR|\x02\xb9\xe3\x7f\xc45m\x84\xe0\xbfr\xb7$\x86\x91 \x9et;lUy\x92\x9ds3F\x83\xb5\xfb\xf4\x7f\xad\x8d\x01^n\xaa3\xe5&\xad\x8d'
    b'\xe3<\x8d\x97\xc5>\x86\x8d\xcf\xe7\x89\xd7\xd6\xf7\x16\xd1\xde\xf6\xd6\xfd\xe4"\xdc*Tb\xb9\x80b\xc9\x13\xd7\xa4\x1co\x8d\r\x86\xe6V\xd3a(Km\xb7\x86\xbb{}T\xc9y\xf1M\xf2\xa6\x98,&\xd0\xf7o!'
    b'\xd9\x80\xac\xf8\xb9\x94q\x0c\xad\x1f\x15\xd3\x07\xd4[\xdaC\x1f\xb9\xf9\xb8\x92\x83\x94\xc0\x81/\xb1I\xdf\xc7:6f\x11\xc5\xde\xe4e\x13Y*$\xf9\x89h\xfb\x1c<\x0f\x13\xe4D\xf5\x07\xb0\xae\xc4\xce;-\x83\x19}'
    b'\xa0\x06\x01VA$\xe7i\x81\x04P\x88\x8b1\xba$\xb5\x84\xf4\xad1I\xd3\x89W\x92\xf9a\xd2\xe21M\xe4 A:a\xb3z\xf8\x1aG\x17\x89D0Ak\xf7\xfe\xc5_~|bu\xc9v7Tk\xbe[z'
    b'\xdb\xc9\xbdw\x11rG\xcdW\xb7\xe9\x9f\xef\x8c\x99D\xbd\x9a\xe9\xd9\xbd{F\xefk\x9b\xa7\xd2<u\xcd\xf7\x8e\xf7\xd9I\xd4|\x94\xba\x8f\xc4\xb6\x1c\xda%\xee\x85\x9f\xed\xa5\xfb~\xf2\x1f\x97\xe9\xa7\xd2\xc8\x85\xb2y\xf1'
    b'R~6\x9b\x0f\xf0\xae\x8a\xdd\xdeI\x9a\xf2\xc2\xcb\xd3\xc8\x171\x1c\xb8L\xc6MV\xbaJ\xba\x1a\x00\xef\xe5\xfbW\xcf\x0e>\xbc~\xfb\x03 8\xca\xcb\xad\xa8\xf3\xf4-1\x9b$-p\xfa\x05\x12/;}d\xb9\xc9'
    b'\xe9\x97$-\xeb\xa8\xd2~\xb7\xa2\xe2G\xf5qB\xb1-W\xef\xbd!i\x98df*\x0b\xf5\xb0\x87>\x18nb\xb5\xb0\xa7\xf7\xec\xb1\xf2y\x19h\xfc \x15\x0bg\xffa\xd5\xcb\x98;\xf2\xadD\xb3l\xd6\xed\xb9\x84'
    b'\x15?\x0ff\x17\xff!\xc9*L\xab\x83ZF+\xee\xabb;\xf0\xe0\xbc\xc7\xaf\x11/\xcb\x7f\x04\xda\xfa(H\x81\x81)\r\xb8\x18\x03!\xf1joPf\x7f\x99\xcd\x92\xfci\\p0\xd8=}/f\xaca\xaf\x12'
    b'D\xa7g\xed\xcb$\xbb\xa8\xfb\x12\xec\xea\xf9\r\xcc\x9bu{n\t\xe4<*\xb5\xf0&\xa7\xad\x15R\xc4\x02RzN\xa8@\xc4\x88\xa3\x19/\xe0\xd2?\xcf\x99r\x11\xe9\xe6!\xd4<\xd5G\x9dW\xdf>*&m\xa1'
    b'>A\xce\x8c\xbe\xb5\xb1F\xa0 \x93#S\xc9\xc3\x1bN\xca\xfe\xdcq\xa4\xe3\xe0\x03m\xfb\xe6\xfd\xbe\xfezA\xbf\xee?\xdc\xc6{5T\xa1\xc5ps\xb5o\x1fp\xa3\xe1\xda\xaa\xb4\x02\x0c^r\xf1\xc1\xa2F\x85\xf0'
    b'\xeei<\xfd\x14\x17]\xce\xe9\xcb\xc6T\xa6\xc0L\xe7=\xa4\xb6\xb9\xccV\xfe\xceI\xce\xca_Y\x0f\xfa\xab>\xeemiR\x1f\xee\xc0\xb2\x02#t\xba\xc0\xd7J\x1a\xa8G\x1f\xfe\x1e\x80yb$\xd7\xf1\x1e{+\xdc'
    b"2\xd0\xf0\xda\x0b\x87\xd5\xf8\xc1\x0b\xfb\xc1\x0b\xef\x03\xdfs\xcb}\x83\xa8'@\xc2<\x84\x91\xd5>\x85\xc9\x8aV<-\xdf\xf3\xcf\xaevv\x9c\x88?\xdb9-fm\xdc\xe9\xf5#\x07A>>\xc3\xbe\x0e+\xe0T\xfb"
    b"\xa8w\x80\xe4\xad\x9f\xa7\xc4\xe4\x8f\xf5\xf3\xc2H:U6A\t\xea\x1c1\xa5c_\x051\x89\x92\xa4r8/5\xd3\x17\x1bi\xd1E\x14\x9f\xb2V\x8f\xfe'C\xce\x10x<H^\x13c\x147THL\xf8\x1e\x97"
    b'\x81\x019g\xe9\xb4\x1b\xa2\xc1)\xa1\xe8\xd8\x1a\xb1M\xbeG\xf6 \xf1\x99\x0c<\xf6\xf9\x0c<\x18 \x9d9_)\x1d\x9eTg;\xcch\x17vY\xe7\\L\xa7>\xcd\xba+\xf3!\xb06\x0f\xc1ox\x01\x03\xce\xd5'
    b"\x7fN|\x13,A\xbd\xe8{\xbe,\x8d\x07\x94^\x14\xbc\xe6%\x9b\xd5\x13\xf6@\x81\x1dz\xeeCL'Y\xf0\xec$-!\xac\x1f\x8a\xef\x98\xca\xf5\xf2\x19\n\x1e\xcd\xa7Dt\xd1\x1d\xfd)N\xabc\x07Z\xee\xf3\xe5"
    b'\xf4c7\x9d~\x94\xc5\xf0u@?d\xd6\x7fX\x8f\xd7\x8f\xee\x13WkY\xcb\xe9Gs\x9c&\xc9\'8\x90\xd3M\x92\x17\xc9K:@\xf4\xd2\x10\xd7~\xb4N\xd87\xdc\xecE\x7f\x8aV\x07k\xc3\xb5M"\xbf\r'
    b'\r\xd7\xfb\xd1\x86\xd7\xf0\xc1pc\xad\xee\x84\xdb\xf0\xddF?z\xe0}\xb7\xfa`m\xad\x17\xadDk\x1b\x1bH\x1f\xa9S\xfb\x91\xaf\xa6\xd3\xf8\xbc\xbb:X\xef\xcb\xd3 c\x12A\x1f!\x98h\x87\xc8\x8c.\xf5@='
    b'JSVv\xf5\xab\xef\x87\x0fj\xef\xdd|\xbd\x86D\xfd\x82\x86\xbd\x8e\xdb[\xa9\xf8\x81\xc2\xe3$ur.k\x18]\xe3\xf0r\xb0AX^8\x89\x18\xcfp\xec\xbc\xf0\x02\xe9\xa3\xcb\xc7\xdc\xf3\xc8e\x85#\\\x19\x08'
    b"%\xff\x14=Z_\x1d\xd2<\xee?Z{\xf4\xc0\x83A\xdd\xc9\xd2|'!m\x95/{\xd1\x7fFk\xeb\xebk\x0fW\x83\x9c \xd2t\xc5{uY\xc9\x06\xe9h\xd5\xb1O\x95B\x82\xe4&\xcf\xf7\x87O\x82\xfb\xd1"
    b"\x0b\xf7D\x88l?:\xefG\x17t\x83Y\xfaN\xb8\x8d<5\x01<\x82(\tV\xfd)\xaaG\xc7|\xa8'\xef\x10\xf6\xb9\x03\xc4\xd6G\xf0\xe4\xa4\xab\x8b\xfe\xef\x03\x8d\xcb\x99/\xfc>\xc6Y\xc9!\x8b\xf4A_\x8c"
    b"\x19#\xd6\xd8\xf4\xb5L\xf0q<3\x80\xac\x0f\xe0xd\x8f?\xc6\xe7\xca\x10{\x13X'\x90\xa7\x04\xfd.\xf2;\xddC\xc7:\xa0\x8c\xc4\xffk=\xf8\x85\xb7\xa4+pI\x12`\x87\xf7\x7f!\x85\x1a\xd83\x0bz&"
    b'qX\x80\x8f\xa2\xfa\xa9\xf0\xd5\xefl\xd8g\x99\xa9C\x04IC\xa9\x02\xef\x9a\xa3\\<\xd8\x16\x11\x06\xa6\x13\xab\x96\xffg\xf8v\xfe0\x1c\x0eM|\xc3\x9e\x08\x1b{\xf8X\xcfno_Y\x87\xcac>&\xcbk\x9d'
    b'\xfd\xfd&\x8f\x9d|\xd4\xc7\xec\xc3L "\xa5\xed\xf8\x1c\xc5\x1e5\xdd\xdf\xf6$\x8b\xbbh\xe4\'\xcfh\xfb\x8a\xa3\x05\x93\xb3\x08O\xba^>\rI\x03O-\x18\xb9\xf2\x91M\xac\xe1O\x84\xb9\xddqk\xba\x0en\x02'
    b'\xf6j\x87P\x9b\xceI\xb4\x1c\r\xb7\x83\xb7Gii)\x16q\xb6h\xbc\xa2#\xdb#`\x1e\xc8\t\xf0fx<@-\xe7w`\xd5H2|65\x910\xc6\xbb\xd6\xb4c\xda!\x0b\xd42\\@\r\xc23\x8cx'
    b'/ZC\xb28\xfcX\xf6\x87\xa7&4E\x10\xd9\xe6\x98\xb8\xee\x0b\xfb\x81rA\xde\x17\xf5\x9e\xfaMmk)K \x9c\xa0\x1d\x0b\xe9\x93\xa4\x94\x8c\x98\xae\xb3\x9eB\xdem\x17\xa4%iQwr\xe6\x80\x12\x92\xce\xe4'
    b'\x9b\xc6\xfcF\xc1\x89\xaa\xb0\xd1&\x1d\xba\xfa\xe3X\x87c?Ss\xdc\xacD\x81WX\xe3Ab\xee\xd5\x1e$\xe6\x10*\xe7L\xd3\r_}\xd4@\xf4\x81\xa3\x8b\x06x\xdcx\xf4\xf6\x89\xbd\x0c]\xcd\xfc\xf7\x0f{\xfb'
    b'n\x08)\x1a\xdev\xe4p\xe0\xd0\xc4\x13\xef[\xbeh>nh]=l\x97vxa9\x9b\xcf\x99\x84\xc8\xc6\xa0\xb7\xf6\xee\xe7\xf3&}z\xc7H\x1eT\x8e\xd1\xf5\x0e\x91\x7f\x84\xd0\xbe\x1f\xd1\x18\xcb\xfe\x18\x84\xcd\x98'
    b'\x86\xe2>N\x86?b\xf8\xbe\xe145\xf4\xd5o\xee!\x88K\x03\xef\x86V\xfei\xf1:\xeb\t\xf8\xc2\x94\xcfx\xddzT\xf0A\xe3\t\xa9\xa32\xf8\xf4\x1a\xa6\x1a-\xa4\xe7\x10F\x97\xa8\xba!\x82/\xb5)\x07\xb3'
    b'i\xe0\xb8\xca\x85\x1a\xfa\x95\x8ayR\xda\x02#\xa9n;8\x0e\xa3\xe1\xd1\xda\x9a\x7f"\xe8\xde\x85\x90\xa9\xe9\xff\xb7\xa2\xbd\xce\x1f\x8e\x8e\xd6\xc6\xc3\x98U\xab\xf4\xe7\xa3U\xfa@\xfe\x1c\xaf\r\x8f\xf0\xe7\xda\xdahsC'
    b'\x1a\xac=LV\x93U\xf9\xf3pct$\r\x1e\xc5\xf77\xe9\xcf\xfd\xfa\xe61W\xae\x83\x1c\xaen\xaej\xcf\xa3\xb5\x07\r\xe3]\xafA\xc3 \xcc\xb5\xeb \xe3G\xb1\xf4\xa1\xac\xba\xae\xc4<\xbd\xb2\x81>m\x18d'
    b"6'\xf4\xa8\x8e2z\x14\xc7\x0fF\xf8\xf3a\xfc\xc0\x00\xe9\xfe\xf8\xfe\xfa\xfaf\xf5\xa9\xd7V{h\x18e</>\xea \xc9\xe6\xa1\x99t\xd3\x9fW\x0e\xdd\xbe\x14\xb0\xe1\x18\xc5\x03\x82\xf7\xa7\xbf\xdf\xee\xcf\xe6\xb6\xed"
    b'\xa3\x1c\xc69\xc6\xf0\xf0\xc4\xc7\x1e\xd7\xb1\x87i7\x1d\xe34\x99d\xe3\x0b\x0c\xa38X\xdb\xda\xf5\xcd\xd1C\x1fI\xabku\xb3\xd3\xb6\r\xc3\x80)\xe5Z0\xf5\xf3\xd2\xf4\xe7g\x00-;:Z\xb01\xb7\xf8s\xff'
    b'\xd2\x1d~\x892d\x12\xe0_g\x9b=(\x13\xf9\xf1\x80O\xd2\xb6\x17\x14\xcd\x9a\x8d\x9d\x9a\xc2\xc1\x84\xd8\xd2\xd3\x06\xde\xd4\x8a\xe4ex\x15A\x8c\xe69\xecY\xb6\x8e3\xb5q\xf8\x98\xa8\xc1\x99\x0b\xec\xed\xbb\x8b\xc5\x97'
    b'\x17Z4\x08\x8fC\x89}\xcb\xc9\x15\xdc\x01\x92\x10\xbc\xa1\xc1\xba\xde\xa5\x16\xe7\xa3\xaeL]G\xfd>\x1aR?\x9b\xf0\xc0\xa6\x8b\xe4\xe1`\x93\xfew\x93\xee\xa2\xb0\x19O\x8e\x06\xf8 \x97\xd8\x0b\xf9g}\xb0\xc6\x92Q'
    b'\xb0\x8dX\xdd\x9b\x97\xecQ\xdd\x0b\x17\xd3]\xc8bI\xc6\x15\xb9D\x04r\x08\xde\xe9p(6IY\x9d\xad\x80\xb2\xaf\xf2\x7fmNE\x16\xa2.D\x88\xba !\xea\x01\xfd\xc3\x02\x14\x9e\x9f\xcb\xf3sz\xbe\xc6\xff\xfa'
    b'\xa6\x86\x10\xc8"2\x12\x07\xf1]\xb4:\xb8\xbf\xc6\x9a\xb7?\x1cm\x8c\xef\xaf\xaeB\xdf\xf6\x87\xb5M\xfeo\'\\\x14\xc43\xf6\x1d?\xa7\x15\xaf\xf7\xd9\xfa{\x8f&\x81\xbf\t8kaB=\xba\xbb>n{K\x8b'
    b'g\x95um\xf2\x7f\x83uy\xc2\xe1\xfd\x8a\xa5$\x9c>Mp\xc4\xffm\x9a\xe0}\x95\x1f\x87\xfc\x07u)\x9b~\x9f\x96\xb5\xca\x8a\x935\xf9\xff\xb5\xfb\xbd\xed\x96\xaeWG\xfc\xdf\x9bw\xbd\xb6\xae\xdd\xb7\xf6\x9c$\x89'
    b'\xdfm&\xe1\xb7\x87\xd9d\x1c\r7g\xe7\xc0p\x14\x0c\xa8\x0c\xfe\x1e\x8a\xcd\xe1\xa3\xfbk\x1d\xa3\xe4Oi\xc0\xcd\x85\xd3Y_\xbdj?\xc0m\\\xb9)\x1e\xb2m\xb4 \xdb\xa3\x85\xb8F\x9b\x15\xf3\x7f\x17a\xd3\xe6'
    b'\xe0a?\xdaPt\xa2?7Y\xcd\xb5}5\xea>\x00\xe6&\x0f\xf9\xbf\x82\xb9G\x1b#\xc6\xe2\x86\xb1\xd6\x07\x1b\xfeh\x0f\xdch\xeb\xac\xb5[\x00,\xd4,\x05\xa0\xe4\xf7\xc4\xfeV\xc09b%M1\xab\xe1\xfd\xd5'
    b'xuSfE\xec\xcc\xc3\xd5#\x03\xd7\xca\xde\xaf\xaf\xd2\xde\x17I\x9e\x1eu\xcc\xfb\xe2$\xa6K\xe8)\xdb\xd2T\xac\xa9u\x7ft\xf4 \xa6[\x08\xddo\xc6\x87\xabG\xd5\xaf\x9fL\xe6\xfc\xf1\xc3\xed\x06\xa5LK\x8f'
    b'`\xbb\xd0\xe3\xe1Q\xe2\xf7\xe8\xb0\xf0AG0}}\xb3\xd78\x9c\xea\xc7*\x10t\xa8\xa6\xbf\xe7E3\xfc\xf8\x05&\xb3z8\x8c\xd7\xd7\x15z1\xff\xf7*\xacl\xc6\xbe\x86\xae\x8f\xf0\x1fE\x17Zs3\xba\xdc\x97'
    b'\x03\xa6(\xf2\x90\xfe\xb4\x98GGn\xd5\xa1L\x88\xd0\x0f\x83\xcfp4\xfd\xef\xd6\xea\xdf-\x9c)\xf8\xa5+f\xcaB\x18w\xecO\xf7\n\x8cFy8o?l\xd5\xd3\x90\x1c\xac\x8e\x89\x14\xb6\x02\xfea\xdb\xdd3\xac'
    b'\xd0\x03$\xb1\x9e\x06Kt\x03\xd2B\xb9Sz\xb8\xce\xcc\x89\xfcy\x1f\xd9\xcd\xcf\x89\xa4=dI\x8e{\x1d\xae\xf5zw\xae\x97\x0f0 \x11\xeb-l\xc6T!\x1co\x98SDDjm\xf8\xf0\xaaKo\xed\xfa\x97'
    b'\x9e\x14n\xae\x80\xb4\x8e\xcb\xde\xb5\xb7~\xc5\xb57L\xf8\xbf\x8d\xd4M/\x83\xb5a\x1f\xd89$\x14X{\xe8\xa1\x9a\xb8vY\xad\xac\xd5\x8aX~V\xb1\x0cg\xc3}\xc6\x11,\x1f\xd4\x18\xb8\xb6\x90\xe1\x82\x10\x1eJ'
    b'\xc0\xd2\xf64\xfb\x94\xbc\xcf\xba\x0f`\xb6\xd8\xd6>\xe9\xc1\x90\x9e\xac\xaf\xe1\x896\x19\xd6\xdah\x13\xa3\x1e\x13\xc9\xbd\xa1sl\x8b\xac\x9fN\xc3#>y\xc1P\xd5\xd7\xeb\xeb\x81\x12\xb1\xb1\x17\xf6 g\x10.\xea\xe6~'
    b'\xd0Mc\xb3\xfb\xc1F\\V6\xa4\xbb\x08\x81Fy\x85\x19\\]\x1f\xf2\x9d\xd2k\xa2\xe9$\x08<::\xda4\xf7l\xf5\xb4n\xeai\rI\x9c\xb9s\x19\xf0\xab!\xad\xba\xef\xd1\xb8\n\x13\xb4\xb6&_2\xff\xfc'
    b'\x80\x96\xf8\x00w\xa8\x81Ee\x11\xb6\xd8b\xb8\x945\xa7\xae\xa8\x9e\x82\xe1\xea\xc2c\x00\xc1l#V\xe1\xd7\xd7^\x88\x84\xb7\xbf\x97F\xffI\xd4\xc4`\xf8*K\x0b|Q\xd0\xdfC\xfa{m\xbf\xe1\xfc\xa4\xe0\x0b\x08'
    b'"\x0c\x94\x01\xf1\x1f\xf7\x17\xf2Oi\x91\x85\xcbyx4\xe6\x0b\xb3\xb7\x18\xf8UR\xb9\xb9\x90s\xa2\x96\xb4;=,\x86\x0f\xea\xfdQ|\xb4a8\xf4\xe4\xc1x}\xad\xb3\xf0D\xc28\xc4\xa3\xad3BRo\xcb\xdc'
    b'\xdb\x9f\x98\xbb\x1a\xf1\xe4\x1e\xca\xd3{\xf2t}p\xdf\xf5\xf6\xff\x15\xf7\xf5\xefm\x1bI\x9a\xbf\xeb\xaf\xa01\xb3\'2\xa6h\xc9N2\x19\xca\xb4\x1e\xdbqb_\x1c\xdbg9\x9b\xbb\x87V\xf2@"$aL\x11Z'
    b"\x82\xb4\xacs\xf4\xbf_\xd7[U\xdd\xd5\r\x90\xa2\xb3\xd9\xbd\xd9\x9d\xb1\x084\xfa\xbb\xab\xeb\xf3-9\x10'\x9f\xa8\xa8=\x02'T\x9e+\xb8K\x9f\xc4\xef\xe4\xb9c\xb0\x92ov\xe2o\xda\x85\xa5\xb6\x89&\x00\xa1\xf4"
    b'V\xba\xbf\xfb`5\t\xfd6\xdd<02\xe4s\xc3:\xb6\xdf\x08T\x86.\x8c\xef0\xd7\xdf\xe5\xff|p\xfc\xdd\n\xa2\xe8w\r$\xc0\xd3iU\xcd\xbb\xe6\xe4\xfc\xea\xd8\xef\xf67\xcf\xdd\x1bm\xe7\x9f\xba\x1d\x83\xc8'
    b'\xd0:\x03\xc8\xc9\x9e\xcc\xc0\xee\xee\xaa\xe1\xdf\xbfEr:\xaf\xa70\xfdBp\xf8\x06\x96\xdc\xbd\xdd\xdd\x7f\xeb\x7f\xf3\xcd\xbf\xf5\xb2[\x04j\xd9\x14\x0fR\xf9\x89\x04m~H\x015}W\xf7=\xf2\n\xfd\xca\n\xc8}'
    b'\xea%e1hy\xe7\x9e\xef\x0ev\xef\x7f\xc9\xb6\xb8\xc8\x1dY\xf9\x94\xcc\xcaw\xf4\x7f\xab\x8e \x11\x95\xd63\xb8\xf7u\x0b\xbb2\rV\xa9\xf3\xeb\xcbj\x81\xc3\xf3-E\x0c\xb9:\x1dM\x1f|\x03vn\xf0\x80\x98'
    b'\x8c\xaf\x07\xf7\xdb\xb7\x14\xd5\xc27\xec\x03\x12\x80\x84\xcbp\\U\x9em\xa0\xbbPq\xe5\xeb\xc1\xfd@\xa8\xf1c\x8f:\xb2\xdb\xdfD\x01\xd16y\x1f\xf2iQN\xaaT\xcf\xb0\xfb\xed\xde\xcaS\xb5w\xffv\x92\xec\xf5'
    b'oF\xf9g\xa8\xb3\xaa\x8eA\x9d\xbf>\xfa\x0b\xf6\x1a\xf1:\xb4\xd7\xdc}\xdb\xb6\xd7v\x07\xdf|\xd3ky\xfd%S5\xad\xce\xd2y\xfa\xe6\xfe\x83\x07\xf9\xaa+Xf\xa1qk>\xf8\x9a\xd9\xb2\xfb\xc4\x9a\xdd_\xf1'
    b'\xb1T\xdd\xfc\x98$\t\xd1.|\xdb~\xc9\x9e\xe4\xf3\xcb"a\x16\xbe=\xde;\xbd\x9f\x7f\xe9\x95\xf4\xdd\x86W\x12+\x8d&nU\xbf\xde\xe3\x9d\xbdw\xfa\xf5\xe4\xdb\xe3Mv\xf6\xd7\xb2\xb3\xdd\xb8\xbe\x0eB\xcb}\xba'
    b'~\xff\xfc\xae\x16\x84\x0c\x0f%\x1f\xec\x91\x8c:\xb1t"\xb6\x00?\x00rG\xf3\xc6\x06\xf7A\x01\x82\x13\xa7\xaf\x8b\xcb\x05P0\xc9\xdf\x98&\x89<dW\x9b\\\xd2\xb5\xa4\xfb#\xdf\xcdZ\x05\xfeVe\x8f\x15\xb2\x1f'
    b'\xfdNR\xf6}\xa3\xc4IoED\xbb\x04\xf9\x8d\xc3\x80\xa2\xd5/\xfeY|[\xec\x86\xee\xc5\xfc\x7f\xf6\xb7o\xbe\xfd\xc7\xeew\xb1\x84\xbf\xf2\xa5\x15\x02\x1e\x04\x93[\x10\xe7\xb8?\xe9\xa6\xc1\xe6\x85 B\x07\xf6;\xe6'
    b"\xed[wGr\xe0\xef[\xee\xe1k\xb7+\x98\x9dH8\xe6X\x18hT\x18\xddJ\x0f\x9a;\xabQa\x0b/\x91\x10\xbd[\xba\xdd*\x0c\x80\xf7B\xc3'U\xdd-qm\x90\xec\xf8\xb5>\xae\xcb\x99>n\xed\xd4M"
    b'\xdb\x96\x97\xccj\xd1\x8aO&\x93L\x1ccZ\x12\xd2\xb2\x13R\xec"\xadx1\xa3\xd4\x07^]\x8b\xe0.\xfe%\xae\xce\xfa!o\r\xdf\x80\x93\xe1\xc5\xfa\x8e\x1a\xc5\xdf\x05\x0e\x9fp\xa7qO\xe8\xc5V$\xc6\xb7\x7f'
    b'\x8c\xaf\xd8\xb4\xbf\xf6\xab\x03\xfd\x8b\xb0V\x1aF~N\x95F\xed\xab\x9b\x01\xfc\xf4\xdc\x0e\x1f*%1\xcebM\xdf\\\xcc\x08\xdb\x0b\xfaQ0H\xaf\x91\xa2\xe4/\xc0dkK*h\\\xdc\xff\x9d`\xceF\xe2\xefo'
    b'\x01\x89m\xf3\x8b\xfcX#0l\xc4\x0b\xa1\x87s\x0e=8\xa5\x1e_#C\x1fC\xb1\xf8\xe4&\xf8X\x92\x18Q\x05\xd4\x06B\x869\xf9,\xbe\x0f\xa8*Xb\x04\xcfx\x08\xb9\xca#\xcb\x03\x13\xa6\xdeb\x95\x90d'
    b'\xac~\xc3n\x12\xc8\xfd\x9b\xc4\x0b05>\xc9\x05\x80\xdf\x83&\x91\x17.\xc7\r\x06\xd7A\x80\xae\x1b\x8c%E=sL\x18<k9\xae\xa1\xba\x82\x07\xee\xa9\xc0\x8c\t\xf0L\x9d\x04\xdf\xeb\xa5\xe1ko\x9c\xa7\xa7\xae'
    b"O\xc9q\xa2nn\x08\xeeIE\xdb\xb0=\xf1\xbc\x91'\x85\x9e\x02Q\xa8\x913C#C\x80?\xcc\xb9\x15\r\xfc0j\x9b\xe4\x8b\x9c`\x9d8\xc2\x88\xe3\x8b\xf4\x9d\x85\xbbl\xd2\t\x7f\x9a1}\xa3h\x9fk\x04\x05"
    b'\xdcz\x9b8\xff\xebaN-\x10p\x03\xb1\x94\xfa\x81\x14\xf5\xfc\x1e\r4m\x8f\x1c\x0f\x87\xaf\xa3\x94\\I\xc8\x9c\xc9\r\xde\x180A2\xa6\x19\xdd6\xea4\x15l\xf6\x99\x9ef\xfeu\x8c\xb1\xda\x0cSi]\x02\xc4'
    b"\x9e\x84\xed!0\xac\xddnKN\xf1?\xfe\xe8|\xbe\xe9q\x8ar\xce]O\xfb\xc3\xac\x06\xed\x88\xf7\xb3_h\xe5\xd4U\x17o\xe3\x00\x14\x9dFq\x8aM\xa3\t\x1d\xed\xdc\x0fA'}\xca\xa8\xea7\x17Rj\x00\x8d"
    b'\xda$33d\x85|\xdf\t\xef\xa2\xef\xd1\x04\x0c\xb5\xd01\xaeC=mn\xf6\xce\xba\xfd/p\xbe\xba\xbfWe\xe0\xf5O\xdc\xfa-\xde\x84\x18!\xffY\xc0\xbd\xbe\x89"\x04\xe6\x13\x1b\x1f\xb02\x99+3\x91\x95d'
    b're\x08,\x9f][b\x9a4\xa5+\xc54\xe1\x01\x07\xbc\xc4\x99\\\x0f\xa9\xa2/\x88i\xe2-\xe1\x91\x86\x01\xaf\x9af\xd5>\xe8\x8c\xe92L\xb3\x12\xb6\xa6\xa56\xe9cmnj>\x1bt\x0bJ@R\xf0\xb7s'
    b'\x9d\xce\x1a\xa9K]G\x1e\xb1\x1e\xee\x96\x94\xdc>\xff\xfa\x9fOW\xcbm\x92\xe9`\xa3\xc4\xb5\x98\xb2\x8cf^W\xf6\xf5\xach\x84\x10q\x04\xc2d9\xf5\xd0\xbe!"\xc4\xec\x82>\x90\xc0\x8b\x89^S\xfe\xde\x05>'
    b'\xb8\x8d\xea@\xbd\x937\xe4\xa9)\xa9a\x97\xf3iX\xe36\xafAW\xc0g\xb9X^*z.\x97\xf4\x9en\xe2!\xf7\xc8:\xbe\x99\xc9\x81k\xa8&B\xfcL]\x1e\xa6\xfb\x8c\xc70\xf4M\xb0\xee\xf4\x9f\xbb+\x93'
    b'A\xe4\x14\x05\xf8\xd9\xf5nHc\xe8w\xae\xec\xb7\xf7\xbf\xa6\xaf\x1f\x90\xc8{n\x9f\xbb\'\xa4\xf6\xfaz\xb7\xbf\xde\x9e\x838,\xb7\xd4\x93!\xfc\x10oB\x94Hk"a\xe5\xe4B\x86\xe0\xf0\xae\xb9\xa6\xec\xc7J\xee'
    b'\xd0\x04\x07JQ\x8e\x8c\x86^\xcd\x90\x04H\x16\xf1Pv\x1d\xf1?\x0c\xba\x03\xaeh\xfdJ\x0b\xa6\x9dd=\x0fQ\x8c\x81\x97p\rL\t\x1c\x98\x181\xee\xd1\x02i{\x18\xd7\xe0\x8a\x1c\x93)S\x0f\xe7\x8bDx\xad'
    b'D\xa7\xe9,6\xb8\x917<\xf8\x84\\\xfci\xf6\xbd\x9a\x1d\xea\xf1\xb3\x97~\x1aa\xe4\x83\xd2\xfd&\xb3 f\x01kL\xb1\xba\x08\xe6\xea\xc8\x13\x0c|mC\x80\x98d\xfb\xb6\x13\xbe\xdf\xb8Uz\x97\x7fAZ\xe39'
    b'<\xab\x108\nl[<\x16Gou\xedg\x0fZ\xb0}4\xd5\x95d\xec\xb3!\x02\xc1\x95\xb7E\\\xf1\xc1@\xcd\x03\x1c\xf5\xd3&~\x00\xcb\xb5A\xb6#*\x19\xb3\x14\xae\xc7\x1c\x8b\x90\x99\x12\x11\xab\xb3\xbe\x17\xbd'
    b'?\xf3\x99\x1fj\x9a\xfa\x96)\x89rJ\xc7\xe5\x99aj\x02\xc3\x88T\xd2\xe5\x99\xc9f\x96O&\x8e\xf1-\xcf\xa2pU\xf7;9\xc9\xf0 ?\x06p||\x9b2\xb70D$\xff\xc5\xe5\xe2:>\x06>%\x16\xc7'
    b'\xe4\x1awY\xb8\xa7W\x10T4\x06^3;\xe8MB\xdf\xb1\xdf\x1b"\xc5\xc2\x91BCz\xa0Bp\x98\xe4n~\xf3\xfa\xed\xbb\xc34}}\x1bm\xc5\xc5\xa2\x14u\xf7&\xa4\xe4\xc6\xe4Y\x91R\xfc\x87+x\''
    b"\xee\xfd\xc9Y$u\x83\x11b.\xb93\x14\x16\x83\xd0\x19\x93\x85r\x11%\xef\x13\xf0'\xa0w;\xfa\xe7\x8e\x85\x9bs\xc2\xa5&n\xcd \xa3\x16\xf3\ny\xe6b\n\xb3i>\xaf\xdb\xf3?\xde\x9a\xa2\xf0\x8b\x12\x8c "
    b'\xbdH\xc2\x83\xe7\xe22}\xd0\x9a\xbf\xb0\x95H\x02(\xf5K\x92\x08\x86\xa8\xb8l\xa3|\x82\xadi\x04\xb7X\x93\x91\xbd\xaa\x02\x08\xab\xc8\xd8"\x8fs\xdf\x19\xb1<\xea\x12q\xe4`:\x8f\x0b\x82\xc7v\xab\t\x00\xf5E'
    b'\x8a\xa1\xde>\xe5>s\n\x87\x9f\xa4\xa9\xdb\xbe \xf9\xf0le\xea\xe1Yk\xe2a\xdes\xf4\xce\x16K\x12U<\r\x1b\xd3\x96Z\x9f\x82\xb6E\x8aP6sE\x96\x9b\xc6\xb4\xcc4[\xb0\x05Wp\x85V\xb3#|'
    b'\xbd\xcb\xd1R%\x04\xc9j}\xff\x8bs\xc4X%\x05\x00q\x07\x9d_\xbdb\x85\xebT\x90d\xca"\xc4\xc0\xd9\x0c\xd4\xf6\x7f\xa1\xe3\x88\xc8\xa2\xc6\xe70\xed\x02\xb4\x98\xa6\xa8\xc5\x04\x8bZ\x87\xb2M\x17\x1e\xda\xa4\xc1K'
    b"<wG=9\xe6t\xfa79\xe6T\xae\xb9\xb8\xf4\x94S\x84\x8a\xa6\x02*\nD\xe5\xd2\xa2\x9bO\xed\xac\xc7\x14'\x90\xcfjr\xbdIWBZM\xed\nUHO\xb3\xd6\xe6\xe8\x8do$\x84\xd9\xdf\xda\x8e\x14m"
    b'\x8eZ\x03\xd8m\xa1H\xdf\xc2\x93\xd1\xca\xc0\r\x93K(\x8c(\xaaA\xa2\xfe}\n\xb9\xf4\xc8\xaa\xf9b#\x16D\n7\x07\x82\xcb5\x0b\\\r\xb3\xa5#\x83zlb\xa0ZoI|\xc1\xc9,Z\xde\x8b\xe3j\xa6'
    b'\xc0\xad\xc8\xc9\xc3\\d/T\xccq\xe9\x80f\x8b*\x14|\xc6d\x10Q\xda\xf2\x87\xe7\x0f\x1e\t\xed\xf0\xcc\xc5\xc3{\xee\xe1\xc3\xcbG\xc8;\xb0"\x81\x05\x9d\xb3u\xb9\x91\xea\xcb\xcau\xa3\x8b\xcepPt\xc8\xf9\x88'
    b'\xbc\x11\x0f\xef]>\xf2\xec[\xb2x\xd2\xd3\x98\xd1\xa2]i\x19-\xc5\x1a\xb9u\xf9\x04\x01d\xf5\xd2m\xae=\xe0\xaa\x1a\x13H\x07\xb8\xa8\x9d U<_\\L\xbbM\x8d\x96$\xe7\xe2\xa2\xads\x96\xb9\xf9n\xaf&'
    b'\xe8\xb1\x0e-\xe8\x12\x12\xe0\t\x96\xea \x93\x06.\xd7\xd5\xafp^\x18<\x89\xfc\xdb\x8d\x161\xda\xf6\nZ\xf4%Y?\x8ag\xc4\xe6\xecKNC\xcf8\xb1{k\xe8\x9f\xa8\xc7~5\xdag\t>\x16\xcc\x11G\xf5'
    b'\x91V\xd2+\xb5\x05\x13\x9dom\xb6L\x12\xa2D\xac\x7f\xbdu\x17@\xc1\xd7\xa0y^\x99\x1a\x89r\xabT\xaa[\xc1c\xb3\xd8P\x85K\x97\xf0z%lk\xb1U)\xa6\xdb\xb4\x90Z\x07Fh+\xf1Ws\xac\x91'
    b'>\xa1\x97sG#\x94\x04\xf1\xae\xb6_\xfa\x00\x97\xe6+\xd2O\xfdP\xcdE>\x82]b\x05\t\xc6\xb7\x96+\xe7\x13|\xd3H\x06\xfc&\x98j\x8491\xc6\x9b\xd6\x14\x87\xa0\xe8\x91\x8d\xc4\xe6u\xb2_\xb7h\xf1q'
    b'\x877\x94\x9f\xbdu_\xca\xb4\xff\xc0\x88\x1f\x86\xe7\x86BS\xc4t?*\xe4\xac\xe8BE\xcd\xd6\xb0\xda\xee\x1db\x88\x85\xe5\xf6\x18"\x97\x84\xd3_s\xf5\x86\xae\xdf\xa1\xb2\x89<%)\x02\xd1\xf0\xddQ\xc7\x94\x08\xb7'
    b'\x90\xe6\xd7\xd8\xe8n\x93\xc2\xf1\xd9\x90T\xc9;\xf42\x8b\xcbm\xb2M1\xf6\x9e\x19\x89\xc9\xaa\x81wGI\x80.Q\xb6\xcd\x0eT\x07\x85\xd3\xecf\xd7u\x16\xbd\x8e7M\xa3u-\xdb6&\xfa>\xf2\xa5X\xb5)'
    b'\xe4c\xa3\xd3\xa0\xcc\x0c\x9bM:\x95l^I\xf4T\xc6\x81um\xd2!\xe1b\xf8\xfb\x96\xbd\x1d,o\xc6\xba\xb3j\x00T\x89\xe7\xddy\xd3\xc6)U\xfaj\x1a~\xfb\xfa\xc7\xb7\x8f\x7f>L\x14\xe1m\xa0\x8d\xd4*'
    b'\xeaTD\xb8U\x89Vd\x1a\xa8Q\xf7\xc0}\x89\x0c9\x04\x07\x177R\x90\x9f\xb8i&\xc5\x84\xc3{\xdbp\xa0vwpJ\xbe@N\xbb\x8cD\xb4\xa6\x15k\xbd\x08\xf6\x0c\x90,\xcaH@\xa7\xce\x82L\xc8^E'
    b'\xb0{\x9c\x86WS^\xafZ\x1b#W\x19\x9b\xb9\x97T\x8e\xafE4"\x1d\x06\xc0\xab;\x7f\r \x19\xf2\x91\xf8\xd8ka5<\x0e`\x9a\xf8\xa4\xcf\x10O3N~N\xc9\x8e\xe9\xde\x1fh=\xa2\x0b&\xb4EN'
    b'?\x92\xcc\x04\xf7\x9c\x93\x8bD\x93G\xf3&\xe9\xa8\xce\xaa\x90\tE_s^`A\x8aBN\xb2\xe9T`\x125\xd5\x13\xe5\xeb}\x9d\xa6q\xa0\x17\xe79\xab\xbb:\x92\xae7\x8f\x8b\x88\xdaLs\xcdc\x18&\xcf<'
    b'\x94f\xae/\xdc]V5\x9cK2+\x0f\x8b%\xf8\xbc\x06\x88U\xd5\xde&\xb5G@\xf5\xa3\xef\xc5\xa1\x80\xaa\xd7\xb4k\x9c\x01M^\xb2O\xc3\xd3\xe7/h\xeb#\xb5\x8aMW\x112\xaaH\x16\x11\xd1*\x102+'
    b"\xa7)<G\xce\xd4q\x04\xd5\xea\x9e%6N\x94\x8bu\xd0\x0f\xc9\xdf'F\xed\tW\x95\x91\x84\xb5\x06\xcbFa\x92\xd6\xaa\xc4\xdd\x13v\x92\x92\xc18\xa6\x92z\xe5E\x1c$\xb7\xa5\x07\xd0\x92\x93\xec\xa7\x9d\x8e\xa1\xb1"
    b"\xde\xc1\x1d\x01\xbe\n>3Y\xee\xf7r_\xe6\x92v_c'S\x8f\xb7L\xca\xe4\xf2\xf2\x07\xbe\xec\xeb\xee\x1ag rr\xaa\xbb\x96\xb9Y\x8dm+\xccC2t]K?\xdd\n\xdbJ\xe9\xd6\xdd\xac\x93\x8a_\x1a"
    b'KM\x0bV\x94m\x9f\xf9\xb6:\x1f\xf9\x00\xb4\x1b;{)\xd4\xa7\x8c\xace\xe8\x7f\xea.\xd8\xf8*\x10\xe2\xdf,\xe3/\x00\x9d\r\x88\xb6\xab\xae\x01\x7f\xedE\xc0m\xf2i+\x84\xb02u~\xc4\xeb\xfd3\xfc%\xde'
    b'p\xce\x90\xfax\xfd\xb3\xbfB-\x9b\xbd\x99.\xcf\xce\x00.3\xcc\xb4\xcdV\xa5$c]\x95\x08T\x8f\xf70\xa7".[\x83\xd4\x93\x9d\xa9\x95l\xac\xc9\xa4\xc2\xed\x9aL\xbci\x9b\x1dz\x911\x9a\xd0$\xda\x9e\xe4'
    b'\xa4\xe3>\xb7\xf9\xc1Q\x89\xba\xe84p\x9d\x05\x04X{!\x0e!-\xd5\x92\x11\x97.\x13\x9f\x8d\r.\xae\x94\xb6\x0b^rRx\xefhk\x83\xf0\xb9\xecy9i\xd6E\xd7UR\x99\xe9\xda*\xf1\xcft\xb3\xb7\xa2'
    b'\xf8-b\xe0\xf8~\xfc\xe9zm\xafw}\x88\xc9\xbc\xe9\x86\rW\x13\xdf\x84\x9e\x94&\xed\xffI\x01\xac\x82\xbd\x18V\x89\xdf\xe3P\xb6T\xd5\xa2CN71u\xdd\x1cYG\xce\x99\x93\xe2\xbbw\x06sUa\x9e8'
    b'n\x02\xc8\xbc\xe2\x8b\x97\xf0A\x04\x90>\xce\x1cC\x10\xa5\xad\xb5Y\x19\x89.1\xe8\xc48\x03K\xb7\xa2 \x9f\x9a\x98\xcc\x85\x13\x93\xf8\x05)\xb9sU\xf3Fj\xc3\x84\x98%He\x9c"|\xe3\xe3\xa69\xc5\xdb\x8f'
    b'\x9c\x7f\xdbz\xec\xa6E>O\x0b\xc6\xc4Fhv\\d\xfd\x8e\xeax\xce\x82>\xde;\xb2\xf8hv\xe1\rxWs\xf1\xa9\x9d\x08\x12B&\xd6\x95\x8c\xfcE/*8J\x1d\x17\x8b+b\xd7\x02(\x1d!\xc6\xfe\x05'
    b'\xbc\xef;W\x19\xf2+\xc0\xd0%\xf94C^\xea~\x94j\x88\x9c\x1e(\xef\xa6&\x82!\xf3`9#\xbb9\xa7\xd2\xa5|\rS\xe1E\x90\x97\xcf\xdd\xe0\x18\xca\x13\xcar\xb4\xa8\xe2\x14\xbf\xde3T\xb1\xc8I\xbf\xc5'
    b'\xaec\x06\x04\xb7z\xc6\xe5e\x01V\xb8\x88\xae\xb5\xea\xe8\xa2\x88G\xcfG\xb6\xf5/l\x12\xde\xa6\xef*\x8f\x85\x9dS\xd5\xeebz%\xbdX\xd1+\x9f]<j\xd9$\xce\xed\xd4\xcb\x8b\x0bJ\x1f~\xc9\xee\x07\xe4\xa3'
    b'2\x05\xc4\xfcU\xbe\x08)5\x85\xc7U\xa5`\xc9y>\xdd2l\x13\xbb\xdfg0\xc9B\x18sd:\x84\xdf\x03\x1cD\xbce\x97M\xdad\x1aT6\x7f\x86\xec\xe3\xb0:\x92\x18\x83\x9c\xcdx\xc4\x9f\x13\xd67\xf5\xdc'
    b'\xc9;\xcb\xc8\xb5D:\xffC~R\x18\xce\xe14?\xd9L/H\x05\xe3s*\x15\x9ej\xd0\x03X\x07\x9e\x81\x8d\x98\x07\x14\x8d\xab\xccON\xf81*tSu\x88_]~\xc8r\x03|\x1dL\x9f"\xe6\x02\xe5\xec'
    b'\x91\xa4"\xad\n<BH\x03p\x8b\x99\x8cr\xf6\x9cq\xd2M\xff\xcf\x8a\x85t\xfe\xc9\xf5\x8b\t\xe7\x96\xe7\x0f%\x97\x81|\xd3\xaa\xf4\x8b\xd5\xf4\x8d]\xeeD\x856\xffE\xb9R\x0e\xd7\x1cj\xce\xaa\xe2\xa1\x8b\x15\xf1'
    b"\x92\x9eBtE\xf6!J4=/l\x1f\x13er>\x11\xec\x1a\xfc\x89\xe6\xe8/\xaaF\x95\xdeJb\xc4\xd2\t\xfb:\x1f(Q\x81\xd7\xc2\xaa\xa8\xd9\x93\x9d\xaf\\\xb9\xbe\xb8d\x8b\x15\xf3\\\x10\xe8\x15&\x99\xab'"
    b'R\xa8 \xf2t&\x16\xf9\x07\x16\xb5)\xd3\xefEH,C\xe5\xf8\x9a\x94]G"\xa39\x92\x99\xde\x8e2\xb5\xf4\xda{\x9d\x13R\xa2\xcc\xf8A\xe2\xbb\xabn\xa4\xc4\xc2\xb5\x02v\x9a\x0b\x10\xca\x06\xa5\xa2\x82k\x0b\xd2'
    b'\xb9\x1d\x8b\xcc\xf2Ks}Si\xf7\xa2"\xca\xaa\xf8\xb8\xec\xbc\x9f\xd3\xb9.gZy\xc1\xdbL\xe7\x00\xf8\xc7\xb8\xc9\xd4\x13\xdf\t\x91\xd8.\x81\xf3\x85\x8f\xfcF\xda;\x14M\xf2s\xcc\xabiaD\xef\xa8\xa4\xeb\xe2'
    b'\x0b\xe2\xb6\x02\x06\x08?\xaff\xae\x17\x93*\xc1.$0\xbbE\x9c\x08\x01\x8f\x06^Z~6#\t\x83v|\xf2\x82\x9c\x90\xb5j\x0c7a\xbd\xf8]\xb4q\xf1\x08\x1cy\xd7\xa4]\xf1K\xcf\xb8}1Uoc\xd5'
    b"Qqp\xa7?+\x12\x8e\x82L>|\xb3$~\x1b\xec\xfe\xe7\xd6\x90\xf6>'\xee\xcb\xe7\xa7e1\x9dx\x18M&\xdbt\xa0\xe0\xc1\xd6\xea\xb2\xb4\x15\xc2\x99OB\xdb\xa2\\\x90mM\x19B,\xdd\xdeJ\x98\xfb\xe6"
    b'\xbef\xf7-\xd9\xd7iq\xeb\xa6\xd4f\xba=\xd0\x08m\x9a(vc\x12\xc0\xc1,\xa0\x07\x84\x9b x3a2q\x13D\xb3\x1b\xc9\x11\xb9g\x9a6\xb1\x85Z\x05:\\y\xa7\xd7\x11z\xbb\x90\x0c\x16V\x99H\xca'
    b"\xb2\xb0\xe5\xb8\xc5\xecy\x0c\xe3!\xf3}l\xdc;~\xb4\xda \x8c\xbdu\x1fQE\x0fA\xc9R\xd3#\xbf\x173\xa1\x96hl\xb0v\xf3R'\xde\xf3\xabW\xdf\xb3P\xb4z\x95\xb9 \x0cU\x8f\x98S\xaa\xd6*K"
    b'\xba)\x17\xec&\xf3ED\x929\x9b\xb9RY\x99Z\xc9E\x7fZM\xa7\xb4\xc7\xe9\xad\xce\xf8Y\x0e&q\xc2\xdc#1Y\xd0\x893m\xe3\x06\xe0\xf3*\xd5\x93\xde\x95\xd2\x14JBiM\x07\x86o\xc4\xbf\xd3\x91\xbb'
    b')\xbb\xbcm\x05k\x10_\xb2\x1b\xed\x90P|\x00\xcd\x85\xbd\xa4\x93\xf7+n@\x7f[\xc3\x8ek\x1b\xfd\x8f\xa5\xe3\xce\x0e\x1dm\xa6\xf4~|\xfd\xbbA\x9d\xef\x05\xef\xda\x1c\xd3\xbb\xd9^\x96\xb2\xa6\x9b\x8f\xf9If\xdf'
    b'6:\x99\x9bB\xac>Fp\xc9d0sL\xc7ay<%\xa3\x8e\xff<\x8dA\x89\x8biL\x8b\x13\x80\x1dw0\x83t\xde0\x12\xf1l\xdd^V\x9aL-\x91\x1by\xda\x183\x02O\x87y\x92\xa5%\xda\x9c\r'
    b'?j\xc16G\xa2\x94o\xc3U\xfd\x84\xfc\x85\x82\xe9\xd7\x0c\xaa\x9c\xd5\xc5|\xf1\x04>\xab]\xd3p\x9fK\xc6\x13x\x03{\xea\x16\xf1^\x87\x8b\xc2I\xdc8B\xa2PH\x8e\x9b\xefP\xf0`\x02\xd9\\Tgn\xd3'
    b'wu,t\xf4\xe0\x9c`\r\xc4\xfb\x8d\xef\xeduE\x02\x9cnb\xe2\xdd$\xc41\xe5n\xcdSk\xb4\x06\x0b\x0e\xf6\xe5qM&\xb8\xda>z1s\xbc\xd5\xbb\xfc\xb8\xeb\x8fW1\x7f={=+^\xba3\xdaU'
    b'\x9d\xc7;\x9by\xd1\n@\xc2\xf2\xe1\xac\x93\xb3\xa4\xfb<\xa12*\xfc\xa8PCb\x9a\x88C\xb3\xeaJ\xb3\x82<\xe6\x18q\xa2d[\x1c\x9f\x04\r\xa1d9\xd2L7\xfd\xce\xa4\xa0hn\xc7eQOI\xfc:.'
    b'\x88\x83\x82-\xad-%\x013\xcd\xec\x1c\xc4\x82\xec\xbc\x86)\x06\xc9\t\xe0\xce\xc1\x12UI9\x95J\xc2\xe9]\x14d\x9c9a\xbb\r1\xde>D\x8aF\x13\xd2\xcf\x90\x00\xccy\xc0g\xee\xbe\x9a\x92\x0f\xf3\xb5\xf2\xc8'
    b'&\x13H\x95OpS\xd7]\xceZfr\x06\x04//0^\xf2\xbe\x1dK^Y.b\xb8RX\xea\xd8\xfa\xbe\x0e\xf2\xba\r\xc0Zzq\xf7\xae\xdc5\x88A\xa9f\xd4q\rUq?\xe1\xef\xbaB\xd3"5\xec'
    b'\xecD \xf6\xea\'\xd5\xa6ek\x81\xcc\x8e\xed%\xa2\xa9\xa0\xe9\xcf\xa7WdP\xcb\xd9\x80\x8dt\xaan\x0f\xf7c\xcd\x86p\xdd\xb8\xa3\xe8\x05\x95E\xe2\x97\x1aYs\x0b\x9b{":\t~1\x8e\xf3\xb5\xc2 $%'
    b"\xa6'\xf9<\xe5\x89\xae\xe6D)\xc5\x97\x8d\x06\xaf\x91N\xd4\x94w\x91\xd8\x84`\xa55O\xc9\xf9-\xf3Ss\xab\xa0\xc8\x91\x11\x10\x16\xcc5\x7fRM\x97\x173\xcd\xde\x86\x89+g\x8e\xb5\xa7\xddL\x178\xd2\xc4\xcd"
    b'\xaa\xe5\xd9\xb9O+\xa6\xc9\xbe\x08\xe5\x7fZ\x9cJ\\\xad\xe3\x13\xb8./\xa9\xb8C\xeadE\x04\x08\xc1\x12\xc9F\xd7\xc5\xb9\xe3{)C\x14\'\x8bC\xdcLIV\xc4\x8b"\xaf)\x9eGs\xbcB\x96<%vn'
    b'R\xd0]S\xab\xd3\x16\xda\xc7XD\xf1!\xb2\x16\xc7\xe9\xb1\xc1\xf1\xf5\xcb_~~\xf5\xfb\xdbg?\xbb\x85\xfb\xe6\x1f\x84\xe5b\xdd\xde\x13Jf\\bS\xc1\xbf\xf5\xe2\xcf\x0cA4\xabB\x19\x93?:b\xeeFE'
    b'#\n\xbc\x81{\x01\xc7\x99y]\xfc\xe0\xce\xce\xa2\x8b\xdcF\x17\x97N\xfe\x9a\x00\x9f!\xe8\xcb\xf5\x0f\xd9\x04=\x80L\x1cjv\x0cN\x85\xc2\x80\x0e\x8d:\xb8?!Y$q\xbddX\xd0n\x96\xae>\x06|\xd8\xb1'
    b'}A}\xee*\x99\x90N\xf0\xa5[\xce\xde\x9a\xf7o=\xc6<\xdcFr2\xb9\xb8\xd1\xf9\xbe\x11\xc77\xa2\x9c;\xd4\xf6\x8e]\x86\xaf\xa8\\O\xd2E\xb8\x0f\xf7W\x04\xe8\xae\xe6\xb4(:\xd01\xa2\xbfj\x08\x9c\x90'
    b'\x03\xb0\x90\xdb5\xc3\xa7w`\xd2v\xfd \x8d\x1b\x08\xbax\x1c\xb9\xedJ\x07^\xee\x01\x91\xcd)\x02\x963%*\x8d\x00Tt\x8d\xa8\xf6\x81\xf5\xf7#rQ&\x87\xc7\xd5\xb5<A\x8b\xe4g\xe0v\xa8\xdb\xc1\xb3e'
    b'_\x1cOUy!\xb7\xa0ak\xd5\xf7\xea\xf1|\x9e_\x93\x16hQ\x91^\\\xec\xaf\x83\x13wH\xbak\x15O\xca,\xf6\xbcG\x1c\x07\xdd\xadP\xd8\x9b\x84\x94\xd5\xe9\xa9\xe3\x1bx\x13\xfc\x8f\xff\xd1\xdcB\xf4\xdd\xe0'
    b'\xb2r\xd3G\xd5\xdc!)\xc4Q\x0ew\xaa\x17\xea?rc6uM*.\x8c&H\x8e\xf89\x8e\x1e\xeet\xf6\x8eh\x1cO\xc8\xa7\xd7\xed\xa1\xa7\xd8\x89\xc0\x11\xe9\r\x98<\xec\xac5aq\x9d\xbb\xab+\x01\x11\x1a'
    b'\xf2M\xa9\x97\x04\xa1\xb0h\xc0\x04ys\n\x85\xb8 \xd6D\xfc\x82yoq4MG6x C\xb4-\xc4;\xc2-z19#e87@\x8f\x8f+W\xe1\x85\xfbg>\xf1\xfb&\xc0%\x80\xe0\xce\xa1\x1a\xf3'
    b'\xda+\xe9\xc26\x9a\x83\xf6\xda\xed,\xaaw\xc0n\x00\xee\x13\xae\x9e\x02\x02\xf8\xadD\x7f\x12\xdd\xbb\xa2\xfdD2X\xc5\xae\x1e\x89U\x81.74N\xf9r\x90\x17+\xc4\x02\x88\x80r\xecvoL\x86\xa2\xa3\xfd\xae\xba'
    b'4\xfe\xf8s\xa6\x83\x8d\xc2\xfc\xe6\t\x06\xff+ga\xf8\xe3\x0f?\xf3/\xdc\xc4\x14\x9f\x9c8\xd0\xd1\xb4F93X;\x88\xfbD/m\x1azZ%\xfa[\x93\xf5q\xa1\xe5B\xbb\xc1\xc7t\xcd\xd5K\xc7\xce\x9d\x83'
    b'U\x1b\x83{a\x885\x0f\xc2\x9d\x01\xc7\x05_:V\xff\xba\x9b\xed\xc0W\xd0Q$\xc7xwy\x92vd\x02 \xd5_~\x8a\xc8}k\r\xdcQn-\xebk\xbf7\xfc\xd8-\xbc\xff\xb2\xeb?EO\xa2\x0ep&'
    b'\xb5rA\xf6b2\xd8\\\x02.C\x94\xbeJ\x05\xb9\xe3\xb5\xdf\x88\xb9\xe3\xcd(`\x8cH]\x07\xc9\xbc:\xcbK\xe1D@z\x1f\x8e\x98j;r\x80\x13}\xb7\xf3\x9d>\xeb5\xaf80\x1e\xe6~s\xac\x07\xb3\x0b'
    b'-97\\u\x14<\xdeO\xef[\xe1\xe3Y\xca\xb2\xa6&\xb0D\t\xf3\x06\x83RY\xa76,\xcd\xf8(\xf9m\x0bq\xc6\x02\xd1\xbd\x12\x9f-\xf8\xab\xf2\x82b\x86\xd83\x14\\L\xb9\x10>>m]L4^\xb1'
    b'\x8eS\xe8\xaa\xd4y\xbe\xee\\\xb9\x0fR\x8e1\x08J\xc6\x88\xb0\xa0\xe0\x9a;-\xdc\x1eMu\xec\x03\xec\x9e\xc4\x04p\xd5m\xf87\xa3\x12\x19@\xc93&Yp\x87\xae\xa3\x91L\xcfQ\xd6"16%N\xee\x92\xeb'
    b'fN\x8eWw\xeeP\x87\x83\x03"~\x19\xd1\x81\xb3B-\xeb57\xf5\xdf0i\x03*\x95\x99\xe8\x15\xf73rqv\xbf[\xf6\n\xf4_\x91=[\x95\xc9\xa2)&K\x17\x1d\x1a\'Z\xd1\xfb\xaew\x97\xa1\x9e\xc6'
    b'\x0e\xa5\xd4b\x03\xb0\x87\x01fJ\xf1q\xfe+\xf2\xa2\xaa8\xa2\xfb\n\x15\xbbk\xe3\xf8\xbas.\x97\xce\x94N5\xdb\xed\xdc\x89=+X\xf9\x8f[\x81\x15_\x80\xaeAr\xd4\x85#\xe85\xb1\xbb\x1f\x8b\xbefg\x16'
    b'\x8eF\xcb@\xb6!\xbf:\xbe/ N\xd2\x89\xa5\xb8\x05\xe6u\x18\x9eb1\xcf?\x16SRR\xf0\xa8\xfb\x9d\xb7\xac\xbd\x95\xac\x95\x88Ap\xd5\xb3x\x9cD\x8f\x12A\xe5\x1e\xe32\\\x9c\x8b\xc5\x1a"\xec\x0ed\xf8'
    b"j\xe6#\x1f\x1c'EPe\xd4\x0c\xe5\x1e>)\xf3iYst\x1b\xc5D\x92\xf8\x9c\xfbL\x9af\n|\xb50}\xd0 \x94^a\x16LU<V\x1ez.6#2\x92:Y\\g^i\x011\xdf\x13O5"
    b"\xca\xb9.5;M\x92y\x95=8q\x8c'\x95\xb0\x82\xe8\xbb\xa3\x1b(\x0c7F\xce1\xe7$C\xce\x98\xcd)\x8asUUz\x97J\x05\x8ep\x1bo\xd0y%\xc1-%\x18?\xd4I\xab:\xbb6ZQ\x9f\x0e"
    b"\x9b\xb1\x8fX!\xc2\xd6\xb1P\x95\x9a\x8d\x99w\x15O\xed~0\x98\x89\x8b \xcb\xbdl\x1dcz\xc6\x0e\x93/_\xbf\xfe\xe9wx\x8d\xc3\xd7\xd2\x9d\x8f\xcf4\x9ea'{\xec\xa3\x88yWf\x88\x1f\xae\x87\x84\xe5\xeb"
    b'\xf7\x0bx\x15d\xf0\x9eM\xd4\xc0^\xb1\xb7&\x11(l\'Jp\xf2\xd6\x9b\x03\xb2_s\xf8[g\x87d\xe8b\xb7\xce\xa7n\x8f\xe2\xd9\xcf\xf9\xdc\x11\x89";\xba\xe9\x9b\x9e\xbc\xf5[)\xf4\x01s\xe19%\xe6\xc5'
    b'\xd1Z\xd2\xf0\xd3\xfc\xe2\xd2M\rj\x7fvQ\xcc\xcf\x8a\xd9\xc95\xfdx\x93\xbb\xdb4i\xe81I\x9b\xb2\xe7BS\xec\x91\x83I\xf0Y)\x93V\x0e\xabi9\xc1H8a\xe9\xc9\xf5\t\xdb\xc8\xe4wM\xea>\xfa'
    b'\xfd\x84\xb4\x9a\xe7x\xf5\xc4M\xe0\x87\xa4\x03\x88C\x93\xed\xd2\xde\x019h\x80\x82\x98/\xcc\xeeJ{\xe4^\x7f\xd0>,aE#\xd3\xe7<?=-O\xb8.\xcc\x82\xbb\x98I\xd3\x8epyW\xaf\xeb\xcf\xd6\xd1\xfe'
    b'VB\xaa\x80\x9dA\x07\xca\xeb\xf0\x83\xd6\x80\xcf\xcc\xb6\xee<\xde\xfc\xf6\x05\xf8\x8b\xad8d\xe4G\xae\xd7:\x14L\xe1\xb0\xb5\xf2\xae`r<\x90\x0e\x99\xfb\x82>L/\x1e\xee\xec\xc8\x00\xe1({:\xf6\x00*\x1a]'
    b'\x16\\FR\xf1\n\xe9rX\xba\xa2F\xbc\xec\xd4\x165E-Z\xadZ@\xf0\xc2\x1dz\xe2drw\x02\xean&\xcdf\xbd n\x85\x9e0\xbc\x90\x15\xc2\xd2\xfco"\xfc\xa2\xfad\x8a\x90\x9e\xdc\xb1\xb6\xc6\xa1 '
    b"@^\xd5cz{\x14\xb5\x819a\xed\xb3\x87\x9c\x82\xce46i\x8c\x8f\xa8\xfb'n\x02\xdc\xa59\xbd\xee\x8e\x8f\xfa\x96j$ncX^\xe34\x86\xdf\x03\xac\x9e\x8f[\xe0\x00\x12\x90\xda\xd1\x06UY_b9("
    b"\\+\x9b\x86\xf8\x90\xf0\x13\xfa;\xc6\x93\x91\x03a\xba\xd1t[\xe6d\xef\x9f-\xc8\x93\xcc\x17u\xf9&8\xec\x19)\x96'\xef\xb6\xaa\xd8\x08\xa2\xfe\x87\xfc\x92\xfd\xcc\xfd\x06\xa6\xfa\xbcV\x8fg\x85\xd7Di\xc2\xcf\xd5"
    b'\xdc\xd0=\xf7\x97\x0c\x89>\xe4j\xfc\\\xca\xe7\x8d^\xadY\x14\x8d\xa8\xb2+O\xae\x07\x9b9\x08p\xc9$\xa0\x8a\xd9\x1a&\xc6\xa1{-\x87Fn\xba\x908J5j\x9b\x87sm\x14\xcb\xb5\x91\xa3i\xd8R6\x9a'
    b'+l\xab\xff\xd60\xae\xd0\xac\x8d\xdfZ\x1f\xbc%\xae\xac\x8cw\xef$\x06!+\r:\x93\ng`(Bg\x1b\ri=\xb6-Y\xf7\xd4\xfc\xd7\xdb\xdf\x10\xfa\xcf\xacb\xc3\xb9\\I|x\xad\xd6+f\xa8F\xe6'
    b'\xf4\xef\x87\xd8*=\xdc\x8d]\xe6\x8fd\xea\x8f\x19\x8e\xb9\x89 k\x19\x99G\x08d\xe71\xba\n\x8c\x05P\x00\x94d\x12\xf0u\x1f\x85\x9a"\xc5iy\xc6\x087\x90\x9f\xd9\r\xca\xf1\r\xa4\xf8\xfcO\x88\x14\xcfL='
    b'0\x9a\x930!m\x94\xcc\xb1|\xcc\xa7\xcb"\xf8^^\xcd\xcbE\xa1\x90/\xc4>,g\xa4k/\xd9\xe5\xe4\x13\xcb\xb0PJr\x9az\xf7\xe9\xf5%8e\xc7\\\xe3/\xfaR\xaeyny[\x94W}\xf3L\x00'
    b'&\xa0\x15\xdb\x97*.s\xb0\xee\x90\xbf\x15\xd2BJ\x93\n\x96\xf9Z\xd2r!\x88hbz\xef\x98X\x96\xcfk\xae\xca\xa3\xa0\x98!\xb1*iz\r\xf6VX\x18\x9e\xf4Z\x8con\x84dA*\xe6\xcaA{k'
    b'C\xe8IM\x18\xd0\xcb\x85z\x83\xba\x8d@\xad\xd14\x88=\x03\xa2\x16\xac\x80\x82-\xc5\xfe[dW\xc6L\xc0\xb67w[\x9d\xf2\xeb\xd4bq\x00\xac\x0e\t\x12\xd0=r\x07\xb7\xbc\x07\xb8l\x8dy)\x10\xa5\x00\xf7'
    b'\xe0y\x01\xa0\x95\x00\x1d\x89\xee\xc6\x1d\x06\xd8\xfa(^~\xd09$\xa9\xc4I@nz\xc9a"\xaf9t\x8b\x04\x9bb\xee&\xcf\xab\xfc\xc0\x85\x06tBW\x19m\x95\x0b\x12:\xc8\x82Y{\xcc,\x1dQ]\x9e\xcd'
    b"\xf2\xe9v\xadEOs\xb6w\n\xb2\x01\x9b-iAi\xf1\xa1\xac\xa3\x80\xb8\xb0\xfa\xb0\xa6\x8aL'}\xae\xc5\xfb)\x88,\xc2\xc2~(\xaek\x91xD\x1d\xd9\x0f6!\xf6'\xe189j\xe2\xca\xc9\x10\x04\xfc\x85"
    b'A\xfb\x01\xa9\xa3\x14#\xa3\x9c\xcd\xfaf\xea\xa5\xcbA\x8c}K\xfd\xaa\x0b(s\x89\x04;yh\x95\x06\x04dR\xf6Q\xd6\x0b\xdc\xb1\x1fR\xee\xc7\xecZ:.\xa4;\xc7\xd7\x9e\x17f\xf6s\xa1HAD\xaa\x08\x86'
    b'\xae\x9aC\x06\xfb\xe1\xc5\x8f\xbf\xbc}\xf6\xfbO\xcf\xfe\x0f\xc9`\x88\nw\x14\x85\xb8x\x0c\x90\xf8t]K\xfa\xfb\x8c\xdc\xc0~\xb7O\x8e\xb1=~\xbf\xc8?\xb1C\xe3EUM\xe8s\xbe\xdb\xa9D\x9d\x83\xdd\xf7r'
    b"\xc8\xa4\xbcpR4\xff\xb9\\@ r4\xab>/\xf0\xa8\x10q\xec\x94D\xae\xa3\xad\x1b\x85\xe3\xc5*\xfbM\x81~\xf8]\xa6\x93mvM\xb2<\xb2[0\xe4\xc3\x17?\xbez\xfc\xd2\xf1}\xcf\x9e\xbd\xa21'\x92"
    b'\xc9\x10(\xf7M\xe9d\xd8\xb9\xbf+\xbdyN\xea\t]\x02\xd7\x98\xa7\x12b\xbe7\x04\xd7\x9d*\x88L\xb5%7\x13\x1fm\xc9H&\x04Rj"\xa6\xf0\xe5\xaf\xf95\x85\xe01\xcb\x15d\x15>,\xae\xd7D7\x1d'
    b'Ov\x0f\xb2\xf19\xa5\xd7\r\xd7\xceG\xc3o\xedu\xeeu>\xba;\xa6\x01uHM\xdb\x8fN\x93\x8fN\xddG7!\xbe\n\x17d(M\xcd\xa7\xfc1w\x89\t\xfa\xba.\xa1;k\xdb\xf7m\xfb\x0e\\\x16\xf3\x13'
    b'\xe6Ot\xe4\xffv\xcb\xc0?"K\xdan\xdb\xd0\xd7\x0f\x9e\xb2\xbf\xf3\x877\xca({\xd7O>\x14\x1eu\x8d\xa6\xa5Kk\xd0k\x94\xf4g\x04\x89\xc5\xf5\xa99-\xbe\x12,i\xe3\xfb\xe4\xa4E\xd0\xc6t\x14F\xd1'
    b'>\x1e\xd3.\x19\xb0\x9c\xe5\xda\xdb\xbb\xbf\xdf\xb22\xd9\xfb\xe5\xee\xee\xe4\x1f\xb7\xcc\x1bjo\xdb3\xeb\xe6L>\n\xeb\x96\x0eG\xc8A2s\xa2\xddi\xce\x1e\xa8@4s\xa0\x07\xc9\xe7\xe6\xcb\xb1\x92\x99\x94\xba\xb4\xa0'
    b"=\x06\xd0<\xdeT\xc6\xf7\x9e\xeb\r~\n\x16\xc7\\.o\x810\x0f4'\xbe{\x19 K\xaf=\xca;\xb5\xa8\r\xa5=t\xa4\xf6\xcd;\xc4\x0c}\xda\x81W\xfa|G\xc8\xfb\x0e\xecC\xfb[\x8c\x9b\x89G\xaf/"
    b"\x81s$A'\x0bwY\xd3.\x88_\x8aIcZ\x9d\xe4\xd3C'\x8d\x93C\xcaY\xb1x\xb1(.\xba\xb6M\xf61\xce\xf6\x08j\xd61k\xc8\xff*\x86\xd7\xd6\xd6L\xcc/\xd8'\x10\xb9\xda\xb3+\x0b7ct"
    b"\xbf!\xe6\x97,,\xcc\xe6\x88\x9e\xd6\xb1D\x8b0Gx\xfd\x03y\x189)\xbe,x>\xc0/\xbd\xaab\xdc\xf8'\x84W)n2\xd2\x04y\xbf\xf8\xea\xf3Z./\x92\x94\xe7\xd7\xec?k\xba7\x0cl\x99\xb2p"
    b'\x82C\x18\xe8+]\xd5\xcf\xa8\xf1.\xba\xd0g\x06\xce\xf8U@\x08\xd4\xee\xd1\xe60]e\x83\xa1\xdb\x98\xaa\xb9\xd1E\xf1[\x08\xb5\t|\xb3\xeb\x89\xbb\x8e\xa6Z\xc2\xd4\xe3\x1a\xb1\xb8\x03\x8f\x9b\xb7\xc9\xac9\x05\xfd\x16'
    b'6\xc3M\x05p\xa7Y\xe9\x8a\x90"V\n\x83[\x81\xfa\x99\xd4\x95\xa5\x82S2\x7f\xe7\xd6x\xaa\xce`\xf3\x85x\xba\xc1R\x9c\xcfu\xd5\xc8\xa7\x86\xf8\xe1\x9c\x94\xf4\xf0B3\xa6$\xee\xed\x8bYW:\xe6\xa3\xceq'
    b"[\x08\x8f\xc8NZo\x8b\xb3g\x9f.\xbbY\xf7\xb7?\xde\xbf\xaf{\xe4\x92L\xa7\xfan'\x1bu\x0f\x86\xe3\xf7\xef'\x83\xa3\xbb\xef\xdf\xff\xd1;\xe8\xee\x1c\xc8\xcf\x9eD\xcbP:\x0c\x1fQ\xe9H\xb2\xfb\xf7!\xcf"
    b'\x85W\x1e\xe4\x8b\x90 \x03G\x07v\xc3\x11\x97"X\xe7\xc1\x05\x07\xe4p\xa7\x8c\x80}\xcaP^\xb2nH\x85\x91\x1f\xd7\xddWK\xe2\x9d\xf9\xad\x8f\xfd\xb4\xc0{Xy\xe3\xe2\x95\xecS\x886\xb4\x0er\xdbc\ny'
    b"Q\xe1\xa7'*7l[\xe3_G\xdf>^t9\x0c\xa5\xc0C\xbe\xfc\xfbRQ\x9f+\t\xd3\x8cIy}\xfc/Wx\xe0\xf8E\xb7\x1d\xba\x9fo\xcc\xc7\x9f\xb1\xdf\x18\xd4\x9a\x05\xc8|1\xe6\xbaH\x1b\x87\xda,"
    b'\xed\xe3\xef\xc8\xeaYs7(\x0e\x15\xecG4\\Y\xdc<\x12\xb5\xfa+\xb8j\xa6\x0f\xb2\xa5\x17\xca^\xa7\xcc\xceO\xc5\xf5\x9a\x81\x87\x11Oqv6\x99\xaa]\xaf4;ww\xcc\x86\x1f\xedEP\x03\x813\xd6I'
    b"kj\xb7\x9a`\x0b\xe6d\x90%\x16\x05\xc87\x05\x87\x94\xd0\xbfW\xbc\x0f\xcf\xa9\xc3\xfc\x82%\x7f\xf2\xb1\xf7\x04'\n\xad\xc7\xdc\x1d\xe6\xe5\xa4kv\x86\xf4\xe3p1w\xd5q~8\x98\xd2\xb9\x0c3E=fq\xe2"
    b'uUa\x9a\xa1F!\n\x8bh;+r\x88B\xb2\x8d\xfbF\x88\x10\xc0W@\xe0B,\x85(>\xe8\xbc!a\x9b\xae>W\xfb\\PNZ\xc4\xed\x82\xeb\x9e\xb3Q\x9cb\x8f\xe41\xef$\xd3\x15\x8cA$z\x83'
    b'\x93A\x05\x08(k\xdd\xb2\x82\x8dN\xce\xce1\xabRw\xfb~p\xa3\xce\x8b\x99#\xd7\xe5\xe2:\xa2<$\xb60\xed\xc1_\x0fGN\x0c\x90\x1f1\xdd\xe1\xbe\x8e\xb8\xd8=\x94\n\x90E\xe5Gp\xed\t\xd9\xbce;'
    b'\xa2\xc6^\xd8\n\xa2\x16D]vKy\xca\xc5\xafvt\xac\x0fulF\x0f\xe7\x07\xbb\xe2#U\xc5\xc9\xfc\xa0\x0bA\xfb\xa6l\x9dV\xf3\xa8\xb3W\xec|kg\x81O\xe8\x97\x8ds7\x1a\xa39\xb3_V\xcd^T'
    b"\xcdq2L\xea\x98\x99\x19\xff\x1cM\xf9\x17\x8c7\xbf\x97P\xfc\xcf\x98\x86!\xea\xecS\xb4\xe2P'\xf2f\xdf_\xe0\x97\xf9\xd4uW\xbcT\xab%\xa9rr\xf5.\xf7P?\x80|\xc6-\xc1\x06\x04q\xc1>uu"
    b"\x9d'\xba\x17\x90U\x8b\x08\xe3d\x817\xdc\x86\x04\x8d\x12\xd5Ee\xbc\x00\xfa\xb05\xac\x93gP\xd2ht\xb2\x9e\\\x8a\xf7\xb8\xaf\xa3\xf1o\xef\xeb\xe1\xd1\xdd{g=\xcd\xc6\xd0\xe2\xbcM0\x18\x9b\x83XX=t"
    b'\x13\xa8b^\\\x16\xd4\x83\xf2\xd2bY\x88\xdb\x96\x13\x87\xcf\xe6r\x8d\x97\xb3\x0f\x8ew\x07l\x07\x8cb\xdd\x7fD`\x0c\x8aH\x11\x15\x10\xf46\x9d\x8f\x950\x08\x81\xf8\x91\xea1W\x99\xbd\xac\xbd\xd2\xd1\xc3\x0c\xb1T'
    b"+~\x04'\xc5t\x9a\xe8\xed\xb6\xe1\xa9\x9d\xd2\xe6\xa7\xae`\x8d\xce\xf7\xa5\x06\xc1\xab#Y\xca\x10\xa3\xea\xd3\x9a\x89,g\x97\xcb\x85\x86\x80|\xf2\xb0\x04\xb4\xca\x99>D\x99\x9f+8\xb4f\x93\xe2\xa4\xbcp2\xa3\xbe"
    b'\x8c\xa1\n\xd01\xf7\xd8\xbf\xe6{\x81\xa7\xd07"\xd3\x8a\x7f\xf5a5\xe3\xeb\xbb\xd5{\x1e\xca\t\xccZ\xe4\x88\xe7\x1b\xf0h\xffY\x9fd\xb3AfM\x1dw\xba\xfc\xe9#G\x0b,pr\xb3s\xed\xe6I\x9aN\xae'
    b'\xa2\xd7\x9aB\x85\xe1\x99h\x1d7\xd9\xaf(\xd96k\xf4"\x0b%\xe2sF\xcf\x0c\xfb0v\xbd\xe7E\xaf\x8f\xb0\xd38\x10\x93\x83o\x92\xb0\x1b\xf0\xee}R\x12\xae\xdc\x13\x89/!\xbe\x08^\xd6L\x10\xc9\xbdy\x89'
    b"\xac\x05\xee\x9f\x81<\xac\xc7\xf4\x83\xe3\x9f\xbd\x01\x1a>\x1f#\xff\x9d\xfb\x82\x9e0\xde\xa5<\x1c\x08\xe3'+\xbb\x9c1CO\xddr\xc5iiR\x1b\xb0D\x9a\x0e\xb8\xac1\x93\xcb\xc7\x8e\xb0\xdcaeVX@\xc3\xfe"
    b'~,,,\xc8\xca\x11`\xc5\xb9\xc6\x16G1\x91d!I\xf7\xad\\\x1b,\x8cs\xf67\x1d\xad\xb3\xb9K\xfd\xd1\x08)\xb2\x87\xcf\xe2\x98\x8a\x8fP\xcfQfq\xa1?\xa1^\xb6\xf3s3-d\x14/\xec\xa9\x11z'
    b'?\x92W\x01\x8b\xc7\xad\xbd\xa6VR\\\xf8\x1d\xc5\x85\x0fw%\x11#\x92\x0c\x11ZE,A\x9f\x95&\xf27\x85E\xe0&|`\xf0\x93\xcb\x0b^\xcd\xb8A~\x1cN%\xff\x0e\xe7\x91\xe5T\xd5\xb0J%\xa5\\Z'
    b'P\xde\xd7\x1a?\xd4\xb76\x97\xc8T\x83\xd8\x08v|/k\x8d\xbb\xd1>\xe2V\xbe\xc8?u\x85{\xe5\xfe\xb9vz>\xd5]\xfc&\xff\xd4\xf3\x06\xec\xbb!=<\xe6\x84\xc8\x94\xa1\xc2\x86[\x16\t\x8f\xeb\xe0\x9b\xbf'
    b'G\x1a\xeal]>\x98L\x86\xa8C\x13{O\x7f\xd5\x18\x17U\x15\xf9\x082y2\xa8.\xb4\x12\x17\xe5\x8c\xd3\xf4~,,\xac\x0b=\x96\xe5\xa8[e<[`\xc5wc\xfe\xf7H\xa7\x95\x85\x00\xee\xbb\x15\x02<x'
    b'L\x9c\xd5\x12\xd1?\xb23IoDz\xfdL)\xc5\x80~\xf1saI\xb2d\x9b\x087\xa4\xdb\xc3\xb3D`\xf1\xdd\xd6\xa4\x05\xf0\xc93\xeai\xb5\x08\xb6\x99\x0bk\xeb\x96;|s{\xb7^\xfa\xed\x97\x9e\xf6K\x8b'
    b'yC\xf8\n\xf6\xaa)\x13G\xccg\xcf\xb7K\x83\x86\xa9\xc0#\xe5\x13\xe7@\xe4_\x02\x8d(\xc4\x83aR4t\x89\xe9\x05\x05\xaf;\xbe@\xf4f\xe5Ds\xf0\xc0\x1c\x9a\x0e\x8a\xf9#\xe24\x9er\xf4\x12T\xd2\xae'
    b't\xc8\xc3\xae[\x7f\x1c\x06A\x84\xe0h\xed\xe2N\x8b\x8f\xc54\x8b\xdd\x0c\x8e5\xc9\x93\xbf\x10\xa8\x10\xca\x93\x07\xd6)\xa2Q8\x81xTb\xdd\x19l\n\xa5\xd2\noH:\x84\xff\xb6\xfe\x10\xc2\xc0,\x16I\xde\xcb'
    b'\x9c-\x975\xb9\x1c\x91\xba\xe6\xcc\xf1A\xd3\xa1\x04z\xb3;\xd8\xdd\x93\xec\xac\xee\xd0t\xf7\xb4r\x16\x93{\x1b\x9e\x11$\xd3%\x8a\xdd88\xa1\x0fL\x9b7R{\xd8(D\xa3h\xe0H\xc5PKl)\n\xc4\x80'
    b"\xb6$\x87\xc5\xa9\xf9I\xe8\xac\xb0\xb9F 'C\x97\xd8\xd0k\xa4):;\x13`P\x8e*e\xefx\x1ce[\xbd\t\xa1\x13{\xbe\xa9\xd4\x17\x1c;!{\x97\xf2\x85\xb7\x02\x0f\xb2\x90k\x86\xe6m\x1c\x88\xa47T"
    b'\xdb\x8dy@D\xa2\xfb\xa7\xa4\xe8\xdbq\xe7\x9a\xff\x01t\xb8\x99\xd1\xb6\x9b\x8a\x9f\xf4E\xef!wQ\xf8\xe4\xc6\xfc\xedY\xe4\xe7\x05 \xf6\xf4\xd8\xb0N\x19\xba!\xf3@\x95N\xf1\xf7\xca\x0f\x87z\x0e\xc2\xdf\xc2-\x0f'
    b'\x8d\xe0|\x1b\x01\xb3"\xf3\x067\xa7_\x03\x7fk\xd2\x13\x886k\'8S\xb5\xfc6\xe7\xba\x11\x05\xf0\x17\xdd\xa5k\x1bXs\xe65F\x19\xa1\xda#t\xb8!/\xdcz#\xc7\xba\xe5X\xedt\x81\x88\xd0\x16\x9d\x13'
    b'\xb7\x19\xd5Be\x8d\x0e\x16\x15\x0e\x8c\x96\xc5\xdc\xe3\xbc-V\xde\xfex\x1d\xd5\xedu\xda\x14:\x97\xe8f\x9a5\x9b^|v\xbd\x1d\x1a5\xd9\xd0r\x0c2q\xa0\xd0\xca3\xec\xde\xd8v\x93<\xd8\x12\x15\xe2\xd8fw'
    b'\xff7\xdb\x8b\xbel9\'7m\xb9\xb5\x9b"\x1f3\xa3L\xbe\x04M\x8d\xfdd\x98\xb8\x85<5\x1cR$\\2\x92\x9ax\xf7\x1d\xb9\x99\x81t\xcc\xea\xcb \x91\xe2\x830{\xfeZ]\xcf\x86\xf4oaS\x8e\xa2\xdb'
    b'\x91\xc2\x04\xd7\x08\xe7\xa1\xdc\xde\xd1Zq4\x9a\x13\xa5\xee\xab\xf9\xef~\xc4g\xcc\xd8A\x85\xc8\x17[\x98&\x9c\x9bL\x82\xa6\x83[\xb1\xf6\xd8\xdd\xb2\xdc\x0f\xba\xdd^\xbcz\xf3\xcb\xbb,\x92\xd9\x0bu"u\x7f\x0f\xfd'
    b'@\xfb\xa4\xfb\x9f\xd7\xc3&\xe5\x14\xa6\xc0\xd7\xcfDL\xe4\x1e!\xa87\rwC\x9d\x98\x9e\x081\xab\x801\xb4\\_\xca\xa5\xb8"\x9d\x8d\xbe\xdf]\xf1\xbdN\xfb\xcf\x14\xce\x119\xa0\x95\xb1\xbb\x94d\xa8Uu\x92,'
    b'\x92b\xd5\xc84\x83\xfe 0DE\xb3j\x06\x89\xd3vT\x1e\xad\x81\x1fm%a4g\x86\xac\xb8\xdb\xa6y4-\xb1\xf83$\xe8\xd63\x7fc;C\x03\xed\xf1xY\xeaf\xc9\xd8v8>%\x89;{\xca\xca'
    b'\xf7l\xf7#~>\xaca\xf3:\x0c\xc4\xdb\xde\xf4\x96\xde\xc4\xddn\x1c\x83;\xf6\x18\xc4\xdfY!:\xd9\xde\x11g\xd3&\x8fF\xe8\xaf\xab\xf8\xf5F\xa5M\x06\xbb\xa5n\xe5\xb6\xa3&\xd6\xf5\xaf\x85\xf3Z;\x91\xfd\x88'
    b's\xba1\xce\xfd\xde\xe9\x90$\xa4\xd2&A\xcd\xdbXU\xa5\xd4\xd7\x9c\\\x90\x82\xd0`A\xf5\x19\xc4X\x91\xa0VE\xd5K;:\xc3\xaa*G\x8a\xe6\xc5dybq\xbd)h\x0b.\x95F\xdb\xe4i\x92\x7f9@'
    b'-=x*=P\xddk\xab>Gj\xa2oH+\xc6"\x1aG\xc3\x8d\xdcvAg\xee\x12\x03\x8c\xf8X\xc2m2\x93\xf1\xce\xfb\x95l\xd7\x00\xd6%\xe50\xb0\xeaV;\x88\xb2u\x9ec\xdf\x90>\xf4\x9c\xf0\xf0\x0b'
    b'\xe3\xcb\xe9\x1d\x19\xa8\xbe\r\x81o\xb9p\x1b\xe8\xad\xbci\xb9\x80\xf8\x8d-\x14\xabD\xad_\t%\x03_\xde\xdf}\x90\x03p\x0c\x7f\xfe3\xfaR4\xce\xc97\xe7\xb4\'\x82?\x9d\xe4\xe6")\x90}\x98\xbd\xd7\x04\xbf'
    b'\xef#\x10\x8c\xc6\x00$\xd5h\x001\x92`>/\xf3\x9d\xe2\x93\xdb|\x13\xb89&\xed\x12\xa2*\xda\x827L4EA\x08\x7f\x0bcWF\xder\x90\xc2\x89\xb3\x15\xbd_H\x16#_\xad\xc3\xf8\x8d\xfdo\xee\x98\x9f'
    b"|\x82\x82\x8fI\xa7\xd5\xdd\xa7nq\xf7i\x8ch\x0f\xc3\xd9\xcd\xbc\x08\x1b\xfb\x00\xc9E\xf6\x13\xf99#\xe7\x03;\x1c\xbbk\x0c>LFo\x017'\xf26%]\x0e\xc2\xff5\xd3\xb0\xb9\xa2\x13\x05\xbc(T#\xa7"
    b'}\xcc\x8b\xc1J\xf2\xbe\xeaH\x8b\x82%\x9d\x16\x7fE\xf0k#\n\x96+\x16\x80\x96\x1f\xfe77H\x90\xb8W\xf9\xf4\x83\x9e7<\x14\x8fp\xdaj\xe4(\xc3\xd1\x9b\xf2}\x8e\x0b\x9c\x04\x02\xdc\xec\xc0%\x80\xbf\r\xde'
    b'\xc2P\xadQ\x82\x94G\x96\xb1+\xe68\xb2\xb8(=\x041\n!*\x92\x03\xb0\xa9\x82\xe7zv\xd9\xec\xaf\x91\xd9\x14\xb68\t>Z[\x9c\xa7<\x9f=Y\xd6\xd7\xe6q^_\xcfN:&\xf0;\x9f\xfd\\L\xca'
    b'\xbc;)\xe7\x1eR\x8f\x12w`\xc0\xec\xe3S\x92=\xf2xYN\xc9\x8d\x1b\x94\xd8ut\x8a\xe3\xc1\xbc\xb1\xc4\xa0\nV\xefE9\xd9\xa1z\x15\xdc\xb7(jAF\xe0\xday\xfa\x14\xe5\x81\xda\xa9;\xa1\xb8\xd8\xf5)'
    b'\xf0\xf5\xb4\x04\x14B\xed\xa3\x1f\x15zH\x86e/U3\xd4\x00y\xec\xda\xa1\x80\xca\xba5\x91\xcf\x1ca\xd9\x9cMt\xbe\x18 }J\xaf\x13\xfe\x0e\xb1\xd9\xe1\x90\xc1\xad\x81P\x9f\xd8\x03\x80\xb2b\xd0\xa6ps7\xa0'
    b'\x04\x08%\x01\xfe\xc7\x1c\x97\x84\xc6QI\xb0\x19\x9e\xf2\xe2\xc9\xde\x91e\x08\x84\x1eP\xfez\xe6\x1dh\xb9\xa1Y\x9dy\xae\xfa\xf0\xbav\xe7\xb9\xf3\xef$\x9f\x14\xe4\x97P\xcd/\x10J\x0e\xe4\xd1\x99\xdb:K//\xb6'
    b'\xfbH\x99iis\x94\xf2N\x0b\xe4\xfd52\xa5\xc9a*\xd1X8Y\x19\x0ek\xa1\xdb\xa3\xd0\xed\x03\x9eKx\xdc\r\xe5o\x04\xa2\x84J\xc0\x05Q%n\x88<\xad\x10\xbf\xd9\x00.T\xa0\xd79vW\xd3\x87D'
    b"\x06lq\xa1knv.\xf7e\xdb\x80\xb6\xb5\xec\x02\xfa3l\x82\xf4\x9c\xf1.\xb3N7h\x08\\Q\xe4n\xf3?\x0f_\xbfr7\x03q_\xe5\xe9u\xd7t'\x0e,\xd4\xae\xf8\xb4\xcd\xae\x0b\xc0\x03=\x08\x7fw"
    b'\x19\xdcWb\x16o\x1a\xc7y^\x84\x03\x1d\xb2C\x0bz\x83\xdb\xa5B;H\x0f\xd9r\x86X\x19R\xeb\xaa\xf3P\xe2\x03\xc0\xab\x14\x1aIj\x16\xdf\xc6\xf4\xfe\x08M\xa8\x9b\x88\x9d+\xda\xea\xae\xd9\x9e\xc5(\xf7#r'
    b"\xc4\xb3\x98\xbfs{\xa8;\xcd\x8f)\xaa\x85\xb6\x99\x008\x0bF\x91u\x81\xdf\x98\xa9\xa1\xa2\t\\7\xb5\x94\xf9w1\xdaj\xfd\xf1\x8cq\x0cF\xdb{\x0f\xb6\x05\x16\x86\xff&\x17\xd2'\xd5\xa7\xd1\xf6ng\xb7\xb3\xb7"
    b'\xe7\xfe\x7f\xfb\xd1C$P\x9d\x8c\xb6\x7f\xfef\xf0MgoU\xa6\xce\xec%^\xefv~\xde\xeb\xd0_/\xdd\x9f\xee\xdfmr\x1c\xac>\x14\xa3\xed\x93\xe5\x9cdO\x8a\xd7\x9e\xeb\xd3\x1d\xed\xc7\xe0\xbb\xed\x95\x15KQ'
    b"\xe2\x8dO\xf2\xcb\xd168\xfe\xed{\x8f\x1e\xdes#\x01\xf6+\xa6\xd3\x8fVy\xac\xeciuy-\xf7T\xcb\rU\t*\x81\xbf\x1a\xc3|\xad\xe0bh\x01\x7f\xa0\xea\xba-\x0b\xb7\xcf,\x80\xf7v\x9f&'\xea\xb8"
    b't{\x94\xd6LH\x02Ua\xb6\xf5\xd3\xc7\x84\xc9\xf5\xf8\xe9\xf3\xdf\x1f\xff\x8e\xe48\xdecsU8e\x96\x99T\xe7\xb3\x8dLG\xae\\\xbcO\x8e\x85w\xa4\x17\x89?\x8dx\xd1\xfb\xb7:\xa9\xdf\xb3\xf4K\xd3\x0eJ'
    b'N\x99\xbb=J@4\x95\xf4Y\xdbL\xfa\xa3T\xb4@\x88\xc8\x19#\xb9\xe7\x07W+\xd2\x83\xda\x19\xf3\xbc\x96\xcf\xce>k#\x1e\xebV\xca\x1f16\xb6\xc7DA\xf2K\x8f\x84:\x08\x1fJ\xac8q\x98T\xe7\x1b'
    b'\xb8\xb3w?_,\xa7\x8b\xf2r\xea8*"\x9f\xac\xe3%`\x00\xb4x\xf4\xa5\x9a\xf8\xe2\xd3\xc9t9)\x1e\x9f\x9c8\xd6\xf4\xf1t\xfa\xfa\x92\xc6\xc1u\xdf\xac EP\x84M\xca\x9ar\x9e\xbb>;\x1a6\xad\xce'
    b"8pV#Q;\x8f\x85i\x15\t[\x0cw\x04[\x05\x83\xc7\xe9\xb2V\xe0'\x1c\x14\xafx*\x10f\xc1W\xf7\xe3\xe3j\xbexF\x88\x92\x99\x02W\x1f\x03Y\xa2\xcb\t\xde\xa56\x06\x98'v\x19\xc8k\x9c'\x8b"
    b'\x8f_\x17\x08\xcd\x83\x8b\xa2\xae\x89\xad\xbeK\xaeY\x1d\x1cOA!i\x1e\xfeL\xf1\xdfN%\xe2S\x91\xdd\xbew\xbc)\xa1]j&\xb7\xc9\xc4\xf0\x97\x00O\x18\x90\xc6}\xee\xdd\xfcb\x8a\r\xc7\x10\xe6\xf7\x04\xc8\x13'
    b'\\\xc5\x9c6\xda$\xc2/\xc0\xec\x98g\x9e\x05)\x99\x03)\x1d\x03\xc2\xdb\xc53\x1fe\xe2\xa4]N\x8b\xa6l\xa3\x021/\x17;\xdbz\x9c2\xca*\x07\x14{\x96D\x80D\xbf \xc6\xc81\xe5H\xde\xebf\x85x'
    b"x\xdae\xa1\xbe\x00\x16#\xd8\xf6\xc0\xb7Q\xabV\xee\xe1\xd5p8-\xea'\xe7B_\x14\xf5\xa2\xcbC\x19\x97G\x12\xa2mx(\x99\tVx\xc6\xe5p\xfe\xbbl\xef\x06\xd7\x14\xbaB}\xa8{\x995\xbb$L\x9d"
    b'j\x9cN\xf9\xae\xe3#\x17\xeaw\x8c2\x1d\xb8\xa0\xdd\xe3\x80\x8a\xb2^\xc4\xb0\x12~\x82\xedK\xb9\xdd\xe3;]\xab\xe4_]j\x97G\xbb\x1f\x1f/\xab\n\xf3u\x12F\x94\x1b\xc1i9\xbf\x08_b\xfc\xa5\xf7\x08\x89'
    b'\x92\x18\x0f:o\xd9\x1b\xcc\x89=\x07Y\xaf\xb7r\x1e"5\xc6\x17u\xbc\xdf\xf9\xcc\xd4\xdeR\no\x0c\x9a\x97\x8b\xfc\xd8T\xaa:\x0e|\xf1\xab\xbc\r\xd3+$O\x9e\x0f8\xc4\x83\x9aZU\xe2d\xea\x8ex\xf8\x9e'
    b'\x8f\x95"\xd3v\xf4P\x89\x1fX\x98\xeb\x95\x92y\xb4\xcf\xb0)\x0e:a\xa6\x1d\xb7\x98\xe3g\x16iO\xe5-\xb8\xf5\xff\xb5\xac\x16\xf9\xb3O\'E\xe1:"\x14\xab\xb9\x8f\x01\x90\xc9-1\xee\x86\xeci\xf1\xac,\xdd'
    b'\x9a\xee\xf5R\x8e\xd6\xb2\xb3\x1c\x19\xaf`\x1bM\x8a\xa8\xd7 p\x8a\x91\x8ff\xd8a>\x05t\x87\xb6\x0c\xfdD\xdc\t\xfd8\xa9.\xcb\x02\x9e\xe1\x01?\xa8\x85\x1b\xd2N\xb3{k\xbf\xc3\x99\xb0\x07\x1d\xb9\x92CBL'
    b"\x11\xb5\x99\xa4\xb8\x83\x01\xb5|B\x15\xd1\xe7\x15\xd2\x88\xde\x88\xb7\xb3\xc8\xcdc\x83K\xe9\x8d\xbbt*\xd6  \x92L\xf2\xfeI\x96M\xceU\xc9\x01f\x08`\x86@\xd1\xb9\x00H'u\x1b\xdcs\x80I\\\xceB\xe2"
    b'@\xddS\xabpAl\x90\xc2\xbd\xf7\x83\xcb\xeb\xbf\xdf+\x99\xbeq\x01:\xc4\x174\x16v\x03\x8c`Y\x14.\x84g9 \xc3\xf1\xb2\xf1\xf1\x95e6+\xc9\x8b\xb7O\xc7\xbe&\xaa\xceW \xf7\x93\x97\xbd\xb9nf'
    b"%\xbc\xe6;n7j-S,+\x19\xfd\x97T\xeb'\xaf\xad\xe2\xf02\xdeS~G:1\x83W\xcd\xaf\x89]Ov\xe8\xe4H\xf6d\xbffR|\xbb\xb1\xccp\x05\x92\xf8\xa1\xef\xb9\xd0\xd0[\x8c\x90\xe1 k\x1b"
    b'\xc7\xfaEh9N\n\x96\xc5\xa4X\x10\xf8\x82T\xd6\x906W\xb2\x9c!\xe0\x8b\xd3/\x1a\xe5\x00X\x93\x0c}:\xf0\xac1\x98)\x06x\x89\xb8\xe4\x90\xeb\xf5\x92\xf1\xd2\xc94\x10\xb4g\x81l\x1cp\x8d\xc3\r\x99\xed'
    b"\x83\x90\xc6\\\xaf'8\xb1[q\xb8!\xf5&\xd7\x0b\x0f\xff\x19%\xbe\x94\xa1\x7f\x9e\x17Nb\xab\xb1\x89\x1b#^\xc5\x91\xea~}\xeaY\xc1Is\x04\xbc{\xc3\xf59\xe8\xbc0\xdc\x89b\xb2\x1f\xacc\xe2\x9c\xdc0"
    b'\x97\x8bg\x13\x95H\xb0w\x8b\xeaf~V,b3\x96y\xd15\xb7\x14\x032\x91\xe7\xde\xe3\x85P\xbf|\xd1\x03|\x81!\x1b\x7f\x9aX\x06\xfd\xf1\x97iv\xce`\x8e\xf1\x7fv\x95\x87\x89\xbc\xfdA}\xe5\xb4a\xdd'
    b'\xd8t;/\x14\x06\x9f\x8c\x07W\xe7\x95\x18Y\xcaE3%\x892\xb1\xeb\xf0^%\xf2\x14`\xe8\x8e\x1d\xa8\t|\xa6X\x10\xfe\x7fp\x8e\x06\x13\xc1Wy\x15\x87\xdfr\xc2\x06\xb7o\x9dp\xbf0n\xe3\xc9\xf1\x94\xfe'
    b"\xb4h\x8e\xf9x\x87G\xfb\xd1\xb4\xa6k\xc2\xa5c\x1d\x8f'\n\xd4\x1322H4z\xd7h\xa0\xfa\x9dov\x11I\x16\xa9\xf0}\xa2;\xcb\xf5\xfdE8\x96\xaf\x85j\x86z\xa7\x8e\x0f\xad\xe3vK\xceb\xe5\xc4N"
    b'&,\xf6\xde\x15\x1cVB6\x86!U\xe2:&nP\xf3\xf2\x98\x11!\x8f\xaf\xdb.b1N\x16\x9f\xf2\x8bK1\x01\x0c\xe0r1-$\xd2\xb1\x9d\xa4gJ\xce\x99#\xde\x82~\x9c/\r\xec8\xc9\xaf\xa4\xee\xb1'
    b'2\n\x93i\x82\x91\xeb\x97\x00 \xc9$\xa9\x84\xab\x0cVQ\x0e\xf7\xcd=\xed\xe4)\xdf\xf2:\xf8\x85\x82fj\xe6%\x8f\x8aq|\xcd\x88\x95:\x9emw\n/\x17\xc0\x93Ff>\xb6q n\x18\xb4U\x90}H'
    b'\xa8\x1cH\xd4\x93\x99\xd7\xc6\x85\x16\xc5\x84\xce\n\x8d\n\x87\xddwN\n\x82\xce\x7f8\xae\x94\x9cN\x88\xab\xcb\xe2\\\xddd\xe45i\x93\xb9b1os\x82\ts\x10\xc5-\x8b\x9fkhS7\xcb\xb2?\xb6\xb7\xb7{'
    b'\xdd\xf1\xfb\xfa\xfd\xe1\xd1W\x07\xbd\xf7{\xf7\xa2L{\xf8\xee\xa0\xa3\xa1\xbe\x03W\xfd\x85j_[\xaeB&E\xb2\xc5\x82-\xc5v!\x08\xc4\x9bZ\x106\xb7\x1f\xac\xb1\x1ePlE\x0bS\x97Z\x0b\xcc]\x9deM'
    b"\xf9[^\xc5\x93-\xe3\x88\xe4$/\x7f2\xe4_\xb7\xb7FtI\xda\x0b\x1e<\xf7~\xd3Sq\x8f\xbb,ws\xdce\xf1\x90#\xca7V\xd0\xbdrr\x94\x06es\xb1\xba\x9a/\x0c\xa9v\xc4\xe9\xd8H'9E"
    b"\xd2>\xec\x1c\xd3?\x07\x9d\x9d=D\xfa\x99\xab\x01hVq\xba\xae\x89\x9e\xaa>\x1f\x03r\xac3R\xec\xeb\x99\x1c/J\x19S\x02'\x86\xf6\xf2\x15\xc1\xb1\xd2Q\xc67\x84!\xcepV\xf6\x10\xea\t\x04\x99\x01\xb2,"
    b"\xe7\xf7h\xddr\x92E\x86\xb6\x9cO\x0c(\xea:q\xcd\xa1`\xeb\xae\xe4\x0e\x7f\xf1\x149\xd2{k\x00\xc9~y\xfb\xd2q6\x1f\xab\x0f\x05\x7f\xef~'_'\xe8d\xf1K\x8fo\xd9\xaa\xf9\x91\xfe\xad\xd2\xfd(\x9d"
    b'\x1aiIX\x08\xf4\xabqyD^]\x03)eb\xc4\xe4I\xbaA\xec\x066\xb7r\xb4m\xe9\xe0\xc5z\x02\xad\xac\xd7\xd4\xa5$\xf3`;\xb6{D\xee\x924y\xac)\x08\x93g\x94\x01m\x87 \xee\xb2\x8a\x92&'
    b'\xa7\xce\xbae\x8c\xe5\xed\x04\xe6\xb1m\xd5\x82\xe5H\x19\x1ef\xba\t\xb8uq\x0e\xa4\x12\xba\x95\xa6\xb4;\x91\x0f-\xec\xe9\x14P\x82\xe8\xb6B"\x03/x\xc1\x9cR\xbaO\xb9\x05\xc7\n\xf2\x16\xa5\xfa\x05[\xa4m\x87'
    b'DvI\xb3=\xecZ\xba\x8a\xfc2\xca\xfa}_\xce\x11\x8au\xad\x8b\x08\x8bey\xb4Vqb0\x1b\xec\xdc\xab\r\xa1\x9cG\xc7_\xaeB\xa0\xceFWa\xbfy\x0fr\xaaD3u9\xe8\xf5\xb6FC\xc9\xad\xce'
    b'\xb1\x1d\x8a\xd6\xbcs\x7fpI\xea\xe7\xd7\x92\xe0\x87\xefhU`r\xeaM\xa6\x18\x96\xd5\x00\x95\xe0`\xe16*!\xa5d/\xf9\x8b\xc9n\xaaw\xcf\x7f\xf9\xf9\xc9\x17\xd3\x04\xfe*\xa1\x05\xfc0\xc2\xb8\xe5\xe5\xaf\xd7\xd2'
    b"\x85'\xaf\x1f\xbf\xfd\xfe\xf7g\xff\xfb\xf1\xcfo^>;\\I\x1d\xb05GIiRz\xd2\xde\xd58\xb8{\x99\x89\x80\x93\x13\xcf\xbb\n\xd1q>\xd8T\xee\xc4~Hq\x08\xf5\xdf9;\xe0\xf3\x17,\xe0\xfb\x1a9"
    b'\x1eUx\x11\xdd\xd8\xb5\xbb\x97\xe4\xaf1^\x1d\xf9\xbd\xd9\xb6\xf3MM\xf1Wm\x172\xf3o\x8eu\xa0q\xf4y4N\xf8\xdb\xb9\x9f\x1d\xedoE\x16\xfe\x19O\xe6\x8c"\xfb\xe9#?\x873k\xd9\xb7\x87(\xa5\xb8'
    b'\x11U\x8c\xbb\x96\x10H40\x9e!\xeb$\xed\xd8\xac\x8dT\xea^\x18k\xe9U\xe4Q\xc9\xadW\xa9\xb5\x1c\xd5UZ\xf0[\xa8\xa5n\xec\xb5T\xd2\xee\xe3@\x1d7\x15\xae\x84\xc6\xbe}\xfd\xe3\xdb\xc7?\x1f\x06\xaa\x14'
    b'\xb3\x83-\x02\x94-\xe7\xef\xf0\xb8\\?\xa9\xdd|\x97\x9c\xea\x96\xfa9\xd4N8\n\xef\x9bE\x00F\x12\x8c+\xbc?\x92\xbd5\xe9\x8c\x02\xc0\xcf\xce\x18\xe2j\x8e\\\x1d\xf3\xe5L\x84\xd3F\xf6g\xd2\x11\xca\xdf\xac%'
    b'LK\x90#\xc7\xea\xc4\xe8Q\x9d&{\xf4\x9azM)[\xb7\xfd\xb8%\xf1\xba\x15G\xe7\x0c\x0e\x1e\xcc/\xe2Y\x06\xd4\xbd\xce_-\x8aRk\xb5&\xff\x18,>-<\xc6?\xd6f \xee\xaf\x10\xdc\xdc\xf4\x17%'
    b',y\xb8Z\xa2\x82\xdb\x8c\x7fz5\x0bH\x8f\x8e\n\x00\x85\x94R\xb2\x82&\xe0\x8f\x92s\xfb"C\x86xhat\x94h\xa1\xe61*h\xd4\x94\xc2\x13\xbb\xe8kA\x8e\xdc\x82\xf0\xefjx\xfb\xec\xf1\xf7O\x1e?'
    b'\xfdip1\xe9\x91HX\xd6\x9a\x8f\x8a\xc0LxL\xc1|\x85\xce+\xbc\x96&B\xa1\xdf\x1ct\xe1\x93\xc3\x93\xa8s\xbd/pa\xf4Fa\xa6x\xbc\x92S\x98:\xbd4\x90\xab\x92\x87\x82:,\x9ex\x185\xe3W'
    b'x\x8e\x86A4\xb0\xb3\xb1\xe7\x05\xa9\xc6f<89q\xf3\x13`\xda0+h\x18\x93\xe2O\x02u\x1a~to\x1e\xff\xf8\xec\xf7\x97/^\x81\xbd}\xeef\xe4\xd9[\xbdn\xdeS\xde\x1eQ\xac?\xa9*w?\xcf'
    b'zj!\x19g\x7f\xb3\x19\x15\x14$\xff\xda\xed\xd2\xec\xc8 v\xf2\xdc\xf9\xd5\x0c]g\xab\xa6\xebv1=\xd5\xfd\xc1\x06\xdeE\xf5\x01\xd9\x92\xd2\xb9\x17<\xda-\x8e:w\x8f\xdf\x12C\x02\xafm\x92?\xfd\xe3\xa7\xd5'
    b'\x05i\xa34(]{\x82\xf9\x149\xd4{\x17\xd32RS$\x97\xf4\x03X\t\x89w~iN\xb4>\x95\xe49a\r\x92\xe5\xcd&*\xe1\xf8RR5/\x95\xacz\x9fD\x1e}\xca\xae\xdd\xe4]\x8a\x8a\xd0q\xea'
    b'\x1cC\xa4\xe9Pf\xa4#\xe0G\x9f\x05\x80\xf3W1\x01C\x7f`\x88\x1aseV\xef@\x81\xc7\x1e\x87nR~$\xb7r\x06\x01^ \xb7\x80\xec6\xb1\x0b\xe9\xc9\r\x8a\x87\xe5\x0cmP\xbcm\xc5\xf1\x86A\xe6\xe7'
    b"\xd6\x03\xf9Y\x8dV\xb6\x12\xac\xac\x92H\rq8w\\D\xbe0\xdc\x03Z\x88\x93\x94\xe3\x0b'\xf8\xcb\xab\xb4\x0fQl\xaa\x96\xcd\xdegP\x11\xf8\xdf\xdb\xc6\xf8\xa75\xb8\x97\xab+\x18f\r\x96:_\xb42\xd4;"
    b'{\x01\x12\'lY\xf0\xc4\xbc\xf3\xfb\xb2\x0c\x13\x9a\x1ed>\xab[V\xd2\x9d\t\xe3!D\xf5\xbc\xa3\xc3PwiC\x1a_0<\x8c\x9c\x13@\x15U\xdf\xd0\xb6LT\x83\x1e\xec\xac\xb7\xd2\xa3\x7f\xd5"\xa0\xfe\xbbf'
    b'\xbe\xfe\x8b\xd6\xa5\xa5\x9duKu\xef}-j\x14\xea~\xbcg\xa8\xaa\x9e\xcc\x15\xf39x\xb2o[2\x1a\x9a8\xf4\xae\xd1\x8f\x9b\xc8(\xb8\xa6n\xf5\xf8\xc2\xbb\xb0+\x98\xd4\xf8l1\x14\xbf\xbd\\T\xa7\x9f\xe4\x9e'
    b'\x01\x92\xb3\x1ep\xbe\xe2\x08\x81\x8c/J\xf6Sv[\x84\x93! t^\xb3\xe3\x89\x90e\xc0\xba=\x0c\xa5\xe4\xe8\x9cs\x9aZ\xa27Hz\xcb~9\xa4\x9b\x8f@\xc5\xa8\x1f\xcf\xb9\xc2\xe4\xc4k\x9aJ\x1cX\xb6\x89'
    b'\xef\xf5\xdd\x96\xf7\xfef 7@-r\x05=\xf2(\x1d\x9f$\x85d\x97K>\xec\xecv\x0e\xa4\xda\xa1|\xc5\xf5\xee\xf6\xb92R\xb1A+\xb9o\xd2~\xb2#\x87di\x10\xad\x18\xa3S\x0c\x05\xf6Cfg\xc8\xe6'
    b'\x84\xbeN\xc5\x10]\x0f\xa9I&\x13\xebH\x1bu*\xcb\x92\x1e\xf1K\xf2\x00P8\x12\xb7\xe7\xee\xdek;A\xbc)\x8cu\x89\x1fX\xb3\x12\xb6\x02\x16\xb3\x9cy\xf4\x10\xca\x0e4\xa3H\xa2%\xd4\xc2\xe7\xc5\x14\xf1\xfd'
    b'\xf2z\xd0\xf9\x99\xdf@-\xddXde\x9d\xb4z]n\x8f\xdb\xc1\xa0\xea\xfe\xb6c\x0c\x13\xdc\xa6\x1c@4\xb1\x00)\xb4H\xd4k\xd5&\xff\xd6}?\xb9\xdb=\x18\xbe\x1f\xb8\x7f{\x07\xbd\xee\xb8\xbe8\xea\xfd\xfd^'
    b'\xd9\x8b\x00S\x0c\xa1\x90\x85\x1a\xe8\xe0F\x1d\x89\xc5\xa2b\x88\\\xfc\x8a?\x81\xe6\xb9zY]\x15\xf3\xa79\xb9\x8d\x08p\x00yW\x7f\x0b<\xb2^\x12Q\xb6\xfa\x93\x9e\xac\xa9\xba\xc7G4\x02\xe3i\xf9L6K\xd6'
    b"\xf3}\x96'QE\xa8&\xae=\x90\x81;\xeeE\xf8\\\xf9\x83@\xff\x84\x16H\x81\x861\xaedWh\xc1o\x8d\xee\r!\xf1\r\x1e$\xf0\x1eH\xd0\xc5\xe1@\xbc\xae>\xa1\x9e09\xbc78\x0f\xd5N\xe5\x91."
    b"\x99E\x18 Q!\x99'$\x8a\x98\xf79\xf3\xaa\xca)\x00n\xb6,\x14%\x9eX\x8a\x16\xba\xa5\x16\x7f\xe9#\xc3\xe7\xa3ZN\x98E\x15U\xe1\x04s\xc2\xcf\x94\xf2<c\xd9!\xb9\xe8\x00\xa9ES\xff\x99\xe7c\xd8"
    b'\xa1\\8:\x19\xfc\x8b\x8c\xb1\xf4\xe7gi@iA\\\x8a&\x86\xfe\xba9\xba\tT+\xe2\x13\xc5\x9d\x0c\xdd\xf5\xe0\xbcro\x06\xc5\xca\xfc\xdeY\xdfB\x131\x8f\xdc\x02wt\x15\xe1\x03rl\xaa{j\xc8\x9a\xe2'
    b' U\x0b\x05\x0f#\x8f#7\x98\xb1\xfdaS\xb4\x1a\x05\x0bSh%-\xfe\xb9\xe5\xa9ve\x9f\xff-\x8b\xefE\x94Q"\xfd\xeb\x8b\xb7\xcf\xbe\xe7\x82\xbb=\xed\xc5U9gZk(>\n\xaa\xcfH4\n\xe3\x94'
    b'\x11\x84\t\xdf\x00w\xf4!\xd5\xae\x13\xce\x17&MF\x98\xd7\xfa\xae\xe8\xabz\xedxgkG8f\x88\x9e\xd0Yw7\xf1\x9b#3\xf6hV9V\xdbo\x99\xc6\xe5g\xf7\x8f\xfeev\x91\xefec\x13a>\xa2'
    b'M\xb4v8\xf7~\xc3\xb1\x7f_\x7f5T\x1b\x16\xdaot\xdb4\x94<Q\x91L\x7f\xaf\xef\x9b|\xecY\xc8\xe8\xb7VeYOL\xab_(\xdb]^\xaf^:\xea\xcf("\x0e\x88\xb7\x0c\x9f\xbfq\x8b\xd7&q'
    b'`\xd3\xd8\x9d\x8b\xd2\x03T\xdf\xfbs\x03I\xc2\x7f\xb9BH{w\x891\x9dq,c\xeb\xc6\\3\x12?r\xaai\xb8\xaa\x82\xb6-%\xf3\xd3\xb2R\xb4M\x07\xb4\xdfx\xab\xa2\x89^\x1cS\xec\x05]\xb1tC\x86'
    b'\xa6<.@vh&,$\xf5\x11_\x16r}\xf9\x1d\xa4`b\x9f\xb7\xd2\x83\xb2\x92\x16\x99\xbe\xc9\xb0S\xb2\xeb\xc7\x98Z-\xb9\xca8\x1c\xe2\xa4\xba\xbc\xa6(\xcc.U\x1b\xc5\x18\xe1\x89\xe2s\xc6\xeaN#\xb2('
    b'f)w\x85\xb8i\xfa\xcbv\x07\xe1\xcd:`&\x13!\xd3X\xb8\x98\xf3\xf9\xd9RfuF?\xea\x11\xe3\xd8F\x02\xdcey\xb9J~\xebK\x80\x1f\x1b\xf9%\xd5Euzj\xc2~\\\xa5\x94`\xb1\x9b\x80\xf3\xaa'
    b"\r\x80\xae+\x89P\xa3\xe4c|.,\xc3\xca\xc8\x92_ \xcbY\xc9\xab\x17*\xbc\xc3\x7f\x19>'*\xfc\x07\xa8\xaa\x14\x8a\xe8\x91\xd2O\xf8!\x19\xc2\xb2h\xcaSx\x1a\xe4(\xde\x0bmU\x98\xd0\xb0\xda\xae\x87\xea"
    b'SU\x95\xb5$\xddYe4\x90^\x11\x9c\x1f{<&\xd6\x03\xf7\xd3\xf0\xdd\x0f3\x01[\xa3\xca}\xc5\x84\xe3\xc4z4\x004\xfb\xf5\x87\xc2,\xaf\x03\xb6\xfe9\xff\xb8\x18t^\x93XvU\xd6\xc4\xb4\xb9\x16q\xde'
    b'\xac\xc2\x8a\xeag}\xa1\xe1\xd4=4?u\x85}\xac\xe4\x1bQ\x9c\xc6\x1c\x91(z\xa1\xd3\xa7\xfc@\xae_\xba\x0ck\x94\xcdq\xd2b\xb3i\xc05\xa0.\xbb3\xb4V\xabO\x13\x9b\x00\xbfY\x152\x81 \xb0\x91\xa4'
    b'\xdb\xe3\xd3\x94IoF\x99\x05\x84R \xe8\x19\x9cu\xa9N\xc7\xdf\xfb#\xc0O\xb4\x02\x1c7\xff5y\xa4\x04\xc6\x0cT`\x14\x86Ne\xc7\xd4\x8b\xa3};#\xe1q\x87\x0f\xeeL\x07\x1fi\xda\xa9\x04\x9c\x7f\xa9\xfc'
    b'\xaf\xbcB\xf2\x90\xf6~\xd7\xf6te\x07\xe11\xe3o\xea\x96E\xa1\n\xf7\xe3\x97\xb1\n?\x14H\xd7-\x08 \xf1\xdc\xb7\x0f\x94&\xc7OC\xb4\x8c\xbc\xe2:\x07\x1b,\xb7\x9c<\x8a\\\xcdUJ1\x1a\xfaTT\xe9'
    b'7\xd4\xe1\x85\\Ct%b\xd1\xac\xae\xdeP\xc1\xe3\xba\x9a\x1f\xc3\xb0\xb6\x82\xe7o\x88\x054\nfM\xdfr\xca\xc2\x98]\xf5h\xf1v\x9a\xe6\x05\x19\xd0\xecA\xf0\xaf`\xbax^N&\xd6\x01\xb1\xd3\xa6Z\x8e\xd3'
    b"s\xf2=';$\x9c\xbc\x98\xffh\xd2d\xbcH@\xc3\xc5\x89\x1d\xafb\x115\xb0\xfa\xbe\x18\xcb\xac4\x9c\x11\x89`Y\xafe\x94\x89\xdc\xba\xea\xfb\x8b|\xb6Dz\x9d5\xf3\xb4\xaa\nL[K\r\xf1t\xb6t\xe4"
    b"\xdeoJ \x94\xd3\x95)\xa1[F(\x93\xce1\xde4\xbe\xc7\xf1k\xf9X\xb7\xb5_\x93\xf4\xf3\xe6~\xe7\xaf\xc3\x95\xb4\x9a\xe2\xfa=\xf1t%\x07\x8e-g\xf4\xb6\x13\xc7\xca\x14\x97$K\x04nF\xd1r'\xc4("
    b'\x1eO\xf3\xd9\x87\'\xeeo]h\xe4?\x13\x12\x17\xb3BQJ#*\xc6\x94\xc0;\xbf\xb2|?\xd0\x8aM\xdb\x11\x1b\xb7\xcb\x0c[\x14\xeeMg6\x11=U\xbd\x97rZ\xf42\xcd\x19\xca""\xf8T\xaf\xe0h&'
    b'\x8eU\xe5H\xa2\xafK\xd5D\x94\xbei7\x0e\x92$kpK\xc9\xd1h\x94j\xfb\x12\xfdM\\M\xe0\x00\xd1\xd5 \xcc\xd1\x92\x0f\x83F\x96\xa6n\x18M\xa0g\xc1\xd3\x8c\xb4\xaeP\xc9\xce\x0b\x8d5\xd0\xd4\xbd];'
    b'\xc9\xe9d\xd2Cc\xa6\xc7o|\xedc\x88\xb8\x85\x16*\x02Os\xf7)6\x0clD\xb2\xea\xf2\xc3\xcd\xe3\xe7\x1buY\xa1\xe7\x1b\xfb\x90\xd3t<\xf1\xa2\x95\xf9\x1dp\x02\xbe\xb8>SU\x97\x87\xe4\xeb\xa2g/a'
    b'\x86\xf2o\xc2\x9e\xa6c\xb0\x83|\x04\xe2p\x9fNs\xf0\x03\xc0\x15uZ\xfa\xec,\xe4c\xab\xaeJ\xe2\xd0\xee\x08\xc0\xa2\x98_\x10\xa2\x02C\xbc!\xb0\x08\xe1\x88!\x97\xb9O\xf5\xc8\x0c\x1c\xa3y c\x1d\xc0\x98\xca'
    b'\x9a\xb1u<G\xbf\\\x84l\x9e\xb0\xf5\xd1\x98\x96\xb3\x96\\\xc0\x1e\xe0\xbc\x13\xc1|\xa3\xa3\x82Z\xce^\x08\xfc\xc3\x9d\xc1\xea\xc2B7\xa1{\rC\x14\x9e\x86Z\xf8\xa7\xadg\xc0\xb1\x9c\xaa\x87\xe1\x02\xec \xf2H"'
    b']uO\xdf\x04\x19b2\xaf.\xc9\x05\xf62\x8d\x8f\x89\xfc\xdci\x0fl\xc3\xde\xccf\xceV\xb3u\xe7\xcf\xa6V\xf5U`\xba\xe7\xa5\xc2\xdd*\xaa\x9c\xb4\x04\xd1\x82\xc0Z\xd9Q\x8dx\x0f\xf6V\rQep\x04\t'
    b'\x106[\xa2\x1fg\xbf\x8f\x99$(\x01\x9f\xafyL\xd5H\xabI>\xa5IT|5\xaffg\xd3k\xeb\xa8\x86^R\x7f\xfb\x1c]\x1b\x92iN\x06\x9c\xbe\xd1kt\x83\nw^4L\xc9j\x9a9\x07\xc3\xb5\xe0'
    b"\xa0mpVnplA\n\xd6[\x82\x96\xa1\xfd-\x1a^1\xe6\x8axQ\xce\x83\xb5\xfd\x18`~\n\xfaX\x89\xb5\x80\xa5\r\x1fb\x05\x95o\xe0\xcb\xd0\x08\x0e\xb9\xe1\xcb\xa0\x80'-\x89\x12_\xa23\xd0\x8czc"
    b'\x0f)B\xe3<s\xca\x18Y\x0bQ\xac\xe6\xf1\\\x1d+#\xc4\n\xd3Z\x01B\x01F\r\x9bh\xc3l\xe4\x83\xb5\x05\xc6y\xc5\x07\xc6\xaa\xe3\x85#jB5\x1c\xe4Y\x8e*<\xaf\x9f\xf4)\xcd\tV3GQ\xc7'
    b'\x97\xe4t\xe2}\x03;\x9d\xcd8CQC\xff\xc72\x07\xf2&\xb3\x86~\x96GI\xac+\x17\xc3\xa4Qk\xe3,;\x8a\xd9\x1fa\x80\xf0\x92\xeb\xf23\xc6\x1f\xf7b\xbe\xd3\x7f.\xe5\xa4\x85\xbb\xde\x1as\x13s$T'
    b'q\x9a7\xa6\x96\xdc\x01C\xac\x1aP\x03m\x13}<\x1e\x86\x99\xc3\xc4+\xe3\xe1^\xf3\x06\x1d\xf2\x1a6?7\xb7;J\x98\x9ax\xc9|U7\xb1\x8eI7_K\xde(\x86\xffs\x84\xf3\xdeo\xddq\xb6}\xd4\x1b'
    b'|\xf5~\xef\xefbZ\xf6YrD\xf1b,\xa0N\x04\x94\x84b\t\x89\x94C\xb9\xf3\xd7\xfe\x87M\xc9,wqfd\xcd\x12\xc8\xc9-D\x8f\xa1\x98R}\x9b\x00/7\xd9\x0b\x896\xd2-#\xf0\xbd!\xff\x0e\x8c'
    b'Hu5%\xec\x03\xd0E\x1f]\xc8\x8d&Y\x9f\x176\x0f"(\x18r\xfe$oi&\x10r\x83\xca\xb9\x1dPAi\xc8\xebX8o\xb4d\x9c\xc4K\xea6c\xba*\xd2\x9d&\x95\xe3\xbc\xd6\x11\xc2+U\xaf\xc6'
    b'S|D\x16u\xca\xce\xe5\xae\xa7\xcb\xa5\x90H\xdc\x98!\xc4g\x1f\xe4z\xe6\x0e\t\xe1V\xc8\xcd\xde\xb79u\x01K\xc8\xc9\x058\xcd3\xd9\xba\x9e\xb81\x7f\x80{\x07\xe7Z\x16\xa4\x7f\xd6\x04\xe1\xfe\xa2\x89\x98UW'
    b'\xc1u+\xbf\xb8\x84sP\x8et%yp\x10\xe1\xc3\xa2\xd7X\x94\xbfXo7\xa8\x9d\xbc\x93\xbaI\x9fG\x95\xb2FCP\xae\xb9\xb2 M\xc3\x8e\xebC\x99\x95\xef\xb0* \xfd\xa6\xc5DJ\xe5m\x1cu\xc4\xc0\xa0'
    b'\xed\x84\xb3\xa5g\x94@\xcf\x86\x9f,B\xaaw\xf6lE\x97\x00\x04.\r\xb3\xad\xd9&M\xfc\rzxi\x9d|q\xbb\xef\xdfO(Ib\xff\xfd\xfb\x9d\xa3\xafz\x7fG\x86\xe68\x99\x0ej\xe95]\xdf\xad\xe8\xae'
    b'\xcauv\x0f.N\xc0=\xe3C\x02\x1b\x16\x8dj_i\xac\xf7l\x92Th\x97\x00\xf8\xa0\xaf\xbcg\xd3\xa5uAf\xd1`\xc9Vo.8\xbe<\x8aL\xe9\xbd\xee\xc1p\x07\x7f\xf4\x0e\xfe~/\xa2\xe5w\xf8\xd3\x96'
    b'\x11\xa8\xbf\xf7\x1c\x18\xecbN\xe7\xd2dP\xb7\x85\xa0\xe2\x1fI/\xc6\xf7\x8f\x1a\x89\x0b\xb8\x96aR\xcb\xfd\xb8\x16\xc9\xfe\x86\xca\x1e\x8d\xe4\x1bNz\xc0\\y4;S\xd6NS\xa1}\xfc\xa0\x08-|{\x175\xf1'
    b'\xc3\xbb\x9c#\xce:>C\xb5\xe0^=t5\xbb\x0bw\x8aTHak\xad\xb8y%\xa5\x1b\x14\x8f\x10\xe5\xe9\xbb\x1d\xe3-pc\xf6\x9a~K\xa5#\xf5\xe54\xe7\xc5\xe7?4\x07\x90\x9c\x1e\xcf\x12\xf0\xdbv\x86\x04'
    b'\xe7\xb9\x81\x05\xf3/\xde*\xff\xa2\xad\x82\x8f\xfdV\xf9W{\xe2<\x9d\xd00\xee&\x83`\x8e\x95\xb5\xe3\xba\xa7\x03\xe2\xbci\x8d\xb9\xb1\xf1\xbf\x8e\xf0\x04 \x05\xee-\x93%Vi\x86\x12B\xf1<3GJ\x14s\xa9'
    b"v\xed\xa7\xb4.\xf8i\xbei\xd4\xd4\xeb\xf9\xe1x\xff8s4\xf9]\x1bg\xd7\xe1i\x14S\x00R\x16$\xcc\x04\xdeG\xb1*%a\x04\x82\x8ez\xd2)\x17\x88,\xaa'\x9a\xd0\xae\xbb\x1b\x10<`_\xf5\x90\xa0\xac"
    b'\rG\x06\xf8P-B\x1c\x10\x87Dsc\xae6\x92\x01f\xf0\xd1z\x1c\x1e\xb2O%_.\xe4\xe0\xc9*\x0eD\xb6\x02\x0f\x95z\xa9\x99i\xd9=\x833\xc0\x00\x7f\n\xf7\x92\x80\xb8\xe7z\t\xd1\x93\xc1Wh\x1cn'
    b'\xa8\xe7\xf3\x02W\x1eWwR\x91/\x8f\xeb\t\xa0r\xfd/\xb1g\xf8{\x8c\x81t\xab\x8a\x04\x90\x8b\x8a\x00\xe2\xb9\x87\x92\x94\x86z\x84;\xd9\x8f\x85B\xa3\xe6\x8eB|\xf2\xfe\x1e4s$\xfe\x1c\xbbk2\xf4\xdb{'
    b'2\x87\x0b\x88>OOO\xd0\xe4r\xa5\rw\x98\xf6\x1b\xc7\x90\xdf\xe4V\tr\x88\xf8\xa3\xd1\xfc\x8fX\xfe\xf0\xc4u\x9c\xef\xfc_w3\x80\xb6\x1e\x18*\x0b\xe7\xa5\xeex~v\xfc\xd5\x91%\xba8\xdf\xa8\xc9mq'
    b"\xfe\xcb\x11S\xf1\xc9\xa7~#'`\x17\xcf\x1f\x1c\x81\xa6\x05:\xeaJ\xe1EJ`{\xb7\x84`u\xc2\x9ch\x83\xae\x11~\x16n\xa6j\x19Y\x82\xa9\xa7\xed\xad\xf9\xc6\xe4\x8b\xd7\xbf\xbc{\xf3\xcb\xbb\xc3\xd4J\x8a\xe5"
    b'\xefS!s/\xf3\xd3\x80\x95#\x1d;\x80,\x0f:\xef\xce\xb0\xa7\nM\xadF\xa36\xd6*\xa4\xc9b\xa2\x18E\xe2%\xfd\x05&C\x8a.\x1e\xb7\xe9df\x1e\xb4\\]\xf4\xf90\xfa\xfcA\xeb\xbd\xe5j\xa1[\x8b'
    b'\x8a\xaf\xbc\xb4dGs\xb1}\xfdI\xab\xec\xbe\xd6{K\x9e\xb6\\]6\xf8y\x93Y\xb72K4\xff\xba\x1f\xc2\n\x902G\xd6F\xfa\x082\x8d?\xcd\xea\x98\x1c\x12_\xbe8&N\x8b\x02\x88\xd7\xde\xb4\xb4\xb7\x04'
    b'\x81\t\x01\xe3\xbbG\xad7-\xbb\xc3-\x17k\xeem\x81)g*%\xeb\xfcus\x9d\xc7\xc8\xdc\xd4\xc4\xcb\x1bF_d_\x91\xa3`\x97\xd3\xd3\xc2us|\xbf\xdfqR\xd9\xee\x11\xd9\rw\xf1\xb7\xdb^m\xf5\x8c'
    b'\x9f>\x7f\xfc\xea\xd5\xb3\x97\xc1KIj\xeeY\xfePY\x84q\x1a\x90\x169\xba\x9b!\xa7`\xb3\x9c\xd8`V\x85=2\xa6\xd2\x046\xeb\xb8B\xf7"\xcaR@\x05\x95\xae|\x9d\x10\x9c\xd6\xa5\xf1\xfd9\xe1\xee\x9c\xb8'
    b"\xde\xe8\xf4\xfa\x1e\x9d\xc4\xe8\xb7\xc2\x93\xb0\xdb\x86\xeb\xcc\xb0\xa3=\xea\xeb\xb7C\xee3\xe7\x84\xd5\xfa\xc6'G7\xeb\x18,\xae\xb7\xe9M!\x93\x987\xc4\x9c8\xde\x96\xd3q\xf8[5FAhe\xd1\x82s2\xdd@"
    b'\xb2\x9bV\xf1qx\x97\xaaU\x95\xb7\xf3\xc7D\xb8=\xe8\xe0\xd3\xf9\xd6\xf4\x96\xaa\xde\x1f\xb0^\x9a\\5Py4\xe8 n^\x1b]&\x0f\xcd\xb1\t2\xa7\x1a\x9e\x11\xb9\x17\x04\x19\xd4\xa0@puO\xf0\xea\xf5r'
    b'\xa1\xfa\xf2\x904\x93?RM\xd3m\xb6\x83\xd8\xe0\xb4\xde{$\xf6L1\xbaA\xf5\xb0\x89E\x18\x89\x80N\xf2A\x84\x95a\xc7\x0f\xbf>\xab\x12c\xd5v\xcb\xca\xa3\xd5\x19z[riy\xae\xd3\xf3\xad6s\xf4\x1d'
    b'=\x8d\\\xc4\xcd/\x1f\xc7\x9e\xcc\xa4y\x1eY2\x93\x8c=\xbdX\x85nAH\xe7\xac\x80\x0b[BL\xd4~\xad\xcb\x0b\xc7\xec\x14\xe2\xf8\xab\xfb\xc53\xaea\x93DJ\t\xcd\x1c\x01\xd8\x04\xb0\xb1a\x93\xb8\x06\x8a\xc7'
    b'\xecS\xc1\x9f\xf0\x84xON\xfe\xa3\xe9?\x15]P\xaa\xc0\xe3\x1a\x86\x96j\xf1\x0cA/zGf\x89\x9e\x1a\xc3\x18k,F\xdc\xbd\xd7\xf4#X\x0e$\xfc\xcf\xf1\xf24\x08\xb9\xcc\x94\x11\x0f,\xb4\x1f\xab&\x85\x9e'
    b"\x93\x1d\xf6\x0c\xe1\xe4\xa4w9\x9e.c\xba\xe0\x1b\n<'&G\x89\xb6\x8c\xbau\x8b{\x86H?\xc1\xbf\x1e\x01\x10\x9b\x8e\xec&\xae\x901Z)\xb5+g\r\x95\x1f7\x86e\n\xce\xd0\xdeVqV\x88.\xe9?"
    b'\x85\xdf\xbf\xad\x89\xb4\x05\xd7\xb3\xce\xaf;\x94\x16b\xe15L\xb0.\xb8\xcd0\x19\xae\x90\x1bJ\xab\n\x9c\x93\xfe\xaaf\xf0\x9fJ\x85Z|\xce\xb6\x13\xca\xb8\x07|e\xb6\xaf\xc0\xdb\t:@o\x9c\x08\xd6\x92\xe0l%'
    b"\xca+v\x8a\xc3d\x19!\x82_zG(X:\xcaEc\xd6$\xa0\xd1G2\xb2\xacv\x99\xd75\xc9'\x1fy\xe7L\xc4\x0b\x9d\xfd\xd3\xa1\xb0\x14\x9b\x07\xd1^\x19$\xe7\x0b\x80\xff2\xf9\xa7\xfd\xad\xf3+\xc6\x17)"
    b'\xda\xb2\x10\'\x18\xfa\xc7\x80Y\x04\xe4B \x97\xb9NL\xc9n\xf0\x1c\xd7\xa7*9\xc4`Y\xdf\x14qE\xb1\x07\xd4\xbd\xa4\xcc1-\xbb5>3\x8aX\x83h\x0ctG\xcd\x12"}\x973\x83F\xc8\x05\xe0u\x93'
    b'\x12E\xab3\xb0\x17\xb5\xd5\x1a\x943\xba\xfdUk\x10\x13\xcd\xb8\x88<\x8d# j\xa8\x07\xdboK\x9e\xf2\xbb\x1d\x82\x1a(&\x94\xab\xc3\xdd\x1b\xe8m\x82\xa5i\t\xb8\x08@\x9c\xeb\xa9I\xa8\x1b\x9c\xa4\xeap\x1aZ'
    b'\r\x84\x981#-\x0c\rb{\xb2\x01\xe9\x16\x95\x01\x1cG\xdf\x1e\xc5\x0e\x0c\xe0\x8f|\xd3\xeco0T\xce>\xe6\xce]sR\xbf\xe0\x07E\x85z\x04\xa2(m\x08\xc5\xec\x85\xc80\xa1\xd1\xd8h\xd0\xd3c\xdf\x89\n'
    b"\x83\xaf\x06VW\xcc\xd2\xb3\x83\x18\xda\x94\x97\xa2\xd0{qHU\xf4\r\xf1\xc9\x92iU\xf5\xbc#tH\xffat\x04\xdbF= \x9a\x0c\xd1\x03\xc9\xb7^o\xc1\x04\x9a\x83_\x1d}\x0e\x8c' >\xe0\x86\xc1\xa9]"
    b'\xa1\xde =\x82\x9e\xff\xd2\x87\xc8\nF\x96\xb6L=5\\\x0f\r\x15\x189\x00H\xb2G\xe6\xa4\x98$\x9a\xbb{\xbf\xbd\x9fX8%\xb7\x18\xbauv\x8fT\xc6\xba\xcbS<\xc4?\x89\x8eo\xd2\xaa\xe3\xab\x0b\xc3V'
    b'\xb5j\x83\xf1m\x9b6\x98]\x16\xaf\xb5\x9f\x13R\x04\xd3\x19\xbb+\x1b0<5\xc7J\x15\xf2\xeeru\xdf\x1e\xb5p\xfd\xfe\x9d\rG\xb2\x9d\xab\xb8s\x95\xeb\x9c\\~\xda\xb9*t\x8eZ\xf1w\xbb\xf2>V\xb5x'
    b"\x07\xedT\xe8\xednv\xd4*~4\xc1}\x14f\xa4\x9ar\x9eO_\x05}\x96\x1d\xb5\n\x81^Pk\n\xb1'\xd6E&TF\xb3w\x028\x0b\x93nH\xa22\xd1\xf4A\xa8?\x080`\x00\x1f4\x06r\xb3\x15"
    b'S\xc6\x89\x1eK\r\xc5\xf4\x9c\xb9;#rP\xe5\x92\xea\x8b\rG\xd5\x83W\x91\xa9I<"\xa2;\x8f\x12\xc1\xc09\xe1<\xff\x08\xb5\xda1\xed/u\x058]q\xff\xfa\xbc\x8d!\x92\x0b,@K\x04X\x1f\xfc\x80'
    b"\xbf\xd5\xa0\xd3\xb4\xb7\x1c\x02\xcfA\x10\xd8\x9ed\x99O\xce7F\x9e\r\xe8;\xe7\xe8C\xdch\xcc\xb0%'\xf4\x05\x18\xd9IC&\x89-.x\x02\x10\xe6\xd8\xd3\xf2\xff\x87\xa0\x12\xab\xff\xf1\x81^|\xedRJ,\xe1"
    b'xaDD\xe96\xa92\xc6\x986\xf7\xee\x97H#A\xceH\x05\xaapE\x06\x0b\xc6\x8a+\xb5y\xed\xdfU\xf47\x93\xb6\x1c\xb6c\xec\xb7I\xc1>R\xb5\x05\xa4\xe0\xab\xe8\x8c\xd2X\x01\xca\xa1\xf6\xd8\xfb{\xfd\xaf'
    b"\xfb\xffP\x16\xad\xe6\xe4X\xe7\xec\xa2\x13\x83\xd1+o\\W\n\x1fL\xe8\x95>\xf8\xd0\xd5]3\x9b*\x8e<t\x0b\x9dU\x08\x17$\x96SR\xe0\x81\x7f\xa5}\xe4sG\x06\xbd\x1fM\x85L\xca*'F\xb6\xec\xa6"
    b"\x9a\xb1\x1d\xfd\x0cI\x80\xcc\xd4\x80\x16\x03$'YcQ\x06Fi\xf4\xf2\xe3Z\x9e\xd3\xdab\x8ac\xab\xca\x9d\x8d\xea\x82:\xeb\x11\xab\xea\xe2\xef;\x9d\x8d\xbf\x7f\xc8\xdf\xf7\xda\x123\xfe\xe7:\xf1\xc5]\x08\xa7\xde\x8a"
    b"\xd1\xbaN-'z\xe9\x9d\x08\xd9\xc2\xe7\xdd\xd7\xe8\x05LH\xc6\xf2G\x0f\xf7[\x05q\x8ev@\xdbM\xd7\x1d\x7fW\x82\xc7tkE\x7f<\x1c5.\xcc%\xb4y_\xd2\x97\xad\xd8\xe2\xd8\xdc\x7f\xa9\xa4\xad*82"
    b"`\x1a\r\x9c\x11\xbc9\xd8\xca\xa8\xe4h\x18I\xdc\x92\xbb\xac\x04'\xc0\x9dN\xbav\xf8\x1e\x11\x9fEr7\x802\x9cB\xc1\x16\x95\xe4\xc2\xa5#\x8b|\x10$\xe2\x89|\x83N\x07\x02O\x89b(\x82\x93*3\xa8\xd7"
    b"\xd5\x9c\xc3\x87\xd8t'\x91T\xb7\x81P\xbaa\x1c\xebRE0i{\x0c\x93\xc6\xb5\xb6\xc1\xa3a\xd7\xe2\xed\xb8d\xb5\xa8\xfe\xc2\xd4\xc05i\xcd\xb5\xfe\x99\x86>\xd4o\x08ftQ\xf9\x9fQ\xab\xa8\xee\xc6 6\x88"
    b'\x8c\xcc\x171@\x13\xbc\xe8\xab^/)\xf3\r`\xa9\x8aqv\xccDrM\xbfrh>\xbbj\xd0\x9dD\x17\xb6\x9b\xe3f\x08X\xe2\x84W\xab\xd2]]\xe9\xc8\xa6\x1b\xfb\xd7-\xeb\x05\x8c+&Hl\xde\xa1|\xbd'
    b'\x1fj\x8b\xd5\xa2=:/>Q"o\x8bX x\x18\xcdh\xf9H(\xca\xfeF\xfcW\x97\x0b\x93\x1a\xfe\xd8\xdd,\x1fH\x15\x9f\xed\xe2?$\x03\xfd\xfa\xfa\xed\xf7\x87c*C\x90\xa3\xe7\x1ch\x1c\x9e\x91\xd7\x94\x87'
    b"\xcb\xd0\xacY\x8a\x8ex\xba\x10\xd3\xb3\xe5\xa4\xa5o\x8d2m\x1d\xf5\xf3c\xc7(\xaft\x96\xee\x98\xdeh'\xdc\x9a\x1f&\xde<l\xef\xf4\xee\x93\xd0\xadX\xdf\x1fw\x9d`\x8a\xc1\xad\xcd\xab\xe5\xd99\xf8-7O\xd1"
    b"\xa0\xd8+M\xfaE\xbcF\xe3ip\xf0\xfb\xc3{Q\n\xfb\xa3K\xf8Y:5l\xfb\\L\xa7\x7f\x88\xe9\x94G\xde\xa3\xcbn\xd8\xd9\xbdI\xe6\x85\xab\x94Oik\xa5\x93C\xd3B3'\xeb\x10e\xca!\xe4\xe8x"
    b'%\xf8\xd1\x01\x87\x11\xfc0\xadHy\x96\xbc\x95\xfc\xe9@\x9e\xdd\xda\xb2L\x07\x18\x00\x9dn\xab\xf5q\xd4\x88\xf6\xff5\xcfs\xcd\xb2\xe8\x02.\xd8\xdeY\r\xa9aj\xef\x94\x06\xb4N\xaa\x90[\x10L\x83\xe5\xdcG\x03'
    b':\xe6\x03\xdc2Z\xf6\xae\xc5\x1e\xa9\xc0\xfb\xe9\xe2#q\xa7\x9d)\x8f2\xd3\xfc\xb2\xf45\xce(\xc9\xd4/\xdd\x8f\xa0\xb2al)ez\xc7\xb2dC\xa9\xb2/S<\x94\x7fo\xfa\x1d_Bbg\xe5=\x0e\xf1\xcd'
    b'Q\xcb\xfd\xc8C\xd1\xcd1\x16\x98\x13\xba[\xdbJ\x93B,\xf0\xa2\xe8x\x9bw\t%/v\xa4\x1a\xbd\x17\xd3\x10=\x1b\x8aw \xb79\xf4\xd3H\xb5\x0e\xf1\xbf7+n_O\xe0\xc5PFv2\xae]\xe9{\x02'
    b"\x08\x85\x15\x19q\x99\xb1\xe3\x7f\xe9\xb7\x81H\x10\xe0\x8a\x91'\xe6\x8eh\x0e\xe8O!\xe6\xf4sQq\x1a\xe6!\x89\xddtkqJfBZ\x1aR\x1e\xe2~\xe7\xa2\xaa&\xfcg[..]\t\xdf\x07\x1e\xee ]"
    b'\xbb\xc6{<o\xadR\x95\xab\xe6#\x9a\xb5>\x9f\xa2\xa1\xc0\xb0\xb7}\xc9Gt\xa8\xa7\x9f\xdcy\xdcp\x82\xb1\xfe\xc9\xcb\x17\xaf~rg\x0e\xf9\x17q\xf0\xbaI*F\xfe\x121\x94\xd8[[\xad9\xc6\xf2\x13\x1f\xb7'
    b'-.\x8eCq||\xc7?\xbb\xbc\x05p\t\xf5n\x8c\xe7\x84\x93e\xdfL\xf3k}\x9fS\xa2\x04\xa2\x19\xe2\x86\x88\x05\xeb5`\xad\xe1\xd3y\xc8\x1e\xa0Q\xd1~\xc76d0K=\xa4J3\xf5v\xf4\xa9\xf1\xea'
    b' \x95$\x17\x0b 9\xa8\xb6\x17\xb4\t\xf82\xfe\xe4\xf0<\xbf,\xd2O\x10K\x01\x1b\xec\xed\xbdn\xab\xde0"|\x07{\xe6B\xddKe\xde\xd5\xe2\xc1\xda\xfd3F\xb0\'\x19\xddc\xd2\x19T\xc4\xd4MI\x91\xf3'
    b'\xa87\x86\xebX\xb9\x90!\xcd\xe0\xe1\x8b\x1f_=~\xf9\xfb\xbb\x17?\xbfx\xf5\xe3\xe1\xd8\xef\xb2\xa3V}\x98\xf6UUb+\xbf\xbe%\xf5\x86\x01dg\xfeF\xd0h;\xb8\xbfRg\xd0\xeeo\x7f\xbc\x7f_\xf7\xa0'
    b'5s\x95\x10\x8e\xf9\xddN6\xea\x92?\xe8\xe0\xe8n\x8fBp\xd988\xbe\x7fd\xd7\xb4\x9c\xa4Vt\x19\xc0X\xea9\n\xde(^\'\x18\x19z\xa4|\xecF\xber\x7fY\x87rye\x15\xf7<\xd2\xa0\xb8\xd7"'
    b"\xa9\xea\x9e=\xad\x1b\x9a{\xc6\x90\xd1z4cmS\x08\xe0\x1d4))'\x0f\x0b\xdb\xac\x03*\xe7\xec9]\x07pH\xbdFY\xa5zAv\x13\x9a(\xf7\t%\xbaF\xfa\x0e\xd6<#^>\x9f\xba\xdd\x17nH"
    b'65\xa1\xd0D\x11\xdd\xb9\xc2x\xaa\xda\xcf\xd5\xe7(\x86\x02E\x04t\xcc\x8e7\xc0h\x8c\xc6\xbf\xbd\xaf\x87Gw\x01\xbf3\xfa[F7\xcf\x7f\xe5l\xdb.Qu\xfc\xdbO}/\x9e\xfb\xc7:\x95\x17\xd5G\xd8y'
    b')BG\xa3p\xe6\xec\x12\x1c\x1dd\xab\xd7\xd3\x94p\x9a\xcd]\xc2\x92H[\x08}\x9c"LV*\xe3\x91\x80\x8d\xac\x18\xf0\x87\x94\x96\x85\xf1D\xda\x0cw\x0e\xc9\xad\x9e nQ/\xab&\x91\xf8O2op\x9b\x90'
    b'Y\x80Y\x1a\xe0Yq\xfe\x8a\x08\x8b`3\xf2\x17\x04D\xf1\xf0w|PF\xd7/\xf9j\xd3\xdd\x9b\xc5\x9e\xb2d\xca\x13M:\xfd\xf5\xb0s\x9f\xff\n\x9c\x81/*\xe5\xa8\x90T\xee\x19\x89:u\xb8\x91\xe9\x18i\xc9'
    b"q\x1d\xe5\xa1\x96\xae\x0fp\xf7\xd1\xbe\x88\x1e\x8c\xf9\xa3\xa35\xf9\xa6\xc5\xc7\x8c\xba\x03E\xc7\xa8s\x7fW~4\x13M\xbb\xeb8'vY\x90\x9b\xdd\xe8\x1cM\xee~\xbe\tWd\xf0,@Y\xed@\x87]\xce\x1c\xdf"
    b'L\xb5G>[\x81\xfc4\xafD\xd4!\x17b\xb8\x96\xacg\x84|c\xda\x89\xda\xddo:\xaa%\xfe\x0f\xad \xd5\x9a\x8eB\x92\xf8\x04g]Y\rRK,\xecng\x99\xda\xf3\xedL\xb4\xb6%\xb4\xe3TB[4'
    b'\xf8\xae\\\xd0\xb9B\x8c\x1f\x97`rT/\xc4G\x80\x1a\x8a\xe2>\x0c\x01\xda\x8c\xe1\xc0\x14\xa5\xbb\xb5\xe5\x12\xe3\xe14m<|p\x7f*\xae[\xdb\x90\xaf\x0c\xf7\xe4\xbej\xe0\x02\xbe\x958\x9d\xb6P\x98s\xc2-\x01'
    b'\xe0\xac\xa3\x1c\x1f\x116rY\x88\xecB:"\xd0^\xc26\xd6n\xf1D\x8et\n_p\xac\x1d\x10\xac\xaeMG\xa4\x98\xf7\x03\xb7]\xb2.\x8eX\xb4\x94\xbd\x8b\x87\x87\xaa\xfb\xdcpO\x8dU\xe9^\x93\xb4&T['
    b'\xe8\x04?\xa4\x1c#\x8f:{\xc5\xce\xb7&\x89JtX\xd7\x1c#.\xe1\x0fS\xeb\x99&\xae\xc5uqh\xfa)\xc1[71\xc2g\xf0\xda9s\xa4\x9b\x83vLT+Ti$\x88\x9a\x9d|\x02\xed\xd01G\x1c'
    b'\x8b\xb6\x87\xc4\xbe\x99\xeb\xc9r\xc1\xc9\x9a\xe8[6\x151\x96\x1e\x14s\x1e\x8b\xb7\xef\x83\xb6\xc8\xce\xbb\x9c\x89/\x0c\xe9\xeeTI\x8e\x82bXY\\\x95d\xde?q\x17\xc4\xdc\x83\x19s\xbb\x9ctE\xf3\x8f\xd2\xffr'
    b"\xba\xa3\x8b\xaa\xf6C \xc3\xab\xc0f\xdf\xa2\xfb'O\x0b\x1f\xe5\xe4U^>\x90\x96\xcb;\x01\x8c\x93f\x80\x8d\x9d\xc1\xb9F#\xcf\xe4\xee\xc9\x19\xda\xf9\x9c@\x95j\xb9\xec\xe6\xd2!\xdcT\xc6\xf4\xcb\xd3N\xb9\xf7\xba"
    b'\xf9\x82\xe3\xf4W\xa5\x1c\xe2\x88\xeb&\xfc\xde2F\xda\x88b5\x0c1\xff\xc0\nH\xe4\t\xfc@\xb4\\p\x98\xfd\xf5\xf2!\xbd^Z4t\xf2\xcdXj\x81\xbe\xb6aqB\xb4\x9d\xb17\xa5\x91[\xeblN\xf4m'
    b'/N\xce\xa9#b\x1d\xacB\x0eT\x17E\xdc\xa8\x13\x8c\x89\x08X=n\\3\x15p\xbc\xb3H\xd0\xae\xef^\xb4&\xbd\xaaD\xf2\xd8`\x9c\xb6T\xb5\xbc\x0bG\x9d;\xb4Rc\r\xdb:j\xc4\xb1\xcf\xda\x0ccd'
    b'\x9fC{\x0fG\xbe\x1bt-\xfb~<\x1c1\x9cW\x95:\xdeI\xd805\xde\xb3\t\x93>\xbb\x1e\x0c;\x98U\xd2\x06\xb0\x8e\x95\xb5\x046\x10\xed\xa6\x91\x13\xeb\x16\x1d\xf6\xf1\x80\x167\x1f|\xf0\xd9\x93"\xbc\xa6\x18'
    b'\xcc\x00\x03U5ryI\xe7\x9cY\xd1\xb2\xb6\x98\xfc6\xbf\ngg\xfbP\xcc\xacg\xa8\x85yg\xb0t\xf8mp\xe5\xc1\x8f+\x90\x80\xf2R\x8f\x9eW\xd9Q\xbb\xb5q\x0f5X(\x1b\xc0\xd4D\x90,&\x98\xed'
    b"\xeano\xa4!m\xef\xff\xe8\xbe?\xe4\x98\xb6\xd2H\xefD\xbd\x04#\nkJ\xbd\x0byV'!x\r\x9b\x11\x876\xb9\x14\x7f%\xc2\xc4\xb6ha\x140\x1a\x0f\xd6\x10A\xc9\xf7\xa3l\x07H4E9h<o"
    b'\xa0\xc6\xc9\xbaJ\xc1r\x1d\x87\x01\xe71\x0e\xdd7\xe9\xd25_\r\xda\xf18o\xc8w\x8aX\xcf:B\xf8\x12\xc6Ekg\x94$\n\xa4\x99\xd5\xee\x1a\x8f/\xe7Z\x10\x8e\x00\xb6\xf0./\xa7L\x07xb\x1e .'
    b"$\x8b\x92\xb3\xf0W\xe9\x1dM\xcf\xdc\xe1\xb4@\xbb\\\x85\x8f\xac\x08(\x19N\xaeP'T\xde(\xb9n\xcas\xd0d\xc0h\x140\x0e\xe5\x0b\xd8\x86\x0c\\\x7f>\x91\x9c\xa8\x13\xdb\xf2Br\xca\x04&Q\xb6[ \x03"
    b'\x1e\xbdu\xa8\xbb\x9b\xbf\x95\xcb\xb76.\xa4\xb7S\xf3(\x8a\x15t4m\xae\xc7c;,\x16<\xa1\x8d\x02\x03\x99\xc8\xd0l\x98!q\xe5\x10\xe7A>J\x01\xef\x8a\xfc\xb3\x97\xe5t\xe1%7\x89%\xf6~\xbb\xf9\xbc'
    b"\x909\x84\xfa\x98\xdc\xaah\x82j\xd1\xb6\xd8\xfc-\xd2\xad^\x02\xbdx\xfb\x0c\xb4\xcc\xc1\x9d['\xe13\xd6I\x15\xcb\xb1\xc6V\xa56\x8cE\x9c\x17C\x8a#\xef[\xbe\xca\x0b}?N\x86k| \xd57\x11N\\"
    b"\xe1yO\x00\xba6\xf0\xfd`'{\x8f\xf7\x82\x95J\xbc\xa9\xc5\x87\xb4t\xbb\x16\xf1F\x10\x94\xe5\xd0J\n\x86\x0bW\x89\xbc\x8d\x1cY\xac\xa2\xc8\x00\xd0\x7f\x91\xc7t\x9b\xd74\xd5w\xab[\xc8\n\x87\xccV7L\xf5"
    b'\x16\xb1^\xe87\xcd\xdbP\x1d\xb0\xd1\xfezw\x90\x86k\xa3\xb7<G-\xdf\xac\x0c\xe7j\xba\x9b[\x86\x80\xbd\xdb\x011i\xf7\xbc\x94L}W\x13\x17"{\xb9KE=?6y`}\xce\xd6\x1e\x19\x86\xdaaq'
    b"@8@?$\x92\x8dBZ'\xdcWv\xf7\xdfZs\xc4\xec\x98\xba}u\x12'\xc4\xd6U \xbbt\x112\x143\x99I\xbc\x10\xd4/\t\x10\x9b\xb0Y\x8e\xa6\x94\x93\x9c!\x9f\xdax\xe4\xb5\x81A\xfec3\xfdw"
    b"\xa4\xb5F\x98PH\xd2\x11\xbe\x1b\x9f\x18\xed\x00P\x1d\xa9\x0b\x9d\xc03\xb3'@\x0e\x1f\x1b\xc7=\x12\xd3\xf6\xa1\x17\x7f\x02!T{\x9f\xecQ\x81J\xd3-\n\x97/*\x1fG\xad\xc5\xf6\xa0\xc4\xb0NMZ\xe3:\xfd"
    b'\x86\x81=\x89zS\xe5K\x83\x9beX\xaa\xb1\xd4#\xf7\x05\x98\xca\xa6\xbeF\xb0R\x07\x06T!\xd0\xd0\xb8\x8aF\x14\t\x8f\xbf\xb9\xb5,\\\\h\x05S\xd1\xc0\xea\xd5\x041c?S\x8a\x04ip\xe9\x9aa+\x9d'
    b'\xb0^\x97~\xc1\xd2\xb5\n\xbb\xd0\xf6\xfb\xc6\x8a\x0eR\xa4\x87\x98\xb7\x08\r\xd9\x11i\xe6\x85\xe9\x02\xe4\x9cG\xc2\xa5\x9e\x904\xc9\xc8[\xcab!\xf3\xdb\x94\xdd\xf19}<g\xad\xc0\xe1\x84[%Dk\xa8\x99;\xb9'
    b"\xd6\x7f\x96_\x92\xcaY\xea5L\r\x9a\x91\x10\x00q\x11\xdb\xe4J\x8d\xfcZ\x1aR\xccZ\xc7\x16\x16Rv\x9ct\xc0\x91\xa47\xbd\x18\xb4a:\x8d\x90'\xd4\x17\xf2\x93\xa1\r\x1d\xf5~iQ8\xe9N\x8dQ\x13T"
    b'\xc1\x81\xb6\x1f\xa1\xba\x9e\xb4\xc5\xdb\x15\x00\x83\xdd\x19 \x90\xa3\xc2\xf03\xa2\xb1\x9b\xd5\xb6\x1f6\xf7\xb9\xf4UkAx\xec^\xbb,\x86\xa2\x0f[ \x1cVu--\xd9\xd2\xbd\x84\x80sM1\xc6@\x93\x90\xfb,\x96'
    b'#\xfdS\xdf\xda\xfbHK\xf5ZO\xa2\x87\xd9S\x7fk-\x8e\xdf\xfb\xc6\xe0\x9d\xe4\x9c\x0cT`M\xde\xc9\x80\n\xab\xa2\x98\x1c\xc7\xe8\x99\x07\xd1\x17\x06\x8fw$\x8bh}\x81\xbc\xb8\x89\xf1\xd9\xa24W\x8byN\xce'
    b'\x19\xea\xe2@\xd8`HC\xf3\xe7\xc0\x87\xb6\x02\xfe\x1f\x0b\xda\xaeu\x99\x94a\xe7\x16\xef\xdd\x14\xd7\xd2\x11 \x0b}\xa9H\x86\xab\r\xdaJ\xeexg\xdc\xf4\x15\x1bpU\xcb!\xa3\x96o\xd7wFZ6)\xb6\xd6\x18'
    b"\xd2\x13lE\xd3\xbed{\x9a\\\xab\x8aN\xd2\xa1\x11,\x82d\x85\xd3g\x9c\xc8'\x92\xac\x92\xecc\x9c\xdb\xac\xc3\xd0\xa0\x9bL\xa7R\x94h\xfe\x98u\xd1\xde\xfdd\xf7\xc2\t\xf0\x9e\xa05\x9f\xd9\xcd &f\x0ff"
    b'\xd8H5\xe2S\x85\xf8|}[\xde\xafWd\xc3\xba\xfd\xcb\x14\xd5\xce(\xfc\x81k\xd7\xd1\xce\xa5\xe3\xf5\x99{"E\xc4*\xb4\xcb(\xcd\x86\xd5\xf3\xa9\xcd\xaf\xc5\xe7\xa5\xb4\xca(\xfd\x8e\xb3\xed\x896\r-\x8c\xe9\xd1'
    b'\x91\x98\x97\xf7mq\xc1\x9e\xa1zbj\x14\xb6\xd9\xea\x90\xd5\xea\xd6\xd6-Z}/\xc9\xb8\xc5\t\x0b\xeex\xad\xbd\xe9O\xe2\xed\x9e\x80\xb5\xa1 \x0b}Q\xb2HU\x83\xc0\x83\xea?\x99 2\xa5\x19"\xb2\xa9\xc2A'
    b'u"\x1f<\xfcb\xeeu:\xeaU\x8e\xb2\xec\xdb\xc0\x7f\x8e\x1e\xec\xb6\x80_\xe1\xdd\xebS\x80\xfbY\xb5\xd5mJ\xab{iV*\xaf\xa0R\xadT\xd3\xadP&\xf0\xf0\xdd\xdb\x17o\x0e\x9b\x0e\xd0\x0c\xa9\x15<\xa0\xdd'
    b'\xef\xe0\xacC\x7f\xc0\x95\xfa\x80\x1b\x1cF\xae arh\xb8\x9c:\xf9\xd2\xb1\x03\xc9\\\x91\x13\xdc\xfa\x19\n\xdf\xe7\xf4\x02Xk\xfcst\x7f\xf0]\xcb\xfc\x91Z\xec\xbfi\xfa\x0c\x1a\xa2La\x82\x88\xbbr\x06=\n'
    b'\x89\x1e\x8c\xc3\xa7o\x9f={\xf5\xfb\x9b\xd7o\x1b\x90\x1b4m6\xe6\xc1\xfd\x1c\x94\x13\x8f\xa9k\x10\x0b\xfd\xc5\x1a\xf0PW\xafN[^\xa6\xa0\x18K\x92?(D\x0e\xe3\x8d\xe2S\xb2\xcfr\xb2]\xbc\x14,\x8d\x16'
    b'R\x14\xd4\xc5f/0~\xad\x9aBW\xa8\x84\x05\x91\x14\x91\xd33\x03@G:Q\xe8\x92\xb9vGP\xa8\x92iN}\xbcR\x9b\x95U\x99\xc8\x96#\xe4\xd8-\x83RN\x8e:\xb8\x02X+\xd9\xbe\xc0\x16\xa1\xdf\xeb'
    b'\x97\xd3\xa0\xaeV\xf52\x9cu\xd3\xcd\x18Q.\xe0\x83#\xfa\xdcz\x06\xbd\x7f\x7fL^A\n\x127\xa2\x9e!\x83\x0eu.\x89\x06\x80`\xa4\xfc\xa8\xe4c\nc\xe2\x945\x19\xc5if\x1d\xaa\x13\xc5\xbdW\x92\xd9>'
    b'\xf4I\xc8\xb5\xfb\xcbL\x032\tG\x9an\xf8\x10\xed\x12\xe21%\x12:\x8e{\x87siKn\xaf\x18_\x7f\x8b\xf4\x92\x94\x99h@nL\x8d\xcd\x13\x8e,\x07\x8d\x8d\xa28c\xd3m~}\xd0\x19\xe3\x8f#I\xad'
    b'@\xc3\xf0\r\xa0\xf9\x96\x06\x02\xf8\xb8\x01A\x17U\x87\xde \xc4\xc1\xf8\x1b\xe4\xaf\x85\xbc\xb4V\x16\x9a\x02\xb0r\x06\xfc\xa2"4\xa5Iu\x82\xac\x1d\x94\xac\xfb\xd9\xb4\xa0?\x9f\\\xbf\x98t3ZG8Hd!.'
    b'\xc4}\x12\x18\xaa\xe8kN\xe0-\x15t\xb3I\xf91\xf3\\\xea\xa7\x01\x14\x9c\xa6\xc6\xf0\xe6\xc4\xf1U\xb0\xe6i\x81\xa9)@\xc7\xda\xaf\xac\x04\xf1\xc38Q}\xf2\x9ad\xe6\x01\xc0\x072\xb7\x14\x90"j\xceX\x1e\xd2'
    b'\xf4]\xce\x8b\x8feq\xb5n\xd4R\xa4-]<\xbf\x19@\xa0\xaei\x8c\xc5"/\xa7nz\x04\x89\x8a\xde\x8a\x95\xd4}A<\xb1\xab\xf5U5!a\xa4.\xe6\x8b\'\x10\xae\xbb\xe8<\x95\x88\x95\xc8\xe74\xb0\xa0\x12'
    b'j\x02\x13E.^\r^&\x00\x8d\x7f\x1a\x9ck*\x81;\xa8\xd5\x04{\xd2[\xfa\xeci5[\x10Z\x80&\x9da\xdd\x8e)\x1c%HS\xd8\xfaM\xd6\x9b\xca5\x17\xb5\xce\xaf3\xff6\xe9\xc0\xe3\xa9[I\x84F'
    b'D\xc0\xef"\xd6\x1et\xb2R\xc0\xe8\xf0\x02\x81\xe8\x12\x9aI\x93H\x84\xa7\xcdC\xb7\xd3\xc9\xfai\xca\xc7a\xa6s@\x01y\xb3\xc9S\xb7_&\xddsU\x00\xfa\xa9o\xc7\xbc\x08\x8en\x113\xb9\xda\x05d^]m'
    b'vB\\\xc1\xe6\x94\xb9\x87\x99\x11\xcb\xdd6ZS\x19\xbd\xce|\x14\xc7\xa4H\xe6X;\x1b\x9a\xb3\x13@\x1f\x98\xedN8\xe6k\x9a:^.\x16\xd5L\x1b\xa3\xc2\xcd\xbe\xd3\xd3\xcc\x14HV\xfc\xfdrww\xf2\x8f\xa8'
    b'@\xb9\xc0\x19\xcb\x90=\x05\xab\x8d\x0b\xc6\xa0\xa3c\xb1\xcd\'\x8e\xa7qR?\xb9!\xa44}\x85\xa6.\xc0\\*6;\xf8\xfc\xf69\xa1&\x0c\xfd\xb2\xaf\xe6"\x7f\xc7\x0e/\xea\xf8\xa1(\xb56k\xa8q\x81a\xa0'
    b"\xc3\xbc\xf6\x88\x8b\\\x12\xaa\xd7(\x9cB=^ b\x06B\xce$\x14\xe6r\xaf\x86\xb3l'\xcbtkwr\x04\xa5yk\xd4\xafu\x02\xf92\x17\x0c\xf6\x9aX-\xc9q8\xa9\xd8\\s\xa8`\xc3\xdf\xf2\x95Jf"
    b'\xbd\xfd6\xb0 \xc1&\xe5E\x10\xc5inp\xa38O\x01\x99\x16\x91y\xa0\xdf\xb9\xc8\xe7\xe4\xdeY\xf9I\x97\x88Y\xcd~\xb0M\x90\xf6\xc6\t\x97\xca\xff\x14f\\\xdc\x947r\x9c\xd1\x05I\x16l\xbfi\x8bMP'
    b"p\xe1\x0f\xb2\xeaz\xa2\x8f\xdc]\xeaX\xad'\xf9<K@p\xc9\x99#\x0e[u\x8f\x06\xff\xb1,\xe6\xd7\x87\xb24\x8f\xa7\xd3nFJ\xc1\xd6\xdcg'\x05\xd2\xf3,R{F\xb0\x1aX\x95\xa2\xfaQ\xb7Y\x07\xe2"
    b'nX\xc4[\x022\x1aE\x8a\xd5}~\xf8\xd0*J\xf9YlY\xe9\x84x\xd21\xbd=\x8a_:\xc2\xe7\xba\xcf\xb4\xe8eY/\x06\xf9D\x98\x18*\x9c\xf5\xf6\x9be=\xd5\xa1\x8d\xc2\xae\xd8y\xc8K`/\x8e\x8e'
    b'2\xcb\xd24\xa0\xd5=A\x8d\xed\x92\xf6\xd9M\xd3\xfbsE6\xc4\x80\x82\xfci\xfd\xfa\xab\xb1\xb3\xa6\xab\xd1\xfd\xfbv9\xc3\x9dHq\xae\xf4\xb7u|\x00\xbbf\xdb!Z\xd6\xb2!x\x866\x86\xcf\xbd\xe3\xcfi\xba'
    b"\xd2\x0cx{\xdb\x12\xa0\xd4\x9f\x9a|\xd7d<\xf57\x96\x14\x13]_#.j\x94A`\x85\xe9\xdb\xf4\x8c\x07\tE%Jq\xde\x90\xe4'\x9a(\x8f\x1d\xbf[H<g\xce\x98r^;x\x9eJ\xba\x08\xe6h\xe0"
    b'bh<_*\x01\x97`\xa1\x92t\x9f\xa2\x11\x9c\xcd\x18\xf6\xaf\x9a\x05\x82\xe4V\xc8\xed\x08\xea\xae\xb8\x94&\xe1\x00di\x86\xec\xf4\xdfI\xe8U\xd0\x14\x82\xaf\x9f\xd9Tv7[V\xad\x9c\xf0\xb8\xbe\xd3(\x9aO\xa7'
    b'O`\xce\xee\xb6mH\x12v\xe9\xda\x80*B\xc4\xe6n\xf8\xa1\x97M\xa3b\xcf\x1dG\x19\xca6\x13\xb8#\xd5J\xa2\xf6\xb9c\xb0\xde\xf7S\x83\xc2\x95\xca\xa9H\xf0\x85\xa0r\xc7F\x10\xe6\xf6_\xa2\x1c\x14\xcf\x9b\xa0'
    b'P\xb9\x9aSNM\xce\x8f\xe8:\x9b\xc3\xeb\xb5\x9c\x11Z\xb1\xc69\xe5\xf5\x87\xe0\xc4\x9a_\xb3\xac\xed\x83\xb4\x8f\xf9\xf0m\xc9\xe6\xe3\xb3\xc4I\xee\xea\xeb\xd9I\xa7Mzf&\xb8\x93S\xce)w\xa9\xe3\x1f\x8cw\x00'
    b'\xf1\xd8m~\'\x0bQ\x88\x1b\xe5\xab\xa3\xe4\xf4\xae|7H\x94\x80"\xe6\x9c\xc8\r\x99\x03\xa12\xa38[\xca\xf3g\x8f\xbf\x7f\xf6V\xd2.\x87d\xe2\xaed\xec[\x8e\x9d\xd1\xc8\x83\'\xa9\xba\x9c\x1c\xbf<\xb1zH'
    b'\x00hpB\xec\x06\x0e1\xde\x11\x04\x92O+\xfbgd\xb3\x08q\xe7\xa6\xdf\xd95\xc7\x8eV\x0c\xd6\x96\x99[\x99\x8bn\xf6\x8eV\x14k{\xc5\xbew>\x98\xef\xf8:,\xf7\xa0\xf3\xfa\x12Z\xae\x9c\xc1\xa7\x82\xfa\xe3'
    b'\x80(f\xbbP\xd4\x91\xa4\xb04}{t\x83\xbc\x9e1\xbfIw\x08\xde\x90\x1a\x87epV\xe9D;\x83(\xd7\x9a\xba35\x1bt\x9e\xe63w\xc52\x9a\x159~\x17\xf59\x13\xc2:WO:\xd2J\x08\x17\xac'
    b'\xfc\xfd \xba\xbdhZ\xecj\\\x14\xa4\x04\x82\xe7L\xe4$\x9c^\xa4\xf4\xdf4G"s\x8d\xcd\x1a\x94\xd6\xc3\xed\xaa\xe2\xd0\x1a\xe2\x10\xc9\xd0\x04,\xc9\n\xde\xe2V\xa7\xe0\x17\x00:M\x1aP\xc1\xe55\xa4\xc0\x9d1'
    b'\xb8\xc2\x91\x05\xc7\xaa`\xd2\xd614\xca\xf5\xf8\xb93\xadN\xf2\xe9\xa1#\xa9\xb4\xaeu\xb1 \xc4\xb7\xee\xafo_\xbf{\xf6\xfbO\xcf\xfe\x0f{e\x10\x11\xeb\x9c \x03D\x97\xb6\xdbM3\xb7\xd4\x199\x01\xd0\x94\xff'
    b"\x154&I/\x85\xeb\x8e\x13GAl\x11\x98\xbc\x06\xc2\x12%\x93\x95\x9b\xf2\x9c\x13)_C\xc1\x1b'q-9Bc\x06\x97\xdc\xbe\xc4i\xcd\xa2\xa4Ls\xe8n\x19\xcb\x06\xd7$\xd4\xe0\x15\xce\x97\xdbQ$n\xb2"
    b'\x9a\xf0\xa2b@\xf5\x1aa\\\x05\x83\xddlm\xb5%\xf93&\xed\xabj\xfe\xe1\xf5L\xc2\xc2\xdf\xe5\xc7\xee\x11)@\x9e\xe27\x15P)\x91\xf6\xe2\xf3\xd7/\xbf\x7f\xf1\xea\xc7\xdf\x0f\xdf\xbdx\xf9\x12\xd6\xed\x82]\x94'
    b"\x06\x0f\xfeA\xb1W\xe5lA\x9c\x14\x96\x88\xbd\xbd\x10\x84\x84\x07[\x0f\xef\xd5'\xee\xe6X<r\x7fQ?\xe8\xdf\xf3\xc5\xc5\xf4\xd1\xd6\xff\x03Kc\xcc\xb6"
))

EDITOR = (56788, '<!doctype html>\n<html>\n<head>\n<meta charset="utf-8">\n<title>FX Editor</title>\n<script src="catalogue.js"></script>\n<style>\n:root{\n --bg:#f5f3ef; --panel:#fff; --ink:#26221e; --dim:#8a8378; --line:#e2ddd4;\n --accent:#00857d; --accent-ink:#fff; --warn:#b33; --warn-bg:#fbeaea;\n --target:#1f6feb; --effect:#0a7f78; --value:#a8500a; --scene:#7b3fb8;\n --comment:#8a8378; --faint:#5d656e;\n}\n*{box-sizing:border-box}\nbody{font:16px/1.5 system-ui,sans-serif;margin:0;background:var(--bg);color:var(--ink)}\nheader{display', ' +\n             "Boot once.", "hold");\n      return;\n    }\n    banner("The board wasn\'t happy with some of it:", true, text.trim());\n  } catch (e) {\n    if (e.name === "NotFoundError")\n      banner("Nothing reported. The board found no problem with the file.");\n    else\n      banner("Couldn\'t look: " + e.name + ". Is the drive showing?", true);\n  }\n};\n\nvar draft = null;\ntry { draft = localStorage.getItem("fx-editor-draft"); } catch (e) {}\nentry.value = draft || STARTER;\nrepaint();\n</script>\n</body>\n</html>\n', (
    b'x\xda\xcd}kw\xd3X\xb2\xe8\xf7\xfc\n\xa1\xee\xd3m\x83\xad<hh\xc6&\xb0\x02\x84i\xee\xd0\xc0%\xe9\xe1\x9c\x1b2,\xd9\x96\x13Md\xc9G\x92\t\x99\x90\xff~\xeb\xb9\x1f\x92\x9c\x04z\xce]\x97Y\xd3\xb1'
    b'\xa4\xfd\xac]\xbb^\xbb\xaa\xf6\xe3;\xb3bZ_,\x93\xe0\xb4^dO6\x1e\xeb\x9f$\x9e\xc1\x9fER\xc7\xc1\xf44.\xab\xa4\xde\rW\xf5|\xf8(\x84\xd7uZg\xc9\x93\x97\xff\x19\xec\xcf\xd2\xba(\x1fo\xf2'
    b'\x8b\x8d\xc7\xd5\xb4L\x97uP\x95\xd3\xddp\x1a\xd7qV\x9c\xac\x92\xe8\x9fU\xf8\xe4\xf1&\x7f\xc3B\xf5\x05\x16\x1e\x95EQ_n\x04\xc3\xe1\xe4d\xf4\xc3\xfc\xc1\xfc~2\x1f\xc3\xd32\xce\x93\x0c^\xcc\xe9)\xcd\xcf'
    b'F?\xec<\xdc\xd9\xd9N\xf0q\x96.F?<\x8a\x1f\xdd\xff\xf5\x11>fi\x9e\x8c~Hvf\xb3\xd9/cl*\x9eN\x93\xbc\x1e\xfd\xb0\xb5\xf5\xe8\xc1\xaf\xb3\xb1y\xc3\xedH\x9b\xe7q\x99\x8f~\x98\xdc\xbf\xaf'
    b"\x0f<\x82I\x12'1\xb5R\xc7\xe5I\x02\xadl\xcf\x1f\xce\x93\t\x96J\xe6\xf3d\x8a\xed\xc6\xbf\xce\xb9\xeb\xcfq\xb6\x82\xbe\xe3G\x0f\xb6\xb6b|QA?\xf0\xe2\xd7\xc9\xfd\xf9\xe4\x1153-\x16\x0b\x1a\x8d\x1d\xf0"
    b'<N\xf1\xc5\x83\xd9\xc3\x07\x0f\x93\xf1\xc6\xd5\xc6\xdd\xcbI\xf1eX\xa5\xffJ\xf3\x93\xd1\xa4(gI9\x847W\x1b\x93bvq9/\xa0\xf4\xf6\xc3\xe5\x97\xcd\xed\xe8AP]Tu\xb2\x18\xae\xd2A\x15\xe7\xd5\xb0'
    b'J\xcat>^\xc0X\xd3|\xb45\x9e\xc4\xd3\xb3\x93\xb2X\xe5\xb3\xd1\xe7\xb8\xec!X\xfb\xe3i\x91\x15\xa5<\x03\x08\xfaW\x1b\xb8\xb2Iy9K\xabe\x16_\x8c\xe6Y\xf2e\x1cg\xe9I>L\xa1\xf1j\x84\xd0'
    b'J\xca\xf1I\xbc\x1cE\x8f\xcad1^\xc6\xb3\x19\x0e\x8e\x9e\x82\xed\xe8\x17|\xd9\xea\x8cV\xad\x0f\xd36s\xa8\xebb1\xda^~\t\xaa"Kg\x01\x17\xc3\x05\xeb\x8f\x97E\x95\xd6i\x91\x8f\xaa:\x9d\x9e]\x8c\xeb'
    b'b\t\x13\xf8\x17\x8cp\x96|\x19=\xd0A\x06\xa7\xdb\x04\x01\x04O2\xda\x8e\xb6\xb1g\x9do\x10\xaf\xea"\xd8\n\xb6\x00T+\xe8+g`\xa5\xf9)\x80\xa5\xb6\xa3~@\xa3\xa61\xd3\xc8\xd6\x0cI\x86]\xc6\xb3t'
    b'U\x8d\x1e-\xbf\xe0T\xd6Lr\xba*+\x80\xea\xb2H\x11T\xda\x7f\xb4,S\x18\xdc\xc5e\xab\x1a\xa3\xa0\xbf\x18\x16-M\xdf\xed\xcf\xfd1M\xff<ION\xeb\xd1\xc3-3\xd7\x11,_<\xc9\x92\xd9e\xb1\x8c'
    b'\xa7i}1\x8a~\xd1a\xcd\x92y\xbc\xca\xea\xab\x8d\x05\xe0\xda\xe5"\xfe2<Og\xf5\xe9\xe8\xc1\x8e\x03\xbem\x86\x0b\xc2\xd0\x80jK\x16\xf7j\xe3\x87\xaa\x8e\xebU\xe5\x00?z\x84\xe5\xbd\x19\xc0V\x04t\x8a&'
    b'q\x9e\x03>5\xb1\xc4\x81\xb8\x02u{\x0b\xa0\xaa\xfdc)\x0fg\x7fH~\x9d\xef\xcc\xb7M\x8b\x11n\xcc6,e\xbb\xfa\xc0\xc4\x97v,\xd1i\x91\xcd\xdc\x9a?\xccg@\\\xb6\xa4\n\xec\xc6\x87\xbfl?0\xc5'
    b'\x83e\x99\\\xca\xb0h\xfe\x88T\xe3\xf3S\xd8\x0e\xc3\n\xa0\x9b\x8c\xa0\xc0\xf0\xbc\x8c\x97\xe3&<\xae66\xef\x06\x87\xa7\t }\\\xce~\xae\x82\x0c\x17\xaa\n\xe2*Hk}\xa8O\xa1Ih.K\x828\xa8\xe2'
    b"\xcfI\x90V\xc19\xe0h\x9d\xe4\xc1\xdd\xcd\x8d\xa8Z\x16ue6d\x9a#B\x0ei_\xd2&\xbco\x97m\x98%\xf3z\x14\xfd\x8ao>'%l\x9e8\x1b\xd2\xe6\x1d-\xd2\xd9,K\xae\xa4\xb5 5\xedM\xb2"
    b"bz6f\x14\x90U<e|\x92'\x7f\x91\xee\xc3\x1a\xb56Jy2\x89{\xdb\xf7\x1f\r\xb6\xb7\xb6\x06;\xdb\x83\xe8\x97\x07}\x7f\x7f\xb4Jl\xef\xf4\xed`\xa2,\xad\xfd\x05\x01B\xeca\xbd,\xca\x98\x88\xe1i"
    b'<+\xce\x01\x1d\xb7\x02\xa0|\x01\x0e\x83\x9a\xdfy\xf0`\xa0\xff\x8f\xfe\x02\xcdoD\t\xf1\x9fKCO\xca$\x8b\xeb\xf4s\xb2\x96>]K\x03\x0c\xf1R\x84\xfd\x05\x80Q\x00\xa0\xe7\x19\x8c\xe7\x14 \x9c\xe4\n\xbc\x1d'
    b"\xde)2\x02\xc4\xa1A\xa0\x0fu\xf2\x058H\x12\x03s3#\x8b'\xd0\xdf\xaaN\xc6i\x0e\xbc\x14\xa8\x9d\xa1\xdb\xbas\xb6y\xe3\xec8\xa4j\x0b\x86\xc4,\xe0\x17b\x01\x0f\x83U:\\\x14yAx9x^\xe4"
    b'\xd0h\\\r\xc2\xe7q5\x851\xc7\xc1\xef\xf01\x1c\x98"P\xbf\x81\xc8v>\xb4\xf7\xebx\xc2\x08\xfd\x0b2#g6\x97B\xdd\x86\xc9g D\xd5(/r\x0f\xaau\t,h\t\xb3\xcc\xeb\x16\x931\x94|\x1b'
    b'\xfa\x07\xb6_d\xd9$.\x85\x0caC^O\xa3\x11\x10\xb8\xc9Y\n;K\x8b\x1a\xe4\xf5\x0b\x1b\xb8^;\x0e\xef\r\xfc\xa9\x87\xad\xf1m\x04eB\xb3\xa6Y\x15\xab\x9a\xe4\x08z\xd0\xa1\xef\xb4\xbb\x1d\x8d\xaa$\x03)'
    b'\x00\x96\xf3\xb2\x89\xfa[\x83\xed\xfb\xf7\x07\xdb;\x80\x99\xdb\x8f\x085+\x91".\xdd\xde\xf9\x15\xed\x0c\x11)\xbc\xcf\xfc\xaa\x83\xeaCq\x927\xbc\xd2\xf4\x86\xdb"\xd9\xc3\xfbHo\xba[\xca\xe3\x85_\x96\x05\x03\xf8\xb2'
    b'\\\xe5S\xef\x0b\x89+\xfc\r_\xe7\xadj^\x07\xbfJ\x07"\xf7x\x85\xe5\x9dT \x11p\x94\x82\x80\x98N\xa9\xca$\x9e]"\x9c\x87\xb3dZ\x941m\x19\x00nR\xe2\xca\x04\xe7\xf1\xe7\x8b\xc0!\xf5\xe3F\xd1'
    b"au\x96.I\xc4c\x84\x81\x16W''IU[\xca0O\xbf$3\xb3\xba\x0f\xffM\x04b\x8b\xa8\xa5C\xb2\x88`=R\x8a\xb55\xc0\xff!-\x1c/\x80z\xf3\x06\xd8\x16>\xac|\x99(\t4\x8do\x84\xb8"
    b'l\xd3+\x7f\xa7\xba[b\xccD\xe1\xbe\xc8\x85\xddD\xc1\xbc\xba2\xe0\x88\xaa\xd3\xe2<\xf7Y\x83\xfd\x1a\xcc\xd2\xcf\x96\x8f\xef\x90\x80\xc0"\xa0/\xf0\x8c=\xd9\xd1\n\x8a\xae\x149\x89a\xaf\xa4y\xe2\xb7\x1eT\x8b8'
    b'\xcb.\x9bR\x84Lg\x87\xa6\xf3\xcbub.3@\x82\x87O\xd9\xf2\x82\x18t\x93X\x13\x9e\x98\x97I\x96\xa5\xcb*\xad\xfcA5\x99\xd3\xadd\xb6v\x13\x1ds[_\xbe\\e\xc9\xa5\xe0\x12\n\xbf\xdd\xe8\xa6B\t'
    b'/\x85\xe5\x14[-Qo#:\x85\xa5\xb9Y^3M>\xa4\xc5eL\x04\xb0*\xde\x91\xb0\x01c\x9d\xa3jv\xeb\xd6\x98iqsR9\x88; \x01P\x005\x90\xb5\xbf\xc7\x9b\xa2b\xa2\x9e#\ngR\xe2\x8f'
    b"mW\xb1\x84'P\x18ao\x06\xe9l7d\xb14|\x92\x175\xcc\xf7$(\x96 B]$5\xb4\nE\xb01\x92\x8e\xa9,~\x0b\x83)\xec\x84j7\x14\xd1<|\xf2\x16k\x80D\x16@\x1f\xb3\x12$\x85\xc7"
    b'\x9b\\\xc7\xaf\x8cbZ\x18\xa8\x90\xfd\xe4\xdd\xaaF\x81\xae\xe0\xaa$\xecu\xd7\x9b\x9e&\xd33\xa7\xe2\x0bXQ\xa8x^\x94gO\x9d\x1a\x9bf\xb6(\xa3\xc3\x1f\xdc\x1bX\x9f%RR\x97\xe1\x95|\x90907B'
    b'\xf5\x1b\x98&\x95^"u\x86\xb2\xd3b\xe6\xbcHfX\x1d\xdf\xc1\x1f(\x8a\xfa\xbap0*\x04\x0b\x01\x90\x08\xaa%l\x07\x1a\xefn8\x8f\xb3\n\xe6\x8b\xfbj\x1a/\x89,\xff+\x01\x10\xce\xe7\xf2\xb2X,\xb3\xa4'
    b'\xd6W\xb8\xd5\xf8\'\xf4\xa0m;\xb3\x10L7\xd0\xd7g3+grX\x1eq\xd7\x14>\xe59I\x91\xa5\xbeF\xa4\x82\xe5\x03f@\xe3\x0f\x96 \xb8\x13\xd7F20=\x15a{\x00"61\xaa\x01\xae\x14/\x17'
    b'3\xd5h\xc3\xc8\xe9\x01\xcd\x9a\x04\xf3`\x8eb\xf9\xb9\x16%\x8c\x08\x92\x7fByl*\x9f\x05\xa1\xbb\x82!\x88\r\xf1\x0c\x84\xf7\xd3\x98\xf0a\x01\x8b\xb8Q\xcc\x83$\xa6\x01\xe4I\x14\xbc\x8f\xa1\x1d\x10k@\xad\r\xe6'
    b'e\xb1\x08@\x02\x99UO\x83\xc7qpZ&\xf3\xdd\xf0\xdd\xab\xe7\x7f\xdb\x7f\x1f\xa1\x99%|\xe2<<\xde\x8c\x9f0\x82\xa5\xd5\x06\x8f\x03u\x84\xc4\x19\xe6\x1cd\x91\x8bb\x15\xc1\xaa"\x0c\x05u\xd4\xac\x12\xae\xaa$'
    b'\xa8\xea2\x9d\xd6\xe1xccs\x93\x14\x93e|\x82o\xd3,\x0b\x089`\xf0i}\n\x12\x0f5kL4\xc1\x04\xe4!D\xa2zL\x1fp\x11hF\xa0\xb0\\\xe0\x84/\xb0A\xddvS\xd8\x8e\x93$\x00\x04H'
    b'\xcad\xb6\x91\xce\x83\x1e\x9a\x90\x00\x12\xcf\xf7\x0e\xf7^\xbf\xfd\xeb\x1f\xfb\xc1\xee\xeen\x10"\x07\x9fC+\xb3\xb0\x0f\xfd\xe6\xc0"#\xa7D\x90\xaf\xb2\x8c\x87:\x84\x7f\x0cV3\xdbE|\x81\x9d\x0f\x18\x8c\xf8\xba\x02\xb9'
    b'%\xa8qcUv\x1f\xca\x92\x0c\xfd\x7f\x1b\x1b@w\x82\xc3\xffz\xb7\xff\xe9\xb7Wo\x0e\x0f\xa03\x10\xc6\xa1\xa9\x98\xc4\xb7Q\x10n\x05u\x11l\x0f\x02\x80i\x8c\xc8\x84\xf4)\xa8V\xb0\x90\xa0\xbc=\xd8\xfa\x8fp'
    b'\x00\xe5+\x900\xf2Y\x05\xc5\xe3\xa0N\xa1\xf74\xd7w\xf4=_-& ,\xe0g\xfeIo\xa7\xc0Fjzy\x0e\x9ah\xe2~B2\x05_\x80\x0b\xc3\xfc\xf2\x0bU\x11\x91{,y"\xc8\xac\xa8(\xd5\xedn'
    b"erQ':\x05P\x86\xe8]\x9c\x9fP\xf1YrR&\t`/}\xbd\xffpK\x86\x94\x15+\x19(BQ'\n\xd2\xd4\x82`P\xa5_\x80\xa4\x9f\xc0@N\x93/\x84#\xb0\xda\xc1\x0f\xdc]\x01\xfd\xd3\xb8\xeb"
    b'\x12P\x05J3\xbd\xc0o\xff\xbd\x8a\xcb\x9a@\xb05\x08\xfe\x02\xff\xdf~\xb4\x85%v~\xe5\x8e\xb17\xea\x96\xd6T\xf0\x9b\xf7Y\xb8qe\xf1\x14\xf9z\x80(\x08J4\x88(\x00\xe5\xba\x06T\xab\x82ST\x98A'
    b'\xbcZ\xca\xa2\x93\xad\x92\x90 \x98\x15\xf0\x0ep\x12\xf7XyA+\xfe\xfc\xb7\xbd7o\xf6_{\x8b\xfe\xa7\xe6\x0e8\x8e\xeaZ\x10\x02\x8d\x00\xaa\x8b#\x80\xbd]\xaf\xe0\xf7I\x81`\x86\x86\xbe|\x05,\xbd\x1b \x06'
    b'\x95\xb8=j\xc4c\x9c\x0bC\xcfJ\x16\x00@\xdct4\x9e \xa6wn\x8b\\\xfc\xe4V\xc5`G#\\\xcbd\x99@g0\x89EZ\x96\xa8\xab\x14\x08\xe9\x8c\xf7\xcb\x140!\xe7\tM\x8be*\xc3\x8dA\xcb\xaa'
    b'\xaa\xaf\xb0\x19so\t\xd4\x86\x81\xe0\x07\xf5\tt>\xc0Kx\\\xd5\xcb\x95\xd0\rl6-\x833\xd8\xcaL\x1e\x89\xf2!\xd1Y\xd2\xa3\xf4\xb8,\xca\x9az\xa2U\xc7\xf6\x85\x94!!\x95f`D\xc0\xea\xa6\xa8_'
    b'\xc1[\xc0\x89"\x8f\x82\x0f\x9d\xb4\xc9\xee\xf5\xd3\x18\x17<Oh\xad\xdf~x\x03+l\xe9\xc9S\xfb;\xa2\xe2\x00\xa6\xf6\xbfQp)3\x1a\x05G\xc7\x03\x8b\x1d\xe1\x80\'"\xefy*\xf2p\xba\x9a\x8c\x18\xe9\xe1\x03'
    b'/%=9\xd0S0\t\xa6#\xa6U\xb0Qe\xdb\x0e\xf0\xfb6\xcc\xf1\x1c\xd9\x01\xc3\x0e\xa7U \xb7 \xb8\xd8\n\xf0c`\x90\x14\xd4\x08\x9a\xec\x9b?~\x7f\xb6\xff~\xff\x05\xcc\x18\xe6\x1dIo\x11\xf4\x05\xbb\xaf'
    b'7\x07\xbd\r\xe9Z\xd0\xe3\x0f\xfd\xe0\x12\xe8" K\x1el\xfe\x03^\x1dm\r\xffr|\xef\xc7\xcd\x08\x16\xa1\x962G[\xc7\xfdqp\x05J\r\xb5\xbf\xf7\xfbw4~\xe7\x16\xad#\x80>\x9c&\xc4\x16q\xca\x0c'
    b'\x90df \x86:\x89,\xc3\x80\x11j\x02\xa4\xf0\x0cw\x12p\xa1"\x88\xca :\t"\x1f\x0e\x9f\x9e\xbf}\xfd\xf6\x8f\xf70b}\x13eI~\x02\xb8\xf5\x04(\xdfO?u\xae}`\x0b\'@f/\xae\x9b\x9a'
    b'Lc\xfb\x989\x19\x8f/\xb4Sz+\xa3\xffg\x81\xfc\x8d\x16\xb4\x04\x1a\x8c?\r\x12X\x06\xbe y\x84K\x80\x003#\xe1\xd5\x91&\xd1t\x18\x83n\xc0\xbd\xd2L\xff\xd7\xdbWo`\x9e\xfb\xff\xb9\xf7\xfb\xbb\xd7'
    b'\xfb\x9d\x13}\x008\x1f"b\r\xee\x0f\x1e\x0c\xc3\xe0^\xab\xccH\xbe\xef\xa0H@\x04\xf2\xed\x1fo\x0e?}x\xfb\xfe\x05\x92\xc7\xa3\x10w\x13`~(\x7f\xea\xf3\x82\xfe\x80\xacB\xcfs\x9c4\xfeEz\r\x7f\x81'
    b'T\xd2\x1f4\n\xe1\x0fR\x1b\xf0G\x9e\xe6L\x98Z\xff\xc2Z\x8afZ\xa9>O2h\xeeX\x86t\xb8\xf7\xfe\xaf\xfbD\xad\x8f\xe0\x15\n\x13\xed\x99n\xf7\xa1i)\x18-W\xd5i\xef\x88&\xd65i\xe8\x01\x14'
    b'\xb1\x00\xbf8\xb3=j\x94:\x86\xcf\xa1\xe2`\x08\xc8\xbaA[\x00\x94\x97r\x1fp\xb0\x135\xfc\x01\x18D\x1f0\xc1\xc6\x0eq\xfb0\xaa(\xfa\xe3\x1b\xa1%\x1dm#\xa5l\xb7\x8co\xb9\xddXI*\x14\xc6\xf6\xe9'
    b'\xcb\xf6\xb16\x8e\xc0\xc2\x0e\x80>u\x00\x08\xde\xee\x85\x8dF\xe2\xe0\x80\x7f\xff\xb6\x9a\x88h\x85\xc5\x90o\xc0\xdf\x97\x96\xf0\xe0\xdb\xe1s\x02\x0cM\x81Hc\xc7\x0c\xe8C{\n\xf4Z\xe6\x90\x07\xaf\x81\xb60\x97\x90y'
    b'\xf0\xe7\xf6D\x88\xb8\xf6\x1bmY\xb2\x1e\xaffi\xc13"\xae\x88V\x08\xd8q"\xbcZa\x9f\x17\xb4\x01\x0e\xdah\x8c\xbd"[\xa0@m\x99\x0b0\xbb$\x9b\x87\xc7\r,>\n\x8f\x14\x88\t\xc8\xc3\xa8\xb9A\xe5'
    b'Ap\xf4\x86D\x9b\xed\xad\xeaxL:\t\xf0\xd7 \x9e\x80\xfc&2l\t\xfb\x19\x14\xa3 \xce\xceQ\x86.r\x1a\x14\xa1\xfc\xb3\xb7{\xef_xB\nID\xb0[A*\\\xc5Yp\x96$\xcb\xcaQI\xd8\x9c'
    b'\x11\x80\\\x99f\xb0:g0i\x18<m\xb82\xc9\x8a\x18e\x0b:\x0fC\x888*\x03\xfeX\x14hx\x13.\x8b\x8a-\xf0n\x90oH\xcb\t\xf2$\x99\x81x\x8e\r-\xcb\xe2\xa4\x8c\x17$(\xbd\xbb\x00F\x9c'
    b'K\x1bEP\xae@\xbd\xcd\xab\x1a\xe6\x0e\x12\x91\x07h\x92=\xcb\x93\x8aD$\x94\xdfa\x0c\xa0\xb0\xb1\x10$M\x0e\xd0\xe6\x01+4C\xfe\xf6\x95\x84\x8e[m\x0bh\xda\x81\x94n\x8b\xa8.^\x17\xe7I\xf9<\xae\x92'
    b'^\x1f\xe8\xb3\xf4\x8c\x96\n\x1c\x9d ;\x89\x14\xee\xa6\t\xee\xada\n\xad\x7f\xba\xa7\x90\xbc\x92\x84\x88\xbf\xe7\xa4)\xd8\xdd\x13"q\raE\xafn\xb5E\x06\x01Y\x1e\xdb\xb3\xd2\x9d\xd2\x9e\x16U\xc01\x18\xe5\x07\xc7'
    b'\xe0n\x9f\xdbN\xc8\xc8>V\xf3\x80-Y\x11z\x12Q\xe0\xcd\xb9\xccPQ\x9f1\xdbu\xfb\xe1I\xaa\xa8C\x96\x03\xe4`\xa8k\x93a\x00\xa7\x89\xe7\x1a%\xaa\xcdVR&\xf4a\xb5f\x82\x96/\xd0\x9e\x16h\x86'
    b'\x05\xd9\xaeJ\x9c\x8d\xf0|\xef\x00\x19\xdce\x03/@B\x04!\xb0ga\xdb\xefB\x95\x98)\xa8m\xe9\x08_u\x02T>X&\xfe\x1c\r\x01\x01\x10\x9f\x18\x15\xfc\x19\xe3L\xa2(\xde\x12\x88\x01\xfeY\x06M\x12\x1e'
    b'\x1bmu\x19\xd7 &\x013\x8f\xcfP\xc2\x16\x02\x8a\xcd\xd3\xa8_\xb3%b{\xb8\xbd\x15\x05{\xa6\xf4"\xae\xa7\xa4L\xabR\r\xad!\xdb\xa2V\xb8{\\\x1d\x94\x067\xccla$\xef` =\x1c\xec\x80\xc74'
    b'0\x83b\xd4B\xa8\xe2#JX\xbb4+\x1f\x0ec"\x19$\xe2P} \xb9\x8b\xa4\rO\xc2,l\x8bT&\x03\xbav[\xa65\xe94\xaa\xb2t\x9a\xf4@\x13\xc4\x9a\xc2l\xfb$DQS?\xfdd\x06\xcc\xf2'
    b'\xa2_\xcf\xadD\xed\xe3R]mX\x10\xf0\t\xca\xdf`o\x10\x14n?id1\xa6\x0c\x8at\xcc\x0f\xfa:~y\xd6\xa2V\xaf\x80\x11\xbb\xf5\x1a\xdc\xc8\xd6\xa7\xc7\xb0\xd1\x95\x05\xc7C\x06B\xc8\xd8\x1d\x06_\xbf\xb6'
    b'Av_\xca\x00\xbdq\x06&5\xd6\xb6\xfc@[Fts\xeb\xd1\xb3\xb3\xe0!\x8b,\xa1\x0f\xd1\xe9)\x1a\x1d\xb3\x03\xe1\x8a=\xd4\xee\x18\xac\x80\xc2{\xc2i\xe3\xbc:GM\x05\x08C\xeel\x11\xa9k\xd4\xf5\x01\x99'
    b'\x0b\xe7_\xd0r\x83H]\x15B\x0ePi\xa3\x06\xed\xd9\xb7L\xe7\x8e\x854\x80\x04;w\x97\xc7\x7f\xc7 63Dy\x91\x1b\xb1E\x04X\xa6\x8c].\xfe\xf2\xc9p\x7fh\x99\x1bh\x95d0\xb5J\xba@c\xf6'
    b'\x87"\x80\x0b0\x7f>\xdf4\xce\xb7\x13\xe4\xc7\xd1YrQ\xf5Zc\x16f\xdbo7\xd3\x80Hw+T\xc8k\xe4\xda\xe2\xb6`{\xc6\x87H\x9ez\xac\xa3\xde8o\xb6\xef}\xf3\nI\xffGD\x0b\x1aD\x1c\x96'
    b'\xa2\xbb\xd5\x06 \xd6L\xfe\xa66\x91\x90pQ\xd7\xb4\x10]S\xdb\x81\xa6T|\xaa\x16g&\xe5#i\xdc\x85\xa5`\xd6\xe1\xc52\xf9VX\xfa\xa4\xae=\xa0N\x84\x96m\xfa\t{\xa9\x8e\xa4:N\xdc\n\x10\x0c\xca'
    b';\xce\xce\x03\xba\xe7,\x8d\xec\x05S\xb9o\xc1\xe6\xce\x8c\xce\xa4\xab\x97E\xf9?1/\x7f\xc5\x95~3\xaf"Z\x85r\x9a\x9e\xf8:\x9c\x14%CT\xcaE2\x9c\x91\xe1.K*\xfe\x8a\x95X\xf6\xa7\x86\x1c\x9d\n'
    b'A\xf0\xdb\x1f\xcf>\xbd{\xbd\xf7|\xff\xc0cW\xfd\xbe\x80\xae\x05k\x1a\x96\xa1\x1dG\x8e@\x03\xfc\xb3-\x96\xb4\xad,8Z\x9d\x95\xd3\x03\x89\xb7w\x94;\x8c\xe5\xf3\x950a\x04_,\xc2\xc9\xee\xfa\xd1\xe8\xeay'
    b'\x9c[\xeb\xc1l\xe5\xa7*\xdeO\xcd\x8bE\xbc\xec\x1d\x90y\xb3o0\x1az\xef\xe2\xabb*q\x18\x9c\xac\x971\x84v|;\t\xfb\x1b\x9d\xe0\xe4\xd6\xaaN\x0e^\x165\x1d\xff;\x1c!\xdcBe\xed/\xf4\xdf\xed'
    b"G\xf4\x07M\xd1\xc7\x9d\xf5\xd1\x88\xdaE2\xe0=2/\xc3 \xb0\xe2\xba-+\xa8H\x16rw\x1ch*'\xcb\t\x99\xca]2a6\x8d\x9e{\xd0\xc1\x0c\xe9\x94F\xd0/\x0b=\xe4\x10\x85\xf0\x04\xb4\xc0\x8a\xadc"
    b'$\xa9\x0e\xbb\xff\xb9\xf4\xba\x9a\xf6\xf0l\x8eQI\xfa\xc6\x17Q\x99\x80\x96\x08\xa2\xc3\xe6O\x9b\xd0g\xf8S\xbcX\x8e\xc3\xbe}\xfd\x98_g\xb5\xf7\xf6\t\xbf=\xc1\xb7\xfe\x9e_\xc4\xe5Y\x0fG<\x08:;\x044'
    b'\xfa\x99\xcfp\xe5,\xefgP-\xb0<\xfc\xf99|\x82OT\xec^\x10\xcaA.\xeaV\xf8\xaa\x9bj\x16g\xbd\xba8Kr+\xfb\xd5e\xccK\x06kA[\x83\xdd\xed\xb8\x98\x08J\xc3mY\xac\x81\xa1\x19n\xb5'
    b'\x01\xea;\xfa\x82\xb7\x07\xd5\x86on+ nAC\x8a\xfb\xb4\xebjS\x84\x14\xb6\xb7\xf3^\xb8\x1b\x1az\x05\x9f\x1f\x07[\x061\x08V!\xfb\xe0\x00z\xc8<\xfc\x9e\xaf)jG\x11\xd7}\xac\xa7\x85\xd0s\x07\xd1'
    b'\rzv\xf5\\\xfdLd\xb9\xd1H\x8c\x10\xdf\xee\xfb\xbd{\xa26\x16\xae\x08\x89\xf0\xe0\xe0\x83\x11\xb7]d\xaa\x96YZ\xf76{\x1f\xab{\xfd\xcd>\xd1\tK\xca\xac\x84n*\xdda\xe9\xbcL\x17\xbd> \x06!'
    b'\xf3HZ\xe7\xf2,\xf5GhX\xed\x85\x82kdC\x8e\xc9\x82\x81Sb+k\x96\x9e%\x19(be\x81\xa6bT\xdd2G-\x93\x83\xc2\xb3\xbc8\x1f\xb1u=\n\xfeN\xdc\t\xd5^l\x91\xce\x9cV\xf9?W'
    b'\xb3\x13\xb4\x89\xfc\x07\x19qg\xc9\t\xfd\xcd\xd2\xaa\xc6.>\xf3\x89N\x82\xfe}j\xb5g{QU\xab\xa9\x85Z\xb0p\x9b\xc4\xb3\x0f%\xc0\x81G\xea\x81\xcc\xdf\x07\xe4\xf6\xc4\x1b@f\xe5l\x01\x9d\xf7\x9ecs\x00'
    b'eT\xd9\x1bq0T%\xa1\x16\x99\xef^"HP\x0fG\x93z\x9a\x9d\x81&\nC\x07\x88\xa0\xdd\xa2b\xd3s5\x12\xbb\xde`\x9f\xd4o\xcb\xdc\x00\x877\xff\x01\xdf\x8e\xe2\xe1\xfc\xb87\xa4?\xfd\xa7\xbd\x81\xff\xdc'
    b'\xbf\xfb\xe3\xe6\xd8\xe7\xf6\xe9\xec\x80\x9c\xe2\x80\xe3\xfb\xfa\x18\xa9\xaf]\xca\x98%)\xff\x18\xdc\xfb:\xb8\xf7#\x11\x16\xbbc\xeePM \xbe\x1d\xd2\x02RU-\xc7\x1d\xf8\xaa\x82*\xc8\xf8m\x108\xbcw\x00\xd3\xfbq'
    b'\xb3\xdf\xd9\xd05\xdc\x1e\xdbY_\x89U#\xa8f\x86\xb2N9tkv\x8c\x91\xac\x1b8\xc4\x1e\x9d\xa5\xe0\x7f\x06\x1f\x87\xc7w\xfbO\xd7\x8d\xb9i"\x87A\xd8\xb3\x18\xa9\x1f\x95\'\x93\xbb\xc7w\xf5`f\xfd\\\xfc'
    b"\x11\x91\x1d\x9c\x06\xf31\xea\x95_O\xbeN\xbe~\xbc\xdb\xef\x1e\n\xe1'2\xf5e\x10\xcf\x01\x19\xd9$\xb4\x88\xe58\xcb=?\xc4\xc6G\xc1\x0e\xa8\xab\xc3\xfb\xa0\xe9F\xa5\xdd\x15\x9b\xff\xf0\xa7\xdd\xea\xd8\x99\x80\xdd\x16"
    b'\xc2\x0et\xeb0\x19`m\x13\xfb%kC\xca\x07\xc4"\xc5\x0c`\xb7\x93\xd8\x97\xd6\xc1<e\xd7lc\x90A\x0e\x9b\x0f\xb0i:\xc0\xe1=N\xbe&?W\x9e`Y\x81\x00\xe9j\xcf\xc9\x14\xba\x17\xedY,3\xa6'
    b'?i\xdc\xee\n\x19\xec\xae\xcb\xcc\x0c\xd5#\xec\x8f\xd5\x9a\xe3\xb0\x81d\xa6"\xb2\x98chW1\xe9E\x92\x8fb\xa5\xd9U\xb8\xa3hCu\x0b\xd0\xdc\x82\n]\xda\xa0+\x9di_\x04\xa2]#\x02*w\xc3\x1a\xfd'
    b'\xe0\xc9n\xb0\x85;\xae\xa7\xf0\x03\x0c\x94\x9f\xbcZT\xccUG\xa8\xb9\xa7\n\x81Q\x93L\xfa\xbc\xe74=9%\xe7\x88\xd7i\x9e\xf4\xd0\x13\x05\x8fjQLZ\x91\xc8\xc7O\xc4\x99\xd2\xfc\x80|]\r\x8cO\xe3\xea'
    b'\x14\xc6M\x0e9\x86%\xff\xc0\x04\x86(S1\xbb\x80\xefT\x0cx3\x8c\x89<]F\\\xc3pX\xfcn\xea\x88\xfb\xaa_-D9EY\xac\x94\x00&\x8b\x92\x97\xd3\x14\xb5\x83\x900\xf4\r\xfa\x17\x0ehV\x19\xeb'
    b'\xe0{\xe4\xc6\xd2\x92\xa1sX\xdc\xd2L`\xb4\xb2\xbcf\xa4*\xd9\x1c\xf9B\xb4\x8e\x8c\x0e.d\\\xd4\x87\xd7\x89+\xc6PW\x06d\xa3\xb6\x14\xe3\xe8Z\xeej0\x00\xd1\r\x03\x0fA\x88\x0f\xab\xca1\x06\xaey\xc1'
    b'\x16\xce\x04$a\xad\xc6\x9e\x1b\xf8\xda(]w\xdc\x16\r`\x14K\xba\x07\xdfV}\x04-<\xed\x15\x1f\xe4\xbd\xa8\xf2-\xc3\xf9S\xcf\xbe\xe1\x176\xb8\x16\xb1\xc8o\xf5\x1f+\n\xb1\xa8d\x069\x08\xba\x85 S\x81'
    b'6\xb0+/\xf2\x86zz-=\xc1\xae\xf1\x05w}\xd5\x80\xc4\x95.%z>\xb2TK\xeb\xe9\x8a\x8c\x11\x99\x9d\t\x8b\xee\xf6\x8e\xe0\xbf\xc7(\xb5)\x92\xb3nm\xea?u\x8d\xad\xf2\xf2h\xfb\xb8/\xa7\xcalI'
    b'$l8 Fh\xfcq\xd8\xc0\xcb\x07fh\x11/\x88 \xb3\xdf\xde$\xc9\n\xb4\xa9\xf1I\x19\x1d\xc3\xeb\x99\x9a\x92H\xf2.\x9e\xd2j6\xed;\xb8\x92\xb2\xdf\x8d\xd1\x00\xa4\xb8\xbd\xb6\xe6\xdbq4\xf2\xb4m=\x80'
    b'wG\xc70\x9fN\x1b\xa8]i\x1dY\x91\x17\xd0\x07\xa9tn\xf7\xaa\x00X\x04\xf0\xe5\xf4u\xd8\x80X\xdf\x8d\x08\x06\xfd;\xd1\xc1\x99\xb2\xa8\xff\xbeeD\x16\x07\x81\xe57\x1f\x99\xe6e*\xca\xc7\x1b\xccI)\x07\xaf'
    b'?\x90\x0e\xc3\xa2\x0c\x02w\x89~\xd0\xdf\x1d\xbbz\xd7\x91z6\\0\xf2\x1c\x9a\xd3R\x12\xa3H#`\xf1\xc1\x9e3\x8e}\x8eL\'\x99j\x9d\xc5R\xec"w\x1e_8lr\xd6\\\xaa\x12\xf9I\x07\xaa\xe0\xb8\x9b'
    b'\x88\xd1u\xb2\xf6t\x8d\xbd\xd4\xb7\xb1\xb8\xf4\xc1\xf4\xba\x16CT\t\xbb\x0eE\xee\xf0lZ\xab\x89\xc8\xe2P\xe5\xc0\xcc\xda\xae\xea\x9aue\xa0\xfa\xeb\xba\xd6Bg\x05\x906\xa65\xceP:\xd6\xb9q\x8eD3\xb8\x8d'
    b'\xa8B\xa8\xe6/\xd8\x1a\x0b\xb47|\xb7\xcaM\xc3\x126Fnvb\xbbe\x073fW\xa0S\x91k\x12\x1d\x90\xeaA\x07\x1d\xc7\xe7,"\xc2$\xd2\x9c]8\x9d!\xd0\xce\xf2l\xa7\xae\xf5\xf88\xb2\xc0\x13C\xd9'
    b"M\xc3\xecX\x86+w'v\x92\x08\x17\x0e\x83\xa0\x83\xec9\xaa\x1f\xe3\xab\xbb+\xf5H\x0fi\xdb=G\xc2\x01\xd2\x8dF\x86\x11\x1a\x19\x04\xb1\x1d\x16\xe4\xcaod\xd3r\xecO\xca\x97\x8c\xd7/\xbf\x12Z\xde\xdc\xa9\xe2"
    b'\xc7\x8e\xa8lm\x0c\xe1\xc7<l\x1a\x18(N\xc29\xad\x14\xd1\x8e\xa5/\xae\xf5\x03\x89\xc7\x96\xc8\xa9\x80\xc0|\xce\x11!\xd6\n@\xdf!\x869\x13\xb3\x9b\xb1)\xfc\xa1\xf8\xfcm\xad\xeaFo@\x12\xff\xd9i\xd9\xb7'
    b'W,r\x89\x00\xc7\x84\xff\xd2\xd9\x93\xdf%(hesL\xe2\x8e\xa2M\xd9\xd4@\x843\xeb:\xbf\xf7\xa5#\xcb\x13\xd7\x92;\xe22\x12(\xe7Pi3\x9c5\x14\xa6i07@\xbc\xc4\xcd1\xfa\x16\xa1g \x9d'
    b'\x8d\xe4\xef\xd5\xb5k\xe0n\xd5.\xad\xe6\xce\x1d\xa3\xc9\xb4T\x1a\xdd\x92\xce\x91=m\x0c1\x8e\xe1\x86@\x93\xd1\xc7<\xf4\x0c\xca\xd6\x03\x83\xe2\x1f\xd1R\x95\xcf\xc8S\xa0d\xa7\xfd\x944\xe5\xd8j\xc1P\xfcf\x832'
    b'r\xdeg\t4\x92\x88M\x90Z7G\xc5\xe4\xc6]\x9c`L\xb2p\xe9\xd5\x12\x89\xa8\x19\xc7\x88\x9d\xbfy\xda\xcbl\xc5\xac\x1b\x1fU\x1cLk\xf2\x1b\x92\x93\xe2\xda*\x0bd\xcc\x9a&\xa0K\x18\x95\x9c\xa8\x91x\xf9'
    b'\xe0,X\x84\xc0\xd6T2\x83\x9f\x07\xb0\x98\xb5\x92\x11\xf4\xb0|\xa5\xd8\xf4\x11)\x19\x83g\x88{\x0cpu\xecTD\xc5\xf7\x88\x89\x0fa\xb3iLg}\xec\x98\x99mO\xec|\xca-\xa0R\xee\xd1 \x8f\xb0\xb8\x9c'
    b'\x9bH^\x99|N\x8bUu\xc3\x88mW\xc3`\xc7\x8c\xdao\xc2\x90M\x1a\xb9\xd7\xb0\xdf\x80\xd9\x9d\x1e\x91$2\xa5\xb5\x1cRe^\xdd\x9a\\\x91\x1f/7J\x10\x89Vyu\x9a\xcek3\xa6\xbe\xfd\xa8\xf3\xf6\x86'
    b'k\x07d:\xf7`\xc8$\xcdts\xe5\xb0.\xea\x8f\xb7I\xe0\x1a\x911VHMR\x80~\x95A\xc0\x0c\x1d\x95.\x98\xc1\x0f\xc4\\J\x16_\xf4q*r\x0c\x82\x0e\x92/Kx\x93\xcc\x1c\x8f\x1cn\xea\x8f*\x99'
    b'\x11\x1aT\x96\xdd\xad*\xe2`\x97D\x1ex<m\xf2\xf7\x1d\x0c\xec&F\xc5\xba:\x19P\x89|\xabUp3\x153\x1ak\xd1\x0c(\xae\xd6&\xff\xdfD\xb5o\xd6c\x94BvX\x83e\x96\x83\xb0\xab\x1f\xe7\x9c\x87'
    b'\xff\xf9g2\x16\x13a\x92\x8a\x89\xdc^\xe4@M!\xc7\xee\xd7ZY9\x1c\xdb\\\xef\xf5\x87\xfa\xe3G\xcb\xe8xnT\xcf\x1d\x85\xd8\xc7\xd0{v7\xf8=\xaeO\xa3\x05 \xda=*\x07\xccb\x10\xc8\xcf\x9dc\xa7'
    b'%9\xaa*L\x95\xf8\xcb\xcdU\x90d\xf7H~F\x19\t:\x1c\xc3\xaf\xc78\x05\xf8q\xef^\x9f\xb0\xec(?nH\xfd\x1e\xef\x17\xf3\xaa\xf1\xd0g\xa0\xfa\xf3\xa1f\xee\xd1\x97\x8e\xb6\x1a\xbc\xf3\xaa\xcd\x98\xb0\xben'
    b'\xb2C%\xf8\x1a\xcb\x83\xbcl@D\x9a\xecD$V\xc2\x82\xd9\x03\x15v\x91\x1d\xd2\x19\x1f\xaf\xbcq\xa4\xc5\x06\x99\xb4\x8b\x95 \n\xf6\x1aN\xb6\xf2\x81O}\xce\x0b\xf1jLL\xeb\x95\xe7CG\xa39\x98\x02ko'
    b's1\x97\xfa7%O\xe5\x0e\xc4,=\n\xbb\xa5mx\x82\xaa\x18\xe6\x87L\xa1\xada\x93\x07\xebm|\x87f58\xc6-I\xad{\x1eY\t!\xdd\xa2n\x15}\x80\x15\xef\xd2\xd0\xc7\xf8\x13\xb7&\xfe\x18\x0e\xfb\x86'
    b'l\xb8\x03\xab\x8eV\xcbc\xc4\x10\xd3\x1aTB^#\xb4\xd6t\x96\x90\xc1\x88\x89\x1bO\xd8\xeb\x15c\x8c\xa4_\xaeN/\x1e\xfb\x15\xe8%\xa0\xf2\x9a\x91\xe0W\x1e\x0bw\x86\xcf\xadq0"\\3\x92\nc\x16i\xd6'
    b"\xf4\xab9\x04|\xb9~\x08\xf8\x95\x87\xa0\xfd\xe0\x1bo\x10\xb2\x84\xbc\x9e\x9c\tJ\xba\xe0\xe5\xaa\x98\xfb\xc2\x14\xfam\x8f\x8fO\x9es\xb0\xeb\xf3A\xd0\xbf'\x9e\xc0\xe8\xfcAK(\x9b\x90\x1d\xd5y\xef\x8c\xa4\xec\x13c"
    b"\xcf\xae,\xa2\xd0\xa8Q\x82=B\x8f\xe1+\xdd\xa7M\xefWjA\xec)\xf1E\x97'l%\xf6\x9e\x8al}\xee\xc9<\xbf'\xa6\xfd\xfd~\x99m\x97\xc6\x86}\xe1\xd6'`\x9b\rg\x9d\x1b\x8e\xfd\xec\xd1\xe7M\x15"
    b'5:HN\xcc\xa4\x9cw\xd4\xd8\xf6[\x963\xb5>\x1e\xaam6\x0e:D\xe6\xdf\xab\xd7S\xa3\xef\x16b}2\xd5\x12a\r\xf4\x9b\x07%\xbe\t\xd2\xf5\xb7\xa3\xa2\xb7\x96\xff\xbc\x06\x0c\xc5@\xcd`w\xad6aL'
    b'\x00e2O\xbf\xa8($\xbc\x1a\x15\xd1\x11\x9eh*o\xa7\xbdO\xc6g\x10\xb4\xb8\xcaH\xaa\x0eD\x91c\xeb\x06\xdb@\xbat8\xfa\xda4\xf7\xd1!\xa6\t\xf9C\xe66\x02A\xeeJM\x96{r\xca9\xcd\x8aJ'
    b'\x8e9\x89u\x92\xad\xbb\xa9w\x91g7\xf0\xee\xa4b\xdf\x9d\r#\xd1\xc2(\xd7;\xa7\xd0\xb4"\xee\xc7e\xc8\xfc\xde\x80\xc7\xfc\x08C\xef\x10`B\xa0U@\xdb\xf5\xe1G\xc3\x9cd\x14\xe2qmO\xbbP\xb7\xda\x95'
    b'FZr&\x0fA,\xdf\\\xf61\xf2\x9b\xd6\xf9\x03w\xd64%\x8c\x8c-\x81\x0e\x9f\xb9\xb4?m^:{\x16A1\x08\xf6\xb3\x1cTtk\xea\x06\x0c\xbaP,\xbd\xe39\x94\x9c\x0es\xe0\x9d\x12\xad`a\x1c\x05'
    b'\xd5\xca\xe7\xd9\xf6hQcn\xef\x1ak!\xeb\xdcb3d\x7fB \xa12I\x06\x12\x1d\xf1\x90\x03\xbc\x9d\x84c\xaf\xef;3\x14\xfb|\xe7\xe2\xb9\xcb\xd1\x90\xd4\x1b\xce\xfc\xb7<z\x12\xabJ\xf7Y\x81\x15\xf9\x18\x04'
    b'\x1f\xd4\xc1\x86w\xb2\xeaMU\x82\xb1\x08\xa2\xee#\xa7V\x0fq\x11\x04Y\xebGH\xaa\xe5\xde\xf8\x83\xd3y!\x9e\x04iF\x01x3u\xb5\xf8\xfd\xdc\x98\x02\xd36\xe93X\xcb\x87\x00\x024\n\xef\x0b[1?\x0e'
    b"=\xa4\xca\x03\xd3\x01\x1f\xe92\x8d\xd5\xe0I\xf9\xd6\xa1&S_\n\xfb\xa3\x8f\xd5\xe0\xf8fE\xc9(o\xad\x15\xf0\x94\xb7'H{\x19\x0bH*\xe7\xb3~W9k\x05\xb6(u\xb8\xb2\xa7\xccf[6\x0em\x91\x9c"
    b'\x08m\xd0(\xf3\x9c\x93<\xc49E#\x8bJ\x8bE\xf18\x8fH3\xa7\xd8Hi\x93hc\x14\xdcZ\xfe\xcc!\x01\x12\xe4\\\x15f?\xe0\xba\xcaj\xaa\x1cn\x93J\x80\x1e\x8d\xfb\xab\xf2\x10~Ff`\x87\xea='
    b'\r\xc2\x05\x8c\x13\x0f\xd9\x85\x10\x19\xb7\xb1Pv*\x05a\xc9)\x15\x01\x80\xb5\x9e\xcbu\rw\x18\xc25\x1c\x90\x9a\x92\x83\x11\xd1\x8a\xb9S\xc1\x16\x02\xd4\xb7[4og\xcf\xe4\xd1\x89U\xd3Q\xcc\xdc\xf77\xdb6\x1b'
    b'S633\xb6\xcf\rW\x8b\xf3\x8e\xdeh\x88\x05\x8a\x82yr\xce\x8bD\t8H\xf4\xe0\x97\xbc\xad\x80^R\xba\x05\r_\xe6\xc0\x0ej\x8dt6B\x82\t \x01\xaba\x82\x02\x1c\xb8H\x92%I\x9a\x9cT\x04\x90'
    b'\xca \xbe/\x84\x8c\x9aG[\xa6\x88\xd9\x08\xf4\xb4\x86\x8f)\xa2\xd0J\x87m\x80*\x80\x88)[\xf0\xb8\xc8c\xb6\x8c\x03\x1fJC1#\xbfC"c\xc2?\x10\xcc\x19\x89\x01#c\xd1D\xfc\'\xb0\xb9\x8d1\x049'
    b'\x1b\xcby\x9c\x92\xf7\xd2\x9c\x12 T\x9a\xb5\x06\x8f\xcf\x05\xac\xa2\x03\x13\xb49^\xdc3f\x88\xb4\xee\x0bH\x1d<\xd6\xc2Oj\x00\xbe\xf9\xf2:\xbfG\xd6\xe9\xdb\x04\x1a\xac\xd8\x14\x1b\xb7\xca\xb4\xf9\xb1m\xb3]\xba\xf3'
    b'\xe4\xa0\xbd8\xba\xc5\xdb%<\xcb\x9a\xfes\xb4\xe7\xdb\x12d\x17\x9c\xe4\xfe\xb5\x9e6\xbbp\xe4\xa2\xd7\x93i*s\r\xa56\xa6\x95~\x87\x99\xc5\x1c\x1c\\y\xde9\xae\xe4\xb7\xce\xd7\xd8=\xe4\xf1\xc1\xc9.\xc0\xae\x14'
    b'\xa5\x0et\x8d\x96]V\xd3)rv\x94\x96\xc3\x1e#z\xe1h\xdc\xee\xc9\xdb\x9e\xc94\x1a&\x9b\x9fx\x1f\xba|\xb2B\x03\r)\xda\x9d\xd6\x1ao\x1aX\xe4\x0fF\t\xd7\x1cKMD\x959H\xd1\xf2\xac0\xaf\xad'
    b'\xc0\x9f\xfb\r{2U\xf557\xa2m\x15O\xd3\tq\x91g/\xf4\x8b\xa4\xe2U-)\x0ed\x86\t\xe1\x9b\x07\xcc\x86r\xec\xda\x8d\xa8\xb7\x1e\x07\xd9\x0e\x88\x95\xba.\x02\xfc\xbeiY\xd5\x85\xc4\xae\xbcHL\xea\x9b'
    b'\\i\xb0\x1a\x19\x16\xdcq\xe8\xb9\x1a\x0c\x99\x83\xe7/\xb9\xe0(p\xfb\x1f1C\x87\xe5\x0c\xc3+O\xea\x9e\xc7\xb3D\xd2\xc3\x00=Us\x9c\xa2\x9b\xa6\xbeES\x1d\x82\x9a8\x06E6`V\xbc\xca\xe6E\xc1\xfe]'
    b'\x10\xacr\xdch\xe2\x7fh\xe7\xee\xec\xc1\x8e\xf8,\xb3\x12\xe6\x80\xb9\xe9\x06\x89\xa3\r\xadX\x8e\rE8\xf0\x9bkb\xa9fMl\xad\xabf\xc3\x8ep\xe5-\xae\x90\xba\xb7\x8cQ:\xb9\xa6S\x92\xa5\xb5]\x84\xcd\x05'
    b'\x8b\xa0\xa2\x0b\xb0\xa6%\x9el\xd1\x17\xbc\xc7Z\xa1-NO\xe6\xb4\x94\xf0\x8f\xe6~\x0f\xc3\x0c\x06~\xae%vn@d\xb0I\xb7\x8e\xb0\xfdcF\x10\xcfr\xac\xad\x85\xa3\x80\xb3\x8dx\x99\xda\xc2~\x1b@2\xc4\x06'
    b'\x80h\x0e\xa4\xbc\xad\x93\xef6Z\x1e`n\xbe\xa0\xdb\xba\xf3\x1c\x1d\xf77\x9a\x91\xf4\x1e+\xf3\xbd\x07\xddO\x1e,=\xcf\xc1\x1e\x8f\x9c\x82\x8c\xfeM\xebI\xd9=\x01\x16N,\xbcY\x16\xfc\xe1\x96\xa5\xbd{\x8dX\xec'
    b"\xa6(\xa0F6Z\xc9\x04\x9c\x95\xbe\x16\x85\x8e}\x1c\xe2Q\n\x12Y\x12\xd2\xc0\x10\x8d\xe7sC\x1e8\x9d\x86\xf1\xd8\xb6\xc7\xdc\x92FI\x03\xe6\x99\xa4\x14,\x85\xa9\x08\x8a\xaa9\n%\r\xba\xd1\x9a:lg'\xa5"
    b"\x8a\x83\xac\x189\xb1+\xf8\xaa\xa1\x84\x14\x94G\xf6\x1d\x1b\xa4a\xc6\xdbL\xa6\xb2\xbb\x13=\n\x1b\xe6\t\x92+U\x87\x86\xb1\x93\xa0'\xc7\x93h\xa8F$\tP\x0b\x12}\x1a3\x96\xe5&9\x98P\x08\xccQ\xc1\r"
    b'\x9e\x148O\xf2\xb6\xe4\x18\xd4\xe0\xb78\x9b\x0f\x95\xe4b\x94P\xad.\xbbI\xfcY\xa8-\xabo\x95j\xef\xac\xd9\xf9\xdb\x8f\xe5\xc5\x8e\xfdg\xd29\xad\xcb\xc4\xe4Ze\xe5\x04\xd2\xe35\xaeg\x8e9h\xdd\x05\xfc\xd7'
    b'\x86\xa1\x89F\xd6\xa7\xbe\x1b\xea\xe16\xe6\x04/|\x8c\xcc1\x1e\xab\xc3\xa6mC\xaf\xbb-p\x91\xebgC+\xef\x89?\x80\xb7\x94\x11\xe9\x9f\xab\x8a%\xf5\x12\xb3\x1b\x8e\xaf\xadp\xe2U8\xe1\xf0\xe7\xeb\xabL\xbc*'
    b'\x13\x14\xddn\xa8q7\x94\xc4G\x94\xbcI2iQ\x00\xc6\xb9\x18\xb2\xc2\x86K\x99\xeb\xa0B\xe7\x84G\xc3hp\xac\xa7\x84\xde"\xf9\xd4\x86\xb8\xa0.\xcf\xda\xa5\xf0#[\x18\x01\xfa\xbe\x03R\x1d\x83V\xd8\x14(\xed'
    b'y\xf0\xb2X\xf6n\x98\xf5\x80f\xed[.8\x12\x05\xb51\x8c\xe9\xf3\xf3hy\xde\x82\xad\x83Q\x18\x8ec\xdd>\x8a\x87\xff\x02-"%\x1d\xbboY@\xf7H\x86\x9c%\x88\xcf\x98a\'\xf9\x83\x1aP\x0e\x9d$\xa5'
    b'W \xf5\x84\xde@\xae\xc1u|E\xe3\xf2\x0cs\xa8\x1b\xdf0\x9eH\xd2z5h\x05\x10\x9b\x02\x0f\xa74\xab\x1a\xe5\xb7\x89\xee\xde\x84]\xd7pj\xef\xac\xf9\x86]\xf9\xa3\x8b\x01\xff?\x8d{\xf3\x1f=\xa2\xff_9'
    b'n\xeb\xc7NR\xe5\x05\xccK\xaf\xebQ\x7fm\x16\x1b\x01DGk\xcd\xf0\xb3\xf5\xca\xc1\x8d`\xbc~\xe2\x0e\x0f\xc2\x94\xba\xb2qL\xba\xc2\x91s\xbaN>[\x9c\xfb\xca8\xf8sR\xaa\x8bD\x8e\xf0M\xf2Xn\xd1'
    b"=\x99\xcf(WN\xe7\x19\xbf\x9a\x155\xb3\x16\xda\x9b\x88\xdda\nT\x97\xfb\xcc.\x901N9\xe3\x9e\xc7|@oL<;\x82J\x84\xd8\x84\xf7\xc1\xf3\xa3\xd8\x16'\x8a\x06\xc3\x12\x8f\nW\xe4jh\x98G9\xe8"
    b'\x13\xea\x946n\x95\xb3\x9a%\x15\xf4\x9d\x1a\xed\xb0vy`}o\xa4\r#\x145J\xb33\xa5\x1d#\x96L{\xdc2\x18\x04\xb6\xe2\x1d\xad\xe8K1\x05\x06\x06\xdc\xa3&\x06\x81\xe9a\x9b2\t\x1aL`\xb3*J'
    b'\x06\xe8\xce(\xd8\x81\x0bO\x96\x17\x14\xbb\\\x9b\xb5\x99\xc6\xf5]j1DK\x12}\xa9N\x9c;\x98!=\xb1[\x9d\x83x(2V]z\x01\x19\x0e\xc8\x8ae\xa5\x92\x06\xba\xf085\x17\\W\x02\xa9\xb4\xc4\xa3}'
    b'\x1e,>Q\xda:\xfa\xb1\xad\xf9\xe9\xe8T\xbf!\x04\xdd\xc6\xd8aL1\xee8I\xb1w\xd7\xb9QW\r_\r=\xd0\xf6{}u\xdd\xeaR\xdb\xcdT\xf3-\x1a\xe4-R\xa1\x1c\xb7\xb7\x80z\xbfKM\xf3k\xbd'
    b'\xdb{\x87RrseD\xd7II\xe1\x1f*\xe2H\xa2\x08N\xcb\xd6\xd6Z\xc5f\xe2\x9df]\x03D5\x9d+<\x1a\n\xe8M\xd5}\x83\x16I\xfa\xc6\xaeN\xd7Z\x18O\xd6\x915\xf0r\x86y>w!\xfa9'
    b'0\xe7\xc6b\x87\x9f\xb3\\\xce\xd6vN\xaa\x87\x15\xc5\xe9\xb5c\x94F3D\xa1\x8a\xcd]\x8ewL\x0b/\x8d\xa5\x98\x8a\x03\xfcmy\x90\xe6\xe9m\x9f\xdeq>?$\\\xf4\xf2&p\xb0\xedQ\xc1\xd1\xb3Ib<'
    b'C\xa4\xaf+\xafU\x8c\xf9\xda\x93\x06\xfb\xe3\x97\x1d*\xe42]&\x94\xa4U\xa3}\xd1\x04N\x07\x1dT\x85\xf3\x14\xe2A.*Wc\x13\xbf\xac\xd1\xcc\\HL\xef\xc2\xdb8W\xb5u\x96q\x89$\xc5B7TL'
    b'\x95\x1e.\xdb\xe10\xde\xfc\xbb\x83`\xc8\x19"]\xb2\xc5\x1b\xadK\x98\xf69\xad\x92\xaf\xf3\x18\xdd\x1a<1\xdf\xcdM\xde\xfa\x87\xd6\xaa\xef\xadk\xd2`_\x9f\xeb\xba\xf5O\xd2T\xbb)\xa7;\xcb\xe1\x8d]#\xe6@'
    b'I>\xfbjt\xfa\xee\xd2\x92o\xd2\xc0\x1e\x9eW\x14{{\xe5\x12$\x02\x1a\xd3\xa9\x9bd\xe5\xaf +\xb9\xc5\xb5\x19\x83\xd0\xd6\xe6\xa7\x04\xc8h\x91\x86X5G\xea~\xf6\x97V\xb2\xd7\x9cL>M`\xeb\x9e\x85\xb7'
    b'\x19\x9eQrD,\x06\r\x83*\xa3\xbaW\xacNN}\x85\xc2\xf1\xd0\xf0\xfd\r\xee\xb8)\xe8:>\x89\xc3\xd5\r\x03B\xad\xab\x05\x92\x96\xad-\x8cu\xb0(}\x11\xb2\x89x\xd1\xb2\xa6\xb1\xa0\xda\xd0\xe3(U\xb8\t'
    b'\xf3\x83=+\xa8\xeaK\xb1\x81\x93\xb1\xb9\x19C\x9e\xd7\x86\xc8\xac\xb5\xd0\x87&\xb1\x9e\x13\xfb\xe6\x9al\xbd\x8b,5\xa3\x80I9\x0b\xcfx\xc7\x82w\xf6-\xf7#\xc8\xb5\x17\xc9l\xdctD\x90\x04\xefKs\x8a\xaa\xb7'
    b"\x91\x10%Jk3\xa4&!\xa5\xf3p\x7ftk\x8f\xedGAl\xb3\x8f#-c\xd5\xd4\xdcq\x80i\x18:\xc6%\x19D\x0c\xd8K\xeb'`\x86\xf5=g;f\x83\xdc`\x0f\xf2gW8i\xb65\x93=\xd0\xe7"
    b'\xcax\xe8\xfbj5\xeb#\xaa#\xb6\xa6G*\xa3\x98\x8c\xd7\xa9\x98ka\xcfL\x8cr\x1e\xac\x93\x16\x9a\xb6\xa5~G&\xcd5\xcd>m\x1c\xca\x8d\xbc\x86\xc67X-\r67\xcd\xb6\x1d\xb9\xeeT:"\xf68+'
    b"\xe3s\xcaBJ\x01\xb7^\xe2_\xd5\xcf4b;\xcd\xedw\xbe\x8b\xa61(\x95\x16qX'e\xbc\x84\xda\x15\x81\xa4=\x10k\xcd\x98s\x0e.\xac\xb4\xd5\xc8\xa9\xd6\xc8CL\xab\x1f\xd3\x88{\xb0\xc3>#\x12$Y"
    b'\xbc\xac0\xd23E\xb4\x1d\x98\xb3%x<\x84\x8a\xf9E\xdb\x05\x08\x91\xe0\xef\x07\xc1s\\\x802\x96\xb4\xf4q\xceZ\x8d\xa3E\xde\xfalDOv\xb0\xc2S\x9ek\xdbECT\xf2\xce\x1c\xc4\xbd\xf6IJ\xc7\xb25'
    b'\xcfU\xfaF\xd0\xbd\xdah\xafB\xd7\x11\xc9\xad\xce(|\xb5\xae\xea{\x07\xa0\xba\xc4\xe8[E\x9f\xd9\xc4F?%\xd8f\x10\x84\xfd\xf6\xa0Zy\x1a\xfdM\x8e*\x9eI\xe8-\x0e\x93x\xdf\nog\x9b<\xa0\xc2\x9f'
    b"n\xe6\x00/'\xf7\xda\x9dk\x14*\xaf\xd7\xa6\x17\xd4(@\xcf=\xc9\xe4\xee.Sk\x0e\xca?\x9f\xeaO\x89G'\xddC\xaf\x00-\xe9\xc43t\x83$B?L\xaf\xd6\xfby\x86\x7f\xf6\x1fg\x15W\xd7\xdaY1"
    b'%q(\x02\x92\xbc\x9f%\xf8\xf3\xd9\xc5\xabYOn~\x92\x1b\x1fl\x8c\xed\xda\xf2z\x9d\x94[\xe3Y\xf1\xe5\xc6*ZAo<\xbb\xa6\xbc^\r%5\x90e\xbff\xcf\xe5\xb5UN\xa5\x07\x84\xe3>aA\xd3|'
    b'eO\x86.(\xa7\xb2w\xc3\x04\x8a"(\xd653<\x0b/pn``\x03,]\x8b\xd14\xca\xca\xbd\x0b]\xd7\x0f\xdc\x94\x93{\x14\xf4\xf8\xa6\x01\x93c\x91\x1e99\xa4^\xd80\xfc5\xd4\\\xf1\x07\x87{\xef'
    b'\x0f\xf7\xf1\xa6\x8b\xf0\x87\xe0O\xdc\x7f\xf51oS\x1fhQO\x97\xf1f)>\x13"O\x052\xc4\xf1m/\xab\n\x13\x10\x12\x9b\x82F:\x9b!8\x8e$\x15\xfd.\xa6\x00\xee.h J\xd4\xb0\x04\\\x99\x14\xe7'
    b'\x9f\xce\xe9\x8a\x9fe\x92\xccv\xb7\xa2\xfb\x14\xcc\xba!\x1eN5b\xc2\xe5,-\x7f\x03B\x80\xaa\x04\xfbr#?\xf0\xdf\xd0\x08\x0eI\xea\xe1\x17r\xec\xc7\xf7\xb7\x94\xc5\xb9\xdc\xe4\x92\xe1\xb1\xc0\xd6\x95\x9b\xc4\x0c\x885'
    b'\x05\xab3\xc9\xd4\x08\xdb\x14/b\xfb\xed\xf0\xf7\xd7\x94\xfc\x1a\xbf\xb3\xf3\xadU4\xcd\xb59_P\xeb;\xb77\xe4\x08\xf7\x8c\x03\xba\x85\x14;\x0ffI\xb24\xce\xe1\x14#\x9c\x93\xc3+\xdfxZqkz\xa3ov'
    b'\x81~\x16lQ5\xce\x93D(4\xc3N\x1c Kf\xb6(y\xf95\xdbDq\xfe["\x19\'\x96xm\xfbKX\x92\xba\x07{\xe8y\xb1\x00\xc4Nf\x07x\xff\x1eO\xa6\x1f!\x06qy\xebE\x1b\x0bYp'
    b"'\xdc\x15\xd9\x84\x0e?\xa0\n\xda\x1e\xef\x05\xbf\xe0\xbd\xe7\x86ND|\t\xeb\x1b\xa0\xc3\x11\xdd\xfa\x17\x9d\xea\xd0L\x00\xdc\xfdG\xbf\x0c\xa4K\xe2\x91\xcb/\xa1\xd7\x04\x03\xe8\xb0XZgh}\xd3Q\xee5\xbb\xa4\xbb"
    b'\x05\xf1\x95\x1b\x98\xe6n\xf9*\xa6\xec~q\x9e.$\xa9\x94\xac\x10\xdf\x9avJ\x8b\xcaw\xbd\x99\xab\x9d\xf1\xed\x88\x84G\xba~R\xd2?\xa0e\xa0\x044\xe6\xbc\xf8\x9d\xd7\xdc\xb0\xb53\x98\xa5\x8b`\x9e\x15\x05P\xa2'
    b"\xed\x9d\xad\x05\xa5\xa5\xad\x119HD\xe7\x1c'\xce\x15m\x0b\x8a\x7f\xcb\xe2\x8a\x9djEW\xc7\xfb4(\x98\x1b\x19'\xd4\xe6{\xc9>'y\x14\x901\x873\xd4\xf3\xf4\x00\xaf\xe9j\xa6\xbaX.\x13c\x8dG\x05\x01"
    b'\x9b\xe6\x0b\x07\x074M\xc2H\xbc\x8a\x0cx0\x93\x9ewo\x0f?\x1d\x1c\xee\xbf\xfb\xf4;&\x08\x84\xf1\x8e\xcd\xfb\x83\x8e\x03_\x90R\xb6\xb9\xc4\xcb\xd7{\x07\xbfQU,\xf7\xeb\x18\xbb\xfa\r\xf6\x01\xa1-\x9d\x06('
    b'\xcc\x03\xba}WO\xa2\xe9\xe8y\xe4\xde\xf8Td\xb3\xca\xc2\x9ff\xfd`\x8b\xe0F\x16\x1a\x89\x10\xa4\xcbs\xa8\xb2n\x98\x1c5\x03\x96\xf2\xe9>\nP\x1fO\xf1(\x1c\xc1U\xf1!:\x93P\\>\x9a\xd4\xde\xdf_'
    b'\xbd\xf9\xeb\xa7\xc3\xbdW\xafy\xba\xd0\r`$\xcf\xf5\xae\x0f\x8b\xcd`G8\xdc\xb2\xa8\x0fAP\xb1\x87\rNP\x14@\xfc\x00\xef\xbf\xeeY\xdd\xd3\x967\xb6\xf2`\nT\xb7|\x85\x17\xab\xc2V\xb3%hC\xb6\xdb'
    b'\xf7\x12\xa2\xf2\x02\xdb,\x1b\xbc\x9a\xe2)\x17"\xecl\xdc"\x92!\x87\xab\x82\xdc\x02+.\x8c\x15\xf8\xf02\x16\xbd\x1a\xcaE\x94\x9f\xf2\x8dd\x86\xa3;\xbcC/\x9a.\xe5P\xba4x\xcc\xf0\x81\x9fxr\x82Uc'
    b"\xc0\xb2|\xf6\xfc4\xcdf\xbdu\x9d\xa5!'\x86[\xcb\xe2\xf5\x1aL\x8c\x95+\xab\x9aZ\xf3Z\x86\x9e\xcc\xc4b\x13\xed\xc8L\x03oN\xd9\x95u{B'\x1b\xfc{\xe4be\x13\xb8 \xaa\x99%\xb0\xa6F\xebI"
    b'\xd9\x9e8\xc1\t\x07S\x1a\xe7:\x06\x83*1\xce\xf7\xa3\xf4\xd8\x83iJrd\xcf\x1d#\xccb\x84\xff\x19\x06=w\xf3\x0c)C\xebS\x14+k\xd7\xb4M\x93V\xb7\xcb\xe0?x\xda$w\x0f<TmD\x9by'
    b"\x08\x82W)\x0f\x805\xe1\xf12\xcf\xd4AY\x9b,\xefZy\xcf\xac\xd4\x98.\n\xfc\xe2\xf1M\xc7\xb4\xc28j-\xfe\xa4\x10\x17ur\rJ\xce\xd2\xcf\xa12Z\x1c*\x1d\x10\xc6\x19\xba\x97'\x82\xdc\x9c19&"
    b'\x99\x8fl\xba\x94\x0bG<\xaca\xff\xe7\x1cf\x82\x1dy\xf0\xa7\xe6\xf8\xa6\x05l\x86N\x13h"\x01?\x8f\xb8\x84}\x8d\x8f\x04~~\xa6yQ\xab8\xaf\xe7\x18\xc2\x97k\x84\x9eN\xd9\x85\xab\x1fY\xbcn\xc2K{'
    b'\xac\xc6\x01\x9c~\xe3\xdc \x7f\xa7\xbe\xdd\r\xc1\xb9\x07T\xf1\xc2\x85p\xbfbq\'\x07\x82\x97\x1dDbsX\xb7\x12s\x14k5\xa2\x17"\xcb\xe0\xdb\x05M\x905\n0\x9c\xdc#\xad\x9dPFl\xee\x1d)\xbeN'
    b'\xc2K\xbe\x97\xf0\x16\xcb\xcc\xbb\xf7"#\x18\xad\x11X\xb0\xdcQ\x88\x17\x13\xa3\xa2I\x1c\xf8\x00\xef\x7f\xa6\xb3\xeexr\x90\xfe+\t\x8f;\xce\x0c\xce\x92\x0b]\t\x1e\x10\x0b$G\xf0\xfe\x98\\\xdb\xb1[z\xb2\x91\xed'
    b'n\xc1\xc8d\x95G\x15vR\x15\x19\x8c,l\x95\xfa\x9cV\xe9$\x85\xad\x8ajX\xc8\x976\xb5K\xd9ac\xa9\xa5\x98\x1d8J\xfb\xd0F}\x89\xe0\xe5\xc7~\x99\x1b\xe8\x89\xcf\xbb\xe3\xf4\x91\x05[\x92\xba\xf4\xb3\x19'
    b'6\xda7\xfe\xdaf](\t\x84\x8b5\xdc\xb0\x15\x0c\xf1\xb6rL"\xc6\xfd\xf1\x91\xc0\x07|\xd9n\xa6L\x16 \xef4\x9aQF\xc4G\x8a<\x1fX\xe7g\x88d\x80Z\xcf\xb3\x14\xde\xbd\x87\xaf=\x97iu\x89\xb3'
    b'\xbc^]\xd2+\xbebi\xb1d\xb3;\xc6\xad\xb7k\xcaM\xdaP\xb2\xdfa\x92a\x90u\x07\xf3\xfb"\xef\xb0K(\xf5b\xc1\xe9\xc2r\x1e\x8c\xa4\xd3Z;\x1a\x14Uq]\x18\xd0\xc3\x96\x18;\x90\xa8$\xbc\xca\xdc'
    b"L\xf4\x9e'\x80\xefHL8\x9aHl\x99a\xb0c\xe2\xbe\xad\xf0\x00\x82\xec\x01k\xdf\xe8[\xe9lY\x0e^\xdd\xed\xc48\xa5n\\\x06\x85\x98F\xa9}\xc7\xb4\x0e\x1b \xf1\xbah\x86\xec\xda\xe0g\x07\xe5]\x1f\x7f"
    b'\xb5\x074\xb0\xdb\xb7\xec\xdb\xc0Sq\xf5\xdc\xf5}\xf3\r\x13\x92\xef\xc6\x15~\xfd0\x89\x17\x02\x95\x8a\x1aMr\x026\xfe\xa4\x93\x90\xd0\x00}\xcd\x07\xad[\xf6\x05\xe9\x86\xea\xf9/\xf6\x8e\x0e6\xa9\x833\x1b\xfe\x97\xad'
    b'\xae\xd3\xcf\x82Ri\xb8\xd9\x02\xd8\xff\x1f\x13\x04\x90G?\xfe@\xd6\xa6\xed\xc9Q\xad\x7f\xfc\x88\x9e\xf6\xb7\xa1\xc9$\xc8@Y_"\xc47\xe6\x88]g\xe4\x89gP\xa0\xef\xba\x17\xde,\x80:]:\xc6\xf2\x9b\xc5\xd5'
    b'@\xac\xcb\x1e~\x14\x14K\x86\xa1\nb\xa2m\x08\xa6\xe4\xe9`-\x9dX\xdc\x8d\xa8\xd0p\xd2\x8b\xebF\xb0\x00E\xdd\x02\t\nw\x8c\x01\x1b\x1d;\xf2\xa0;\x06\xa8\xd1oz`\xda\xd5\xdb\xea\xb7\x05\xf1,\xd5\xc8D'
    b'\xfcT\xe4\x8b\x02\xddq\xd8\xe5\xdb"\x08\xaa\x81\xceL\xe8\x11O\x11\xf0\xef\x8bd\x1e\xaf\xb2\xda\x1e.\xc7\xd3i\xb2\xac\xb9_\x1d\x8dx\xbbt-\xabH\xdd.fs\x80\x88~\xb9R\x81\xed\x1d\xe7\x00%b\xd5\x11\x07'
    b'\x8c\xca\xaef\xfc\xb2n\xdcbLe\xc5\x8db?t\x147\xb0W-\xe6\xeb-b}$\x7fs\xc3b\xc90\x8f\xa4\xc7\x11V\xf4[M\x8c\x83JD4r\xa5\x1c\xccF\xb4\x17\xe6|Bs\x9f\xe8\xc5\xe6\xbc\xa3\x95'
    b'-<\xea\xcb\x15\x12K\xd7\xda\xf1h \xad\xf3\xe4\x87\x9dM\xf6\xc7\xad\x89s3<\n5\x91\xf8%$\x18\xdf\xed\xc9\xe4%\xe2.3\xc3A\x02o\xc8\x1f\x84\xdb\xf8C\xd1\xb7\x8f\xfa\xfd\xb5}\xfa\xcb\x116\x0f_\x1b'
    b'D\x95\x15\x8ck\x16*\x1cwP\xdd\xe6\xbd[\xa4\xaf\xf7\x1c\xfa\xc7\x8e\xe3\xab\\"\x14\x15+\xad\x93\x8bK\x95e\x83\xdd\xe3\x1a\xa87\xd1\x0f\x9fVw\x10]x\rD\xd7\xa4\xebilL\xd6\xe6l?Mm\x8d7'
    b'\x85\xed\xe0\xc8\x14=\x16\xee\x0e\xaag\xf1\xf749\xef]N\xb2bz\x06\x15\xf3\x04\xf0\x13`\xd2\xbc\xfe\xce\xdb\xb06\xb3&Y\xcc=\xd8\x1dYZ\x82\x0eGs\xba\xa5\xf8\xa93\xca\x11\xf3\x8ac\xcb\x1d\xf3\xa4\xa9\xa1'
    b'\xdd$\t\xb8\xf9\x864\r\x89\xc3\x1c#/*\xd7\xb1\x99r0\xb5d\xcf0Q\xc1r \x93\xd6\x922Zty\xccL\xcf\xd63\xf2\x9e\x8f\x97\x1b\x96jK\xdc[+\xfb\xc8H\xcez$A_\xe5&\xe7sD\x8d'
    b'\xa3J3\xe1\xc95\xcf\x01\x08\xc6\xf4n8\xc4\xe1r\xd19\xb0\x00\x11^\x14\x10\xf5\x81\xc2\xe2=\x1eCkz\x1f+\xb8`f\x03\x1a\x1b\xda\xa4\x9d\xeb\\\x01*\x05\xec\rP\xb4\xcb\x8b1Z\x1d\xa8>\x15J\xe5\xde'
    b'V\xe0+4e\xb5\x02\x92[-\xad\x90\xe1E\xc9\x97d\xfa\x1c\xcf\xc1sP\xc1m?\xa0\x05I\xc6\x12\x0b\x1b9O7\x037\xfd9\xf0\x1b\x04\xee\xf8\xf1\xae\xe6\\\x0cG\x9d\x12\x1c\x1e\xa7\x9d$\xb3^\xbf}\x8f '
    b'\xbd\x96\x0bO\xc4\xaa\x8e5\xf0\xc0\xe22\x00\xd4\x8e\xb3\x03\x98y|\x92\xe0P^\xd5\xc9\xa2\x17\xce\xbf\x0c\xf94y8+\xe39efq\r\xed\xc1\x15\xde\x04?=\x05\xc6\x06\r#\xabl\t\xae4\x0c\xae\x04\x82\xf4'
    b'>2\xba\xd7\x00\xe1\x04-\x1d\x00\x1dN\xf7"\xa3\x83\xc2\xebJ\xf2V\x0c\xddL\xcc\xce\x91\xc0\xbf\xd1\x18\xdd\tV\xdc\xe8\xb2;fe\xb1$\xb6\x8e\xbe%H\xa3g\x1a\x99\xa3z9\xa6\xd1\xd0\xac\xfa\xa0h\xe1\x1f\xf6'
    b'*\x84M\x93%\xa0\xc7\x9f\x14\xec/\xb3!\x94\xbe=[\xa0.\xa8,\x0f\x9ac\x81a\xac\xad\xd3\x01!G\xda@\x14eiCB\xc6\xf1d"\xce\xa7\t\x8c\x04\xcf\x00(\xf0\\\xe9?\x88I\x98\x00\xc2\xab\xe0E\x99'
    b't\x81h@\xe1\x93\xd7,\xe1\x14\xe8\xc0\x19\x8c\xaf\x81"\xd7\xd4\x98dt\xc1ys\xc9\x01;\xd12\x08\xdb\xaf\xd7\x18\x08\xd0\x98\x07[\xb2^\xeb\x1a=K.\xd8\xd5m=\xa0\xeex\xc4\xdah$V\xa2g\xc0@K'
    b'J\x98\x88t\xd1\xcbi]f\x7f\xb3\x06\x8d\x9bd\xbc\x8e\xfd\xd2LL\xeb\x1e\xd87:\xde\x03\xe5\xfd\xfc\x05y]a\n\xb6\xee\x9e\x84-[\xe6B\xc6\x05j\xd2\xb8\xd0u\xb5\xfb\xc7\xf2\x9bZ\x1d\xde\xd8\xeaa<!'
    b'\x0f\x9d\xc6\xeb}4\xedZ\x8f\xe8k\xc0%\xfc\xd5X\xd2\xd6u\xb4_M\xe3%:\xae\xac\xd9\xca\xde!?\xbbv\r\xff\r\xc7\xfc\xdaj\tZ\x08Z=\xd5"\xf7gz\xd8\xb0t\x07\x1a\xc1\xcbn\xe8d\x15\xf6j'
    b'\xf9\x99\x0ef\xd2< \xd3Q2{\xf1\x8ci\x8f\x1e\xbdH\x98\x07\n\x82z\xc1x\x89~~\xc9\x0c\xdb\xa4\xf3Pr\xb3\xc2mI\x0731\x1e\xba,\xd2\xaa"c\xf4j2\xb1\x07\x98\x9a0\x88\x0e5g)z\xdc'
    b'\x89\x93\x07z\x82D\xc1\x1e6)\xa7\xa09\xba\xe0\x01\x8d\xcb\x8a\xe2L\x93hX0p\xf2\xa5q\x0bH|\x87-\xdd@+9\x8c\xf8\x1e\xb0\xb4\x82\xd6\x95\x9c\xce\xe5J\xb8\x94=\x82\x88\x1d\x8b\x0c"D\x98\xc7\xe6\x9e'
    b"\x1fs7/\xb0\xf3\x1e\x03\x8fQ\x8d\xd8\xde\x86\x9bm[o\xf5FPF\xf8\x82\xf8\x1f\xce\xaa\n\x07b\x90\xe3\xcc\xd4\xa0\xdf\xad\x96'e\x0c*\x0e]\xd1\xee\xe9x\x14\xaf\xb0\xa4\x04\xa8\x15 \xaf\xe8\xa6\x1c\xce\x8c\x0c"
    b"6\xe9\x85<\x0e4\xcc\xabF'\xadV+@\xf1\xaaj\xb6'\xc4\xc2\x0e\xd9T\x91>\xea\x12\xe0\x17S\x05\xdb:\xc8\n\x18\xbaJ'o\xa1\x1f$\x1d\x15\x9d\xc3\x890(\x83\x9f\xa02-\x98\x93\x9c\xbb\xc9\xebE\x1d"
    b'm\xbc\xbf\xdahC\x1f J\xf0\xf7\xae[C\x9f\xfbwe\x01\x08\xe7f\xc5\xe2|-\xf6\x12\xc0\x8bVR\xf4\xdb-\xd3\xff\xd4B\x99v\x131\x9d\xfb\xed\xf1\xf0{\x9c\xb3\xbfU\xe7\xfa\xe5m.\xb0\x9c\xa0Ug\x92'
    b'j\xed\xda\xc5\xee\xaf[R\xe0\xdd\xbd\xe6R\x121\xad\xce\xd6\x8fH\xe7\x81\x85\xb8W\xbdQ\xd6\x9d\x95m\xe6\x9b\x80\xd1@\x99f1E7\r\x03\xbc\xbe\xa8\xe8`qu\x91Om\xf7K\xa0i.\xca\xd1\x05:\xc0;'
    b'\xf0\xc6,L\xee\xd3\xc6Ls\x85-\x94\xea\xc2>J\xe1BU\xb1\x04\x00\xe5\xbfW\xc0U\xde\x19\x82\xd9\xbbD\x97\xb6\x91\xbb\xe5\xae\xfa\xc6\xdd\x92=\xb5\x9c\xb5u\x9a\x82\x05zi\\fz\x12!TE\xf5\x97\xda]'
    b'0\xd94X\xa3\x11Y\xd6\xdc\x96\x9av\x15a\xc0&Q;\x0f~g\xa0 \xc2$\n!/\xd2\x92\x02\xa8.\xdea\x91\xb2g:&\xb0=\r\xda\xd3\x13\xc5\xe4U>\xa22W\xa0\xb4v\xc1\xa0E"\xac\x14\x15Y'
    b'7\xf5\xbdIQ\xd6\xfb\x88E\x00&\xf4\x9a?\x0f$\x86\xef\xf6C^\xdb;\xd1\x1c\x97\x0fp\x9b^\xee~\x01\x96\xf8\xa2\x88\x83\x95\xe1\xba\xce\xa2\x00\xf1\xd1Dz\xa4\x19\xe1\xed\x9b\xcc\xe78\x17\x95\xdcq\x07Z\xf3*'
    b"#N+\xfe\xa6\x01\xa6\xffc6\xa6\x8e\xb0\xf6\xe2JN1@\x9e\x15\xab\xba\xc6l\nsr9\xa9\xe2\xcfNvdt\xe0z\t\x14\x93'Q\xe4\xcf\xd0\x0b\x83\x96\xa1^\xa1\xdb\x04\xd0\x88\xd7\xf1$\xc9\x9c\xdb\xd60"
    b'\xc6\xd3?\xb3\xe2\xec[&\xc1#7\xa29\xb98\x8bmF\xb1\xce\xbd;\xf4\x0b\xf6=\xb7\x02\x9f\xc4\xdd\xcd\xe6\x9d\xb7w+\xc0\xecA_|\r#\xf4\x80Ei\xb8-\xf7\xe7\xb92<\xce\xe5\xceP\x17\x1aO;\xbc'
    b"p\xc3?P-\xef=\x07\xc1\xfa\xde\xff\xc1\x84\xf2\xea\x11W\xf2Y'\xb2\xff(\xb4A\xb7$0Q\xd8EK\xa9\x1f\xf0\x9d\xf7\xd0\xef9&~\xa0\x95b7\x14n\x1dq\xec\xc2Q\xc9\x1d\xe3\xc2z\xf3\xc2\x96\xa7\x14"
    b'\xbb\xd9:\xbf\xc32@\xab\x01SqZ$s5\xbd\xbfq\x1c[\xc6\xeb\xd9\xd1\xef\xaf\xaes\xe6\xa03y\xe0\x12\xb3\xb4\xc2+Y\xbdk\x99\xd6\xfb\x85\x12\xc2\xe1\xc5@\x9eQ\x9d_;\x96$\x8a\xff1\xf7\xf5\xc02'
    b"\xa8\x8b\x9c\xba\xf5\xaeJ{\xb7\x87\x04\xd5\x91w\x10\xfb\xce\xf87\xd3\xac\x1d\r~gJIL\xd2\xb3^\x86\xe6u\xc3\xfe\xaf[\xc5\x18\xca\xd0\xcd\xf1:W\xd8X\xf9'\xfe\xf2;Y\xc2n\x88\xcb\x8b\xd0|m\x03\xb3"
    b'\xcd\xa1`\xcb\xe4t\x9a\xea\xde\xbf\xfe\xe6\xd3\xfb\xfd\xbd\xe7\xbf}\xda\xfb\xf4\xe2\xfd\xab\xbf\xdb[\x9e\xa40\x0c%7a\xb3\x94\xc2;-\ratX\x9e\xb5h\x1a\xe7L\x9c[Z:\xe7c\x86\xe3\x98\x06\xe0\xfb\x8d\xbc'
    b'\x88\xed\x99\x84\x8c\xa6\x9e\xb0\xc5f\xbb\xdaV\xaf\xcfx\xc2\xc3ZC\xc2B\x99\xa1\xb5\xa6\xb0\xc4\x02_\xde\xe2\xf2\xa3k\x1ei\xe3\xb9\xc4\xb7\xcb\xad\x117 \x05H&\xac\xde\xc0X}\xf0\xf7\x9aJ\x00O\xc2\xac\x8a$'
    b'\x99d\x8f\x1c\xc9\x7f\xf3\x8d\\\xac\x99\x94\xc3-\xf8\xa6\xa8\xf7\xf2\x97_^\xf0T\x8c\\\xa0\xfd\x1d\xd2\xf5/E\x86V#\xcec\xeb\x12U\xb5\xc0\x9a\x88\x7f\xd4\xb4$\xf1a\x8e\xd1J\xed\xb0\n\x82Y\x14 \xa3l\xe9'
    b'b\x03\x93\xd3\x90\xaf({\xf9\x9f\x98\xe5A\x8c9\xebR\x92\xe8H\x9f#\x97\xa3A\xd065ms\xec\x81L\x19\x13G\x04\xaf\xe8fW\xe4\xdb\xb0\xb5[t>\xdc\x83\xe9\xacP\xe3\x04\xd5\x9f=\x02\x9f\x15\x18\xca\xa5'
    b'q\xc4B\xe6\x9d\x81\x81\xaa\xd1\xa9\xca\xabiVD\xe0\xe0\xfbt\xee\x83x\x1e\x97)1\xac\x97 g\xcc\x8b/\xaa\xda\x9e\x8a\xae\x8c\xdan\xac\xab\x04X\xcb\x1e\x8eu\x11!\xed+\x13\x17\xce\x15\xcb\x01\xf1L\x03\x02m'
    b'\xc5\xe9iQT\xe8\xe4\xc9\xad\x12\x1d:\xa5\xcc\xd4.\x1b\x95M1\xc1\x13\n\xcc\xeb\x8a\xed\xa1\x15\x0b\xb7\x93\x86\x02\x11\xb3\x83\xaf|\x8ae\xdc\x85h\x08\x1b|\xb0\x8f=\x12\t\xb9\xe6\xec\x94m\xb2\x00a\xa7x$\x01'
    b'7\x1c\x10\xe4\x7f\x02F\xb4W\x83@\x00\x82\x0bP\x8c\xf3dr\x96\xd63\x95\xccBI\x81\xeaU\xa0\xf3\xa9\x19]EH\x87S9\x07v\xad\xf7uqj\xab\xe3=\xbf: u\xc0\xb8_\xba\xbd\xc0\xce?\x95\x1bE'
    b'\x9a\x9b\x9e\xef$`W\xa6\xbd\xb2\x8c/\xa2eY\xd4\x05\xce\x91\x0f+"\xf4\xf3v{%\xb2VIzm\xfbV\xd9s\x18\xda\xbc\x812 w|\xb6Zc\xbc\xe2v*\x1a\xaf\xe86\xda\xd5\xd5\x98oR\x06@\xa1'
    b'\x8a\x01\x1bS\xec.l)\xa9\xc4\x95\xde\x89lD\nF\x82#\xa7k\xce\xc9\xff\xcb\x07\tZ|\xb35 \xf97\x8c]\xae\xaa\xf3<\xf8\x19\xc1_R\x1b\xdfn\x00h\xf4]\x99A\xf9+AT\xbegN\xb9Y\x8a'
    b'w7\x10%<D\xc2\xcc\x8fH\x1f4\x076o\xc0\x9f+\xc6\t\xcc\xac\xe9\x89\xfe%\x92!\xcc\x82\x1da\x9bJ\x0bx\x8b\x92\xe5i\x06\xdf)\xe2\x1a\x05\x9b\xa2`r\x8a\x11\x02 \xed\xf0%Ed\x9e\x0ch\xed\x82'
    b'\xdf\xe3\xa9d\xf7r\xbc}\x80k\x08\x80x\xf5-\x9aj\xfa|\x99\x8b\x06P\xf0T\xf4I(.>\\\xads\x05\xa6\x86=WX\xf7~+\xc9V\xcb\xdd\xa3C,\xef\xe3\xf7I\x16\xd7\xd0\xf6\xbb\x98\x1d\xc8\xcdg\xf2'
    b"\xd1P'\xacM7\xdf\x085\xa5.Y\xa8N\xec\xd0\xf5T\x92p6\x82MY\xee\xd5\xbd-'\x9f\x97\x9f\xb2\x85\xcf&\x99n\xeeJ=\xf7\xf2+m\xc9M\xa7!\x02\x8a\x17\x06G&\r\x19\xae\xc8\xcdj-n4"
    b'a\xb0\xc2\xb6@\xaf\x1a\rt\xe6\x1b\xed\x16\xea\x8c\x9c\xd6"7"ex[\xc2\x04\xc6q\x99FJ\x19\x12\xf3J\x0e\x0f\xd8\xa5-C\xf2E/\xb4\xd6NRf\x0c\x99\xd0\xc5\x90J\x91\xde!\xee\xc8&\\\x80\xb5l'
    b')\xe6^R\xa3H\xd7B\xcb\xb1\x17\xa4\xad\x80vG\n\x9bC\xf2\xff:#\xf5\xa5\x97\xd0\xe8(T\xd4\x8c\xcf\x13\x89\xdc\x11JA\x1d!\xcb\x99&\xa4\xc8\x00\xd5\x1b\xd3Z\x89\xb3Q\xbb\x9d\xc1\x80\xac\x07\xac\xb6\xa2\x04'
    b"\xd3s\xf1\xd1\x04\x10\xb38erol\x9b\x00a.'\xe9\x0fDP\xed\xe8\xe35\nl.\x9d\t\xe2\x13P\xd8\xecUh{,\x08\x90\x91>/\xce\xf5\xfa\x02\x89\xc0p\t\xdbI\x91T-\xf1\xc0\x91\r\x80\xfel"
    b'Hj\x0cq\x97\x96\xfc\xdeb\xa60W>\xe73\x13b\xc9\xd1\x1d\xc2g\xbc\x88\x86\xe4\xd9\x05J\xf7\x0ef\xcb\x9d\x8a\x8e\xbe\xda\xd6\x13\x9aKf\xe2\x9c\xc5)\xf4\xec\x1aq$f|\xc1R\xd1)\xa0\x02\x14\xfd\xe3\xfd'
    b'k\xcfV\x0b\xcf=D\xb7gY1\xe9\xd1\xbd\x80\xc7\x83\xe0\x12\xd99.\x04<nRB\xfb\xf0\xaao\x9bR\x00\x05\r"r\xbd\xd3-V\xb5m8L\x87\x9e\xd9\xaf\xd6U\xbf\\,U\xf7s\x95\x9c=\x93\x92]'
    b"1\xbaD\xeb\x1dy\x16\xb4\xf2\x0f\xa4\xb9xH\t\xeb\x82\xbd\x89r\xbb'J\xf7(J\xf7\x15I\xf6\xaa_\xb9\xb6\xff\xa7\x98zL\xe3\xd6x\xa19\xae7\xadIp\xcdE\x00\xff\xf9E:c3Vy\xf6\xf4\xe7\xc8"
    b'\xcd\nA\xd9\xcbHOO\x10\xfc\x0e\x16\x17\xa5\xd4~\xc6Lsj\x82\x84\xb9\x93\x88bK\x18\xc5\x9d\xf6\xc9\x84\xc6\xe1O\xa8\xc5\xfa\xe7f\xb43\xa2\xe0-\xdeCA\x11\xc6\xe6\xa0\x08\xc3 \xf3\xb1\xda\x916\xe4\xda\x03'
    b"4%\t\xe08R\xac\xa6\xa8\xe5\x8a\x8f\xc0\x9a\x14\x1b:\xf6\xa9\xb5.\x8fQ\x95\x0c\xf4i \xe6\xc2t\x19\x86d\x93@\xa2A\xb9\xf1\xfc\xb0\x9e\xef'\xfb\xbe\xe6\xd9<\n\xfe\x13T\xfa\x7fF\xc5\xfcs\nf{r"
    b'U\x9c\x1a\xef]e\xc7O\xd5\xd2\xe0\xbe\x15Bo.\x15\x18\xf9\xe2)5\x03\xa0}\xfe\xdb\xfe\xf3\xbf\xbdz\xf3\xd7~\x03\x06&\x92\x8d/\x8bQ\x1dM\x0e:/\x12\xd8\x13|\x11\x97\xbb[3\xbafR\x91\xac\x13\x12'
    b'\xde\xfe\xc0\x9d\xdc\xda\x18\rl1\xc2\t\x0ey\xdd(\x81\xcf\xe7?\xa3\x02\xba\\^H\x02\x96b\x91\xb03\xc9H@: \xd8\x996\xbd\x96\xde\x88\xa2P&\xcb\x02\xe3\x10#\x1bt)\xe8\x04X\x00\xba\x10\xa8\xe1\x0b'
    b"?`6\xb2\xac\x896\xe2\xf3S\x94\xdbW\x0be9\x95n\x84S\x86M\xb7^\xbc\x0f\x03:\xf7uc>\xe2\xbd^7vUcbw@'\x1c\x06\x87\xde\x9a\x1c\x12\xde\xb4\x9f!\xd5\x05.\x00\xf0Y\x7fj y"
    b'P\x84\x1e\x84\x12\xb9>;!\xcb0\xe3+]\x81c\x18fj\xaf#\x15\x0cX\xc4\xd3SL\xf2\x85cx\xfbf\xff\xd3\xf3\xd7\xaf\x9e\xff\xed\xd3\xb3\xf7o?\x1c\xec\xbf\xc7`\xc5\x90\xc0\x95\x90<\xb1\xf9!\xcd%\xa3'
    b'i\x1e\x7fNOb\x18J\x04\xc4\xb1\x06\xa1}A\xc1d\x88,8\x00\xf6Q\xecwf\xa5Pdcg]I2#k\x11LViF\xccCWi\x80\xd3Zgbt\x89\xde!f\xcc\xd1f\xc4\xdc\xa1\xcbg\xd7'
    b'Lo\n\xc2\xf5\xd0u\xf0\xcd\x15\xa8\x80x\xfb"\xc4\x00vh\x03M\x0f\xa4\x98F$]u@\x0b\xb3WT\x94\xfc\xb8\xaa\xcb\x98\x1cvU\xba\xa1\x83\nAD{\x9d\xb2sU\x87ei\xdf\xefkA\xe8m\x1b\xa2'
    b'\xd9W\x8e\xea\xc8\x0c\xcdG\t\xa4\x1ee2\xf4\x88\x87\\L\x85\xd7R\xb1\x1d\xa2\xd6\xe3\x06\xd8`\xb4c\x83xJ{\xf0UmTz\x01jJWl\xae\x88\xd2\x95\x9a\xfb\x0b\xd5Ol\xee\ri\xf7\xd4\x97\x0brv'
    b'\xa6\x14hD @\x96M\xb7\rJX\x8c\xedk\xe0n1\x9fk\x88\xae,2\x99\xe5)\xb0\xab\x948=Jy\x94\xd3\xb6n\x8a\rD\xe1\xd8\xe6\x80\xc1\xbb0\xf8\x05\xa8q\x84+\xd8d\x95\xb0\xb7\xe8"\x89\xab\x15'
    b'\xfa\x0b\xefl\xed<\x1cn=\x1a\xee\xecx\xe1\xde\xb7\x9a<A\xb3\x82Y\xe0=\xd3xf\x04\xf4\xebT\xe8\x18E\x89S\xbct\x95~\xa11\x9e\xa3\x99\x16_\xff\xf7*MjX)\xf2\x89\x19x\x19e\xaa\x94S\xf9'
    b'\xc8\x1e\x16vn\xaf\xc2\xc1\x98,rj)\xb2\x0c\xc1\xa9\xabX\xb8f\x04\xb3\x9a6\xc9\x11+\xfch\x1c\xe0\xab\x1aq\x9d\x99\xe2\x13}\xe0\x14@\x07\xfb\x87\x87\xaf\xf79\x92\xf9\xe1\xd6\x96Dn\xf3\xb7\x0f{\xaf\x0e%'
    b'\xa4\xfb\x01}jFg\xabMQnE\x81\x11aZ)\xf1\xc4%\xf80FN(\x07:\xfe\x07O\xb5\x1cZO1\xd96\xc1\xf8\x1f\x07\xcf\x80d\x90\xbd0\x96,\x11Bq\xd1V\xc1\xf9i\xda+\x82\xfd.\xc8\xb5'
    b';%8\x89t\xd4X\xed\xbf\x0c\xb7\x7f\x1dXV"PF\xd4\xc4\x03\x12\xa6\x9e\x05\xca\xda*l8\x80\xd8\xfb\xb0\xf7_\x02\x88\xad\x06\x8c\xde\xbd}-q\xe0;\x0f\xb6\\c\x93+\xfc\xda\xc8kQ\xdb7?Nx'
    b'z\x1f\xab\xbb\xbb\xf0\x7fJ\x851\xd1<WT\xdc\x84a\x9aTE\xfe\x82\x8b\x174\x9fO\x99\x8c\x04\x9a\xb6\xc0\x8a\xa6\x9c5\xd5\xdd\xff#\x9aa\x92%\xb5\x80\x9d\xd3&\xd9\xf0\n\xc4}\x04LE1\xe7\xb9\x1c\x95\n'
    b'\xfd\xd1H\x0cl\x0f\x88\xb2\xf4,\xf7\xb5\x83\xc4\x94\xa7\x95^\xec\xe5\xc0\xd9be\x14\x1c\x00H\x86\xb3\xa4\x9a\x96\xe9\x84\xc7\xcew\xb6S\x9e\x01\xd9\xcf\xb1f\xbe\xe0q\x98Q\n\xb2\xa4D\x8a\x81\xc9\xb3\xac\x00<+)'
    b'\x99\xf1\x8at\x85\xac\xee62\x95p\xd9\x0f<7f\xa1%\xf0\xe2\xb1\xac\x14\xa9\xa74t\xea\xb28\xa3\\\x9b \xd7\t\xeeO\x12U\x11\xa0\xed\n\x96\x1d\xbai\n\xf6\xd8"\x89n\x9ce\xa1\xed\xf1u\xea\x9f~5'
    b"\xce\xcbZ'a\xd6J\x04\xba%k\x9f#\x12\xb8\xae\x9c\xc0(\\-Blm\x95;\x11m\xf5\x83|5\xee\x8c\xec\xd0 o#Z\xea\x9e\x81%0\xc2\x8f&\x8c\xaaQ\x94\x9c\xf3{\xfd\xee\xcbKZ\xa7T\xcd\xfb"
    b'N\xael\xac\xb1\xd0C\x87\xa8\x98\xab\x12a\x9dI+\x1b\xa0\xb8\x95\xa5U\xad9.\xd8\xcf\x81\x15~JR\x96~\xe6L\x9d\xd8&.:\x85\xbb\xb0/C\x05<a6\x14\xa2\xc2W9\xb2\xdb\xe0\x12-\x8a\x8c\xb7J'
    b'\x1fE\xac \x7f\x1a\xc9\x9f\xb2\xe1\xdcA\xa8\xef5\xff0Z\xbfD\x92\xd3\x1b\x1d\x99e\xa9\xdd\xa2\x81\x104\xce=\xfe\xd6B\x08\xf2\xb6\xe0\xd3L\x9b\xac\xa9\x98\xb7\xb0\x82\x93\xa3\xf6\xdaW\xcf\xfe\x89e8\xd4\xa0m\xe4'
    b'#\x8e\x9c\x81\x8a\x8c%\x10,;\xe4\x14a\x88\xa4\x81\x9a\t\xce;O\x9a\x90\xde\xbb\x80W\xbeM.K\x1c\x0c\x9es\x9eD\x01\x16\xd0k\xd8\x97M\x88\xe1\xc6%\x13^\xf5\xef\xdd@>\xde\xf6\xbcS\xe4\xd35g\xc7'
    b'}\xc7o\xe5\xdas\xd8;r\xbc\xfa\x12i\x94\x7f\x14\xdbq\xe3\x8f\xf4\xea\xe3\x06J\xe1\x04\xfcQ{\xb1\xdeaF \x11\x13\x1c\xbe\xc0\xa7\xd3\x15\xdb\r%+\r+\xb1N"3$\xf1\x18\xc6Ayh\x84\x92#\xd5'
    b'\xfe\xaf\x04\x8d\x0f\xc4\xba\xf9\xeaS:\xec@\xc7Z\xca\x8eB7\xa6\xc4\x17J\xf28\x8b\x02\xe64s\x13)\x8c`%i\xe9\xadY\x02}-\xd0la\xfc\x81\xb9\xe1\xe6E\x90\xd3,N\x17\xfe-\x801\xab9\x18\xd6'
    b"C\x87\x1e\x07I\xd2\xb0\xc9 \x82\x19\xe1\xc71\x19\xa2D+\x11\x10\xd0\xa0\x84u\xe8\xa0t$L)\xe8\x0e>@\xb1\xccH\x05\x8et\x86\t\x98\xe32\xa3{\xae\xad\xdc\xa9\x03\x03\x8cHD\x05'\xbf*\x95b-\xff"
    b'E\xec\x96S3\x87^(\x8dc\xc8\x15\x9cL\x13\xa7\x82\xb2S\x13\xfb\xb1\xb3\x97EI\x06\xb4\x1e\xaf\xe2\xc0Y1k\x01\x9d\xc16\x91\x0b\x9d_\xe0\x16\xc8\x8b\xf3\x1e\xc6\xe5y\xe2\x9c\x7f@8\xeb.k\xc4B\x13\xd5'
    b'\x0f\x84h\xef\x9cNI\r&r,d\xe6y\xeaH$\x95\xd3\xe4c3\xac\xbe\xe7\xe0p\xc3\x99\x9b\x1b[\xa1\xe8\xe2\x89\\N\xcau\xce\x12r\xee\xb8TZr\xe1\\E\x82%ve\xac\x8d+\x93tz}\x17\x86'
    b'&JR\xdf\r\xba@%\xc2\xa1\r\xf1\xb5\x90ro\xf1\xf3\xcf\x96\xae\xbcQ!\xa5\xe0u\xb5\x97asT\xa9\\\x0cjF\xd7\xf5\xf5\x0e\xad\xc1O?\xb9\x83{\xa2\xcbk\xe7\xe9nq\x1d\x94\xac\x9e\x1dg#W.'
    b'\x0f\xcaf\x04\x89I\xee\xaa\xe8\xd6w\xa1\x11\xde\x16\r\x0eD1\xb2d\x9d\xba b\x14\xbb\xd2\x1dpg\xa1;\xc1I!N\xf6|S\x04\x9b\xfb\xc8\x12\xc3\xb6\xa1\xc0\xb9>\x99\x08\x99\xb7=+J\xddw\x9ed\x99{'
    b"<p\x81c\xfd\x8d\x0c\xe6xc\x1f\xd4\x1aPN\x18'\xc5\xd2m\rr\xb3\x94\xbdJ\x96jP$\xf9x\xb5\x8c\x82}csV\xcb\xec\xc0\x9a\xd7\x9a\xc6\xb8\xb5vh\xc7\xfe\xf8\xff\xc4\xf4\xf6.\x8b/\x1cu\x93m"
    b"\x19\xc1\x1bcn\xb3\x80\x8f\xc8LD\xa9t\xf8\xea\xad\x1b<\x9d\xd83\xedFO\xa7\xeb\xcc?\x81w\xb4\xd3e\x93\x05\xa4y\x86\xd7\xc6\x92'(\x85\xbfYv\x01(8K\xa7\x94\xd1\x98uC^+A\xc6\x8c\xe0\x9e"
    b';\xda0\xea51]!\xed^G20\t\x82\xa4"\xa9\r\x1c\xdaa\x14\x04\xb9v"f2\xceJ\xa9Z\x18\xf9\xa8\xcb4\xaa~\xb4\xa0\x1b#\xdc\xa9!\xdcB\xb5\xa7\x9f\xa8\xf8\xa3\xf9\x94\xa8\x12\xeeM\xe8\xc7\xc4'
    b'\xd9\xd2\xa8vo\xf4\xa1\xf4=\xad\x9d82\xeb\x13\xd7_\xe3fF\xdd\xban\x83\x966P\xe3\xdd\x9f\xd6\x1f\xbf9\xf9\x0f\x85-\x8bzO\xa0s\x8cWF-\xf3\r\x9b"T\xc8\xb1\x0c)a\x03mVt^\xd6\x02'
    b'\xa8="-\xac\xb7\xf1\xa1\x15\xf3W\x8c\xb8\xa8\x88\x93\xe3\x8e\xb5G\xc4\xd2\xf6w\xb9\x0f\x06\x9aV-<\xe0\xf4\x80\x9em0\x8a\xdc,\x15,\x9e=c\xf9k\xd73\r\xc8\x18P\xd0k\xf3.\x10\xfbLP\xb6\x07L'
    b'\xc1A{#\xbd\xca5\x98r\xf9\x84\xb2\xde\xea\xbdwJ9\x89\xb6\xb0\x18TYI\xd5\x1d\xd8\x1d/\x06\x1c\xf8\t\x0f\xc8W_\xfb\xcd\xc9(\xf9\xbcF\xf5l\x01\xf4\x1b\x94P\xb1\x85\xdc\xa4y\xd2\x96\x89\x99\xe8|\xcf'
    b'Z"0\xa8>\x02\x81\xcd5|\xe4\xdfps \x0c\xb5\xf4\xc0\xb8\x82f\xe6\xa6.\x0f\xdd9\xa0\xdb\xa6%t\x92?\xb2W\xbd\x98\x9c\xacdl3\x14\xf2\xc1\x8d\xb6\xe9g)\xe4{(D\x8c\x94EeG ?7'
    b'\xa5M\x8b\x88\x84\x12\x15\xe2\x82\x9c\x99\xff\x84\x0c\xe6\xe7?t\x840\xbeF\xa3,N\xcaxa\xb6\x96\x8dhg\x80\x80\x1e\xce\xae\xef\xb9X\x84tS\x02\x9e"<\x98wrp`\xc5!\xedr\x07\xdb\xc7\x89\xb4\xbd+'
    b"g\x16\xbas\xda>\xabo\x8d8\xed\x1e+\xa5\x95%&:N\x1a\n\xf7\x895\xde'0K%\xbdxF\x80n\x81\x8d[\x08\xee\xa1G\x05\xbb\xeaG\xd7\xdd\x94G\xe0\xe0\x9e%\x7f\xa8H\xf9\xb8\x12\xb5\x04\x1c\xb0\xdd"
    b"4\xb6`K\xf4\xbe\x90\x822\xd6\xa7j_3J\xb7\xb9\xd6\x857<\xb2\x1c>\x88,o\xb9\xa9\xdb\x80$t\xbf-\x14\x9b#$TS`\x8a\xf7'\xdbi\x839 \x97\x9e\x18\xdct\xa7\xa0OT\xdc1_?0"
    b"\x92PZ\xa6\xd6\x8d\xe6\r\x13\xd7Jj\x8ed\xa6knV\xb8\xb9\xfa\xb4\xfe\xe8\xc3C\xfa\x86ed\xec\xb8`W8j\xd4\x1bu\x8d\x81E\xb0\xb42'\x1d\xeb\xdd!^\x90G\xf2PD\xcb\x8e1\xd1$\xd0V\xd6"
    b'\x88\xf5E2%G\xc0\x18\xbe\xd7\xf4\xa5\xe8\xdf\xc2\xb1\xfa\x00\x0fj\xa2\xe0C\xe7\xf1\x16B\x0c\x85\xbd\x143\xfd!\xdb\xf3\xce\x925U0\xa5\x95o.1\xdb\x8d\x8c\x81\xc3\xfd\xae\x0c\xd6\x17\xe3\x85\x01\xb8\xda\xf09f'
    b'\xf7\xef\x8a`\xbc^\xdaU~F\x93Q\xb9\xb7c\xf4\xe2\xa7s\xb3\xbb\xfd\xff^\x15u\xbc\xffeJ\xa1\x9dj\xeb\xd1\xb1\xb8q\xd3\xc6\xb09\x10A\xa7J\x17K\x10\x82\xd0\xa6<RJ!\xa6\xf6\x188\xd1\x02D\xf1'
    b"\x18D9\xbc\x05\xc46'r*\xabJ,\xdd(w\xfa\xb9\xe2\xdbf\xf1\xce\xb6\x96/\xbf\xeb\xc1SQ\x9f\x0e}9g\xdf\x8b\xb2\xc08\xa9\x82\xe3G\x82\x17tN\x00Ci{\xf2\xc3\xba\x03\xca\x90\xab\rg\xe5'"
    b'-OsQ\xc3\x98\xd9_\xe6f\x0f\xfe\x8e8\x10{#_;z\xc4~\xf3<H@OC\xbd\x88x\x87]\xebN\xef\x7fo\x13\xfe\xb98\x80\xb1$P\xef\x9c\xee\x15\xacHN\x89\xba/\xd7H\xd7\x8e\x1d\xb0%^'
    b'\xbb\x16\xbf\xf15j\x97\x06N\xfd9\xbd\xcbu?Z\xa3w\xed\xc9UB\x8e!\x91\xd9\x10\xdb\xd98\xf6\x90\xa0@\xa1\xfe\x13\x987*\xcf6\xdaP\xc5\xd2\xdc*G\xce9\\%\xda\xf5"q\xfc\x00\xf6*\xe3\x84e'
    b"$ko\x93~\xb7 s\x1f\xf3s\x88\xf4\xf2\xef5';\xda\xd0\xad,\xca\xce]\x1a\xf0\xac\xfeC\x9em\xa2#.\xe7\x16\x0eC\xdfb\xa0pM\x14-:x\x1d{\xf8V\xcb\x843\xc7[\x12\xd7\x86\r\xbd\x01\x89"
    b'?\xe9J\xa4\xfe\xd8\x8dV)\x9a\x08g\x83\xeefk\x89\x88OA\xda!A\xec2\x1dS\x82\x1f&[\x9c\xe2H\xdfy\xa9\x8eN\xd6\xa5:jg7\xf2c2\xb9\xb5\xaf_5(v\xbc\xe1D]>\xde\xc4\x83\xd6'
    b'e\xfd\x04~\xa1\x17)\xfe=\xad\x17\xd9\x93\x8d\xff\x0bY\xc9\x9bA'
))

CATALOGUE = (5439, '// Generated from the autofx tables. Do not edit.\nvar CATALOGUE = {\n "effects": {\n  "binary_counter": {\n   "kind": "mono",\n   "takes": [\n    "interval",\n    "count",\n    "step"\n   ]\n  },\n  "blink": {\n   "kind": "mono",\n   "takes": [\n    "speed",\n    "phase",\n    "duty"\n   ]\n  },\n  "blink_wave": {\n   "kind": "mono",\n   "takes": [\n    "speed",\n    "length",\n    "phase",\n    "duty"\n   ]\n  },\n  "flash": {\n   "kind": "mono",\n   "takes": [\n    "speed",\n    "flashes",\n    "window",\n    "phase",\n    "duty"\n   ]\n  }', 's": [\n   [\n    "out1",\n    "colour"\n   ],\n   [\n    "out2",\n    "colour"\n   ],\n   [\n    "out3",\n    "colour"\n   ],\n   [\n    "out4",\n    "colour"\n   ],\n   [\n    "out5",\n    "colour"\n   ],\n   [\n    "out6",\n    "colour"\n   ],\n   [\n    "out7",\n    "colour"\n   ]\n  ],\n  "colour": "Colour outputs",\n  "strips": [\n   [\n    "stripL",\n    "L"\n   ],\n   [\n    "stripR",\n    "R"\n   ]\n  ],\n  "screens": [\n   [\n    "screenA",\n    "SP/CE A"\n   ],\n   [\n    "screenB",\n    "SP/CE B"\n   ]\n  ],\n  "hub": true,\n  "sound": true\n }\n};\n', (
    b'x\xda\xcdXKo\xdc6\x10\xbe\xef\xaf\x10t6l$M\xda\xc2E\x0f\x8e\x1b\xe4b\xa0E\xda\x9e\x0cC\xa0\xa4\x91D,E*$\xb5k\xa3\xc8\x7f/\xdf\x12)\xc5Y\xad]\xa0\x17C\x9c\x19~3\x9c\xb7\xf7\xea'
    b'*\xfb\x04\x148\x92Pg\rg}&;\xc8\xd0(Y\xf3\x98IT\x12\x10\x97\xd9o,\xa3LfPcy\xb9; \x9e\xdd\xde\xfcus\xf7\xfb\xa7\xbf?f\xbff\xff\xec\xb2\x1c\x9a\x06*)\xf2k}\xca\xf2\x12'
    b'S\xc4\x9f\x8a\x8a\x8dT\x02w\xd4,\xdfcZ\xabC\xde3\xca\xf2\x0bC\x92h\x0f\xfa\xda\xbd>e9\xd6\xf2\x07D,7\xcb\r\x82?\x08\tC\xae?\x1f\xd4\x9f\xaf\x17F\x11\xc1t\xbf\x01_\x0c\x00\xb5\xc7\x1b:'
    b'$\xc0\x1f\xeaQ>\xad\x81\x17Gt\x80s5\x10\xa0\xad\xecN\xd5\xd7\x10$\xbasU\x99\xcb\x8a\xeb\x8eGu\x9b\x1d7i.\x04|\x19\x81V\xaf\xf4\xda\x17\x1a\x84\xab\xfd\xa6\xcc)9n;IA\x04\x8d5\xee\xe7'
    b'G+P\xf4\x98\xa6\x14\xf48\xbb2\x170G\xc5]\xb5\xad\x00Tu\xffK\x03;qX\xd8U1\xc2F\xbenY7\x86P\x08\x14\xaaMWa\x82;Bajp\x0bxZ\xd1\xdfV6\xabr\x91h\xa6\x8c\x9e'
    b'\x96\x95\xd3\x95\x01T\x98\x10-*\xce\x84\xc0\xb4\xdd\x10)\x0eu\x91\x9am\xb2Y\xc1,\x18-\x07\xa0\x0b*\xeaK\x95!\x81\x1a\xbff\x18\x89\x80\x975\xad\x15\xc0WoT\xb1\x0e\x8e0-U\x01o\x89}\xa4\xe2\xd9'
    b'\xd4r\xe8\xebo8YE\xfc\x8a\xef(T\xed\xa8\x7f\xc1d\x9a\xcayY\xb1\x96\xba\xa8K\xabsk\xdfx\r\xc5m\xb9\xc9\xa9|r\xa9I\xef\xa0\x84\x8c\xb0\x84.\xd6\x87\xf0s\n\xe6\xbc\x8dCYH$qu^'
    b'\xdfM\x90\x8e\xb0\xd2\xcb\xce*\x18x\x940\xed)\x1d#u\xa2Kr\xd44\xb8*\x88\xb6\xe5\x85\xadH\xd3\x92\xferV/\xda\x19\xdbrQ\x99[\xc9\x06\xd7\xe2\xc6[\x917\x98\xb8\x88\xe4\xcd\xe0\xc6U\x92\x969a'
    b'lp\x9f\x83n\x93\x03S-\xd7\xdd\xc1\\\xc8\x02\x89B\xb5P\xe7\xa3\xe0\xa2\x07\xe3\x9d\x96\xa3\xa1\xc3\x95\xd8\xa4\xf1\x88k\x1f\x80\xbc\x03\xe3\xd7\x00\x88{\xd4B\x8c\x16x\xb3-\xc7\xb1\x95-\xc0\xff\xab\x07:/\xa3\xb1'
    b'\xc6L\xc7\xda~\x04R\xeaw\xd5\x00\xd7\xbc`\xb4\xcf\xe0\x04H\xa9\xac\x08\xd7ln*x:\xeah\xe7v,\x98RR\xc4\x86\xa3Jbf\xeb\xd8\x16\xd5\x82\xea\xf6\xb3\x05\xdd%\xfa\xf5|\x17\x0f\xbb]L\xb5\x93;'
    b'\xa6\xb9\xca\xb8\xd6&"\x079\xab\xc8\x85\xba\xa4\xbb=\xcbW}n\xf98\xb7S}\xe3\xa2\x07\x15P1Z\x8b\x98e\xf1"\x96\xdf\xb7V\xe9+\xf2!iR\x86\xc9\x87\x94h\xfd\xa4\xa8G\xc5\x86\xc9\x89\t)j\x02'
    b')\xc6J7HE\x96\xbbK*\x914\x8e\x94\xfd\x1d|nS\xaf|\x920\x83\x8bIftD\x94\xce\x12\x10m\xc3\xd3\x91\\\xc6\xcd)\x8c\x89n~\xc4S\xc6\xd6\x8b\xae\x01\xd4;DW\xda1\xcd\xe6\xe8\xbcPL'
    b'ui\xe3\x98\xf2\xb9\xcf\xd2\xa9\xcaSN\\\xef)\xd7\xf6\xa5\xb8\n\\\x7f\nDW\xc5\xd6x\xdf\xf6\x94\x8fP\xb5\x9f\xb9\xcb=\x95\x11\xf7\xf5\xe4ULC9\xd7\x8d\x8eJd\x0fLm\x18-\x04\xf3\x1d\xd60\xf2a'
    b"\x96J\xceJ\xc4{\xf7\xd5a\x1f\x92' D\xf5\x80\x9d\xe9\x94y\xd5!J\x81\x14zJ\x85FC\xe0\x00+\x01iP\r\x8b\xbc\x00\xd7~\xe2bSo\xf4S0\x01\xe1L\xcfvf2\xe7\xcb\x88\xb8\xf4\xf1\xe91"
    b"\xe7\x8c\xafD\xe8Q\x99W\xb3\xb1\xb4q\xf7\xccx\xb0\r\x8c\xcb\xe0bKs\xee\xb2\x87\xd2\xbfWH\x8e\x87IR\x9f\x88\xafI\xf5\xcd\xbd\x1c\x1b\xe50\xcab\xd6\x82\xef'\xcf\xcc\xd3s\xf2\xcc\xe4\x0e\xaf\xcb\xda\x96b"
    b'L\xce\x89\x1d2\xf7\x82\x8dt\xd3\xa8\xbb\x93G[\xae\xf2\xaa^q\x8b\xdd>\xec\x004\x9a\xd5\xb7\xfdo\xe8\xde\xe1\xf8\xc4\x18\xc0\xed\xcb^\x91\xbbP2\xc4\xeb"\x1d85\xc7\x87i\x84\xf6\x88\x8ev\xb5xph\x84'
    b'\xa1:e\xdbQ\xa6\x7fZ\x9a$\x07\xce\xd4\xf4\xd7\x8b8\x1d\t\xb1\xdd\x86\x1b5\xe1\xecc\xe6\xd1\xde^\xfe\xec\xa0\xde\\\xbe\x7f\xe7\xe7\xedX\xceF\xbc\x0b\xec\x86\x1b6\xdas\xad6\xe6\x96\xe22\xca\xb8\xc2{\xc0\xa6'
    b'A\xd8Y\xdc\xc2\xa6\xa8o\xa6\x1f\xafL\x1a\x98\x85\xeb"\x96y{\x82\xcc\x0f\'\xc8\xbc;A\xe6\xfd\t2?\x9e \xf3\xd3\x9aL\xf0\xe0\xd4\x92o\xcdW\xe6\xfd3y3\xf5\x95!\xdey\xd4\xbb\xa5R#\xf0\xd9\x0b'
    b'|N4\xda(/@\r\xf5\xc6_\xfa\xf3\x8f\xab\xdb\x8f\xd9\xcd\n\xb6\x91\xfb\x10\xcb}HT\xe8\x1c\xb9\xce$\x1f\xc1j4Ef\t*%v_\x7f\xd9\xfd\x0b\x1a\x8c\xa3E'
))
