# SPDX-FileCopyrightText: 2026 Christopher Parrott for Pimoroni Ltd
#
# SPDX-License-Identifier: MIT

# Generated from editor/*.html and the autofx tables by tools/build_editor.py.
# Edit those and rebuild; edits here are lost.
#
# Each page is its length, its first and last characters, and the whole page as a zlib
# stream. The ends let a mount see the drive already holds a page without inflating it.

# A shelled page also carries the opening and closing of a page that inflates itself in the
# browser, its length and ends being that page's as the drive holds it.


PICKER = (183064, '<!doctype html>\n<html>\n<head>\n<meta charset="utf-8">\n<title>Tiny FX Picker</title>\n</head>\n<body>\n<p id="opening">Opening the page...</p>\n<script id="packed" type="application/octet-stream">eNrMvXt720aWJ/y/PgVG3l5LCUnzqgsVe8ZOpzf9bDrpJ/E8PftmvH5AEpQQkwAbAC2rtfrue651AQq82Ol5NzNtkWChUKg6depcf+ebf1nk8+phk0R31Xr16uQb/ZPEC/izTqo4mt/FRZlUL0+31bJ7dQqXq7RaJa/eptlD9Kf/iP6azj8kxTcv+OrJN+W8SDdVVBbzl6fzuIpX+e026f1Wnr765gX/ho2qB2x8Mi3yvHo8ibrd2e302XKyHCXLG/i2ibNkBReW9C3NPkyfDS+Gw0GCXxfpevrsKr4aXV7h11WaJdNnyXCxWIxvsKt4Pk', 'urn;\n  }\n  var text = atob(document.getElementById("packed").textContent);\n  var bytes = new Uint8Array(text.length);\n  for (var i = 0; i < text.length; i++) bytes[i] = text.charCodeAt(i);\n  var page = new Blob([bytes]).stream().pipeThrough(new DecompressionStream("deflate"));\n  new Response(page).text().then(function (html) {\n    document.open();\n    document.write(html);\n    document.close();\n  }, function (e) { said.textContent = "This page could not be opened: " + e; });\n})();\n</script>\n</body>\n</html>\n', (
    b"x\xda\xcc\xbd{{\xdbF\x96'\xfc\xbf>\x05F\xde^K\tI\xf3\xaa\x0b\x15{\xc6N\xa77\xfdl:\xe9'\xf1<=\xfbf\xbc~@\x12\x94\x10\x93\x00\x1b\x00-\xab\xb5\xfa\xee{\xaeu\x01\n\xbc\xd8\xe9y7"
    b'3m\x91`\xa1P\xa8:u\xea\\\x7f\xe7\x9b\x7fY\xe4\xf3\xeaa\x93Dw\xd5z\xf5\xea\xe4\x1b\xfd\x93\xc4\x0b\xf8\xb3N\xaa8\x9a\xdf\xc5E\x99T/O\xb7\xd5\xb2{u\n\x97\xab\xb4Z%\xaf\xde\xa6\xd9C\xf4\xa7'
    b'\xff\x88\xfe\x9a\xce?$\xc57/\xf8\xea\xc97\xe5\xbcH7UT\x16\xf3\x97\xa7\xf3\xb8\x8aW\xf9\xed6\xe9\xfdV\x9e\xbe\xfa\xe6\x05\xff\x86\x8d\xaa\x07l|2-\xf2\xbcz<\x89\xba\xdd\xd9\xed\xf4\xd9r\xb2\x1c%\xcb'
    b'\x1b\xf8\xb6\x89\xb3d\x05\x17\x96\xf4-\xcd>L\x9f\r/\x86\xc3A\x82_\x17\xe9z\xfa\xec*\xbe\x1a]^\xe1\xd7U\x9a%\xd3g\xc9p\xb1X\x8co\xb0\xabx>O\xb2j\xfa\xac\xdf\xbf\x9a\\.n\xcc\x15\xeeG'
    b'\xfa,+\x18\xca\xf4\xd9`y\xb1Lfxa\x9dg\xf9\xf4\xd9|8\xb9\xecS\x83E\\@\xeb\xc1\xf5`6X\xdc\x9c<\x9d|\xf58\xcb?u\xcb\xf4\x1fiv;\x9d\xe5\xc5")\xbap\xe5\xe9d\x96/\x1e\x1e'
    b'\x979<qp\xb1\xf9\xf4b\xd0\x9bD\xe5CY%\xeb\xee6\xed\x94qVv\xcb\xa4H\x977\xeb\xb8\xb8M\xb3i\xfff\x16\xcf?\xdc\x16\xf96[L?\xc6\xc5\x19\xbe\xfb\xf9\xcd<_\xe5\x85|\x87q\x9e?\x9d'
    b'\xe0"$\xc5\xe3"-7\xab\xf8a\xba\\%\x9fn\xe2Uz\x9buS\xe8\xbc\x9c\xe2+%\xc5\xcdm\xbc\x99\xf6\xae\x8ad}\xb3\x89\x17\x0b\x1c\x1c}\x8b\x06\xbd1^l<\x8c\xa6\xf6\x1c&\xca\xbcCU\xe5\xeb\xe9'
    b'`\xf3)*\xf3U\xba\x88\xb8\x19\xce\xea\xf9\xcd&/\xd3*\xcd\xb3iY\xc12?\xdcT\xf9\x06^\xe0\x1f0\xc2E\xf2i:\xec\xdf\xe0\xa8\xba\xf7\x05\x8c\x01\xff\xd1AGw\x03\x9a\x11\x9c\xaed:\xe8\rp$\xfa'
    b"\xfeQ\xbc\xad\xf2\xa8\x1f\xf5a\xea\xb6\xf0\xec\x8c'/\xcd\xee`\x9a*\xfb\x168\xfc\xa8w9\xa1\xb7\xa0\xb1\xb6\x0cR^\xa4\x88\x17\xe9\xb6\x9c^m>\xe1\xcb\xb5\xbc\xf6|[\x940\xcf\x9b<\xa5\xc9\xb3\x83\xec]\xe1"
    b'\x83tHS\x98\xf5x\xb6J\x16\x8f\xf9&\x9e\xa7\xd5\x03\x0cG\xef]$\xcbx\xbb\xaa\xb4i\x0f^@F\xe0\xae!\x93\x9c\xbf\xaez\x8d\x9ez\x9f\xa4\xb7w\xd5\xf4\xa2\x0f\xf3\xb0\x8e\xd3\xecq\x1d\xc3L\xa6\x8b\xea\x0e'
    b'\xae9\xf3\xc5\xebH\x93f\xe6\xa6/\xab\xfbtr\xd2\xa3\x17{l{\xdf#&n0\xa6\x99\xd3g\xf0\xaa)\x19\x99\xc1\x0c\xf1"\x0c\x99\x9f\x1b\xdd\r\xdd\x85\xf6\x96\xb9\x0f\x8b\x87\x17Z\tx\x16\x97\t\x0e\x84I\xf8'
    b'\x82\xde\x87\xbb}Un\xd7\xd0\x8fl+\x98\xa2\x88\xc6\x12\xdcV\xf5\x8dS_\xe2\x93\xe8\x88\x01\xdc\xac\xd2\x12^\x06\xb9\xd34\xcb\xe1\x17}\x9b\xfa\xc8\xa6SX\xc0\xd9\x87\xb4\xea.\x80I\xa6\xab\xb2\x0bW?8\xdb\x15'
    b'\xefn\xde4K\x96y\x91<\xce\xe1\xb5\x90E\x9d\x9e\xde\xf0\x8a\xf7\xc68\xaf7wL\x13\xf2\x8d\xf6VyW \xdb\xea\xdb\r[P\x9bamE\x81)\x9a\x05\x95-\x1dlr\x12U\x05L\x1e\x0cc\r\xcc\xb7\x8a'
    b'\xab\xe4l<Y$\xb7\xe7|}\x85\x17\xba@.\x1d\xfc\xe7\xfc\x86.2\x0b0\xf7E\xbd\xc1\xb0\xd4w\xfb5\xdf$\xd9\xbb\xc6\x1b6\x1e\xd2\x1d\x8c\x1a\x8f\x19\xe2c\xe0\x9f\xf3\xc6D\xdd\xe5\x1f\x81j\xb5\xb3\xf6\xed\x15'
    b"\x1e\xc5#\xaf\x9a\xce\x03\x91!\xb4,\xe3\x87\xf2\xd1\xdd{\xe3~\xbf\xc1\x01<z\xc2\x19\xc3=6\xbfK7fe\xd3\x0ci\xa6\xbb\x93\x1f\x8f'\x1eC\x1e\x11+\x9b\xd0E\xbb\x8e\xbc\xed\xaea\xd7\xf13\xe9h2\x14"
    b'\xcf\xc3\t\xd2\xfc\x13\x8f\xa8GgXs\xeb\xd3\xe5sm\x84\xe7Z\xb3\r^\xd5&Q\x9am\xb6\xd5\xaf(\x07\xbc\xcc\xb6\xebYR\xbc{d\xb2\x1c\xd3v\xb7\xefA\xbb\x90\xde\xe6\xa6J>U]z}}q}1'
    b'\x87\xd9\x14\xb7\xb3\xf8l8\x99t\xf4\x7f0\x07u\xb6sQ\xe7\xd7\xcd\x9b\x06\x17\xe7\x8d)\xd2\xe3\xa2\xb6\x9e\xfaJ\xe5:^\xad\x1a\x8bm\x98\xf9\xd5\xc44LV\xc9\xbcz\xfc\x7f`\xe8\xf5i\x1e\xf2\x81\xe4\x0e3\xca'
    b'7\xb8\x15\x1f\x9b\xc2\x02\xb7\xea-\x8a\xdc#\x08\xdal\x9b\xb8\x80\x15\xd2\xa3\xa0_\x1f\x8fwH\x13i\x0b\x1b\x1a8\xa7\x01\xd0#\xfdng\xd0{&oXsX\x0e\x9eN^|\x15\xbd\x8e\x88\x12\xa3,\xaf\xa2eZ'
    b'U\xc9"\xfa\x90$\x9b2J\xab2\xa2{\xefa"\x12\xf8\x1a\xdd\xc7e\x14g\x8b\xa8\xbaK">X\xb0\r\x8f\xa3CW\xf3\xe5\x12\xe4\n\x10\x1c`@\xf0\xe3I\x14A\xefp\x0b\x0c\x0e\xe8\x97\x9a\xac\xd3\xc5b\x85'
    b'-\xe9\x1bH\x96k\xfa\xc0\x83\xa8\xf2\xfcC\xf4\xd5\x0b\xe1\x17\xb2u\x8cxS$\xc0\x91\xd2\x8f\t\x8f\xbb\x8c@l]E0\xa6\xfb\xbb\x14zL\x16\xd0*\xbb\xed\xe0x3\x1c\xee]\xbeZ\x94\xd4\xf9*\xc9n\xab;'
    b'\x1a;M/\x8e\x10$\xe6\xec6\xe9\x00!9\xcf\x9f%\xab\xfc^F\xfdPF\xb0\xe1\xb0\x7f\xfc}\x96\xc7\x05\xbcRI\x8f\x819\xaa\r2\xea\x81\x18RF\xcc\x83\x82"\xe8\xcd\x1ax\x9d\xac\xd9h\xb4\xf9\xf4\xe4\xdd'
    b"\x9f\xc3\x93^Ep\x1eUg\xc2\x1e\xcf\xe9\x0bu{\xfe\xf81-\xd3Y\xba\xc2U\xbb\x83\xf9K\xb2\xe6\xdd=\x98r\xfa\xd2i\xfcB\x9ff\xab\x1cT\x80\x85\x9d\xcdx\x06{h[%7\xabdYM'\xfd?\x90"
    b'\xdc8\x99\xfc\xc1;}\x9c\x83\x00\x9at\xf0\x9f\xf3\xc0\xc3\xbdG0[BII\x8e\xd0\x1b+5\xcd\xe3\xd5\xfcl\xd0\xef\xff!\xeaF\xc8\xa2\xce\x9b<J\xc8\xb2\x8ag\xb0\x94y\tk\x03\x9b\nF\x1c\xcd\xe3\x0c\xa9'
    b't\x96D\xdb\x12\x96\xe0\xb7mY\x01\xd9\xde\xe3\x8a\xa7\xf3;X\xb3\x14\xe8\x01\xcf\x98\x12\x17\x18\x0e\x12\xf8\xe1\x81V\nf\x11\xba\xeb\xe9\x00\xad\xb8\x88\x1c\x06\xa5\xe1\xc3\x04\xf8\x899\xf0\x8d0}S;\xc5\x86\xcc\x0e\xb0'
    b'\xcf\xa8\x077=bs\xd9jo\x89\xe0\xef\x91\xf6AWCbE\xda\x8a+";\xfa\xc2\xb48\x8b\x0b}\'\xda#\xdb,\x8ag\xb0u\x91\xa8\x81\x02\xe70\xe1 5\xe5=g\x0f \xcd2\x19\'@\xc5$\xf2\x96'
    b"D\xdbqT\xa6\x8b$\xbaO\xab;\\(h\xb3F\xe2.*\xde\xe0\xf0(\xd8\x1d\x1fa+c\x8b\x08\xc4!\x1e\xd1\x1d\x93\xfd\x9af\x0f_\xa6\x07O\xc5\x11\xeb\xa9\x8d\xb4\xd2\xbb&Q\xd2\xd2\xf5\x80\x15\x81'\xff\x96"
    b'\xa8w\x0f]>\xbag\xf8\xb0\xe5\x0c\x87I\xfa\xff\x80#\xc0\xe2\xa6YG\xe7\x02\xdf\x19\x88\x07\xb7-\xecY\xcb6R\x1e&\xeejPY\xf3\xd5\n^)\xa3\xb7M\xab\x1eM\xb6\xf0E\x9c\x1c\xc3\xb7\xb60_\xc8{'
    b'\xa3\xed\x06\xde<\xfe\x980\x87\x88a\rJ\x99\xe6\x98\xa6\xb8\x84q0\xeb\x83e\x01\x9a[\x14\xf1}F\xf3\xc1OCN\n\xect\t\x1c\xa3\xfbiJ\x92\xbf\xf9\xae\xdbTO\x0b\x9a.\x16\xcbo\x9c\t\xec\x0e\x94^'
    b'\xb4K+\xb1\xf2\x15x\xfdG\x99\xdck\xe2\x19;\x1av\xab;\x90\x0b\xdc\x83\xe5\xd9|9\xbf\x9e-k\x07\xe2\xf5\x01=\x15\xd0\x89\xd7\xd3\xb2\x9f$I\x1c\xee\xe9.\xbf_\xc28\x9d\x05\xbe\xbc\n-0\x91\n\xb3\x81'
    b'!+\xc3!\xf9\x84\xba\x81\x9b\xd2\x18\xfe\x82\xa4\x03\xa7\xf0|\n\xbbw\xbb\x82\x81\xc1\xf7\xd2\xec\xa5\xea\xcen!8=\xa3\x05\x92o\x11\xc3z\n\xa9\x94q\xba\x98\xc2r\xae\xe3\xdb,]\xa6p\x99\xc8\xe0\x1e\xb6E\x01'
    b'\x1b\x11v\x08/*\x9f\x01\xb4\x87\xf2\x1c\xc8\x007i\x01\x14\\"\xf7\x8fu\xcf\xca\xb6\xf2\x9e\x00\xdb\x0b\xc7\x9d\xcd\x13\xa4\x0c\xd15i\xca\x84\x0b\x0ex\x93\xf8\x1b\xc4\xaa\x887!y\xf5$\n0 \xe4v\xe9\xf2A'
    b'Y\xaa^n\n\x19\xee DDO2V\x93\x8f\xd3\x80\xfd\xae\xa2\xf2\xe3\xad\xe1\x92\xc4Hy\xbfv\xe1?\xd9\x934K\xf3\x046\xa2\xb2/\xdc\xb9\xbc\x85\xa0\x81\xb2\x83\xbbxC<\x9a\xee\x84Y\x83N\xbe\x83Q>'
    b"D+\x9c#\xbc'\xa6^z\xd1\xb7\xd8W\xf4\x1b\xe8\x88\xc0\x11\xaa\xfc6\xa1\x89\xc7\xa5\xc6\x95\x96c\xa1C\x8b\x1a\x9bS\x02\xee\x87_q1\xe1%\xa0W\x91;\x96 #0W\x10\x96\x82\x17Ef\x88\xcam\xb1\x8c"
    b'\xe7\xc9\r]D\x9a\xc0\x8b\xf0\xd2\xf04\xe6\xb9x\xbd*\xb6\xc0"\x91\x01\xe0\xae\xf4\x0e\x0c<\x1d@E\xf2\x0e\x0e8\x12\x93j~w\x03gU\xd1e\xc9\xd0\xd5V\x85%\x0ch\xff\xc3\x14\xfc\x08\'\xdb|\x95\xc2\xd4'
    b',\x84q#\x13\x9a\x13\x15\xe3A\x064\xceCa\x1e\xa5\xbc\xd1%F\xc3\xfd\x98K%\xf3\xa6\xe8\xe4l\xc1\xbe\xca\x9a\xc3\xdf\xdb^c\xa8\xfb\x89F\xd1\xdb\xa4t\xea\xee\xa0>\x92\x98\xee\xe2E~O&\x89~\x84c'
    b'"9\xbd\xdf\x19\x8cF\x9d\xc1\x90\xa5t\x9a\xa9\xbf\xe1\\\x88\xcc\x863Lr\xe9-\xbc\x1c\x92\x02-\xbeJ\x97+\x10\'\x9f\xc3\x15\xd8\xe2\xf8T\x18%H\xab\xab\x05K\nL\x0cp\xb8"\xa9\x90\xe0\xa7\x0bmN\xc1'
    b'5\xcct)""\xfc\x06\xff\x8f\xf2\x07=:^\xc3Y\x92\xce\xab-\x12\xf7}\xca\xfb\x1f\xdf\x16$\xc1\xb4\xf27\x8a\xdd\xfd\x8e\x99\xccQO"\xfc\x1f\x99\xdaL\x07=x\x10r7\x97\x07\x17\xc9&\x89\x91\\i\x85'
    b"\x80\x19\xdeb\x170\x7fl\x1b\xe8\x08\x8f\xd6\xbf\xd8k\xe7$z\x96\x8c\x93\xfe\xe2\x9a\xbe\xe9\xe7\x01\xab\xf30\x97\xdf\xd6\xf6\xa4l\x16\x9e-\xd8t3\x92\x99\xb3\xd5\x03\xcfV\x86\xaf-s\xc5\xc4\xb8\xba'Ay\x15\xa7"
    b'4\x8ffO\xb2\xe8!\x0b\x84\x94\x9c8[\x9c%5<\xbc\xeb\x87,\xec\x00\xa4\x15\xda\xd2L6v^\xa1\x972 \xbe\xb2\xb5\x93\x84\xd8\xfe\r\x9b]\xfa\xb5\x19\x17\xc2\xec\xc2\x18\xb2\xaaT\xab\x8fv\xda\xda\xa7\xc8t'
    b'\xfd\x9b\x808\xfc\x1f$\x0f\xa3\xa5\xa6\xd69\t\x02\xb2!`\x1a\xbbE\x82G"M\xf6\xf7\xc8\x8cq\xb6]\xe2-\xe1\xf4,ev`\x1a\xe7\xb4\x7f\xe7\xf9\x16\xc8tF<\xd3\xe3\xa51\xcb%\xc2\xe0\x16\xc9<%\xdd'
    b'\xcaL!\xc9\x86xl}\xa0\xe7\xd0\x9c\xe2\x132e}\x19v\x0b\x94\xb5\x90\x05\xc4.\xf1\xe1z\x00\xea\xb0\x90zK\xa3\x1d!\xc1\x01/*\x8a4A\xee\xbc\x89A\xdf\xba\x8bW9\xad\x93\x9c\x94\xb7@\x02 \x90\xc7'
    b'\x11\xda\xe4\x85\x82\x80tT25\xcdm\xc3\x19\xad\x16o\xd8\xcc>\x07\xe4\xd2d\xb5\xf4\xd6=d\x93\x0b\xaf\x1arakY\xb3\xba\x8d\x9c\xc6\xc4\xc6\x84\x01\xd3o\xdd~o\x82\xb7\xd49\x1b\x19)\x1bli\xa0l\xc9'
    b'3\x1f\\M\x90\x0eT\xa9\xe8\xbb\xe68\xb9\x08z9\x8b-?\xc2\xbe\x85s)\xdf\xde\xde1\xcf\x85)NQz\xd0\x86 \'\x95\xce|\xa1^\xc0\xa2\xb9\x99\x9e\xd8\xac\x9d6\xe3)\x8e+g\x85dji\xbde"'
    b'Y\x16\xf0\xa7\xd37\xb5\x98\xd9\xf6\r{\xc6^ \x93\x88\xf3\xeaM\xe1 4\x81F\x88 \x8eM\xba\x0c\xc8]\xb4\xffKf\xa7H\xab\xf7D\xe8KTbfIu\x9f \x0fG\xa9\xcd\x1a\x1d\xa0\xe1,Ab\x8e\xd3'
    b'u\x8d\x1bL\xa7\xf1\x12v\x9e!\x8a\xb8\xaa\x8a\xb3E\\\xc5]4"\x9e\x07(D\xdd(\xa0\x7fZ\xd2\x08\xaa\xbb\xba\xbf}\xf5\x0e\x8d\xef\xc6\x00\xd4\x9f\xb0\xa1-\xc0\xd4\'\xe1\xe3\x92-\xdf!3\xe2\x05\xea\x01/\x06'
    b'\xbd\x8b\xb0\xf9\xfc\x04y@\x95tKX\n\xb4y\x93\xe6i\t.\xc0\xdfZ\x88\xd0x\x85F\x81\xf5\xe6\xd9t\xccC\xdc\x82,\xb2\xfe\x81\xe6\x0c\xfc\x8a\x07>9\xd0\xee\xef\x19\xab\xc8F\x19z3\xd1\xa3T\x8b"5'
    b'\xc1\\\x04\xa10\xdd\x94i\x89\x0b\xd7\xb4\x1d\xd81G\xc9Zt\x12\xf1\x14\x14\xebx\xd5\xb0\xe75\xb5P\x92Y2\xd2\x10"\xc7\x1c\xcd\x9a\r;@\xd8B1\'\x85:\x96\x83\x10\xd9\xe0\x03\xee\xc9"\x99\xa2\x0cy{'
    b'KB+\t\x11H\xc8\xbc\x97E\xa1\xefD9\xb0\xdc\xf8C\x92E\xa8\x96\xcf\x1e\x94\xff\x82\nV\x96F\xf4T\xde\x8f"\xb0\x08\xa1\xb0\x89\x84G\xc3FOR\x92\xfeP\xec\x03\x06\x8fz\xcd\xbc\x02\xae\x8d\x8d@\xc7\x07'
    b"y\xb9\xec\x10S'\x16\x13\xd3\xa8D]Z\x01g_'\xa0b\xa1\xa0\x89\x87.IQ\x19\x1d\x05\xb7\xb9=<\xaa\x1c\xf6g\xbc\x89\x8b\n\xf8\xfc*\x05=\x82-*\xc9\xe26a\xdb\x06\xf2E\xb4\xb16\xce\xbc\xda\x9e"
    b'\x18\xf9\\\xc25z\xaa\xc2\x83|\xdf\xc8\xcd\xc6E\xd5\xc5]g\xbc\x997\x01s \x8d\x86\xa9\xb8C\x9f{h\xfb\xab\x89Ou\x97\x04\xb6\x13[l\xf8(\xf1\xb9\xc4N\x19\xc0\x11\xe9\xf15U\xf5#\x0eae\x91~'
    b'\x88S@\xd7;\xdd\x7f;\xa4\xee\xbaz\xdd&\x86\x8bR\xcd\x1b\xf6\x92\xf6kx\xb7\xee3\x82\x9dD-Z\xe8\xfe\xb3\xcfY"\x9e\xf4\x8e\xb3\x00M\xc3t\xf3\xc7\x80\xf6p\x1f\x17\x99?\rt\x85\x8e\x9c\x9f\xd1B\xc4'
    b'\xdbHU\xa5e\xce\x9fi\x8b%l#\xc4\x03&3:\x9dZk\xf4\x98P\xf7-\xc9n\xf7\xb0\xca\xd9\x83\x9e`\xa8\x84\xa6\xa8\xff\xd3f\xaeXT\xcd\x97K\xab5\xb2U\x9a\xf8\x01\xb5^&\xf7z\xf2\xe3\x93\x13\xd6'
    b'\x18\xf0\xce2\xacL\xd6,\x8b\x031\xad\xd1\x1d\x11l\x9dLl\x8b\x01+\n-\xf7\x98\xf83\xb3\xe7q\xdb\xb9\xb2\xc3F\xd3\xaf\xf3at\xb2\x91\x81\xe4K\xad\xa5\x12\xfc\x00\x9cC\xed=\xbb}{\xfc\xd4v\x0f\xd8\x88'
    b'\xdd\xdf\xe6d\x1eN\xac\x0bl\xdf\xe6\xf2v\xe3%L{\xd3\xfb\xe3\x0e.t\xe2\xf0\xe8<k\xaf1\xf7n3\x91g;5j\xb4\xb6\xdc\x19sTh\xfa\xbb\x04\x08\xf4\xbd\x00\x01\x9ei\xf6\xf1\xbb\xa6[\xf1\xb6\xe2\xf8'
    b'\x1a\x86\x1d\xe5_\xc8\xff\x84y\xa1Vc\x9bG=Tc@\xa5_\x82\x1e\xc7\xe2\x06p\xed\xfcCRS\xeb\xf9bW\xd9\xe1\xd8:\xa6\xae\x9b\x8a\x13ke2o\xf7\xc0\xc0\x13"rW\x8dDz,\xe9\xd8\xe4\xc3\x90'
    b'\x0e\xae\x0e)\xe5\xa8\xa3\x8a\x8c\xcc\xfb\x93N[1\x85\x98a\xf3\xae\xc1A\xbb\xc7\x8f\xcf7\x9fj\xed\x85\xff\xd0]u\x93D\xff\x12\xa9s\x15\xaf7\x81=\xccDY\xe7\x98\x1c/\x80\x16\xf8FX\x0eu\xf4X\xa7b'
    b'\xf93\xf8]#l|\x0f\xa2L\xc0m\x11\xcft\x14\xf59\x91u\xd1\xa5`\x91\x9c}a\x9d\x88\xa9A\x95\xb8M\x91|L\x81\xd9\x81\x84\x81b\x8f\x18\xde\x91\xe6\xe3\xdbB\xd8\x1e>C\x89(h\xfc\xa9\x9f\xd6t\x03'
    b'\xeb7\x8e\xfff4\xd1\x9fV\xece<\xd0\xc8\x84\xf1\x0c\xf4\xa8\xd0c\xa24\xbc\x1dz\xfei\xder\x98#K1\xcf\x01\xa9-\xa9\xa2\x9a\xee\xd8\xef\xe0\xff\xf5\x86\xe6y\xb3\x90t\xcd\xdc\xfbb\xa7Z\xd0`\xdeA\x89'
    b'\xd8\xb3\x99\x89Q\xc51\x96\xe2\x83q1qY\xe6\xe8o\xcb\x9a>\x9ec\xf9\x8f\xa1\xe1\x0b\xa2\xdd+\xf5\x91c\xef\xe8\x0e\xca\xf7{\x83\xea\xc7\xdfx\xd2\xe8\x04&\xae\xa1_8\xfd^\x0f\xd5\xb6\x8a\x94{\x1b\xa3\xb3\xe3'
    b'\xa1\x87r;\xbar\xd9\xeeB\x16\x95\x98\x0c\x85(;o\xa1\x11\xe8\xe09Z\xfdH\xcfFn\x83&Y\xa0\xed*\xf7\xec6\xb4\x03P\xb8\xbe\xcf\x8b\x0fL\xfc8\x83\xf2\x98\xeen\xa7b \xa6\xc9\xc4nM\xf8h\xec'
    b'I\x1c\x8a\r\xae\xea\xf5\x87;bM\xe4\xc1\xe6\x99\xb7E\xba\xb8\xc1\x7f\xba\xd0z\x83\xe2*n\x8a\xed:+\xc5\x90x\x86<\xbd\x8bl\xad\x03g\xfe:\xfetvM\x1c\xab3X\x16\xe7HJ4\xb6\xcbz\xb4\xd8H'
    b'\x96\x01\xe6\xf0\xf1\x08\x03\xf2\x00\x8d\x04u\xbd\xce\xe1;;xU8\xba\xa9\x7fUv\xdc\xcd\xae\xf1N80a\xd9\x01\x91\xfd\x7f\x9di(\x13\xb5\x83%\x07\x05\xe2\xd1\x19\xc7\x0cVU~\xddo\xb7\x96\x86Q\x0f\x9d\x07'
    b'\xea\xa7\x1b\xf2\x96\xf1\xd6\xbe\xf1jh#\xf3ow%:\x1d\x80\x18\x81\xa5\xff/0\x05_z\xa6\xe0K\xd7\x14<\xb6\xd3\x11\xf5\xd0\xbek\x0f \np\x03&\xc4\x07\xd0\x84\xc3\xdd\x0e\x88|j1W\x1c\xa4\xd4\xfbs'
    b'/#j\x9f\xfa\x9e(\xda\xbeK_lN\xabD\xb7\xb61"\xc9\t\xd2\x11\x83\xabnf\xb6\x9e\x91-\n\xa5\x0b<\xb7\xc8\x82\x00G\x18\xba\xf5\xf2\xc5\x03\x9d=\xc4\'\xc9\xb1\x02J;E4#\xe9/\xe2\xf2.Y'
    b"4\xdc\x15\xe3\xf3\x1bi\xd5\x05\xbd\x00\xce\x81i\x97\xc3>\xd0\xbc\xa0\xc7\x95\xdb\x8f\xbb\x85\xf4\xcc\n\xf7\xe0\xc9'\xa6\xaf\xa0\x842\xa4c\xa6\xdaf\xd8\xe2\x00\xde@a\xbf\xc0\x01\x983\x89\xecAL\xa0)\xe6\x9b\x8e\xd9"
    b'}\xee\xf1\xf4 KoR\x85\xed\xc2\x11\xee\x0b\x8c\xccQ\xd9\x9e\xa4P\t\r\x0f\xd3A\xb3\x03j\xa7\x1d\x88\xab\xd9\x9c\xdb\x9e\xaa@\xa6\xcbc4\x84\x8b\x90\xad3\xec\x06S\xc9O\xac\x1a \xf1\x01e\x82p\xd4CW'
    b'$\x07\xcd\xf2&"\xf3\xd96\xa5p?\x9a\x9c\xce\xb7y\x06C\x89\xcb\x8e\xb9\xb47D\xfc\xf8\xc3yP\xb7\xbe\xc1\xd8\xba\xb2(e\x97\xedG\xb2\xf5$\x02\x9f~H\x96K\x8c\xc5\x93\x1f\xfa\xf1\xe5\xf2\xf2\xaa\x19,\r'
    b'\r?\xc6\xab\xad\xee\xddg\xf1\xd5\xa4\xdf\x8f\xe9zcKKp\\\xd9\xddl\xb3\xb9\xde0Y\\L.\xc8MC\xcb\x9e\xb5\x1c\xf5\xf2\xccKy\xe6<_\xaf\x81,\xb4\x13\xc9?p\xac\x80i\x05t<\x7f:\x91\x80'
    b'\xe0\xc7F\xc8\xb4F\xa7\xd6\x16\xb3A\xcb\xae\xa0\xc1G"pk\x8fI?K.\x97\xc3\xe5`\xa7|t\xc9\xd1\xdbnL\xf6\xa0]5~:Y\xe69\xdah[\xa2\xd0%j\xdf\x0b\x07\xd5(\xf4\x9b}\xbb\x13\x88\xf3'
    b"\xc4z\xf4I\xa7a\xf7\xce\xd6\xf1\xd5\x93\xe1\x93l\x96\xb0\xd9\x9e\x97\xd4\x8cY%\x1b*\xc5\xf1J\x06H\x8e\xce =\x97\xa4.\xf5\x08%\xe2\xa2\xc7\xb0\xbc\xf2&\x8a\xc9\xff\x8a\x8ab\xa6?Vw\xa0't\x8c\xea@"
    b'_)*\x91\xdd\xb3\xfap\xf4\xeb\n\x83\x8cb\x0eR\xe0\xf8&\x13\xce\x01JW\x06\xc4\xca\x86\x1f`\xf7wd\xb6)\xc5\x01\x89\x16[\x0c\x8c\xb0\x1a\t\x8fQ\x94\x00w)\x87\xf1p1\xea\x1b=\x04\xbd\xed\xb36\xb3'
    b"0\xbfK\x17\xed\xba\x81\xe9\xc1\xa8+\xf3\x06\xfcf\xd8]\x86\xe1G\x8b\x02\xa4\x91\x92\xec\xbe\x1a\xe4e\xdf\xa4\xc8\x92\xa2'\xae\x14\xee\xc0\x18\x9f\xd1\x93\x9a\xe5h\x85\xfc`\x1eq\x9fMY\xc3&\xdfI\xe5\xba\xc5\xf9\xa9"
    b')\x05\x8d\xb1K\x91da\x9c;\r\xa6\x80\xbb\xaah\x93\x14\xfa$4\x0e\xaf\xf3B=\xc3\x12\xfc\x92=`\xaf|n\xa2\xc5\xd5\x99H\xf8=\x10}\xd00(\xd9\xd6\x87\xbb\xf8\x8c\xb3W\xcdT\xc2\xda\x9d\xe8{\x8d\xd7'
    b'wT4\xde\xfe\xc4 m;w\x0f\xe0 $\xf0\x9d\xed\x02\xdeg\xa7\r\xaf\xf3_ks+\x8bh=\\\x18]r\x0b\xab\t\x93\x8e\xee-\x9et\x8f\x00@\n\x89\xd1\xb1\x9b\xd9E\xe6-\xc2\xcb\xa4=\xb2\xa5\x88h'
    b'#\x8b\x96E\xbe\xee\xc9\x16$\xc2\xf7\xa3\x91\xf8\xbd\xc8o+\xc2#\xf6Kq\x0c\x18\x1bA\xae\xe5u\xc2\x1b\xfb\xd6\xaa9\xa4\xa6\xb2\xben\xe2\x9e\xf4\rp#\x83,\x96\xa9\x8ehV\xac\xf7!\xcdZ\x05\x18\x9a\xa9\x86'
    b"\xf82 \xf1\x05\xae\xe2\xbe\xda`\x07Q\x8f\xcc\xb1\xa1\xb8\xfd'\xcf\x88\xc6,\x83\x14d\x9c \xe2O=\xcb\x8b8l\x88\xce1\x9cP\xdcBh\x16\xc2\x19\xf9\xa4\xcc!\xad\xa6:\xd3\xc2\xde\x90\xa0W\x18b\x8a.V"
    b"4\xe7\x9a\xeepZ\x96\xdb\x82\x03\x8e\xc8\xfd!\xfeI\xd9&5\x9f<lq\xdeM\x89\x04'Y\xce\x93d\x0b\x1b6\x9d\x81\xd0\x0b=\xdd\xa2;\x07'S\xa7\xa2]UTw\x08\xc9c\x03\tg\xa8\xef+\xe3\x81\xe0"
    b'\xf8\x87\x9e\xe8\xcal\x98\xc2;\xfb\x12T\xcb\xacMF\x8d\xca?\x8b\xd9\xdb\rG\\`\xfc\x81\x86\x1f\xe1\xc4\x91U\r\xddD\x12e\x07\xafP&2y\x1c2\xc2AsdH\xa7w\x83\xcfD\xd49\xcf\x1c\xc6\x8d\x11'
    b"\xd3\x8d\x9d\x19Q*zl\xda\x9d\xda5\xb2\xc3\r@\xd6\xca3\xdaa\xe5\xd1\x1bz\xec\xf5tnk\xb9\x0b'\xf0'\n;\xab\x88\x00A\xaf0\x01\x84\xeaZ\xf8\x90R|\x05\x85d\xa8Y\xa0'\xb1\xcc\xc8M\xf1w"
    b'e\xb1\xd4V\xc8\x91\xa3\xcb\x99\x8d3\x9fFz\xc7`z\x8c\xc1\xd9V\x1cw\x84\xee\xc2\xa9\xd1Mh\tg\xb0])\xd4\xc3Rn\xaenu\xec\x18\xc3\xa2<\x16\x81!\xaf\xd4\x1e\xd5{\xa1WL\x1f\xcd1\x84\x89\xc2'
    b'\xaa\xd9\xefG\xbe\t`\xbb\x87\xda0\xc6\xcdd8\xb1a<qGQ/_>\x1ed\xcc\xb8\xf1iy\xe4\xf4\xe1\xa4"z\xc6\xa3Z\x0e\xcfe\xd34\xc7\x91\xaaN\'_\x9e\x11\xe8\x9b,@\xd5^\xc6\xcbk\xf3\xb6'
    b"\xe48v\xc3$\xd8\x84\x8eT\xf4K\xba\xc0]f\x04%l\x8f\x1b(\x978\x1c\xf2\xe7\x96,\xb2\x90\xe7(\xe7\x9d$\xf6Ub\xcazF\x00\xddpK:?lN\x03\xf3'5\x86\x13\x01\xf2>\x06\xc2B\x16O\x07"
    b'\x89\x17e\x81O\xd00C\xee\xa8\xa4FFJ\xe0f&\x1aSB7\xffLg\xc7\xec\x81\xc5\x03\x13\xa1\r\xfb\t\xe4\x1b\x96Z"^\x83\x0e\x9f0\x18^\x8b\xae\x90\x85\xfcZR\xb2\x85X\xfc\xd9\xa1\xcd>\xeb\x85\x15'
    b"X`\xf4.\x11\xf3\x0e+\xff\xbe\x8d\x0b\xf1\xba\xc1\xf3\xc5\xd6\x8f\xb3\xd9\xa3\t|\xac\x9b\xde\xe9t\xe8\n\x1f'\xb2\xed\xd7\xac\x8c}GlV\xb1\xdev\xa8\xe4\xd7\x14\xe8#\xfa\x07\x85v/\xb9O(\xcbwu7\xb9"
    b'79\x9bCz\xe5\xec\xf6<4\x00"\xdd\x9d\x9e"\x8f\xa4k\x8a\xac7\xb4V\x87rk\x16ls8\x814\\\x8a&\xba\x03\xbd\xf7\xf1\x18\xe5t\xb8C\xb7v<Z\xa43\xd1\xeaD\x92\x81`\xcd\x93\x03\t\xa7\xc7'
    b'g\xa3KW\xd3\x12\xd9I\xe5tN\xdf\xad\x87\xbc\xa6\x06z\xfd\x04#`\\\x93\xe8\x85\xda\x99_\xb3\xb5\x89\xa2\x9b\x88\xbd\x8b\xa0\xa2\x99+x\xbf\xa4\x16I\xa0%\xec\x1d\x9b\x82\x94T\x12\x80!\xdb\x8f\x04\x15N]\xb2'
    b'\xbeCQHi\xbbf9\x9a\xa6\x80\xdb\xe3\xaf\xa5\xe5\xe6x\x98\xdc\xa3\xd4J6}4\x93\xf1\x00\xdcs\xb3\x91(\xed6l\x18P\xd99g\x02\xef\x81k\xe1\xfb\x95\xbcKa\xf3q\xe01+p\x0c\x0b\xe0\xc4\x91\xca'
    b'\xc9\x04\xd2\x06\xe6]\x88\x1d\x1dy"\xf3@\xb4qX\x99L~.8\xa9L\xe5&<\xac\\\x01\xcc\xc80\xf6\xdc\x13\xb7~/\xfa\x0e\xe5\x0f\x1e\x10Ma\xcc\xe9#\x9c)\xc6|\x8cR\xc3\xcc\xc4/\xd2\x8f\xf8\xbb\x91'
    b'\x92u\xb8\xc8{U1\x15\x91\x10\x1fD\xd9#\x14\x87F\\\xa6\xf5\x80t<}\xc8k\x06\x96Jdp\xb2\xda\x1cj\xe4\xa7\xb7\xdc\xdb\x18 h\x95,\xa6\xc8\xed\x92\xe4\x1f(\x0eP\xf8-\x07$c\x8a\x1e\x90s\xc5'
    b'\xc2g\x11oT\xb8\xc0\xcf\x1bb\xb1[T\xe4\xb6\x95\x13=D[\x17_\x08\xa9\x13U\x08\x8a/t\xa46}\xb7G\x1b\x0bp\xc5\xee\x08\xef]\xe9\xfd\x16i\xc1\xae\xa4)[\x10\xdd7\x94 \x1c\xd5DD\xbe\xe1\xcf'
    b'\x12\xab\xcaTl.\xa1"*\xc7\x841\xc0B\x13\x93G\x88\xcb\x83=\xeb\x08{\xc9z\x83\x11&\x18\x84\xe1]p\xf3\x8f\xdc_^\xc1Z\xff\x9a.\xfe\xdb\xcb\xd37qq\xfa\xae\x9e\x08N\x9d\x93\'\xde\x1a\x1f\x9fN'
    b'\x9e\xe1\xe5\xd7\x91\x88\xd3\xed\x0e]i\xf9fgKP\x07\x9eX\x944\xc4\xcf\xb3\xc5\x16i\xd2\x06T\xdbi\xb1\x13\x88\xde\xa8\xc6\x05\x0e\x00&u\x842.SK\xd9\xa89\xb1B\x87Nv\x90\xe5u?q>\x95\xbb'
    b'\xab\xe8\xc1&\xc6\x1di\x8eO\xf9*\xc1\xa4\xba\xacfN!\xe9\xc1(4\xb0\x1c\xfa\xe6F\xa1\xf1\x84\xb8\xbe\x170\xaa\xa1,z\x0f\xfe!\x7fY\x8d\xa2`\x1bt\x0b\x9c\x96\xd2\xe1=\x1c\xd8\x8a\xb7<\xe7D\x9du\n'
    b"\xdb\xa7(\x1d\xa62\xe3D7\x89\x95\xb3\tq\xc6\x84\x94\x16\x9c\x07:\xc5\x97\xe2'hX6\xf6\xc8A\xa9\xb8\xd5A\xbc@i\x18\xed\x12\xb8\x1fs\xf7M\xbd\xac\xb8\xf6\xa5\x0e5\xe7X\x11\x1eBw\xd0\xd6\x86\xb2\xe6"
    b'\xb8\xd1H\xb6\x15ogR\xc5p\x87\x97\xa0\xf6}H\x98\x0f\x10\rU\xe4\x04\xb4\x8c\x84\xf6\xb3n(\xe66|_=\xadO\x9e\x164\xd0\x9b\xe59P\x15\x98\xd4\xfcD\xc3\x1d~"\xcf\xb3X\x0b\x18\x12\xbfQ\xc0\x95'
    b"\xe4\xc6(\x19\xbb\xfeH\x94\r\x1d\xae8\xd4\xda\x91\x04.'{\x92\xd4P\xc2?\xd8kE<F\xb36\xf6zB,~\x07\xfb\xd8\xc6\x07d\xeb\x8b\x9fi\x8f\x8f\xd5SI\xe6\xcb\x19\xaa$\xbaw8\xa6\xb5qd\x92"
    b"\x92\xfag\xdcTh\x9a\xca\x1c#\xab\x89]r-\x89\xaa\xa1\x08\xbb\xe1\xddBQ\xae\xac\x14\x88E'l\xbc\xeb\n\xea\x82\xc6T\x0c=\xdf\x8co\xb9n8_0\xbe\xc2\xe5\xd87\x87\xe7\xc9\xd9\xf8Q?\xe6\xad\xb8\x9d"
    b'\xc1\xab\xd6\xe4\xe6g\x8b\xeb\xf9\xd5r\xb2\xd3\xe7\xe2\xc4\xac\xe0\xe2\x8cj\xd1\x1d\x03\xf2\xbb)74\xb1\xf7\xed\xb6.=d\xb8\t\xb3\xcd\xae(\xbf\xca\x1f\xf87\x0e\xba7\x8ex\xbc\xb6?\xcf\xcf\xbc\xa7K\x1e\x17\xcb\xc1'
    b'r\xa9}\x84\x12\xfc\xd8\x9eM\xc6\tN\xc5V\xd1\x88\xce;\x16\x1c\x90h\xe8\x14\x83\x05A\x87\xc0\x83d\x0e\xa3\x84\xb1L\x8b\x92\x8dn\xdc\x84E<\x11\x0353\x04\xdf\xc7\x1cL"1\x12}\x19\xce\xee\x89\x84*U'
    b'h\xba3\xa8!\xb0\xebD\xacac\x93r\xe9\x92p5h\x10\x11\xcfa\x9d\xe96Z\xbcv\x84\x9e\xc1\xd0\xce~\xb3\xe1\xfeS\xbee\x0c\x07\x0b\x12\xa1g\x1e}\xbe\x86\x9e\x1f\xeeD\xac\x8bnO\xfd\x1d#9\xe8\xd4'
    b"n\x1d\xc2\x8e\xbbw<\xf3\x983w\xdf\xfd\xc1Cx\xffM\xfe\xa9\xdc\xfa~\xfbG\xbas\xa5C\x02C\xe7\xc0\xa6\xce\x08w\xad_\x83\x99H\xf2\x1c\xdb\xa9Z\x9f\xd5\xe4O7\x8ey\x8b\x18\x06s\x03c\x96'W\x1f"
    b'\xef]b\x18Y\xae\x92\xac\xb5\x10y\xea\x00\xea\x96x\xe566\xea\x88u:\xa0\xa4\xb6J\x8c\xb7\xa8&\xc0\xd7\xdby>\nQb\xc9\x04\x07\xc7B\xc2\xa1\xa4Q\xb5-2#2\xb3\xc5\rm\x1cS\x17\x7f\x80\x0c\xe1'
    b'l\xeb\xcd1\x97\x82\xc3\xbaSv\x8aI\xfeUf\x92GI\x94g\xa5F\xb1\x162\xab\xcbnV\xdb\xd2\xc9\x9d\xe4\xae\xc4t\xd5\xc8,\xae\xc5O\xb7z\x06\xc6\xce\xde\x9d\xaa\xfdU\xcc56O\x83\x92\x13\xf7+qm'
    b'\x87\xa8\xc4\x84\x8d\xec\x01~U\xc3\x1e\x1a;\x18JG\xc5U\\C\xab\xeb\x1d64O\xeaq\xcf\xb0A\x82\xd0\x80p\xa8\xfb\xfezG\x96B\xf2\xac\xd9\xf9(e\xcd\x05da\x01\xac\xe9\x9eD\xcb\xe3\xacC\x7f\x18\xac'
    b"\xe8K\x02\x9b\xa0\x97\xf6d\x06v\xc1\x8b\xa0F\xae.'\xc4\xd6I\x00\x02\xf2\x8cM\nn\x87\x01\nfh0\xc0]\x04\xc3\xe4\x96)Y[n\r]}\x96\xc9p\xaf\xc10\x18\xeb\xca\xee\x93F\x90\x0e\x8d!\x10\xb1"
    b"\xf9\xa4t\xdf\x13\x9bE-J\xa9N\xdc& T\xe2#\x8f\x0bq\xbcrB\x1c\x1bO\x8eh\xb30a\xd3Nib\x80\xd5\xcc\xc5\x81.pw?\x1a\x14I'\x86\xa9In\xad\xbb\xccsY\xb3\xd8\x1f\x1e\xec\x1e'"
    b'F\xfb\x02\xda\x85)\x91\x13R\x84\xdb\xb2\x88\xd7\xc9\xa2\xb7\xcaA\xd0{l\x9afe7\xe0\xef\x1f|\x1e\xd5L\x17\xe8\x8d\x86M\x17\xcc0\x10\x01\xea\x03s\x1d\x19\xd58\xa28\xc6\xfeb\xb6\x18z\x9f/8\xa4\xd1\x8c'
    b'\xb6\x16ZI{\xfa\xd1\xc9\x88\x92\x14\xc6\xd1a)\x8c\xd2\x83\x83]&! Wm\xc9+8\x8e\xf2n[\xc1\x10\xf2\xb8\x9a\xd2\xd9i\x81\xbe\xeaF\xe9}i]\x81\x8c\x19?\x9a\xdf\xba0\xdc\x80]3\naA\xa2'
    b'\xe9\xcc\xc6\xe3\xf1(\x96\r\xdap\xaf\x8e\xe5\x87\x90s\xb5-\x84\xde\xd9\x00\xd6\xf1u\xe3$\xf8\t\x99\x1f\x94C4\x92]^\x8fI\xbd\x0c\x1e0\xa4\x80\r&\x9d\xc1\xe8\xaa3\x18\x8c)\x06\xb3\xb9\x87\x9b`p\xee-'
    b'\xfd\xab\xb0#$\xb8\n\x0e\x01\xb5\xc5e\xe3t(\xd7\xdf\xf1X\x84\xa0\xdb\x8d\xa0\x88RC\x0b\x06\xcbwV\xde\x10\x0c\x10B<)\x14\xad\xc1\xc1\x96B20`R\x0cf$\xfb\xbf\xe9\xaai\xe2\xd2\xe94\xf6\tB'
    b"\xc2\xfe\xe3C~\xd48\xcac\xfb\x01\xb3\xdf\xd9Cn\x9eA#J\xce\xa4\xe8)|\x92\xff\xc8\xa8\t\xb8\xfa\x0c\xbd\xb3\xcbK'\x1d\x820d\xf0FJ\xc4B\xcb\x99\xf8\xe6\xef\xe0l\xd5\xf4!\x06\x913\x13\x05G\xdc"
    b'\xde\xe4\xb7\x9a\xc8fmb\xbe\xb9\xeb\xba\x1e\x94\xd7\x02\x8ae\x1e\xcc\x11\xae\xc7x\xd4.\xeb\xf6\xa0\xe5\xd2\x9d\xdb\x11\xef%k\xaf\xd3\xac\xb7Pp\xa67\x88\xe92\x9f\xc3.o\x06\xff4\xe8z4iD\x011\x08\xc3'
    b'Nb\xf7\x9f\xc6A\xbd(V\xd9\xa0`3y~\xd0i\xe0\xbe Xf0q\\o\xe6h\xe6#\xf8S\x837\x041E\x8f\\\xb8\xd6\x84\x88\xc6P\xf7\t\x95^`\xe7\xfc\x0e\xcew\x8e\x00\x11[\x8b\x89\xed\xec\x81'
    b">\xf2\xff\x03F1<\xf5\xd5n\x84\xe2\xe1\xe4x\x88b\xecu\xf3\xb8s\xc3\xb5\xd8\x7fMl\xed\xc4\xa6\xff\xbe\xbd\xd3\xb0'\x13,\x83\xb1\x10\xdb\x05\xe7\xbd\xb1\xae\xc8\x91\xd1\x14s\xa3\xee\x88\x8f\xc9\xaa#\xc1|t\x93"
    b'c\xe2"\x9eR\x81\x8c~\x10\xa5\t\xf7kI\xa7\x15\xaf\xb5\x86,\xcc\xb6\xabY(!q\xe4\xe9j\x1c\xdb\x7f\xd1\x14\xd4\x06\xc1`\x04MY\xa1\xce[s\xe4.<{\xee\xc5\x17\xe6\xc8\x01\xf7\xa0\xa3\x8f\x9c\\\x87\xed'
    b'\xc8\x03c\x9d\xb5S\x85\x96m\xcd\xfa\xf5\xa1u\x1b\x89\xc55\x94\xd9\x9d\x9bdg\x1e\xbf<\xdb\x92\x1bj\x05\x05&\x16\x93\xb3\x0f\xc8\x99\x03\xc2\xca\x0e\x10"\xf4,h\x8e\x8cDU\xe66\x01V\xc8\x8bb\x16\x17)\xdd'
    b'\xc2Vy\xe9\xef\xf8,\x90\xf1\xc4d\xf1\x85Q\x01\xec\x96\x19\x8d\xc5*\xad\x83of\x86\x0c\x0fO\r1\xbd|~rH\xa8\x0b/=d\xd4L\xeal&\x87|\xf9*;\xc1\x13\x89\x05\xa4#@\xad\xb2ca\x06a'
    b'\xda1$\x93\xfd\xab\xc4!\xeec\x82\xfa\x08\xed\xe6@\x82\xfd\x93\xdea\x92_\x06\xce\xfb\xc97\xeb`i\n\xc7;S\xfa\x1aV\x96\x10\x16\x07?\x7f\xaffz\x00\xe0\x1b\xb9P\xb8;P\xd8Z\x80k-\xe6\x17\xba\x97'
    b',\xbc\xec\xd7\xd8\xe5y\x03\t\xc1\x11\xd3O\xa2]\xa9\xb4A\t\x81\xc6\x02\xebt\xe0j\xd4\x85UA\xfbc+\xe9\xddVP\x87\xa7,\x89\xae\x04\xe2\xb4`\x88\x08\xc4v\xda"m\x18\xf4\xa7\x8c$[\xf2\xb2\x10\x8c\xfd'
    b'\xc2Or\x87\xd6\x81\x88{\xd7\x00awi_PZa\x08\xf8\x0fa_\x04Q\x96\xdf\x1ahdA\xe5rb\x87%\xf5\x8e\xcf>\x19\xfe\n\xe1\xa7\xc8\xd7\x85\xc6\xa94#\xe0\xe2\x95\x81Y.4&GB\xa4qk'
    b'j\x0c\x08\xda\xb1\xe2\x82_7\x8e\x08\x81\x14\x94\x97,\x89\xc9\xc7\xa4\xaf\x18`\x05\xad\x84\xc1\xc9\x02M\xeb\x84\x07\xc4\xca^^\x83_\xd2\xc0\x02\x90\xe91\xb7\x0e\x9a\xbc\xff\xf2\x80$2\xcb\x15\xea\xb6\r\xd8\xf2\xec\xd9z'
    b'\xb6\x042\xed\xff\x01\xfe.\xe1$\xbc\xe8]\xc2\xc7>|\x1c\x8dz#\xfa\xb8\x8c\x10\x82\xf9$z\xd6\xef/\xa3\x0bn\xb0\x84\x8fW\xdc\x00o\xc7\xd7<\xe7Q\x97\xf0\xfae\x80"\xf4M\x8c\xd4\x1f\xde\x1d;QB\x9c'
    b"'\xb0q%\xe0\xecm\xc7\xcb\xa1\xbcr\x853\x81~\x90\x9a\xdb\xdc\xc5\x03\x03\xa7\x83\xc0:2v\xde\xe5,V\xca>o\x9a\x9a\xda\xf0\xb7\x82\xa0n\xa4\x1a\x1d\x03\xf3g\x03\xe2~F\xb1\xb0cB\xc0Y\x08\x94x\xf9"
    b'{\x06X*\x93\xbfo\t#\xd6\rb\xe5-`D\xc1\xa2\x05D"\xcc\xe4\x0b\x17)\xe2($O\xca?k(,u\xbb\x1cO\xf9\xa5\x06p\xe3\xe3vsti$H\xe0\xfe{x\xa7\xab\xdf\xb0f\x9a\xe3_\xfc'
    b',\xe4\xa1\x8d\x90\x10\xc9\xcb\xb1\xbc\x8c\xdb-/\xa0\x02\x14\xb5\x8c<G\x90U\x18\xb6\xe4*\x19/\xe6;s\xf4\x1c\xe9G\xac>\xbd\xcb\x8b`\xda\xe6_\x92l\x95\x87\x927UN\xbf\xb6\xb9}\xa1\xc4\xcb\x9b\x1a\xa0\xf4'
    b'\x93\xbcC\xd4\xc8\xc7\xbc\\.\xc6\xe4\xba7\xbf\xfbi\x99K\xf8\xfd\xf2\xda\xfd\xdd\xc9\xba|6\xbbLFq\xdf\xfd\xd5\xcb\xd5\\\x0egW\xf3\x0b\xf7gL\xcc\xec\xd8\xafnB\xa6\xe4X:r\xeb\x16\xf8\x02,\n\x9d'
    b'\x95\xd6\xeb\xb5L\x11y\x15\xa3\xdc\x11h\xb4\x17}\xbfM8\xb50\xe6\xe8\x03J\x15\x89\xab-l\x11\x04\xa6\x80\xed\x89.\xb3JC\xcfh\x80z:\x82\xec;%+\x8d\xc0\x1cB\xaf3t\xe2)(\xa2\xa0\xab\xb3\x9b'
    b"\xa4#\x81Ov\x10V\xae\xea\xf1`]\x1a\x81S)\x9d[\xee\x8c\\\x9582\xf1b\xe2\xc2\x1d\xe4\xbf\xc4y\x89\xe7Z!Ez\xab\xc3\x12\x06\x13\xd9H\xeb\x99\x0e'\x7f\x08\xabG\xed\x9a\xbf\xfb\xa4\xb0;\x85^\xb2"
    b']\x14pQL\xae\x03\xca_\x7f\xbf\x8c\xeb\x06\\\xf3\x81\xa8\xe0o\xb8\x94wqZ\x00\xf3\xde\xce\xef\xba1{\x15\xc9\xae\xbd\xef\x10d!\xa9\xd3\x80\xd7\xec\x9f\xe3\xfc/\xcf\xe1\xe0\xdbyt\xee_%^\xfd^\x1cB'
    b'|\x95\x8c\xc1+wv\xe4[X\x7f\xad1\\:@\xda\xf1BE\x9f\x1dO\xceov\xd7V\xd8\x83\x8b\xc4\xaf\xc05\x0ef\x891\xf5\xaa\x96\xe0\x1d0&f|m\xe2A)\xdd\xabP\xa7\xbc\xc9\x0ft\x03l,`'
    b'\x0f}\x05i\xb3\xb4\xe8\xc8\x84\xf3\x0bz&\x05\xb3\xa3\x82I\xf9\x8c\x02\xcaY\x95\xc7h\xe8AC\x06\xd9i\x04-\x06;<X}\xf4\x03Y\x86N\x0f\xcd\x94\xa1K_\xa7\x1f^\xb5\xd9A\xae\x04\xae\xa1\xfa\xa7\xe7\x0c'
    b'9n_\xe4]+\x92\xf3\xed\xaa\xa1#\xb7\x99dM\x03\x13\x8e\x07\x84t\xaf\x91\xdb\xcex\xa5\xb3\x06G\x8a\xfesx9\x18\x9d\x06,\xa8H!\r\x05gWT{\xc8.E\x99\x13\xe9\x06\xfbi\x84s2\xae\xc40'
    b'\xe0\xd0\xbd\xd6\xd2\x11\x9fp\x9f\x1fFK\x17\xf5\xfc\x0fQ\xb1\xb4\x97C\t\xc8\xb9\x83\xad\xecM{\xd02^\xa7\xab\x87\xe9a\x07\xbe\xef\xa4\x1b\xda\x80\x89\x0b\xdf\xc4\xa0\x08\x1b\xe3IX\xad\xf8\x9dLJ\x8cM\xd0\x80u'
    b"\n\xc04\x85N\x03\x0f\xd3 Y^,'\xa1\xf7\x13q`8\x9f\xcc'W\x02\x87\xa0I\xf2.\x89U\x18\xa3\xe8l\xa3U\xbc)\x93\xa9~hzD\xea1-7nh~u\xd7\xa9\x16\x8f\xf5`\x8f\xba\xf9\xddy"
    b'\xaf\x9d\x85\x14O"\x10\x14\xaa\x14\xd4\x0b\xe9\r\xa6\n\x9fQ\x7f\x89\x9dh\x10\x97\x82\x05`,\xee\xf7\x9c9\x9bJD\x06\xd6\xe9\xf1\xf0\x14H\xc7&\x83\xfes\xf1\xd9Q\xd3\xc5\x82\xb8\xc0\xdc\xc5\x90\xe4f\x1a\xd0\x8d\xcd'
    b'\xb6+b\x16\x8a!\x1bW\xf5\xa2\'\x9a]a\x8b\x03p\x9e\x0bUIb\x99\x08\xc3\xbb\x8c#\x8c\x9e\x8b\xe1\xc0\xa5\x90\x9e\xb0\x98"A\x04\xc3\x12\x11\x9a\x190\x9f\x82\xe2=\x0f\xa2\xfa\xfb|phg\xa7K\xd4\xd8\xc0'
    b"x\xa4Q\xb3>\xb05\xc8\xf5\xf8\x1c#\x00\xcfF\xcbY\x00w\xc4\xc2M\xa3\xc5\xd4b\x07\xa2\xa8\xd9\xd1\xe8\xe5\x84S\xb3\x0c\xa46\xc8\xc64EU'\xba-\x92\x87\xc4\xc2O\x97\x06?H\xf1\xd1q}\xc8:'\xd8"
    b"\xbb\x89 l;\xb8d=\xb4a\xa0/\xe5`\x16F'\xc0\x9f\r\xa8w9/`\x9e\x81\x1c\xaa\xfc\xf6\x16\xad'\x945\xb9]\xe1\x01O1\x120B\xd57\x91\xa6J-\xda\xf31\xc1\xf09\xb9\xdd\x1b\x96\t\xf1j"
    b'\xba\xe6\x95\xc3 \x10\xfa\x17\xc2\n\xd6\x95\xb6I-\x17\x80\xf6\xc6!F\x06\xd2\xd4\x8f\xa9\xe5\x17r\xc4=\x05^\xff3\x8ep\xefu\xa9Aw\x9d~:K\xb3\xa8\x04\xd9\xae\xe35\x8e\xae\xfe\xd0q\xdc\xe6\xe7\xa1!\x10'
    b't\xd3&F\xb6R\x87\xcf\x84\xf1\xe3m\xdf\xe2C\xea\xe8\x99W0\x10\xb9\x84\xd31\x87\xb7\xa6!\xdd8\x171\xf8\x8b\xaf\x86\x1el\x135\x1b\xfckG\x01U-\x12\x07\xcc\xa4\x9bfN\xee9\xe6hqRVJ\x19'
    b'\xf0.\xc2\xa9[F \xb56J\x1d\x92\x14\x85\xf3N\xa4\xc9A\xee9\x83\xbdmc\xd29\xe7\x92\x12a\x8cO\xd3"\xe1\x13(\x8a\xbf\xefq7\xa1:\xcc\tDd}_\xc6\x94tl\xd2\x9a\xb0{\xfc\x99$bJ'
    b"\xb8\x8eK\xfb+\xdc\x85IY9\xa3&\xf0\x91br-C\x96T\xae\xa0\xdc\xa5\xf2\xa3\xd3!\x9e\xa9]R\xc8\xa1#1\xca\x1b\x086D^\t\xe8'\x855|\x9d\xf1l\xc8\xfd\xe7QW\xb6+v~~\x1e\xbd\x88"
    b'\x86\x1c\x99G\x07\xdd\xc1w0\x999\xd7U\x0br/\xd92\xad\xec\xf5S{\xc2$N\xe2\x91\x85HP\x17\x14k\x1b\x94\xbe\xae\x14A!\xbf\xf4\xabT\xed!^\xf5\xbct\xf7\x18\xc9\xc1Z(M4\x1b\xe2\xbd\xc0e'
    b'2\x13\xfa\xaf\x95F\xc8=\xe6\xe4x\x9e\xae\x81#fU|\xaa\xd1\xc4\x94\xeb\x06g\xe6\x86\xf2\xdeA\xd7\xa140J\x1a@l\x0eZ\xf7\xd5\xb6\xe4\xfa\x80ld\xb7\xaa\x939\x81\rd&f1b\xfd\xb1\x1b\xb5t'
    b'\x80\xe4W\x89\x07\x07\xb4\xa3\x19\xd6\x8e\xe2\x94< NB_\xe1\x8a\x87\xc2\xdb\xe5&\x9e\x84\x0e\x96\xfd\xc1\xe3\xf9y\xc9f\xf6\x04\xf3>\xabte\x03\x8c\x91;8\xb6\x0b\xbb\xc5\n\xaeTh\xdc\x03 \xbf\xaaJ\xe8b'
    b'\t\xc8l;E5t\x13\xf2/\xb8H\xde>\x14\xff9\xaf\x05\xfd\x8aj\x03\xbc\x19\xb0L4\xbb+;\xe6\xb2&\xbd\xb2\xe1\xa1\xb2~E\x0e\xbfD\xb3\xa2\xc4\x15\xdb\xab\xeai\x94\xb8\xcc~\x87\xb7\xc1y\x00c\xbc\x99'
    b"\xb6/\x01\x01\xee\xa8\x15\x1e\xd4\x0cG\x15?'\x9c\xd3\xc12\xbe\x89\xcb\r\xacg\x97\xacMn\xcc\xdc>\x07X\xb3\xce\xc3!.\xb1\xda\xa0\x1c\xc4W\xceCo\xaf\xc9hc\xf2\xc3\xfe\xad\x9d\xc5+\x0e3\xef\x07Pd"
    b'\x03Q\xceA\xab\xc4\xbf\x19\xd2\x88\xcel\xde\x0c9\x81\xcf\x1fO"\x878\x82\xba^\xb4kf$\xbe-0}\x9f\xed[t\x03\x93\x86\x14Z\xd0\xe8\xfa\xf72\x08\x86\xfb=\xc648>\xd44H\x10>l#\xdbo'
    b"\x81\x1a\xeczm*9\xfa+\x85\x1d\x7f\xf5\xf2T\xbb>}w\xae\xe3\xde\xdb\xfdpr~lL\xefx9H\xe6\xfa\x17\xd7\xaa\xf3,\xbe\x8e\x07\xd7c\xef\xf3\x08\xa5S\x0e}\xe2\x15:\xd4@\xc1Z\xad'h(\xab"
    b'\x10V,\x06S\x01\xd3o\xf2\x0bQ\xd9\x9d"\xe3\xe6\xce\xa3l\x15c\xcf\xe9X\x8f1\t:\xd9\xea\x0f\x12\xe3\x84\x84\'\xd9\xe2\x91\xd4\x8aR\xf6\x0fH\xee\xb0\x83iV\xdd\xb0\xbd\t\x8a\xb7NKS\x0b\xd8m!v'
    b'\x82\xdd]\x14fv\x13\x83(\x05\xea>\xa1\x18\x98\x03J\xc1+Tr\xbc\x93Rn\xe1\x13\x0b\xd8\x9f\x82\x9a6\xcf.\x8d\xd7B\x84&\x94M9\xb5\x1d\xe4\xbc\x08\x13\xa5\xf0l\xa6\xd3\x91\x04\x07\x143\x08\xb7\x19\xdb$'
    b'\x0b\xbe\xc7Cq\xee\xf46E\x0eT\xbb&Ps\x1f\xe0\xd9\x87ll\xc4\x1e\t\x02\xf5\x8e\xce\xa7\xa4}w\xe7w\xe9j\xe1\xbeI\x7f\xe7]\x8cH\xb2c`N\xdd\x1a\xe6\xffW\x07\xea]&\x0bE\xe4\x12S\\\x11'
    b'73\n)\xe9\n\x1d\x99\x12\xb1B\x12\xeb:\x06\x89\x83\xa2\xe1kbvL\xca\xf5\xd4\xe2\x14=GTB\x0bf\x08+"\x16\x06\x02[C{\x1a\x0b:\x88\xe1\xe6\x18\xb7\xa9\xe8\x9cA2\x11{F\x8f\xe3\xef\xbf$'
    b'\xce\\\xf3\xa7\x82\xb5\xde\x1b\x8ad\xe3\xd9\x82\xca\xacq6c\xc7q@#\xf1\xeb\xe2Z\x11\xbf\xde\x8b\xef\xed\x1cY\xc8\xe5\x06\x8bh\xbc\x9b\xddV\xb2<?\xe4\xa2\x93\xc8:a67\xa7\xdf!D\xa6\x84}\x83\x1c\x9a'
    b'\xa2)\x81l7x\xe3A\x05\x90]\x0b\xfd\xa5\x812\xe1\x14\xb6\x1c\x05x\xb2\xf7\x89Bh63\x9al\x90l\xb4\xdc\xf1"\'\xd2A\x9c\x02\x17\xa4PlR\x1e\xc2\x8b\x17s\xedL\xe6\xd0\t\xf9\x86\x9fz\x9cFG'
    b'\x06N_9q\xb3"\x86\xf5\xf9\x1c\x07\xdd\x08_\x04\\\xad\xf1]T\r\x84\xe5t)\x0f\xa3`?j\xd6\x11Y\x87\x0e\xda^\xf4\xcbf%u\x12~\xa6\xc3\x92,}\x0c\xc7\xc2\x18 \xf8"\x8c\xe6F\xe0 \xa4\xc6'
    b'\xd0\xfe\xd3\xda\xb3\x1dD\x9bc\x1c\xb0,\xe2xg\xfeL~\x1c\x01\xbf\xe0\xbaO\xf3\xaa#x7\x0b\x01y$\xcdJGV&\xb7\x88\x9f\x8b\xc81\x14\xb0J 8=1QJ\x1b6D\xe1 [\x8cQ\x92\xe5)'
    b'\xcc[\xb6\x19\x17\x8e1!\r\xd6\xcd\xe3\xfc\x8c\x86\x01\xb2x=\x1em\x93: \x95@\x1c=G\xd8\xa4\x0e\xb2H\x05\xab\xf5\xee\xb2I\x05\xdf8\x00\xa2\xd54\xc5\xd4n\xa5?NBB\x9b\x9dL\x19\xdd\x9eI\xad\xf3'
    b'\xc1\xab@\xbeV\xdb4\x1f2\x9d\xe1\xf1\xbb\xd0Z\x87\x1b\xfa\x1c\x98\xb6\xb1)\x980i\x97\xa3B\xf3\xd6\x9e$0\xf4\xfcJ\xbd\xc1\x95\x89=\x89\xe4K\xdf\x89\t\xe6*-Nx\x88\xba\x8d\x8e\x08\x99\xc7\xc0\xd2`\xc4'
    b'ac\xe0\xb0\x83\x1fm\xee\x18wB\xc7\xdf!\x8f\xe9\x1fd\xbbm\xec\x93P^H8/\xaam\xc8u\x80\x8a/1\xa8\x86\x1fp\x80m\xb3\x89y\xa6\xa9@\xc2x\xe7\xf9&\xa5p\\1;Yq\xb4\xe3\x020R'
    b'\x98"\x95\x17\x10\'\x0c\xbd\xfb\x02\xc5\x1f\x8a\xe4\xa2\xce@\xa4\xdb\x1cE\xd9N\x1a\x95\xfa\xb1\xd5\xa8a{4U\xc5\xdd\xb0\xde^ \x8cc\xb4GB\xf7z\xfd=\xaa\r\x93\xb2\xb6\xb8Z\x0c\xe7W\xf4\xf9$\xd2o\xaa'
    b'\xbai\xcdD4\x012\xe0\x08\xca"^9ksT\xa2\x81\xcd\xd4T\xfc\x90l*1\x88\xe1A\xa3\xc2E\x06R\xef\xdc\x05;]\x92T\xa1\xc8O\x1c\xf5\x83\x88b\x06\xa5\x19\xcet\x85\x18w\xd6,\xcf\xb8\xd8v\xc7'
    b'B&\xa9\xb7,vJ\xe2\xc2A\x9d\xdb\xb1\xf9\xc5\xbcLY9P[\x18X\xd9\x14I\x94\x12\x83(\xd4\x8b\xb7\xc5\x96 u\x05\xfe\x9a7\x9c\x0b=\x04\x8a\xd2)\x92\xef?`\x14T\xa0\xb9\xc0\x939\xa7\xa2\xeb,\xab'
    b'\x834Q\xadd\x98h\xea\x14|(S4\x12\xf12E\x1c\x81\xdb\xb0\x03\x16\xb5\xf0[R\xf4\xa4\xe3\xd0\xb3\xa5\x1e\x9e\xb3\x90\xe4^\x8f2\xaajk\xfda$\xfck\x99\xf5m\x81x\xa1iv\x0f\xb2\xaf\x0fE\x85,'
    b'\x01\x91\x0eK3\x8fnu\xd7\x1e\xf6Jz\xbcZ\x1f4\xac\xb7\x86J\xe8\xdf\x01\xcf\xf7\xda\xd3\xa4\x9b\x10\xf1\xda\xad\xf4&\xc4\xff\x94\xf0\x10\xf9\xe19%\x95\x83b\xf3\x80H\xb8><\x1fC\xee\x91\xf5FA\xa0cn'
    b'\x8e\x1bZ\xe1\xd3f\x0f\\\x9e\x99\xd8\xccT&\x83f\xe5\x0e\x08\x07AKi\xe2\xd0u\xeb\xac\x0b\xce\xdf}Z2:\x1b\x81\xacj\xf0G\x95G\xcb\xb4b\xb9\x18\x89\\\x9d\xbb\x95\t\xcffl\n\x93\xd9y[\xc0\xe6'
    b'\x10x\x9e\x8e\x99^A&&\xc4j\xa6\x19\x82\xca\x81w\xfe\xa5\xc2p\xebW\xd1W\x0e\xfcM\x9f\t\x10\xaeR\xc9\x12f\x08\xe8\x03\tU?\xd9]\xb6d\xa8\xd4\xecw\xe6U}$,g\xf65\xb1\xb6\x00\xe4\x95\xce'
    b"\xd1$\xc8\xaef\xf5\xdatD\xb1\xa4Wf\xcf\xb6Q\x13\xe1\x16t\xe0zF\x03\xb7D\tyf\xb1\xd3\xa3D\x8e\xb1\t'\xc2a\xd1\xed\xc2\x86\xc76&\x99>\x93\xb1\x84L\xbaG\xb9\xf6\xc6\xc7\xba\xf6\x9c\xa1\xa0\xf9"
    b"\n\t\x89\x9d\x89\x81\xa7\xb8\xa4^\xc2\x0b\xc6\x08\xbbR\xa5k\xd2\xc7\xd8\xdd\xc1\xe5gQy\xabD\xf3\x10\x80L\xa1*\xf1J\xd3\xcdR,\x80\xb0'\xa2\xe5\nV_\x82\r\x08\x8ep\xb3]qr!a\xcd34X"
    b"\xebbp\x87\xf4\xd4\xcfZ\x0f\xba\x9d\x94\xf0Z\xfd4]\x05\xaf\x11L\x94\x8c\xf61\xce\xd25\x85\x99N\xe5g\xfc!\x1a\x94\x8c'u6\xec\xfc\xb6]o\xba\xd8\xc39P\xd72\xcd`\x0cO'\xff\xf6!y\xa0\x08"
    b'\x872rn{\xe4\x1daJ\x97V\xb9\xa5\xe8\xe1\x93\x13\xb8w\xbb-\x8cY\x83\xe6\x98ma\x1dS6\x8f6:\xc5\x8a\x90\xeb2e\xc6\x91\x7f2\xd9B\xb0n\x1c\x06\x8bl\x15\xa4V:\xf4\x08\xb5~A\xbb\x03\xe6'
    b'Vk\n\x90#t\xbb\xceL\xac\x18\xdb\xdd\x84\xb3\xa1\x0e\xcc\xe0\x8e\x1c\x95\xc2P<\x1cqkA\xc9q\xf1\x93\xe29\x9ei\x19:\xb00$\xd7\xc6\t\xc2qx\xa7g&\x1e\xb7\xe2\xd0!\xbd\xf0Vt?\x0e\n\xa1'
    b'7\x07I\xcd\xa7\x81\xc7\xdd\x99g\x11\xc7?\xef\xeaA\xafc4\xe4!\xbd\xd9\x7f\x9e\xea\x04I\x86o\xb7\xbf\xf3H\xbe\xc1\xfcw\x0eo\x8d+P\x83$"[Z\x03\x98\x91=\xc88\xa1\xb4\x15\xe8\\\xc4\x9e\xd4\xbb\xc9'
    b's/f\x11\x0c\xe9\xe0\xf4\x1a\xdcJf\\l\x8dO\xff\x81#\x92#\t\x0e\xeaO~\xdd!8\x0e]ei\xe4\xc6\xb7J\x1a\x05\x85jt\xd5\x9d\xe4ZM\x82\r\x8e\xd4j\x0e\x0c\xfep\x94\x1f\xc6\xc7 c\rt'
    b"\x9d\xc6\xf0\x17\xd43h7\x9f\xc2I\xb5]\x81,\n\xdf\xcb\xa7\x13\xaa~\xe5N\x87b^\xd9\x8b\xbdM\xbc\x02^\x994\x9c\x94.\x9f\xa9I\xdf '\x84J7\x1d@\x04m\x0f\x13^\xe4\xd0\x88\x1b/6n\tH"
    b'\xe4\xe6\xbc\xf9\x98\xbe\x99\xac\xe18\rX\xee\xfd*\x95\r\x7f\xe6\xefP\xdd*\x14\xf3&`\xfe\xa3\xc9\xee\xf4\xa1\xba\x8e\xe8\xbe\x9a\x87G\xe2\xe5\xe9\xb4c$\xbd6\x96E\xdf<\xcd\xb6\x14\x83\xae\x8d,U\xb6\x99\x9bt'
    b'-\x96\xc3\xce3\xba\xed\xb1\xdb\xbd\xdb\xce\xea\xd9,\xbamg\x1c\x88\xa0\xdet1\xb2\xbb<\x1b}h\xe9\xaa\xd2K\x84\xe6\x8f\xd7;\x1a\x7f\x80(\xbb\x84q\x88\xca\x8b\xc3\x19\x7f]\xc4U\xdc\xc5\xa6\xf7\xf1\xc3\xbb\xe8\x19'
    b'\x19\xfa_\x11\xbe\xfa\x94\xc0\x8ak\xf4\xb3\xe3\x1e\x07\xef\xdcw"\xc0k\xbc\x81\xa5\xfe`\xc2.J{@\x80\xe2\xe7\x06\x85;1\x0f\n\xff\xef*\xb9R\xe3\x95Jec\x8f\xab\xb4\xfc<(\x8cQ \xf4w`\xad\''
    b"\xfb\xc2t\xe9\xe1e\xfc\xf0\x18\x0c\xf9\xa6_=E9\x90\x90\xfeYyS\x93p\xe0\x1b>+`\x041\xe3\xf8\x1d}\xd5\xd4')\x93\x07a\xda\x8b\xc1\n#f\xbd\x10\xcb\xde\xb0\xc5\xf4]\x0bd\xa8\x158\xf3A\x86"
    b't8\x08\x7f\xe79aj\x18\x03\x920_\xc7\xbf\xd8\x0be\xdb\x98\xed\x064R\xbd\xda+G\xf5\xd7\x17B\x83\xd7(\x83\xb5d{<\x1cq\x1f\x12\x07\xe4\xd6\x95s\xefS4-P\x11\x97xQ\xb2\xe1\x9b\xaeQ\xaa'
    b'\x92\xe3\x9f \x89W\xaak\xc0m\x08\x92\x8d&yS\x85\xccA\x154E6\xa4\xee\x0fvOE\x81\xa4\x14\x87)AF\xc3D\xf0\xf1Z\x1a\x98c\x9a\x13S\xe7\xc0\xd8\xce\xe9\x86\x10.\x90\xe4\xd7\xf5\x1c?\xa5\xd9n'
    b'#\xe7\xf6\xc8\xa9\x12\xc4\xc6\xcd\xf6\x82\xf7\xb9T\xe3N7N\x01\xa4\x18\x1dv\x15\xaa\x9e\x82H\xc0x\xb1\x9a\xd5[it3\xe38&\x8b\xa3\xaa\xc7\xef\xc3Q\xf6!u\xc4\xcb\x86\x0fi\r\xe3wzSD\x98ZD'
    b'\xfe\xd8"2\x87\xea\xc3\x1f\x17\x90?\xbbmD\xe3\xf3\xf8\x9a\x05b\x84\x87\xe1\xe4\xff\x90f\x89[\xa7\xc5L+\xf0q\xc2\r =\x01\xe5B\xc9t#\x12\x13\xe7\x1b\x85b\n\x94\x17\x11\'<\x15A\x07p\xfe\xd1\x94'
    b'\x86#5\x10u\x1c\xfa\xdf\xafg;^\x1e\xbba9.\xf8\x00\xdc\r3\x82\x88>:\x9c\xbcF\x9d\xb5\x86\xc7$\xa5x\xa1\x16\xc2\x83\xfa^\x97\xf3|\x91<\x06S0\x9b<F\x93Sk\x03r9\xf1\xf1(n5'
    b'\xb4\x1b_\xeev1\xdc\xf4d\x0b<\xbdErR\tId"*:\xc2N\xc0\x0e\x97Fc\x07\xb0\x05_\x8d1T\x9e\xe8\x8c\xac[d\xc74\xcea\xe2 EkD\xea\x98v\x04-\x1c~\xb40\xdbz\xfe\xfa\xf8'
    b'\x1a\xa3\xd0\xaera\xbd\xdbxB\x0bVb\xad\x04c\xe8\x84\xc6\x1d\xb8s\xcf\xeeY\xaa\'o"\x8e\x90V\x159\xcb\xdel\x90l\x1a\x83\xac!6\xb6\x87\xa6c\x98\x97\xd6\x9a\xe1t=6\x8f\x93E\x0c\xbb\x873\x87'
    b'\n\x85\x998\xd2X~4Vi\xc2\xc8%r\x82\x0f\x1d\xb6\xc7\xe9\xd7v\xd3\x1e\xbbR|\xbb\x1e\x99\xf5\xfc\xb2h LV\xa8\x11\xa9\x98\x89g\x1bB\xf9\xe6\xf8\xef\xeb\x0e\xfe\xfb\xa6\x13\xe5\x84\xf8K!\xb88\xa2\xb8'
    b'\xf4\xb2\x07?\xa3t\xf9\x05m\x13)]n\n\x97?I\xd7\x81d\xd8c3\xe6w\x02W\x06\xfdh}}:\x88\x80\xaf}\x19\xd0\x96\xd3\xd5\x06oj\r\xe2\xf18^x=\xbc\xd9\x9d|O\xed$$\xa5\x15\xf3a'
    b"\xc4\x9bd\xdf^k\x86\xe0\xca\x0f\xcdIp\x05\xb0\xe0\x01\xbd#\xe7w0bGR\xb2L\xe6\xc9\x05\xfc\x1d-\x96\x8b\x8b\xda\xcbD\xe9\xfa\xf6\xb1-F2\x08\xee\x81\x9f\xf3\xd9o\x18\xdd\xbbLa\xe88h\xdb'\x96"
    b'-j\xc1\x9a@\x13\x00\x1d\xc4C1[\xb42\x16\xceQ\xeew\xf0\xff\x87\x9d\xde\xa5\xbb9k\xc43v\xed\n\x82_\xa0Lr\xe0X\x07\x05\x0b\xc8`M#r\x04\xe7!e\xd1C\xbe\xc5\r\x84\xba\x1e\x9e\xf5\xa8F'
    b'\xa6\x95\xbaR,\xe2\x8aH\xa5\xb2\x03QX\xe3\xaa\x03\xa4u\x02\x97x`\xc1\x8c\xa0\xfb\xbcD\xe1JJ\x08j\xcc\xbd\xd4\x8f\xb5[\x13eDL\xa3\xdc\x0b\xc1c\xca\xa8\xd5\xe9\xc2\r\xc3\x98X\xf9\xea\xb3\xa3mv\xae'
    b"\xc7\xd5\xd0[\x10\x0b\xeeB\xee\x1f~\x03\xb9\x08\xa2\xf4\xb0\x0c\xe7\\\xbb\xcb\xc4\xd3\xa0U\x1c\xd8d'\xd7h:\xbbR?T\xe6\xc9Z\x83\xcd\x04R \xbd\xb7\xf1\x84N\xa4\xf8[\xd0C\xeb\xdck\xf2\x98\xddp\xcc\x06"
    b'\x82S\xdfW\x15\x9a\xd5Nd\xc7\xda\xaa\xd9;wl\r{\xa09\x1c/|Q\x87\xc2\xdb\xf0\xe0W\xea\xad\xd2\xca\x03\xead\xe6\xe8\x9dw-\xb7\xf5f\xde\x8d\xca4aS\xfd\x89"\xdc\xb0\xd6\xad&\xb7S\xfd\\r'
    b'\x89Qaf)\x83\xa9F\x1c4\xb5\xcbq\x87\xb2\x91\x1f\xc9\x88\xbb\x8aN3LR\xd5\xb4\x1351\xad\xb6\xa5\x98\x98\xd6\x88i\xcf&&L\xa2,\x1e\x9b\xf2sC\xb3\x9f\x9c\xefI\xb8m\xe2\xd3^\x9c\xd7b\\Z'
    b"\x10j\x0f\x88\x04\x0e\x86.\xb5\xf0~'\xef\xc2\xc3\xbe\x1d\xb7\x97\xf1\xb41{&T\x99&\xe6\x108\xdc\xf1\x1e8\\\xea(\xac\xf7b\x8f %\xf3\x1a(L\xbd\x85r\xfcc\xb2JHgrJ\xac\xb2\x8anP\xd9"
    b'\xb0\x82\xd6\xdf\xb7)P\x9cI\xc6\xb1u\xf7\n.\xd2M\x86\xb04\xdbq\x96\xf0F\x18\x06\xa5\xe2@\xd9\x9bPn\xc9\xa1g\x8e\xa7<hw\xcdrB\r\xf5\xcc\xa7\x98\xbd\x8c\xb2\xce\x08\xe1\xfd\xc3l\x90~\xa0\x85p'
    b'\x9azl\x11\xbe7\xc9\xc0\xa2Q\xb3e6\x90KC\x81\n\x18\x87\xd8\xf5\xa2Vw\x88\x8c\xe8\xfeQ(C\x0f\xf9\xab\x81!\x8c\xfdv\x1dO\xc2\xe7\n\x87^g\xbd\xb8M\xf6s\xda\xcc\xda\xc4?\xdb&\xba\x1b=\xd6'
    b"Mr&\x99\xa0V\x7f\xe1\xda\xc9\xc7'\x91\xa4\x01\x81\xc4\xb6\x93\x83\xd3\x16\x8c\xa0\xa2\xbeB\x1cD\xbb\xf1Gjo\xd3E\t\x02Vq\xa5\xa02=i\xa6\xc5\x7f\xd8*M\x81,X\x7fV\x93\xd96y\x81\xe1%,"
    b'\x12e\xc0\\b\x8e*Y\xe7&\xfdO"\x8a%v\xc5\xce\x92 z\xf6\xd2\x0c\xbb\xf4-,\xe3v\xd8p\x17r\xa67\x99\xec\xf5\x8d4o\x1aL\xbc=\xe9\x99\x9e|I\xb9\x06*\xca\x01\x84\x93:\x196\xde%\xca'
    b'7\x94\xc1\x1d\x84gv\xef\xe2\x90\xa3f\xa2\xb7\x1d}\x13\xda{\xda\xaf\x0f^\xcc\x13\xbdC\x0c\x146\xc8\xee*<\x1a\xd9\xec.\x0bpZ\xf5\xc8\xcf\xcb]>\xb6\x1c@\x16N\xd8\x129\xd9E\x92\xcdq\x95\xe9|\x9f'
    b"\xc4I\xc4<\xd9f\xd6u\xa3\x01\xb1G\x07\xe7H\xaa\xcd^\xd5\xa0\xa3k`\x13\x13'n2\x00\x11\xf4y\x01\xccu\xba\x91W\xeeqn\xd6n\xa5\x90\x13]\x19\x83\xa5\xbc+\x80V\xc4'\xf4\x96d\x9b\xaax\xe0t"
    b'n\xc5v\xcc\xa2\xe5v\xb5\x9a\x12\xfc\xe26\x9bSh\xb7\xc4\xcbQ\x86i\xbc\xc2\x10&4Kb\x91Z\xaei;\xbfK\xa4\x1c*=\x8d\x0ck;\xe11\x86\rgBo<\xb9\xc1\x00\xf6.U3\x9f\xd2\xbf]\xbc'
    b'\x80\xdb\x86\xe4\xddh\x101\xde\x87\xc7X\x91%6\x05\xc7\x1ag\xad7\n\xb1V"\xbf\xc7@\x81\xe1\x9bC\xd3\xa9D\xc9i\xf2\xd0\xda\x83\x94m\xb9\xf8\xb5G\x9caR\x80g\xbc\x0b\x8f\xb7\xe5\x89X\xfc\x81B!\x1f'
    b'\xbdD6\xdb0\x0ck:n\x01\xfdm\x00\xfe`\xc4\x10lp\x8f\xd6\xbce\x86\xe7\xed\xc3Z\x0eB\xe3\x8c\x8e\xc4N\xbf`\xd4&y\xd9C\xf0\xbe\x9d,b-\xfb\xccA\xa3\xb3\xb0m\x95\xcc]d\xd5#\x83\x1b*'
    b'\x0b1FT\x19\x98\xd3\x12\x03}\x08\x8d\x83\xd24\x8c\xd3x\xc9\xa0\x8f\x94Y\xc1\x062\x8a/\x95\xa7Q\x94\xe6]\xbcI\x1aE\x08\xc8\xf9d,\xb2\xe5\xce\nQ\xae\xf1\x8b\xa5(W\x04v$\x05\xeb\x99\x8b\xbcs\xf1'
    b'\xb0\xcc\xe7\xba\x9e\xe2\xf1\xac:\x8b\x0c\x1bT\xf7\xc1\xd6s\xab\x83\x18\x1d\xafFC\x1b\x08b\xbf^9sSO7\xaeCK\x12\xc4\xe3a\xa9!_\x94:\xa4/@9m\xbb\xb8\xe7\x85;\xfa\x1e\xeb(\xf8\xda\xe6\xf8'
    b'\xbdP\x08\x9c\x84\xe3\x98+\xad@\x16\xdf\xc6i&qy\xe4}$=\x15/>6s\xe6\xea\xe9hG\x97\xf3\xba\xdcs\xa2qV\xe2\xe51i\x89M*\xa2\xd1\xef/}\xc977e&\xbe=\x90w\x13\xa8\x8dN'
    b'm\xbf\x1c\xfe\r\xeb\xeaUq\xb5-\x1f\x0f\x00:\xe9\xcd\xc8\xa0`\xcf\xa5+\xa7\x0cJ`7z\xc9\xa8>h\xd7\xe5r\xb8\x1c\x98\x1e{\xf7q\x11(\x07\x86W\x1d\x7f\xa5\xbdh\xc7B\\\xde\xaf\xaa\xb2X\x8e\x12#'
    b':^\xc5\x17\xe3\xc1\xc44\x8f6&:\xc0\xc5\xef\n\xb9\xdd\xea\xf3aS\x1b\xd1$gK\xb2\x97\x8e\x8bY<\xd3\x14\xb2\xc2\xa1*\xa0l \xd7M}\xa7g\xb9\xc9\xab\xf6\xc8// \x85\xd5\x04:\xcdkP`\x8c'
    b"\xe2\xf1$\xbd\xb5\xd4?8\x00?2\x98\x98\xc1\xf6\x0f4~\xf4A\xbd\x1f0Pd\xa0N\x91\xd3\x82\x0b\xcc\xca`\x1a64\xc7\x10\xed-M=\xe0\xe4\x02\x0b\xf8h\xc8\x89\xa7\xcd\\\xf3Y'\x08fj\x1e\xe1\x89O"
    b')\xa33\xdan\x1a8f\xea\xa4\xb6!W\x1a)@Vm<\xe2Pa,m\xf4zRm7\xb6\xd6\xc1}\xc2Y\x00\n\x98C\xfdM\x9fM..\xfbWK\r\xe7\x10;6)\x9e\xc4\xcf\xb8\xc49\xb07X\x90'
    b'9\x07\x1a\xd0S\x0c\xedi\x82\xf6\xa5W\xd0C\x07\x8bq:\x1d[L!\xcf\xa4\x16\xfb\x92\xb2%\xa9\xb6\x02\xd1\xd4\n\x06\x97Y\x80\xcc")+I\x83\x9c\xe7\xb7YZjx\x14vKQ\xe2\xeeF\xa2\xab\xe2M\xd6'
    b'R\x8c\x86\xc8)\x16\x8b\x83PV\x88\xf3\xebE\x8a\x92_\x96\x01\x8e\xbc\x9c\xd9T*6s\x86\xfb}Y{\xb8\x9c}\x17N\x88\xfa\x85\xe5\x12]\xca\x02\x14\x8b\x98\x1b\xe5\xcd\x93\x0bdB!\xc8\x025\x1a\x17\x9c\x9b\x9d'
    b'\x16<T\x99\x82\xb4`\x81ej\xb2T\xd1\xda\xca\xa4A9\n\x1c\x9a.\x9bSc\x15`\xbd\x05\xa7r\xbb\x11\xab\xf6\xb1\xd1\xdf\xc1\x03*\x94\xc7\xdd\x9a\xf2H\xaf\xf9\x13\xb0\x94\xf3\x86\xeb\xde?z\x9c\x86NM\xf3\xf6'
    b"\x94\xd1\x86\xa8c_3`\xf0J\x12\xe0\xcc\x97~\xb3\xa8AAnT\xbf\xdf6X\xd7\xd1\x19\xb2gD\xf7\xef\x0b\x8cf4\x9e\xf4'\xb2\xcd~a\x03\xb9\x98\xb9\xefH\xe7\xe3M\x92\x81\x10\xc3\xd8\xb1\xb8\xda\x8b\\W"
    b'\xd9\x0f\xba\xb4\x01\x97\xba\x97\xf1(\x99>\x9b\x8dF7\xe6\xac\x81\x91\xcd\x928\x89\x9fN\xf8\x01\x91\x1e\x8fu\xdb\x85i\xe0\xc0\xb9\x06U\x08\xdf\xb4"\xd5\xe2\xae\x8e\xafGzu`$,\xc9~\xf5E\xf7\xc6\xda\xdb\x14'
    b')\xbc\xceC\xbb\xd3\xbf\xe9<\x0c\xc3\xd05\x84\t\xef9\x07e\x10k\xe4@\xe6\xb2sJ\x02\xe9hQ\x89\xd4)Ob\x19?c\xd0V\xb0\xd2t\xb42s\xf0X\x062aJH\xd0\x84#\xe1\xae\x9c\x9aN\x19Y'
    b'\n\x03G}#\xacx\x91\xc3\x80\xd7;D\x91`|d\xadM}\xe98\xd9H\x9fQ\xc6\xa9\x9f\x13J\x12\x8d\xd0\x0c\x15\xd8L+`5s\xc4\xbee\xc8\x13\x07+\xd5F\xdcM\x0e++\x14:\x07U\x03\x9f\x8a\x87'
    b'\x15\xf5\xbe\x8e\x93\xceDA7\\\x1eJ\x13\xf8`y8\x1c\x97\xabh\xa8k\xd7\x1cX>d\x8a-HEX\x1c\xe6\x18\xc0C\xa1YM\x95\xd2\xba\xe4\xe7C\xec\xe7\x14 \x86\xc6\x876\x86<tB\xc6\xdcJ\x8d\x13'
    b'\x11DC~\xceg\x8be2I\xe6\xcePB\xaeDEB\xd16\x04\x95q\x90\xe4,7\x88F\xe5\x06\xcf\x0f\x1bX\xad;;\xe8\x95ebM\x92^>\x80\x99cn\x14\xed\xe3\xc85n\x1c\xbe\xdd\xc9c\xae\xeb '
    b"{n\xe0\x84\x84<;\x7f\xdc\xf1>\x8d\xb1\xda\xe7yF\xb2\xeb\xd9\xc5\\T\xc9om\xc18\xc1\x9bAH\x17\x04^\x94\x88w\xf2\xacv,\xe0D\xf2)\x06\x12\xc2\xb8\xf8\x07\xc4\xf91\xe7\x06+\xf2(L='\xd0"
    b'=\xd8a[\x04\x9b(\r\xadk\xaa\x18t^<\xee\xa2\x1b\x93(m\x90#i\xfb\xe6\xb7\x02\xf0\xc3\xe7\xc3%\xe9\x98\xc3\x83\xe0\x1dl\xcd\x1f\x9b#\xba\xddl\x92b\x1e\x97(\x12PbGAZ\x0bQw\x7f\xecD'
    b'\x18*\x02\xc1\xc8\x0e\xe4\xc0\xcde\xf3\x92L\xb5\xad\xbe\x132\x1d4e\xab\xc5\x9a\xcc\x1a\xad\xd6\xe8\xb1\x15\x8c\xdc\x10Y\xcf\x9av\x04\x10D]\xb9\x08\x86b\x07O\xe4\x8b \x08\x86\xcc\x91h\xefH\xba\x86\x12\xcfCJ'
    b'6\xef {c\x8b..\x1b-(b\xe9#\xdbw\x98\xb4\x88\xe0Hr\xce\x87\x0ch!^\xdd\x1c\x92\xb2\xa3\x1d4\xd9\xce\xe0\xc58\x10\xad\x1e\xee\x01\x96\xeb\x00\x1b\xdfX+\xa3\x1a\x91\xde\xa89\x8d\x8a%\xfb\x92*'
    b'\xf4\xa9\xc7\x94\xbe\x1c[b\xa7[)\xe0\xbac\xbf\xef3\xf6:\xa0\xe8>\x18\xb9S\xf0\xe5\xf8t\xb3f`\xa6O\xb8\xee\x88e\x84\x16\xf1\xcd\xeac\x14\x03\xabqQ\x84$\x9d\x19~\xc5\x10\xd9\xc8\xdd0\x81\x89x\x16'
    b'v\t\x1c\xafl}\xdb\xeb\xf62\xcd\x9a#1>ZF\xbd\xd8\xb3/\xc3V3\x1dk\xbb\xf9\x95%\xa4\x90\x15\x08\xef\xa5\x94\x8f\xc3\xca%\x0e\xc3\xd5O\xbd\xb8R\xd9\xb1{\x0c\x88\x8d\x98j=QCo\xc7\x87\xcec'
    b'\xa3\x82\xa8\xf7sTn\xd7$\x96\xef\xe1U\xf5u\xea\x07{i1\xddzm\x7fE]\xfa\x9d\xc1T`S\xd3Ec\\\xcaD:\x8d\x8b\xc4\x17<C\xd5\x85\xddC\xae\xff\x92\xae\x9f\x1b0t2\x8c\xc9\xd9\xcd\xbe\x04'
    b'\x16)A}g\x83\x89[\xb7\x8a\x92\x08\xc8\xf2\x84\t\xde\x04\xeae :\xd6\xe8.d\x08\x81\x07C\xf7\xd0\xa9\x07\xbe\xb5?8\x7f\x12\x80\xf5Wne\xf3\x10D\xaa\x9c4\x0e\xac\x10\xf9\xec\xafZ\x00g@H\xb3?'
    b'\x0fX\x1e\xdd\xd7r\x95q\xd7S4l\xb4\xfc\x95m\xfc\xef\x02Y{\xda\x0cs\xed9e\xaf\xd3\xb8\x8ci\x7f\xcd\xab\x14;\xf1\x8b(\x10\x9d\x93\xd0]\x04\xdd\xf0\x8a\x0b^\xd3A\xfa\x8cF\xfcW\xd2U\x1dt\x05Q'
    b'\xfe\x04\xcc\x0b\xcd\xa4,\x04\x82>\x01\\m\xcb\xe9\x8aR\xab\xc0\xe8tT\xa0\xc9 \xb4\xa8#\x0b\x96\x9eU\xcfP\x84\x8e(\xa5=|\x04Ag<\xd6\xd5q\x97\x004)\xcdI8\xc1\t\xa6\xcb\x1ej\x91[\xbe\xc1'
    b"\xff\x15-\x1b\xf0,|\x89\xd64\x05:'I\x94D\xa1I\xe3\xb1.\xd4A\xc4\x00:\x8dJ\xd9\xc7\xd4<&\x92s\xb5U\x90\x9a\xa2\xe1\xb0\x0e\xbf:\xf4 \xc9\xac\xe6$/\xc1\xaa\\[\x19\xb8\x96]\xe5\x1b\xc3\xfa"
    b'\r\xe9\xcb\xeb[8U\xd3\xed\xb5O%\xb2]\xf4\x8ad\xb9-\x03PK\x08*\x04\x14\x83k\x1e(\xe8\x83?\x1dY\xd9\xa5\xc9\x9b[\x9f\xf8yJ\x98\xb9Y\xb5\x8e\x06"\xbd\xab\x8a\xd6\xa5\xeb++\xa9[b\t\x9b'
    b'\x1a\x1b\xf42l\x1e\xde\xbcC\xdf\xf4<\x0b\x02\x02\x10H\xc5\xdfz\x122\xe5v|\xb7\xc0\xccB\xda\xad\x08}R\x1a|E\xb1\x8dgI\xb2`h 6\xce\xb0\xb9\xdb\xb7\xebqZ\x08\xf2\xa5\x12\x99\x89\xa7\xb8<\xb9'
    b'\xbf\xbc\x12\xee\xe5^b\x06\x89as\x8c\xee]$1H\xbb\x03U:\xf1\x07/[\x1d)\xd6\x06DzSp\xb9\xbc^\xcen\xf6Md\xc3\x15\xed\xe6\xeeK)\x9bk7\x8b\xcd\xd9\x94\xe8\xef@\xfc}\xde\x94\xe3~'
    b'\xe7\xa2\xdf\xb9\xeaS\xbc\xa93\xe0\x16V.\xbfcT\xd9a\x12r\xc3<a\xde\xc0\xea\xa7\xd7\xed\xfai8/\xce\x0cBv\xb2k\x15\x1c\xf7\xfb\x87h\x19\xca\xa2\xa9+\xca\x96\xfe]\r\xf0\x87\xee\x81\xeb\xf0)\xdd>'
    b"a\xbbm\xef\x81\xf7:\x94\x0f4n\xdcg\x83'\xc3\x08o\xd47\xb4\xf7\xe0 61\xe153\x9d\xe4\xbdB\x0b\xee\x14?X\xedUN\xb4\xa0\xae[\xbb\xebqG\xa3\xa8\x17\xcf\xe7R\x1c\x90~\x922\xd0!\nv"
    b'2O\x99A\x1fUz#3\xa2"\xd9\x84\xa9\xb8\x83\n\x97x\x85g\xc5\xbd"\xc59\\)\x13\xed\xac\x9c\x9b8G+s.\x19\xd0\x0e\xa0\xf1\x0e1\x8a\xfa\x0c\xb6\x95\x18\xf0F\xe3\xa6t\xc5\x97I\xbcz\x03\x97\x03'
    b'\xbf\xc9\x97\x1f]\xd9\x96\xc72\x8f\xb3\x8fqI\xad\xab\xbb\xed\xba\x1eC\x92b\x01\x8a.\x02\x91%\x08\x9a0\xdd\xa4\x9fP8J\x16\x1e\xb1\x0f\x87C\xc7\xfdG\xc8"\xf2DN\x8fC!mC\tPUt\x8ffw'
    b'\x9cD\xc7KI\x11\xb8\x82\xb9\x86\nj\x99Gs\xb5\xd4\xa1\xbf\x92\xa0c\x90\xe5\xab\xbb\xd0\x81\xac\xe81\xeaaM\xceC\xaf.\x9e3ZU\x9a+\x9c\xe8\xb2\xc0s\xf2C\xd0\xc5U\xaeg\x98L\x13\xae\xd0*[\x1d'
    b'x\\\x8e\x83a\xd6:\xb0\xde6\xe39\xd4]\xc5\x96\x1b\xd6\x14x\x9a\xefs\xb2\xab#~m\x9esEDQo\xb8Ro\x11oJ!\xd4,\x8fP\xc9\xb5ez\xa9\xc5"O\x18\xdc\xcd\x9d\x91\xc8S\x81L<v'
    b'==\xc7\x14\x00?L\x7f\xe9\x8733\x1c\xbc\x1f\xd3\xef\'7\xcd\x82t\xc0a\xf4U\x84aK_\x89\xdf+\xfaZ\x16\xe1\xfc\xa9e\xdc\xb5"\xbc\xf8\x0b\x8bCH\xee\x8f\x0e\xa6\xd9\x11J\xff\xae\x90\xa1\xc3T\xfe\x86'
    b'9\xa3M\xe5\xc7\xf7\xa1\x00\xce\x86\xd4,\xc4\xb7Ol\xbe\xb2\xba\x9c$\xcf9/\xadnt\'\xaecH\xc2\xfe\xe7fQ6V\x81xHo\x96\xde>\x06\x9e5\x18\x06\xebR\xba\x18g\x02b\x98"T\x17"q\x91'
    b'&\x88!\xfa\x8b\x04\x8dT\xf8W\xb2q\x05\xe6\x02\xe3\x06>E8\xa4\xbb\x12\xf7\x01\xe5\xe1\n\xbe\xa0\xa6\x0f\x1a\xe6\x8c\xd4\x0e\xbdr\xa7\xa1\xba\xf7\xadQ\xa8\xe6\xaeH\x83C\x11Z\x92B\xd4\xe8\xbd\xc91X\xc3\x1b4'
    b'\xd71l\xb7\x1e\xbd1\xf2\x8f\xa9\x81\xa9!n\xef\xdax\xe7\xda\xb8~\xb0]\xd7\xdb\xf3G\xf4\xa3=\x1e\x80]P\xbb\xcf\xb1\xc7(\x8e\x821\x0f\xa1,|DB\xf3\xa4c\n\xe189\xcc\x8eq(\\Y\xea\xc6?'
    b'y>\xb3\x8aM0\xc1\xb9\xbe\x13w\xc7t\xd6\xb3\x1d\x02\xe1v\xfa\x16!\xbb\xe3\xb3\xd9\xf5|\xbc\x18:\xad\x9c\xad\xf1\xd8\x8c\xe2l\x96\xf0\x19\xbf\x189w\xef\x08\x1a5\x0c\xb7\xd5\xb1\xec\xb9\x1a\xc8\xe5\x18\x9ee?\xe0'
    b'\xbf!>5+\xbf~\x19\xb6<\x1d\xd9V\xd4\x02\x05\xdcx\x94\xb1N\x16\x15\x13\x10H\xccR\xcep\xf2\xe3\xe7y\xa5I\xbd4\x9dY\x9c\xae:\n\xfch\xaa,H\xe6\xb08\xe8\x04J\x96u\xc5\xd2\n\x16\x02x\x8a'
    b'X#w\xf9}\xd6\xd3\xd0\xa1*\x1a\xa0\xb9\x836\x92h\xa9\x0fQ\xbc\x01\xd2.\xf8\xa4\xa5\xaa\x0f(Ws\xa8\x96\x91bl\x19\t\x8a\x0bH\xb0\x00x\xe2\x86/]9\xe1KW\x9f\x8f\xb0yt\xf1<g(Qo'
    b'\xb9\x0f\\\xb3\xd6\xbcl\xb6\x17r\xc2U\xdb\x89\xa5\xe1\x17y\xeaF\\\x16\x0b?\\ \xfc^\x83\xffr\xb0\x83v\x1d\x05\xa6\x10mP\xe6\xe4rU\xe5\xa1\x89\x8fr\x93\xd5\x9d`\x94\xdd9\xefr\xf2\xd2\x1b\xeduV'
    b'\x8dlJE\x9d\xab\x8fC\xa5\x19\x9c\xceY:\xf9\x8cZ\x90!eI\xa6\x07\x96\x07\x01\x82w\r{g\xb4\xc3M=<d\xd8\xf4\xb5\xb5\xa1\xfa\xb9#xE\xef\x16D2\x93vGk\xe7\xc3I\x08\x80K\xa2\xfd\x07'
    b'NJ\xc5\x0e\x11<d\xe0\xbc\xbe\xbe>\xc4\r\\\x83\xc0\xdf\x0b\xd0\xe5\xbeg\xbbG\xaa\xbe~\xfbt\xfbv\xbe\xefY\xff\xb47\x0c\xec<\x0c\xca\xc7\xf1\x19\xb4\xbf\xa3\xa4\xde.\x92y^0\xcc,\x058\x90\xf3>\xe8'
    b'\xb0b9\xfb\x00[\xa7\xa8\xcf\x1e\xe6\xed\x91\x889^\xc2\xd4|\xb0\x1c\x0e\x1d\x83t?\\\x89\x9a\x0b\xa1;\x0fw\xac\r\x81\xd3\xd9-\xb95\x95\x9a\xbco\t"\x16\x96\x17\x0e-r2pA^\x06\xc2\x95\x04\x18\xad'
    b'*\xca\xb0\xc1\x88kF\xf1 D\x14\x07\x19\xdc|?\xf2dR\xafj}\xa8<4\x0eP\xfa1\xf2O`W\x18?\x0cF"\xd0+\x052"\xe9:\xd2\xb5\xb9xs(v\xe0\x08\x03\xb9\xeb\xde\x86\xfe\xd5\xb9\xf6j'
    b'\x81#_\x8a\x04\xf1ng\x08\x85\xde\x17\xf1\x1f\xa7\xd4\xd1\xc4\x83T\x1c\x0b\xd0\x849\x96C\x94\xc3=\xcdZ\x9d\x0eZ\x00\x95\x9a\xed\xf1O\xec\t\xbcc\x1a\xab\x87\xad\x9a\xd0p\x81C\x96\x18U8\xc3\xe3\r\xd2@G'
    b"\xe4'\xd0x\xb7\xb7w\xa6F\xa8\xedBm\xe7\xfc\xd6h?\xd1\xc0H1\x1dr\x04v\x95\xe7\x82\x17\xaf%q\xd6,\x0b\xa1a\x01\xb3\x13V\xe9\x9a\xc3\xfbx i\xa1%\xb1l\xb8\x1f\xe3oc\xaa%>\x90\xe6<"
    b'\x88\x18\xfa\xbf_\xe2\xa3\xdfE\xd6\xdf\xf6\xd0@\x9c\xc5\xdf\xca\xfb\xd45\x04:\xa9}\x93F\xb1m/\xd4\xf6n\xf0\xb5\xdbA\xc3\xf1\xfc\xb4wLw\x03\xffl\xeb{C\n\x82\x9c\xfe\x1b\x88\xa5i\x1c\x9d\x81.\xa4\xc2'
    b"\xdb\xe0\n\xf4\x13,'\xa9o\xea\x0cJN\xb0\xbe\xa0\xb4\xa1\xc1\xc9\x16V\xc0\xe7E\xfb_\xc6i\xe54\x11\xc2W\xc0\x95\x80y#\x92\xcf\x12[\xd0\xdeGs\x0f\r\xbd\xfa\x1d\x03-I\x18\x1d;\xa1\xbc^B\xfd\x08"
    b'<\xab\xb5\x1d\xb8=\xa2\x05\x82\xf8?U\x9aB\xcd\xc0\xe0\xbc\xad\xa8\xa8\x01\x96\xa8`\xab\xa2\x18!\xa9\xe6\xd4\x86>\x08r\n\x99C\x91\x13\xdb\x17\xa3\x8fhSu];$@!\xde\xb4\xef\xb7\xe8\x0e6\x9f\x1c\xd1\xe4'
    b')\xd8\x8f\xce\xf6a"\x89\x81\x19\ni\xb2\x11\xfd\xd3\xaf\xa7@\xcd\x93\xabdpc\x19k\x00J\xb2\xe6\xd3\x90\xaa?\x13\xfb\xa7n\xb0%\xa3\xbf\xa6\x83\xc85A;@\xfc\xc5\x076\xc4b\xcdg*\x01\x81\t\xa31'
    b'\x97\x1dQO\x81\x19!\xad\x8b\x82"\xe4\xdb\xca,\x8d\x16\x12C[\xac\x94\xcb\xa3(_\x12Z:xJ\x1a\xd0p\xe6\x15\xc2\xe2\xa0}/\xfa\x8e\xf2X\xd0=@\x85@\xb4\x7fR\xbd\xb83?\xa3\x04\xf1=\xb15\xe3'
    b'\x8e\x13\xf8\x14\xa3\xff\xca\xcb\xb5PAdO\xae6`<\xf4\xe9\xf3o.\xf4\x00\x9c6q#\x1c\xdeS;\xea\xa0arF\xc1]\xe7\x1d\xe7\xf39\xe9\xf0/h\xf7\xd3Y\x98\xe5]6\xad\xd8\xc8\x81O\x94\x92b\xfe'
    b'3\xe8\x80;)\xb2\xe5\xdc\xf4\x06\xae\'\xa6\x10\x07Z\xe3S\xdc<q\xc6\xc5d\x18\xfeT\x92\xe8\xd1\x0cD\x85S\xca\x8a\xa0\x86:\xa6\x02\xc8B\xa1\x8a\xa4X"s\x07\t\xb2\x7f\xe0\x88\xd9DCi\xe1\xb0\xe2\x95a'
    b'\x9b\x1e\xedj\x9c\xbeB2\x899\x9f\x9f\x813Z\xf0\xa6\xf1-\x11mz\x16\x17=Ty6X\xf5\x05\xf1\x8c\x1eCuA-\xea\xb6\x16G\'\x0c\xb6\x88%\x10\x04\x0f^\x95\xfc\xda\\"E*<2\xeaGZ\n'
    b'(!\xf2\xa7c\x86\xe3\xfb\xca\\\xe2\xaa\x89na\xfarD$I\xed\xd9KZB\x85~\x15\xaa\xcf&/\x83\x9du,\x85Eao\xdf\xae\xe31\xc8\x9f\xeb\xf1\x0c\xdeiQR\xe5A\x15=\xa6\x967\x90\xbbL3'
    b'\x11\\Q\xc5\xa9{d\x8f\x18\x0c\xdc\xefHg\x98\xad\xb9bb\x95 \xca\x06\x0e;\x96\xa5\xe0<\xf9\x07\x896\xa3CRC\x8f\x1e\xf8\xf8\x01*\x91\xfd\x84\xd2\x14B\xcdp\xadI\xef\xd1\xec9\xa4\x89\xf0K\x0b-\x91'
    b"\x08\x9d\x1a\xa2U\x8a%\x91\xf0Y\x05\xd9y\x08\xf3\x821\x9c3\xc15\xa6\xfa\xf1\xa0\x87\x00\xb1tLI\r9\x12D\xa8+-\xc2\xbbnU~\x9d\x00_\xa4\xe9\xd8'\x9f\xc0w:\x1e\x9d\rG\xa6M$\xeb\x90\xaf"
    b"\xc7\xeaid+\xde|\xc2\x83f5?Sk\xd1\xe4\x92d\x92s \xd5\xe1\xf9y@@{i\x86\xa62\xc5c\xcd\xee\xd1,7u@'-\x82\x89V\xc4\x8cg\xcfK\xae\x1aB\x87\x1a\xad&\xf0\x88\x15&\x11\xc4"
    b'\\\x9e\n%1\x85O`6\xe3\xd4\xc9L9\xf3w\x89\x15\xa52\x95`\x88\xc6J\xd7g\xc1.:\x03\x98,\xcc7]$\xad\xeb\x13\x16\xf2\xd4\x12c\xcf\xfc\xd7*\xd53}D\x0cpQ:\x8f\x91y`\xf5\xa3\x83'
    b"#\x17 \x08\xa2\x16\xd5&0a\x12\xb4\x98\x8e\xa1\x7f`S\xf8\x1e('(\xbb\xaf$\xfb\xd4H\xfe\xc7\x89\xc4\x0e\xf1\xd5\xa8\xeciws\x9d\x8b\x9a\x14\xe4\xca?F\x0c:\xa4\xa3\x90\xd4\xeb\x83\xf1_+CR\xeb6"
    b'W\x85\xf6x\x86T|\xe2Z\xd0\\\xffT<\xd7\x86\t0a\xe9\x12\xc7\xe4\x8d>\x10d\xfc\xaa\x1e\x88H\xbb\xaf\x81\x10T7\xa5\xa8\xa4+\xb4!DA\x0cD4H\xd4\xfeP\xa1\xac\xee\x8aDJ \xf3\x9b\x18\x06'
    b'b\xa2\xb9\x84\x85\xa8\x18\xc9\xef\x08\x87\x16Ax&\xca\xa3:\xb6\x142\xb6\x94V)g\xd4Re\x9e\xdc-`Fl\xcd\x84i\xc2yB\xa9#\xce^\x17\xffC\xc35\xaao\xf5\xd6\xa9\x1c[\xd3\x85\x85\x93\xa3@\xaa'
    b'\xec\x91CD\x197_\xeaz\xaf\xaddL\xef\x8b\xe6\x1c\xdd\x9a\x94\xcb\xc6\x9d?\xa7~\x88+\x08K\xf5T\x17\xc3\x12\xf8\xb5d\x8f(\x9dXlt\xe9\xac\x17\xbd\x81\xed\xc8\x99\xc7\\3\x08\xa7q\x9d\xc4%a\x8cQ'
    b'\xd0TRi\xbd+\xae\xd2\xd1%$9,\xd2a\xc6n\xde\x1co\xe8v\xe1\xd9\xf2\xe0\xc6\x8c"\xe33\x10E}\x97\xaf\xf3\xb9-]w\x04P*\xe0\x01\xf2\x81\xb5\xe4\xb4\xa7\xc7\xf3\xa5\xce\x906\xa2\x89\xda2O\xf6'
    b"\xa8\xfd\x881\xd4i\xe0\xc9\xdb7\x9a`\xdb\x1cix\x00-'^\xdf&\xba\xcb\x99\xe48'\x1b|\xe9\x10\xb6\xe4M\x90Y\x91\xce\x88C\x1b\xbc\x84\xb0\xbe\xd5\xe5\xfc\xaa\x89\x7f\x02\xb1Y\x95%\xe8b\xea\x1d\x1e\xd6\xbc"
    b'\x13az\x04f|\x90\x84\xdba|\x1f\x86Jz.\x10=\xbc\x1d\xb9\xfaaL<\x9d\x8c8\x1b\xad\xc1(\x92\x9cB\xd8\x89$B\x07\x1d\xdd#T\xad\xe5\x13?\x9aZO\xa4si\x8dJ\xf6\xc7\x19\xa2;\x98\xdd\xba'
    b'\xe1 -\x13f\xb2\x04|\x00\xb4\xbd\xcd\xa3\xaf\xa21H\x17\xa3\x80L\xeb\x8e\xe6\x95\xe7\xb4\xd9\x07\xcb\xc6\x86(/\x10`\xd7\x9b\xce< \xc4\xb0Q\xc1\xbb\xc1\t\x94t\x8c\x88\xf6<\xe5@\x8f\xd0\xde<\xd4?\xdb\xd0'
    b'\xfdX\x84\xe9\xf8@\xb2^\x08\x1c\xea\xd9\x0c\x8c\xc0\xa5M\x91Se\xb9rz\x12z+*\'J\xccUUw\x8d\xfd\xf5J\xac\xf1\xc3\xe0\xb9\xd0%\xe9Q\xcd\x1ad\x7f\xe3\x9a\xdc\xac\xe7\x9b2\x91n\x8f\x08\x96["'
    b'8\x83\x15\xf1Y\r\xc0O\x08\x9b-<\x98\xacv4>Q\xe9\xb6Ux N=\xa3\x1e\x92\x7f{U\xa3\xe0}T\xd3\xa8Y\xce\xc8\x03\xab\xa8\t\x8a\x88\xdbJv\xde\x85\xce;\x8b\x9e\x89\xa4i\x05,s\xa4\xef\x06'
    b'%\x00\xa6\n\xd7<\xdf\xb8\xdd\xa4\xdcJ?\xfe\x9b\x05n\xb0\xf5\xcf\x1b0g\x17\xd6\x96\xe8eizA\x1a\xa2\x17X\x8d\xf6\xe9\xe40sc@\xf0jV\xdc\tv\xe6m6\xf2\xcd\xd6\xc0\xfb\x08\xef\xa7y_c\xcf'
    b'\x85\x80\xff\x86\xce&\xbc\xe2y\xf9\xa2m\x18\x1c\x7f\xe8(\xf3\x1a\xba^5\x17\xd7\xb2\xc1Y\xa26\x1f\x98:\xbe&\x1e\xbe\x8c\x91d\xe8\xd9\x06\t\x87jk:\x98\xd4F\xd8\xa8luE\x8b\x90\xe2\xd6\xefq\xe00\xa4'
    b"\x08\xafAO\xcd?1\x1c+\xc7s\n\xe4\x80\xfa\xd78B\x93L6\x06\xdc\x9do\xedY\xf8\x19\x8a](E-\x96\xfa\xc7\x1c!\nZ&\x1fQR\xde\x88\x13\xb5=\x88\x1eD\x1b\x99>\x1b-'\xf1\xc5\xec\xa6\xdb"
    b'\xe5\xc3\xf2\xb5\x03\xc9H\x1e\xdb\xcf\x8c7\x9f\x04\x02\xce}\x94M7\xa2\xbc\x0e\xc1\xcaA\xe3\xc3\x1dU\xe9wD}{\x00\xf2\xbdk\xafq8\xfc\xde\x02\xa1N\xdc\xd6=`\x93\xe5.\xa8\x16\xbfk\xceL=\x10\xa9\xb6'
    b"\x99\x15\x1a\x88\xdc8\x14\xa9\xb6\xfe>\x87#\xd7\xd6\x87\xbf\x03\xae\x96LC|\x03\xa7\x88\xb5 \xee\xb4\xb9'u\xc6\x18K\xaa\x07\x87\x9a_R\xf1b\x17\xd2\xa3\xeb\xc1\x92\x9d*\xf0b\xcf\x05\x8e\n\xfbC\xd3\xd4C\xa9"
    b'Z\x95o\x08\xa3-Q\xe6.\xa2\x91\xa9\xd4\xc9EU4\xdd\xa6\xa4\n\xe5\xe5]^Tu0\x95\xd4u\x172\n\x08\x9b\xb3$\xc7RK\xf5\xe4\xf9\xaaJ)\x0e\xfb\x19\x0c\xf3O\x84k\xb5O\xb9\xf5OMs_D'
    b'\xdb\xf0\xd1\xc3\xa0\xba\t\xb1G\x15\x18\xb8\xec/"6o3\x8e\x18c\xa9u\xbd\xa1\xea\xedn\x15t\x9b\xae$\xf22\x96\t\x13\xdeG\xac\x88\xa6\x8e\x8c\x1d\x84\x95\x8f\x03\x94\x82\xd4\xe2*\x8d\x04\xbc\x81EhV,E'
    b"'\x84^\xd9\xe0\xacL\x89\x07\x85sB\x9fz:<L\xe8zl}{\xa2\x93\xcf\xaf9\xe1H\xa8.2\xadV!\xe9\xd7\xe0_\xe4\xed\x04)\x8dt\xd5Xy\xf1\xd4\x11_D\x97@\xa9\x87k\xc3\x91\xf9\x07^\xe4"
    b'9QO%\xf5\x95\xbd\xc4\\\xd3\xcc\xf2v\x8f\xf3\x97lD\x95\xaa\xf7V>C\xf2F\xbb\x84\x93\x10a\xaf\x85\x92M\xed\xafN\xde\xaa\xb9\xf8k\xba\xf8o/\xbf\xddV\xefB\xd7\xdf\xc4\xc5\xbbz/\xf4\xc3[ \xe9'
    b'2x\xcb\xb7\xe4fz\xe7\xd6\x04\xbf\t\x94\xe6\x10\x14V\x9a\xb7_\x18\x0e\x9e}qdC\xe63\x8f<\x15\\\xabZ\xea\xa2\xe1\xd4y*_i\xb1\xe9p;\xbaX\xac\x9c\x0b\x8b\xbf\xa1D\x0f\xcb\xe78[$?\x0f'
    b'\xfb\x94|\x0c\x1e\xc2s\xa2lBN\xeb\x10\xf7\x08L;W:jN<u\xf0\x0bVo\xaa\xdd\x11F\x0f>d~~\xb4\xc2\xbe`\xb33\xc8hZ\xba\x1bV\xf0\xedx*\xb9x!\xc8\xe0\xf8d\x8a\x19u\xe7.'
    b'\xf0:\xd4#e\x1a\xef\x1f\x92\xee\r\xf3\x14d\x0e$>\xc9f \xe8[\xadWm\xe0u\x89w\xe4h7]%B\xcaN\xaa\x13\x03\xe2\xb2\x10\xd6"?\x0c\xfc\xc4\\\x92\xeaU^\xbb\xb6\xf9\xf3#\r\xbcs\xbat'
    b'\x13#n\xf6\xd5\xecR9}\xe3\xa5dp|\xa6\xd3g\x8f^\xa42"\xe3\xb0\x9e\x1e3\xbf\x9e\x8ff\xd7\xcd^M7\xf5\xec-[\xb3\x91\xd0\x18\xd9\x13\\\xd0\xbc\x19\xfd2\x08\xdc\x88\x04\xef\xa6\x9a2\xd4&\x08?'
    b'\x190\x95\xbcP\\\x1eJ\x0f`\x86+\xabc\xeaf"\xfc?\x9e\x95t<\x12\x87#\xae\xc4\xc1\xc4h"\x14\x93\x07\x1e\x89,B\xb2\x86;+\xd0JJ\x15q\xef\x89S>p}\r\xa2\xd7\xca\x1c2\x9a\x08e\x86'
    b'\xa4\xa7 \x91\\\x0f\x0bs\x06\x8bD\xd4\x9aD\xac~\x06\xc2\xe7\x9b\x95\x98\x84\xe1\xea.q\xcb\x0c\xdf\xc7|F\xb7L\xa9:\xa0\xa8\x86<i\xc5<[8\x19\xc0D\x9c@\x01;\xc1%\xb5/b\x12\xf9\xeda\xca\x07'
    b',9\x08\x96\t[\x80\xea\xaf\x84\xdf\x81\xf1vB\xd7\x81\xf16\xaf\xaf\xf3,\xc7\x1bN\x82\xbf\xc0-M\x9b\x81\x85_\xc5q\xa6l\x97\x92\xf2\x9f\xee\x99\xcf\x81\nl\xf8\xb2K\x95\xb2cg\xa3%OE\xb3\xc8\xb6\xeb'
    b"\x19z\xfb\\{\x84\xaa\x15=\xab\xdd\xc7\xac\xd20\xb6'_0\x90\x83T\x05h\xbb\x99\xc2\x84\xaf\x13\x1c\xd3=l(2\x90\xe4\xc8\xa19\xff\x8dQ\nsg>\xa13\x9cM\xf2\xddm3\xeb\x9d\xc4i`\xf0L\xfc"
    b'dW\xc7\x97\xb2\xea>\x00\x12 \xbaR\x11\xd6\xc9\xd1\x97\x9d9\xd4\x0482F\xb6\x13\x9e\x9f\x138\x1b\xf5G\x17Ay\xbe\x9et \x01\xbd\xc2\xb3\xbc\x81?\xd6\xeb\x8d5p\x8e\xb09\xaeK(\x9d\x87^\xa25s'
    b'I\xeel\x01\xbfu\xb1oCq\xa4Z/P\x15Wa$\\\xf4,\x11>!x\xab\xc8?tM\xe0s\x8fdcc\xcfh\x006\xcc\x97\xf3\xab\xd9\xdc\x8e\xb0\x87\xf9\n\xe6\x86\x81\xa0\xeb\xb4\xdd`\xa9\xb6\x1e\xa4\xd8'
    b',\xa2\xa3%Z.\xe3\xc1\xf5\xa5\x97\x99|q\xc1\x90\xe1\xe36E\xd3{\x94T\xc6\x99=\xd6\n;\xfe\xa4\x8e!N\xe0\x12q"Wo<Cr\xac\xb8(\x91\x08\'\x0e\x9f\xed)\xbc#a|\x0b/EO\nI'
    b"\xdeK\xd3\x8e\xb6$a\xf2R\x87\xe4ARwJ\x91\xf8\xcet\xda*\xe8K\xe1;aU\xca\x8f\xb7\xf42\\J\xf6\xe8\xf2|\xa1jk\x8e\x91\xe7cZ\xa6\xb3\x95\xdd$\xc3'\xff\x81\xb0\x19\xaa\xbb\xc7z\xfe\x87\xc9"
    b'\xf5\xb8\xb0:\xf8\xe0"t+}\xbd\xcb+\'\xcc\xd6\xebb\xd8\x1b;g\x08\x17H\xb6\xf78\x052\xdd\x005\nv\xaa\xd5\xc7\xe4S\xdbPpk\x0fleh\xbb\x17K\xe4\xeeM\xea\xaf\xe7\xdd\xf6\xed\xcd\xade\x0c'
    b'\xcc\x11\x15q\\\x99z\xa4#>\x18\xa07 \xbf\xd5\xa2#\x06jVg\xa4\x8c\xbc::)tB\xc9\xa2&\x1d\xd6f0\xc6\x93\xeeA\r\x8a-%\xe8xt\xf5[A\xbbFT?%\x88\xd1M\xa8\xa0g\r\xe6'
    b'\x01\xd1\x8e}\xec\x95\xabsGLrtwTD\xb7\xe9j\xc1\xd30%\xf6#iU\xacd1c\xb2z\xe7mJ\xd8\xb8\xb8\xfb\x14\x00\xdb\x9e\xaa\xd4\x15O(+\xa7\xb5\x83\xf5\x195\xf8\x9e3"w\x8a$n\xcb'
    b'\x88\xfb%k\xa0\xe58\xd7\xad\xd8\x11\x1eg\xf7\xb3\x89}\xe7\xcbE(\x9d\x85-:\xfc\xfc\x9f\xb7\xd9\xe3\xb1@8\xb5R*W-\xa5y5:\xca<H\x8b\x91\xb7\x9d?\x8c?\xc0\xa7\x86\xa9\xbaW|\xa0\xb2\xb2\xc9'
    b'\xa7\r\x8b\x19\xec\x80!\xcf;\n\x90\x84-\x8eX\xe1|\x85\x15hb\xbd6P\x8dV\xd0\x0e\x02\x1e\xc0\x0ev6T=r<H\x97O\xd3\x9a\x11\xd6\xc8\xdc?|\xf7G\xd5\xc6)Z\x05\x11\xe3\xe6\xd0\xfd\x82\xd4\xfd'
    b'\x98\xc3]\xb8\x9e\x0e\x17\xdd\xa1b\xea\xacgh\xe6\x03\xd7\x13Q\x9ar\x0c\xcc!{\xa9\x98\xcd\xddCw\xd2\x028\xdf,\xdc\xda\xac\xf9\xd0(E\xeen)\x8e\xf5\xe3L\xc9A0\xcb\xc0\x8c\xd5\xcf\xd7\xe2S\xd4a\xfe'
    b'^\xd3\x9eH\x80^-@\x8a\xab#\x84\xb4Z\x80\xde\x98\xeb\xc5.\xfbI\x92\xc4\xfa\x17\xc3\xf1:\'\xd1\xb3\xa4\xbf\x98-\x86\xf4M?c\xc6\xdc\xd3\xc9"\xa9\xe2tU2\xfa\xda+\xc5k\x0b\xcc\xadUS[\xd7\x14'
    b"\xad&N\xd2%\xda\x9cJGn\x17WZ\xc7\xc7\xf0%\x06\xcb\x91\x1c\x1cF+fy\x12\x81\xa9\xe8\x0b\x8d\xc3\x06\x05\xa9\xc8\xbb\xa1\xc2\x1dR5\x86\xb5\r\xa4p\xaa\xadV\x8a\xf1\xc8\x12\x0b\xe3\x80\x94\xa1,x'\x19"
    b'\xdf@\x11\x04\xb7\xb2\x96\x90PT6I\xcc\xe0\xae\x0fA\x7f\xd8\x85\xfb6r\xa1\xdc\x1a\x98^\xceq\xd8,Nf\x81\x11\x9a`\xed\xf5\x8a6\x03\x0b\xca\x14\x08D\xaf\xa5\xed\x04r\xac\x04Oe\xe6\xb2\xd9]\xde\x03n'
    b'\xdfZ\x8b]A\\v\xc4F\x07 `li\x9b\x06\xbc\x8bS\xbf\x89\xad`\xb1\x06\xa71\xd6\x8a\x90-;k\xf9\x16>\xb2\x12VC%\xf4\x00o\xa0\xa0\xf0\xe8\x17\xb6\x08\x88uUPx\x85\x9a"]{\xb1\x19\x0f'
    b"\xd8f\xec\xfb\xea\xcd\x8c\x05=m\x8d\x17`\xaf\xa9\xd8\xbc\xe8\xca\xb9\\\xb2V\x92\xf3G'\xda\x8d\xb8\x06\xc7\x1f3\xb5q\xf6\xb1h\x85\xd0w\xca\xc0\x1c\x84\x95\xb8 \xbcN\x11`K\x13\x9f\x18\x93q\x1e[\xd0\x89!"
    b'\xe1\xa5&>\x9e\xac\x1f\xdc\xb7\xe8\xb9\x18\xa7\x1d\xcd\x93\xd5J\xd1\xb7\xb6d\xc1\xe7\x98\xc2\x04\xfd\xdeh\xcc\xb0\x01J\xd8\x94\x03\x1bI\x13\x15\x00.\xf6A\x03W(\xb9n\xc4\xdc\x82)\xdb8{U\x839\xfe\x88\x17@'
    b'\r\xc9\x18u\x8a\xe3\'\x9f!\xea\xbbQ\xb2J\x08\x85\x14\xc6\x89\xd87\x02\xcaNsA\x040\xc7<\x8f\x84!\xbf\xea\xcf\xbbCy\xc4d\x19d\xb4\xdaw\t\x8ax,\xef\xa3f]\x9a\xb8u\n\x97\x82\x13p\xb5"'
    b'\x9d\x19\xc7@P(S\xeb\xc4\xf8m\xbb\xde\x90W\x00\x85A\x17m\x86G\xb10\tS?z\xa1\x07&*\x8c&\xc0\xcc!u\xc9\xaf*!\xec\x18\xfbR\xadW\x8fz\x80uc\x04z)\xd4\xf7\x8d}\x84\x10\xcb\xf4'
    b'\xba\xc0"\xfa\xc8d\xb6lf\x1d\x97\xcc\xbb\x13c`\xe8\xb4|$}$]\xa1\xa6 \xe7g\x9b\xcd\xd5\xcf\r\x91\xf3\x81\xcb\x9cH\xd9`\x8dp\x15b\x13\xbaT\xcfG\xad\xf86\r\x9eb\xe2\x93\x85\x9e\\M3\r'
    b'*|0\xa7jK\x8d%\x97m\x9eo\x1e\x8c9\xd5x\tH\xbe\xea\x18\x8a-M\x02\t\tMH\x12\xb2\xfad\xb6b#\r\x1ffb\xea\xb06s<\xe5\x10e\x80,B\x14\xc0\xcb\xb09R] \xce\x8c^\xe0'
    b'\x18lq\xa8\xc2\xc7\x08\x8c\xbe\xd54k\x1c\xbc_&\x19\xb4\xcb\x05\xceP|;\xaf\x7f\xe2\x98uu\x1c\r\x8e\xe5\x9a\\t\xf7\xb9\xfa\x00B\xa8+n}7\xf1<\xb8\xa0\xfe&\xb0\xccz\xe5\xebFn\x87Ur\x04'
    b'I]<\xdbo\xd4\xa6.p\xc5\xc3\xafYG#\x1c\xc6\xc3\xe5h\x14\xb1h\xf8\x82#)L\xce\x83\x1f\x86\xe2\x89\x86\x94\xb7\xc5G\x18>\xec<4{D\xf4T\xd6\x86S\x04\x0c\xaf\xb6sX\xb9\x11s\x1c\xf4\xea\xc6'
    b'\xf3`\x95J\x9c:\x89Q\xe3\x9a9N\xf2&\xf0g\xd7\x15\x84N /\x1a\x95\x0f\x0cf\xccn\xa9\x1d\xe4\xd2\xf6\xf0\xd3\x98w\xd8\x83/eh\xa4\xe1\xbd\xeb\x84\x1a\x18O\xc8\xbb\xc7\x9ah\x04,\xbc\xa6\x81\xd5%#'
    b'I\xff\xdb\xf7\xdc\xc8\xa7\x04\xf50pV\xff\x8d\x85\xb1\xb6\x90\x0b\x87\xf7iI\x83\xc0P\xa4\xcf\xa6&\x11\x88@\x82\x15\xfew#\xe8\xea:\xe3l\x1bO\x0f\x08"\xc4\n;\x8e\x0f\x9c\x98\x0c\x9c\xcf1\x1f\x07\x18\x19/'
    b'bpL%C\x80\xc1\x10\x0b2Y!x.\xf4\xa2?W\x16\xa4\xcb\xe4\xbb\t\xcf\x143\x19.0;\xef\x95z\x9ek\x1e-\xf6\x96\xb0\xeaG[\x0f\x1dn\xe2}\xc53\xb32\xdc0\x8e\x96p\xb4\x12r[\xa9\xfa'
    b"$\xca\xf7\x18$\xbc\xcc\xd5\x8d\xcf\xf5B\x1c\x92\xa1\x84%\x92\xfaCu\x05\xb9z\xdf\x0bIL?\xac$A\x105F\x9d\xd0u\x8b\xd9\x937\x0e\x0f\xbaf_\x01S?\xbf\xd1\xf5\xd1\xc9[v\x9a~9\x8b'\xe5y"
    b'A\t\x99\x8eSjp\xe8\x9c\xe5F\xd9\x1a(O\xe0a\x81Y\x1a\x8eK/6\xa6E\xedX\xa5\x08\xe4\x14-\x1b\xd2\xee\xb7\xc8\xf3\x026-*\xc1}26 \x18\xe1\xaai\x0e\xc9\xbb\xa8J\xa1\xa4\x9c\xa6r\xbdC'
    b'qv\xb4-g\xb5\xe8\x05\xc4\x00\xb8\xbf\x84%k\xd1\x87\xcfI\xcd\xe5\xb8ss\xff\xb3N[VU\xb8O\xd2\x8f\xf3\xdc\x80\xd0\x8a\r\xc6!\x19,kg*\x86\x13b\x90I\x97\x90Y\xf26\x9d\xeb\xb2\xed\xf13P'
    b'\xc8o\x05\xdaa\xe4\x1b\xd5:=\xf7\xc5I\xe4\x81X\x98\xa2\xd3\xeaDn\xac~c\xc7\xb6A\x1d\x9a@K\xd1f\xec>\xb3\xd2\x19n\x15\xceYX\xb8a\xae\x1a\xaf\xf0\xdc-\xc4\xc6[q)!\xedT\x88\xddEr'
    b"\x92\x1b$\xa2]\x13,\xd8Ug\xac_&\x9f\x04\xe8\xe3\x96\xb3\x8dhdh(\xd3\xc39\x96'\xb1\xf9\x97$>\x89q\x97\xc0y$\x8e\xa8\xfc\xfb6.Lb\x93Y%s\xd4\x07\xaa\xd7\xeeGE\x1b\x11\x18Z\xa0"
    b'\xa4\xad\xdd\x92\xf5\xcd\x17(\xe6P\x11\x00>\xc7\x13\xf1\x10\x8cw\x978\xd5R_\xf1\xb9[d7\xc2r\xe4\xc0\xc7\x9dc5\x94\x16\xeb\x94\x9e\x15\xc2\x19\x1dln1w\xab\x19\xcc\xc3u\xf1,g\x87w\xfae\x9b\xf8'
    b'\x926\xee\x18\xb6\xee\xb5\xf7\x19!Q\xce\x9d\xaa\xb9\xf5hL\xad\x8c\xe0\xd6\xb1m\xc1\xa6\xd3\xf2$nv\x1d\x9f\x1d\x98\xb5\x89\xc9\xf1\xaav(\x81\x89FE\xf1\xad\xce\x91"FV\x8eG\xd7\xd8\x16\xe1\x1a\xb8\t\x98q'
    b'\xc4hEc\xd7\x16\xb9\x85\xd1N@\x8fQE&-\xe5PZ\x1c"\xfb\xb9\xf2Ro\xb6\x8a\xb3\x0f\x8f\xa1\r\x7f \xffw\xfa\x8a\x1fYdn\x941\xe7\'\x99_k\xf5\xcb\xf9\xdeY\x89\xfc\xfd\x9ffD\xbdiF'
    b'\x9d\xcb\xa4\xb4\x04\xa3\xb8QKw\xa3C\xc2j\x9d\x1b8z\xd4\x94\xe9\xe9\xb8\xbf\xb5\x96\xba\xbbl\x16\xed%\xcaby4\xfa~\x8b\xd9>\x8e\x9eF\xb0\xc5w\xdb\x99\x1b5\xcd\xf5>%\xcfXLLdCaS\x06'
    b'G~$\x8bT#\xf2L\x0c\x04G\x84Iol\xac\xfd\xa4\xf9\xcf\x14=c\x83\n:\xf6\xd0c\x0f\xf8\xd2\xb1\xc5\x18\x15\x88l\xc5h\xec\xa9\xee(R\x86\xc3C\x11\xb5S\x8f4\xf1\x1f\xa0\x15O\xf3\xb7K\x86\x98\xa0'
    b'D\x87\xed\xac\x06\xfb\xd2\x16h-\x8c,\x80\xcc\x1d\x10kZ\xea!\x1e\xa0\x0cJ@x\r\xc9{\x87Y\xd5-\x8c\xba2\x98\x81\x94jn\n\xa8\xb3|\x80%cK\x86\xe8\xe5\x1f(%\x1d\xeb\x14Z\xf8\n\x9dbS'
    b"\x1f\x0f&\x08{\xdd\x1bH\xebp-S\\I\xd3\x02\xb8\x8b\xa8\xa5\xde\xab\xbe\xb1m\x19\x04,\x0b6\x0bo\x98'g]5M\xaf\x0e4\x1c\xb2\x93\xbb\xe6\xf4\xd0\x08\xeb\x98m~\x8a\xc6(\x1cy\xdfD\xe1\xad\r\xad"
    b"\xf6\xb6\xc2\xd5n\xc2\xaf\xc3\xf6_<'\x92\xc5\xb9nrM\xaei\x16*%\xef\xd3h\xd0\x19\x0c\x06\x9d\xe1\x08\x03\xdaY\xc2\xfc\x81:0p6X\xed\x82V\\N\x82\x92\xa5$\x92?\xa5f)\xd3W\xfa\xc1\xd1I"
    b'Ea\x95\xc0\x0b\xb1\x1aP\xf4\x04WT/9l"\xa6r\x0bX:\x85\x0cyzf\xa9\xe0\xe3X\xf20b\xa9\xc0\x8cBog\xca\xdb>\x1e|V\xd4\xefT\x12\xf0\xd9^S\x1e\xf5\x90\xc7Z:\xe9\x859\xf3 '
    b't\x87\xd2\xa9\x93\xfc\x14\xde\x01\xc1\xa7\x9b:\x11\xa6.Zwp\xd3\xed\xc2/\x86D\xe8\xdb}\\\xde5\xd7\xb9\x7fqn\xba\xa13\x91\xee\xe3#\xb1~\xdf\xe0b\xdc\xb9\x1cw\x86\xfd+\xff>:\x90\xe0\xe3\x1cH\xa9'
    b'\xda\x95\xbe\xe1{D\xb5\xb6\x1f\xa6\x97\x1d#\xc3^82\xac\xa3\x7f\x8a\x12G\xdd\xed\xc0\xf5=\xd0\xd5\xd6\x04\x804\xe8\x8e\x87\xb8\xd5\xae]\x97\xfd\xc8\x81\xb6\x1a\x85\xf7:\x8d\xba\xb9-%\xdd\x98\x17\xe1\\\xdb\xed\xc0\xe2'
    b'\x85\xa6\xa6Y\r$z21g\x00\x97^4\xb5\xaeI!\x92\t{\xae\x0e|\x81\x08\x10\xa9~\xf5\xc1E\xf0\xc00\x12\x92\xf4\xe5f\xae\xe4\xce\x06v|r\x95o>\x17L\xd1\t\xf4\x1dh\x1d\x98\xe6\xfa\x92!\xa6'
    b"\xa9\x8b\x12&\x0b\xcf0\x93X\x18G\xb8\xc6\x8e\xf9!m\xb3\x8876\x93\xee\xcc\xda\xf6\x1d\x18\xd0`\xfe\x9fNH\xc4\x9f(]\xa4\xfe\xac\x9b ^\xa9y|\x8bp\xb6\xa3._\x800\x9bP>'\x82'\x1cgs"
    b'F\xdd\xbd\x81m;\xfb\x90V\xdd\xfa\xf5\xda\xdb\xf6\xcd\xe0PVu\xe7\xa6%\x8e\xca\xf5;\x06\xa4\xa0\x96\xe4\x90\xa0\xef\x937\x00\xa7\xbd6\xabM\xda\x1f\x9b{I\xc4l\xa6\x9f<\xfbl\xb8O\xe7U`\x06]\xc4\xec'
    b'A \xce\xb4A9\x01{\xe4\x17h\x19\x13G\xafp?c\xcc\x90!\xe1E\x01\xfb\xb1m\xb7\xe0\x98\x1c\xba\xd3\xd7\xe3\x1f\xfcMbm\x04\x86\x17\xf6\x9b4\x7f\x13\xe2_\x8d\xec87\xd7\xdc\xdf\x90:j\xd0)\x03\x83'
    b'V#\x93\x14\xc1h\x03\xb7\xa3G6\x8b!\xb4K\xdc\x8d-i\x85j\xaaM\x1a6.;\xb1\x12\x03[dV\xcexM-q\x08\xe6\xb0\x12\xa4l(\x0b\x16@p\xf3 \x1aO\x02M\x9a\x1dcN@\x83\xff{\xbe'
    b"\xa9\x0e\x83q\x19\x1dV\xc0\x06\xf9fHlu\x1f\xc8eL\x7f\xad\x1e6\xc9K\x0eU\x7f\xd7^\xec\xd2\xb5'\xd7\xca\x17\x0e\xeby\xdc\x87V0U\x82\x8a\xab\xdd\x95\xae\x85\xeb\xc3\x1fd9\xb6\xf4\x88\xb3~\xfbPS"
    b'\xfd\xe3k` =\x9d\xec#\x972\x0eI:\xe2\x80\n1\xe7\xc8\x9d\x02\xf8\x9b\x96\xc6\x13j\xe3\xa2\xd6\xf9b\xbb\xd2\xe2\xd1&\xd2\xaa\x120\xa0\x85xPI\xcf\x95\x00f\xce\xf3c\xe9\xbe\xb4fRI\xa2\x16\x81='
    b'\xbf\xc5\x12\xa7\x8c\xc2\x93=\x98\xfa7y\xa1\x00t\xc1\xb4*\xaej\xa6\xf9o>i\xb8?\x1d\xe2T\xf1\x1d~\xaae{\xb2A\xa9\xf4\x1f.\xe7,\x04\xbe\x9f\xaaM\xf9_\x8d\xde\x94\xa8-\xed?\x18\xffk\x7f\xddW'
    b'\x0f0\xb8su\xe8uTd\xaf\xe6\xaa\x0c\x03\x172\\\xcd\xdb\xdd\x08~MD\xd5\xb3\x1d$W\xee\xc8\x84A\xac\xd2\xd2\x16h\xce\x92\x9b\x03\xb1F\xc6\x01\x89\xb6\x06\xdc>\x0eUo\x08\xcd\xa0;\x9e\xe9T\xc5\x11\x89'
    b'7\xec\xa2\x07"i\xc9\xaa\xc1;\xb1\xee&F"\x89\x01\xeaS\x82~\xb5-\x19\xdca_n5\xd3H\xc1\xf0\xea\x8fc?\xe4\xa3\x1e\xf7\xa7\xa7\xea\xc6\xb8v\x03B\xaf\x9b\x82\xdeX\xab(\x98\x0c\xe06\xb4\xb9\xd6\xf3'
    b'\x8a\xc8\xae\x19A\xea\x9cV\x8cj\xd4DW\xc4\xa9\xeb\xd8\x8f\xe7\x1aa \xc1{\xfc(\x13h\xd09\xb6\x1b\xbe_:3\xdd\xe8Z\xf9!\xa0f\n\x7f\xf7a\xd7i\xa3\x05)\xa0\xb1\x91\xebA\xfe\xe1qso=\x0e'
    b"'FSD\x1d\xf49Pd\xf3\xc0\xda\x06\xe3F\xe8$I]c\x11\x13J\xe2\xbd\x8f\xfb\x8f\x15O?Pn\xb4\xcd\xd2\xea\xf1\x90\x12\xe8.\xab=\xea8\x1e\xba\x81/\x17\x81\xa2T\xa3\xcf))N\xbc2\xb9\rZ"
    b'R\x8f\xaa\xa0p\x15,a\xe6T-mZ\xf3\xf8h>\xa0\xef\xfeM\x9b\xa8\xe8\xca$N\xbdRG`\xbc8(\x1a\x81\x94\xb6\x1dY\x05\x9e<\x16\xb4\x1a8o:E\xf8\xdb.h\x97\xf6d\xb0\x08\xe1\xfb\xea\xb8\xc2'
    b'I\xd4\x11[Q\xad\x9e\x83\xfb\x84\xa6\x16:n&\xc2\xd1\r\xe8\xbb\xab\x15\x10\xec\x95,B<\x1e\xbd\xc0G,\xc3\xef\xb0\x0e.-\xeeX\x8e\xb0\x15G\xde\xb1\x05_70\xcb\x81\x1f<\x15\x85Zu\xd7\xe9\xa7\xb3\x14'
    b'\x84\xb9\xe2v\xd6i\xde\x11]\xfd\xa1\xe3\xa8\xf5\xe7v\x1c\x07\xae\x98\x91\xdb\xc8c\xe6\xd8\r\xfd\x1fk\xc6A\xaa_L\xa1\xa3\xf5}|\x90\x17\x9a\x80\xd2\xa4\xdcN\x8d\xbd\x8d\xb4\xc02\xf5n\xe0\xf3X\xa4s\xb5R_'
    b"'m\xd1HG!\x12R\xbfns\x05\xbd\x876\x8d\x086\xc9\xd1o\xb9w[\xe1\x1dh\x8e;\xbe\xec\x8e\xde\xd9\x03A\xdbYH\xbd\xcc\xfc\xfc\xb1\x16\x9d\xb8\xc2\x19\xaa)_\x05:\xdd\xdeI\xcb\x0b\xa9\x7fMQ\xf1"
    b'\xadd\xaa=1\xf6\xa3SYn\xe8\x14\x19\x82\xdb\xd2\x18\xfe\xc2i\x02{k>\xc5\x80\xad\x15\x9c\xf8\xf0\xbd\xbc\t\xe6\xc9\xbd\xb5\xde:2e*\x00f\xb1\xd5`\r\xd6g\x9cXkn\xdea\x18Oqh\xc7\n\xf4'
    b'\xedW\x86\xe55\x98\x115\x1d\xa6\xed6\x94\xdd6KM\x13\xfb\xd9{Z`\xb6%640\xcf"\xf36\xef\x0fl\xdb\x11\xdbn\xff\x9c\xb9\xb0\x893\x93pj"/\xeaH\x14\x95:\xfcL\xf0g/z\x1b\x7f\xe0'
    b')\x15\x9d2\xa7ta\xd4\x05\xc5\x11k\xbb0q\xa4\xecxe\xec\x0f}bf\x03@\x91\xf2W\x1c8\xca1-N\xa2\x7fG\x00/\x08\xa1\x141/\xee\x15\x06\x87\x82C\x03\xc9\xff8\x0c\t\x1d\xa8;\xbd\xa1#t'
    b'7\x1d\xb7\x89\xea\x88\xb4\xbdq\xd8\xa3.\x9d\x8b\xb7\xbc\x97fT\x97\xbaV\xd7\x02\xb5y\xc9\xad\x10\x95\xfe<\xaa\xf7D\xf6\xb6F\x88{\xc3\x12@3\x86PM{\xcd\x00F;T\xc3gC\xc4#\xbc_\r\x045Z'
    b'\xbf\x86\x82J\x81V\x89}\x82\r\xfe\\"40\x9aH\x00\xfe(\x03"\x96PDZ(\xdc\x87\xd5}N\x94\xf1\xf7m\xbc\xc2\x12*\x04\xa8\xc9{\xcf\ra\xb7\xe5\xceU\xa1G-*\x86\x16\xa0\xa0\xc2n\xd0\x85B'
    b'"}:\xf97\xf3ctfY\xca\xb8\x8fg\x02\xa2\xae\x97\x8c{z\x80Gh\xb0,"\xf8\xdf\r\x7f\xefRnV\xddv&y\x08\xda\xed\xab\x80\xa4D\x8b\xbbS\x89\x96&\xb6o?f\xc9\x82;l\x10]\xc2\x00'
    b']Q\x0e>a\r\xe3.b.*\xb9E\x92\rBA\x06\x0e6.\x17\xc3\xc4\xd9\xad\x10_\xbdB\x1a\x91r\xf2\xa4\x85\xf4\xe8\ta\xe8a7H\xd94\x8b<y\xb8.2\x8dD+\xf24\x04\xe7\xe6\x80\xb2\xe0\x01'
    b'\x06\xd4\xd4\x01\x05.s\x9f\xde\xd0R\x86aPB\xc1\xc8Zxa\xe7\xf1CtJE\x18\x92S\x17|\xbe\xdc\xa4\x99$\x99\x06\x94\x9b^\xf9\xe9\xe1Q\x83R\xaf\xdd(\\&}\xc3\xae"\xfa\x97\x93\xff\xcb\xf4\x93S'
    b'[\x81\xe3@\x1c\xc0}\x8a?1\x996&f\xa4\xc3\xd1P\x84\x8f\xac\xd0\xc9\x9c\xe8j\xa1\xaa,\x803\x8fW\xb7}\x9b]xG\xd0\x84\xe2\xc3Y\xc0\x8aF\xd2_[\\\x9c>\xf6\x08#\xf0\xc1\xc7\xa2)tl\x1f'
    b'\xb2C\x00\x91#\xb1\x16W\xf8\x9a\xe7\rm8\t\x12\x1a\xcb\x01\xe2\xfc_(v\x9b\x8a\x01\x12\xc3\x89\xdes\x9en\x89>\x10\xdeT!\x84\x0e\x05\x0c\xdc\xb0(AL\x8c,\xa9\xbat\xcc\xde\xee\x12Ib\xe6^\x98\xc6'
    b'\xe5\xe0\x94l\xae\x94|\xa4+\xc6k\xb1c\xb0\xdeN:\xc27a\x7f,\xfdt\x88\xe3\x96\x1aZ\xe9\xfe\xfc@E\xa0q[4\x185\xd4\x01\xf7\xd9M\x91\xf6\x88\xae\x9b\x9a\x065\xfa]t\xf9\xcb`\x80\x94+p\r'
    b'\xac\xc0\xb5\xf9\xafS\xf1\x07\x175\x15\xffr\x8fO\xa8\xa1Z6\x94\x8c\xda\x1b\xecT\xddkm{\xf5\xf8\xa5z_!\xd91\x14\xc7\xf7\x93\x9cL\x8e\xe7\xc0\x10\x7f\x1d`1\xe6\x80\xdfVxE\x89\x02pp\x15eX'
    b'q\xba\xd8\xef\x1en\x1a\xe8\x0f\xc0\x13lu\x1a\x07\x92\\\xbf\xc7\xdaqT\x1cHB\n\t\x13\xa0\xc3\xe1~\xc8\xd7\x9d\xc8";\x1b6,P\x82\x8c\xc8\xb1!\xce!\x96\x00\xff\xbeM\x93\xea\xbcQT\xdb\x0f\x10\x90\x1c'
    b'\xea\xcbp\xd1q\xc3\xbdI\xbe\x18\x05\xbd\x98\x07\x99\x03\xce\xa3K\x7fs\x06JF7x9;\x98\xd0\x1f\xa4\x81\xc1fA)\x0b/]i}\x05\n\xf8.\xbd$\\\x1b\xac\x9e(l\x1f\x15ta~MU%lH'
    b"'\x1eM7\x92F\xa9\xa1\xf4\x92\xe6\x92\xc2|\x17\xdbD\xcax\xf0\x05I\x13\xfa\x90\xc0\x01\xc2q\xf0\x9c\xc0GX\x7f\x1e,\x9d[]\xc1\rK7\x0fI\xcb\xfa\xc0\x05\x08\x9c\xe0|l\xaf\x1a\x9d\x1e\x0cI\xa7&\x11"
    b'\x82\xa3&\x0c\x9b\xe4\x82\xc2\xf3\x11\x16n\x13\xa5\xeb\xdb@0\x12\xa3\xf9\x90\xab \x9f\xfd\x86\x11\x04\xcb\xb4\x9a\xe2\x19\xe6\x00e\x9f\xc0\xcd\xf1m\xd2\x85\xe5\x84\x81!1\xd1\xb4\x80\xfc\xbbh}\\\x8f\xf0\xefki\xe3\x05'
    b'L{=\xe8eO\x0f5L\x99\x8b~_\x0ei\xa9\x87-\x99\x15\x9c\xad\x89qj\xa8]\xe0i\x8c\x0eB!\x9f\xe5\n\x17\x18A\xc3\xe0\xe2\xda\xcaV\x1cp.\x8b\x91\x82t\x98\xc6+\x86v%XB\x0eJ\xa2\xab'
    b'\x1d\x94\xa1\xddc\xdffX\xf8\xd5\xb8\xcd2\xca\xeb\xc8(i\x95\xc2\xde\xc4V<.\xb9\x95b\xef\xec~\x11q\xd7\x9b\xc4FH\x83\x1aB\x92u\xfe[:\xc57\xaf\xe1%\x880\xaa\xcf\xe00,\xb6\xbe_\xc1\xa92'
    b'"\xb0+{\xaa\xb8\x0f\xd8\xd9\x11\xd5b\n\x04K\xb0\xd2*\xe1\x1d\xfd\x1bS\xe4\xaf\x8eTLG\xda\x95w\xa25\x8b\xf7\xb1\xb8Il\xd7\xa0\x02\xe1);\xaa\x81\x97\\\xec\xa97\x87\x99\x7f\xf9\xa6\xe3\xde29\xaf\xcb'
    b'\x15-\x8by8}\x1b\xd4\x9f\x919\xee\x88=\x90\x99\x84\xe0q\x9d\xd0u\xb5c\xe0\xe1\x10c\xecj\xa7YzFt\x07B\xca#\xdd\xa02\x05\xaf8\xd3\xb1S\x8b&\xe7\xd89)\xf2E\xf9=\xc0\x82,\xbf\xe1-'
    b'\'\xe8\xa5\x81kt\xe4\xc09~\x12\xed4\xa5"\x0f\xe9"\xe3\xe8\x80&\x8d%\xac.IT\xa1\x10I\xb6\x0b\xfc\xe2\x8d\n\x07r\n#9\x95\xa3N\x84bM\xa2V\xd8\x00\xc3\xa2\t\xbb\n\x1b\x9a\xea\xab\xce+\xc8'
    b'\x10\x8f\x1b\xe0\xb53<\xbf\xa3H\x97\x9d&\xb9\xa1\xb1\xd2\xf1z\x80\x94wH\xb7\xed2\x97\xd4\x15\xeb]\x1c\xd2M\x0f\xed\x14\xfbb\xb2C\xbd\xd0\xb7\xdd]\x193\xfb\xde\xfc\x19\x9b\xd7N\xa1\xc5\x1e\x04\x0f\x19O\xf6\xd0'
    b"\x901\xc7\x13\xa6\x03\xae\x17\x1e\xe4l\xed E\x90\xa3\x1b\xfdd\xc7C\x06f\x86\xe3\xe5D\xb7X\xf2\xebY}\nm\xf8\xd6@9[\xbcf'\xeb\x99r\x93)\xb3D2E(\xb5y\x9d\xc4\x99\xc9y\x05\xd2e\xf8"
    b'`.\x89\x9d\x14Z\xfb\x83\xb1\xd9\x9czH\xd1\x82Jw\x12\x88\x86\x81_\xcbr~<\xe35;\x82\xf5N\xd0\n-\x02\xe2@l3\xd6\x91\x81\xa6\xee\xd4\xb6\x9a0!M\xa8c\xeb\x11\xe9n\x1d2\xba\xaa4e\xe1'
    b'0\x08c\x05\r\xb1\xd4\x11\xc5\xfc\xd6d\x1dEJ!\x99\x9cGT\xae\xf2\x9am\xcd?[\x06\xeaCp\xda\xbf\xfa\xaa\x06\xf8Q\xc7\xf9p\xa3J\x9c\xfb"\xfd\xd2\xf1\xaf*\xdb\xf3.\x86\xca\x93x-\xdc\xfa\'\xc1\xca'
    b"'\xde\x90{\xf8\xefqx#5\x03\xad;a\x87\x84j\xbdU*\xd2\xc9\xd7:\\\x06p\xeaS\xa7\xb9\x82T\x9b\xd4\xd8\x02\xc5v\xebT\x8c\xc0\n\xd6\x9eUw\xc5>\x11J\xa7\xf0KI\xe2*#\xb6I\xfe\xe9\xb1"
    b'=\xb3\xe8p\xdc\xb9\xb1\x87\x93\x8a\xe9Gc\x8e\xcd\x188qD\x03a\xccO\xfa\xe8\xc8\xe0f\x99\xd0\xa5\xae\xde\xe9y\xec\xa4?A\xd4\x12\xed^\xfb\xa8\xe3\xcd\x1c\x92\x96\xe3\xc5*\xb3\xc0\xfaWww\xc9\xce\xd2\x02\x04'
    b'HL\xcf\x893\x9a\xa08\\\x0bN_%i\x83\xb2zc\x968\x95\x1bP\\\x91nn\x0f}\xdc\xfb%\x98\x9a{\xecY~M\x13\xc4\x87\xa5\x9b\xb3\x1bx\x1c\r\xa4u\x1c\x8f\xb5\x95%(\xcc\xb6^X\xec\xb2\xb9'
    b'\xed\xd7;\x9f\xa9"Y\xa0\x06Q\xb05\x15\xedk\x1bg\x03,\xd6\x05#\x93:\xe1\x12g;\xf4}\xfdW\xed\x08\x10_P\xff\xe6\xa6\x16\x8d\xd7\xfeb\x8f~\xa5KU\x97\x84\xbb\xc36\x7fM$\xf8\x86\xa0X\xfc\x12'
    b'V\x0e\xa6\x06\x19V\xd4\xe8\x82\x04\xaa!mT\x873H\x82\xaeT\xd2\x9a\x9e/`\xbd\xa2<\x90\xd1\xdf\xfa\xcb\r\xfe\xcd\xd3\x9e\xeeU$\xf3c\xddvr\x94\xfa\xa1~\xe1\xe6\xc5H\xee\xc4\xb8ff\xbe<b,S'
    b"\xca_\x0c\tr-\xa2\xe1n\xc2\xac\xad\xe2\xb8}Zx[9\xa9\xec6\x10\xe1@\xbf\x95\x04\n\x06\x8c\xefu\xdalE\xf9l\xddF\x18\x80\xd3\xc8\t\xdb\x87\x82!:n F~\x01$X\x8f'\xd5\xf4\xf9@\x98"
    b"\xe3\xae\x81Q\xdc\x9e\x93\x03z\xe1@\x0c\xee\t\xe03\x16\xab_\x1c\xa0\xd9R\xe0\xc8\xc9\xbc'A\xc9\xb6\xba%\xed'\xd6\xd4\xa8\xd6\xad\x96-3X|@\xfb\x8f\xd6{\xa1WI\x04\x10bo\x04e>\x9d|\xf3\x82"
    b'\xa2d_\xc1\x07\x84\x19\x83\xbf\xf8\xbe\xf0\x87\xa1\xf1^\x9dD\xdf\xdc\r^\xbdM\xb3\x87\xe8O\xff\x81G\xd0\x87\xa4\x80\xa6\x03\xfc\x01q\xb1\xa29\x8c\xb7|yj\xaaQ\x9dF\xe9B\xbe~\x8f__\xc1\x13\xa0\x9di'
    b'O\xbfVq\xb5-\xdd\x9f\xb4D\x1b\xfc\x88\xe1\x8c\xa7\xda\xed\xa6H1\xaa\xf1\xf4\xd5O\x18\xe8\n#\xa0\xa2X\xdf\xbc\xe0\xf6\xb5;\xcb\xf8cr\x1a\xa9\xd5\xf8\xd5/\xe41\xce\xd9\x19\xdfr\xcb\xfc.\x99\x7fp\xee\xf9'
    b'\x16\xbf\xd7\xef\xe0\xa9\xc1\xc9\xf8f\x1d\xa7p\xe1\xe4\x9bE\xfa\x91\xee\x9f\xc5\xe8\xbb\xc37\x81+\xaf\xf8\xba\x0c\x9d\x8b\x95\xf3t\xe0R\x04\x1bQ`\x01\xce\xb8L\x1b~}\x83_q\x9c\xfa\x10\xaf\xf2\x8a\xe9\xe6\xc4iA'
    b'\xe7\xbf\xfd\x05~\xe00c3\x8d\xb8\xc9\xf8\x11\x8aD|J\xb1\xc3\xf0\x18X\x17\x0e\x1d}\xe5\xd4:\xf2\xd76~\x80\xce\x19\xeb\x9fe\xb4\xb5H\x19\xec\x13F\xef#i\xd4\xa0\x16\xc9\x92\xc2\x1f\xe9\x14\x1f\xe0\xbc0\xd5'
    b'd2#\xa1\xca;f\xdc~KBG\x96i\xa1\x8f\xd8\xa0\xd1\xc26x\xcd\r\x1a-,Q\xe2\xa7\xd7\xce\xd3\xfc\xb6\xc563\xe3\xfa\x19>\xb7\xb5\xb3\xfdq\x91\x85fC\xf9\xedM\\\xb8\xbf9\x9fZ\xdf\xe1\xcdA'
    b'\xef\xf0f\xff;`\xd5\x86\xc3^B*?\x84\xdfB\x8a?\x04_\xc3_4yg*\xdeS_P\x9d+\xd2\x14\xec\x8f\xf0\x97\xa9\x147\x94P\xae!\\!N\x8f6\x97\x1c^\x83f\xd7\x02\x0e\x99\xd2%\xb2o6'
    b'\x96e\x10"\x15\xa8\xbe2\xb1r\xe1G\xba\xc0\xc7\x10\x8caC7!~\x88\x10&t\xee\xb5\xc7\x81\xc2G\xdc\xfe\xee8\x99\x03|S\xce\x8btS\xbd:y\xf1\x82T%\xe0L\x1c\xfd\xd5Q\xa0M\xb41\x99\x98/'
    b'\xc5)\x93\xc0 \x06r&1>\xfe\xc8\xe0\x7f\xa8gI\xf9\xc0^\xf5\xa9"(\xb3\xb4\xc4\xee\xad;\x0bs\x00\x08\xf4\x97\x9cTi\xc9\x90\xa6\x1c{\x11g\x06\xceQ\x0bo\x10\xe6\x19\x96\xb3g\x97\xb3\x94\xd6\xa0\x93\r'
    b"\xb50,\xaf\x9ef\xfa\x04\xb1vt\xd8n\xa8\n\x86<A\x02\xa5\xd8v\xc8\xaf@I8w\xac\x1c\xae\x11\xe1\x02\x87C\xf8\x0b\x84\xa8b\xaa\x18b\xff\xc4\x9dz':W\xda\x81\xadtFF\r)\xdc\xce1Sy"
    b'\xf1b\xf9\xe9=\xc3g\xfcV"D6y\xb5\xb4\xb2\x0c\x05\xfc\xe0_\x0e\xfb\xda\xe40+\x1d\xec_1XS\x1e\x1cY:;\xf2.j\x94\xc8\x92\xea>\x079T\x0c\x17z9\xf9\x14\x83d\x93P%\x90\x1cV\xa2'
    b'(O\xe0\xf0\x8e\xde\xfc\xf4\xfa\xe7?F/\xa3\xc7\x93\xe8\x14\xc5\xaa\xd3it*\xc7\xe1i\x07\xae\xe9mx]?\xbf\x00N\xfd\xf0~\xf9\xe9\x85\xb9\xb0y\x80\t\xcf\xdc\x1b\xde\x93\x85\x1d\x0e\x1d\xbc\x11\xdb\xd3\x8f\xf2\x86'
    b'p\xedW\xd8=\x8f\xb8\xe1\xccS\xe1\xb7\xc1)A\xa5\x9db\xc1U\xbc\x84\xfb\xf3\x14\xae<uB\xad\x87G\xb5\x1e\x1d\xd5z|T\xeb\xc9Q\xad/\x0eo]\xdc\xcej\x8d\xd9\xbd"\x17gE\x12\x7f(\xdfC\x9f\xf0'
    b'\x13z\xe6\xb0\x97\x93\xe8\x9d\x9d\xea\xf7\x14\xa4\x04\xbfb\xbfrNB/h\xfe\xc6\xc7J!\x8c$\xfa\xf9\x7f\xbcQH\xa0y\x8c\xa5\xe9\xf8\xb8\xa3\xe7\xe83\xe1>h&T\xea\xfe\xf2\x9eNP\xf8\x19w\xa93@~'
    b'3\xb8\xfe\x97\x9cpT1\x80\xc7\xfe`\xee\xe2\x90\xc8ONa%!Yx\x1a:\xaf\x18\xb9\x1eKTP\x04$L\xd5\x13\xbd \xb0P`.\xfan\xce \x81\x85\xcd\xf2{\x7f\x08\x7fC\xe1I\xee\xe4\x02Q\xef\x89'
    b'U\xc8\xc4\xe1e\xdeuH\x9b4\x81\xc22\xe0{\xb6\x05=\x1f\xaf\xe0>sn\xa0\xc2\x1aI\x89M\x96\xf1\xaa\xe4N\xee@!u\xda\xd0VK\x16\x1e\xc5\x8by\x88\x86e#,\xd7\xc8\xc0y]\xdd\x99\x11\xae\x89L'
    b'!!\x1ei\x82\x97\xfe\xfc\xb3\x7f\x97\xb3U\x7f\xa5s\x8e\xff\x8dN\xd3lY`(\xee\x0b\x9e\xa3\x17T\x14 _\xbd/x\xa2z\x9b\x07\xee\x01\x9a\x12B\xeeT~8\xa5\x8b\xef:\x07uvW~\x04\x96\xd0\xec\xeb'
    b'>.\xd6\xbb;\xc2%z\xc1a\xf0\xef\xf5\x8cht\xa3\x9bdO7:\x9a\xcd\x16\xd6\xe3\xfd=,z\xb3+\xfaM\xfa:\x91\x7f\x9c\xbdW_\x1d,[\x98\x95y\x11X\x1b\x89I\x83Sd\xc5\xe9\x84t\x10\xea\r'
    b'\x8c\xbc\xb2oq\xfe~_V/\xa8\xa3\xf7+\x10AW\xcd\xf1.\xb6\xe5\x87\xe0\xab\xd3\xad\xe5\x06\xa8\xb9\xf5^\xba\xdc~\xf3}\x12\xe3y\xf2\xbe`\x08\xe6\xe6\xfd(\xe2\x87\xee^n3\x9a\xa5\x17\xfc\xaa\xef\xd7\t\xa8'
    b'[\x87\xdf\x8e^\x80y\\&z\xfb\xfe\x85j\xbb\x1fME\xef\xab\x18f\xf6=\x06\x94\xbd\x87\xd9\xd8I<\xbb\x17\x9c \tk\x0b-\x8b\\\xe5\x8a\x94\x87\x055>\xec[\xd6x\xbbH\xf3\x17\xcb8-\xdeo\x81\x12'
    b"\x93\x8c\x10W\xe0\xd4\r\x8c.Y\xa1J\x14zO\xee\xa5\xc0w$\xdb}\xf3f\xea\x16\x0b\x18\xd5\xdf\x0f\x8e\x81\x93\xa7\x1b#\x95\xccc\x98\xa4\xfcvK\x02\xc9-(\\\x05\x06'\xd8@\xcd\xb4$q\xe5\x86\xc2\xf2("
    b'\xce\xdc\x056%_,\x8bt$\x8c`\xafpN\xa0\xff\x05\x8e\x8a\x0f\x99\xe2\xcfb\x10(\x06\x0fd\xc0\xacb\xb2\x98\xc1\x0c\x10D#\xa3p\xae\x1eN\xd2et\x86!\x86\xf0\xdb\xb7\xaf\xdf\xbe\xfe\xe1\xa7\xff\xf1\xef\xdf'
    b'E/_\xbe\x8cN\xd1\xcb\xb9Dq\xee\xf4\x9cV\x06\xc5\x13\x90]\xb7\xebd\xf1W|(H)$\xad(\xfcZ\xf4\xaf\xfe\xf7\x1e\r\xad\xb7\x8e7gJ\x9e\xd1\x19^\x83\xee`/V\xdb\x82E\xa9^\xba\xb8\x89\x9e'
    b"\xce#d\xf47'\x08\xf4\x9d\xc1\x04\xf6\x9c\xd1D\x8f$\x9a\xbd\xd7XU8b\x9eT\x1a{OO\x99z#\x93%i\xfc\xc7'\xcaT\x87I\xdfj\xe3\xa3\x8b\xce\x00\xe9;\x19\xb8p\x8cO8>\xf7I=\x90%"
    b'1\n\xc8\xe9!]\xe0\xedf\xf4=\x7f\xe8\xbf\xa6\x8bw\xf0B\xbf\x9e\x0e{W\xa7\x9d\xe8t\xd0\x9b\x8cO\xdfa\xdf\xd8\xf5"\x9fo1\x9a\x1c\x03j\xbeC\x17\xc9\x0f)\xac\x1c\x10\xc7\xd9\xe9\x1f\x7f\xfa\xcb\xb7\x1cp'
    b'\xf1C\x1e/`Q@\x845\xcf\xe4\x05r\xee\xbfM\xaa\xef\x18\x9a\xff\xcd\xc3\x9f\x17gj88\xefQ\xf0\xef\xf7o\xff\xf2C\xf4R&\xe9\xd4Q\xd4\x9es\xbb\x08\x0e\x89\xec\xf9+C\xa3 \x13#\x99\xae\xd3\x92\xd4'
    b'\x0b9\xf1\x8cF`|\xdf\xa7\xd1\xd7\xda\xa9j\x05\xb4:\xe4+\x94i\xebEX\xd5\x06\x03\xde\xca\x17T\xe4\xe6=\x0b\xe0\xb0\x95pO\x93\xaa\x85\xc9\x16\xac\xa2\x9d\xe2\xac\xe0\xdc<\x9d\x90x\xfc\xfdw\xaf\xff\xf8\xdd\xcf'
    b"0\x81\xa7\xcf\xa2\xbf\x15\x08\x9d\x98!\xc0y\xe5\xeaD=N\xfc\x17\xd0^4\x08\x8b\x08%\xd9\x11\xd0\xfe\x0ev\xce\xcd\x7ffv\xbc\xf2\x1f\xf4\xfa\x97\xd7?\xfe\xfb\xeb\x1fz\x08\xf4\xcf\x061\xaa\xb4\x8a\x98\xf6\xc9'P"
    b'\xa4\xb0\x80\xa0\xd4a\xc2\x90r\xe8\x83\xf74U>\x01Yc\x83\xeaK\xf7\xcb\xff;91\xab[\x0c\xcf2\x87"\xff\x82E\xc3\xc8\xc4x\x96E_E\x83~\xff<z\x81\x7f\x80\x88\xecM\xab\xa4\xd8\x9c\xc5\x9d\x08\xd4'
    b'\x11w\xbfA_q\xf4ut6\x8b\xbaQ|\x0e\xb7W\xe7x\x1b\xbe\x01\x05\xb3\xa1\x92"\x85\x17\xa4F\xf0&\xa6X\x9b:\xb2\xb5\x83]\xa4\xb0\xfe+\nvH\x8d\x1e&\xc1\xbe\x14\x84D\xd5\x80)\x07\x06y\x16W'
    b'\xd0\x92\x8a\xae\x0f\x9c\x16\x01*#\x9d\xd6\xe5\x96\xe2\xe7\xf0#\x0e\xc6\xbeQ\x05r\xf1\x99\x8c\x86_\xea$2l\x84/\xffJs\xb3N3m\xd7\x13(\xd9n4\xe8\xf0\xc4-\xa1\xd3\xe2\xac\x827\xf7\x9b\x9c\x9f\xbf#'
    b'"\x83q\xbfFp\xaa\x8f\tC\xd9\xb2\x00\x84\xb5\n\xb8\xa7r\x8eg\x9b\x93\x89\x03\xc4,\xd3\x81\x87\xa6T1I\x99%o\x8a\x1c\xe9\x9f \xd9\x14\xec\xdb\xc8)\x11\x1d\x15\xf6\xfd\xd0\x90uF\xd7:0A\xf9\xc2{'
    b'A~\xb1\xf8\xd3\xd9\xb0\xe3\x12\x005\x87w\xa1\xd5\x86\x9f\xfa\xbd\x0b\xb9\xf9\x9c\xf7\x8c\xe9\xfd\xef[\x10L\x81b\x80\x91y\x1d\xe3\x85\x1e\x85\xfb\xfc\xb4<;\x8d\x80\xd5\xbfz\x19\xf5\x81\x95??}\x0e\x84B\xfe\xbb\xaf'
    b'\xe9\xcb\x94\xbe\xd8I\xc27G\x08\x8c\xad\x84\x9c+("P\x04\xdbKHW\x9f\x02gI\xd732/\x17(\x96\xd3\xac\xc2\x16D-\x87\xd2\xc6\xcbh\xbb\xc1\x1e\t\xd8<\x8e(\xd2\x9d\xcd\x1a\x88+L\xf4\xc1_:'
    b'jy\xe0\x9d\x9d\xacJ:<\x11{!Y8\xdb\x05:H\x97\x0fgx\xdd\x1e\\l\xc9x)G\x0c^I\xe1[\x9f\xce\x1b\xca\xa3:K\xa3o\xa8/%\x08a\xa9\xd8\xf47h\x8aa]\xe8Y\x86\xe3\xf27\x98'
    b"\x91\x81\xdf:\xfa\xef\xff\x9d\xbe\xfeJ\xbf\xbd\xa3\x03\x94\xbf\xbf\xc3\x0b\xda\x99y\xd8\xe7t\xf1\xdb\xd7_\xf3\x18\x9e\xe4\xdd\x8f\x1fJ\xf7\xcb\x87\xd2\xf5\x87b\xe6\x88I\xf1%\xccU\x17\xa6\x16n\xb3\xf3%?A'p+"
    b'-Do\xb3-\xef\xce~\xa9P\xef\xa3\x85\xfa5}Gq\xfb\x98k\xa0\xeffo\x1bz\xb7I{x\xc6i\x078\xb8\x8e\xcc\xbd=\xdc\xba\xdbl\x9d\xd2\x88e\xb4O.C\xc1\x0e\xd0\x9au\x06\x0f9W\xaa\xff\x05'
    b'aP\xc9\xc9]a\x95\x07\xe4\x0b\x8a\x12\xcfe]\xdd]`\n\xae\xac\xb1\x0e&\xdf\x80Q\xc2\xa5\xd6\x80\xc5S\x11D6\xec\xd8X\xdc\xac\xcdi\x8bn\xf5\x92\xcd\x02\x88\xfa\x9a\xc1\x9bu\xa4S\x8d\xb9F\x0f\xba\xa5|'
    b'\xfc\xed\x97\xa4:\xe3Gu\xf0Wo\xaf\xf3\xf5\x9e4\x83=\xee_8\xa3\xf6S\xf7*\xcc\x8cn\'\xfcQ\xa7\xe1-\xc7\xcc\xd0{\xcb\x80#\xca\x10\xe3\xe2\xb9\xdd"\x9fa +nh.\x08\xea$\x8a\x94\x0e\xd4\xf1'
    b'\x1d\x06\x03\xb2I\x10~\xef\xca\x81Ag\xd0*\xe6x\x03\x9b\xed\n\xbcs%\x99\x9e\x11\xbe\x8e\xb3\xe3\xf1\xa1?\xe33\xcfL\x91n\x84\xcd\xb5\xbb\x9f\x9fl\xb6\xbf\xb4\n\x08o4\xb4N\x94\xba\xbb?F\xb2N\xa3?'
    b'P\x9fL6g\xdc\xe1\xafq\x85\xc2\x9c\xf3\xe5\xff\xfc\x1fx\xc49S\x1e\xf5u\xae\x02\x8cY\x05n\xed\xf3QL\x1bhL\x17\xea\xce\xe9\xed6\xdfJ\xf15\xcaB\xe4\x0cK\xc2\xee\xc5\xd4\xa8\x84P\xd7\xd1\x0e\n\xdc'
    b'\xf5\x0e\xa6\x07\xfb\xb4\x17\xa1\xaf5\x05\x91\xddq\xe06\xda\xb2\xb1\x9c\xa63w\xdb\xec\xed]Z,J:\x1a:\x91\x1c@\x05\x9eU%\xe1RS\xc0?+]<+\xf0\x84\xbf\x12\x84\x9d\x13J,\xf1\xde\x1dK\xc8"'
    b"\x95A\xff\x92\xa1,z\x9b\r?\x93{\x8cY\x17\xe5\n\xee\xded'\xd3\x8bceK~R,\xa9\x97\xfe&\xe0\x8e\xe1N+\xfc\xe0\x953\x8a\xeard\x1f\x19\xc0\xbf\xca\x87_9\xea\xab\x8b\x0cn\xca!`7\xc4"
    b'\x02p\xcd1\xf6\xc8\xd2\x0bZ\xa2\xcf\xec\x99\x01\x7f\xbey\xc9\xd4\x10\xa5_\x7f}\xce\xady\xd1\x03\x87s\n\xe2\x19\x91\xe3\xf9M\xf002\xbd\xdfr\xef\xb7\xc0\x8c\xb9\xf3[\xec\xdc\x12"Id/\xf9i\xbf\xde\xbe\xb3'
    b'L\x16\x7f\x84\xa56?\x11\xd7\xb6\xfc\x17~\xfa\x86n>g\x9a\xca\xb6\t\xff\xe8\xb0I]p\x98\x1e\xd9\xf8<\x89\xfc\x12]~6\x1dC\x96\x91\xba\xbf\xc33\xf0\xd7\x16\xc5+\x12\xe9\xc1\xdc\xc6\xa3\xf1\xbb\xaar\x9e\xa1'
    b':\x1b\xb6[\x85x\xa1\x94i\x96bU\xc2\x1d\xd0\xef\x9aP]9\xb7\xac\x15\xfb\xba\x11\xbb\x9a3\x17\tp\x8b\x05\xb0\x8cDT\xa9\x9f";\x83\xf5\x89^\xf47A\x08\xa3*R\x8a\xce\x8f\xa3ga\x90\xd2_|y'
    b'\x0e\xcb\x85\xa4\x0e\'\x16\xa5\xfd[\x1a\xdc\x19\xc5O\xb8\x8c\x98T\x87"!\x9a;{\xf1\x9f\xe5\xd7\xfc\x16/\x7f\xfd\xdf\xffYN\xdf}\xfd\x02\xf8\xd7\xa9=t^7@\xc3:Rm\x8elt\xb6t#\'\x13 \x12'
    b"0\x01\x84\xe3>3\x19\xc9\xf7\xf9v\xb5\x80\xe7/\xb7x\xbaV\xaeX\x8d\x9d\x9c\xf1\xbdd\x9d\xc6\x90IP.WTY\x1d\xc3\xe3;r\xdf\xc22T\xf1i\xbf\xb4\x1a'(\xe30#\xa2t\x82\xc2I\rNiA"
    b'%J\x17\xad\x0c\xa8\xb9\xc9O\xce/\xa4|\xfe\x883\xfc\x12\xcd\xbe4"\xa4\x8b3x\x04\x88"\xff"\x8f\x07\xda<\x85\xb1\x9d\x021\x9dz=c\x18-F\x06s\x06\xf0K~\r\xe7wG\xe9\x05u\x97|\xcd\xe8'
    b"\r\xe9\xb2w\xee\xe5s4\x0e?\x7f\x85O\xc4i@\xb2\x14\xbf2j\xb4\x8d\xdehN\xa0'\xfa\xeb\x8eB\xbc\xfa\xf0\xd3\xbf\xe8\x90\x9d\x9f\xf3\x0c$aX\x89\x97\xbe\xdeN\x13}\xf6/y\x06\x8a\x18\x86\xeb\x9f\xa1B"
    b'\xe6\x1c\x17|\xb7\xd2\x82)\x06\xcaq\xb5_\xaefz\x8a\x9f\xc8\xed\xb0\x92\xab\x083\x87S\x81\xad\xb3\xc4\xceB\x0c\xef\x17T\xa2\x93\x05\xd6x\x9b\xc5\xd9\x07\x8a\xd4dY\x80\xa5\xf9P-gD\x9f^aADr\xed'
    b'\x89\x06\x81^\n\x96;{\xc4\xe7\x13\x98\x16\xd9u\x94\xfd\x92\x92\x84\xc4\x85\x96\xa8,\x8b\x8cBBC\x05=\x01u\x03\xb2\xfa\x0b\xe5\xa7\x86E\x90$\x85=\xf5\xd8\x86\xf0\xe6\xe7\xef^\xbf\xfd\xfe\xbb\xf7o\x7f\xfa\xf1\xbb'
    b'_\xc8\x163[m\x134\xc6\xcc\xf3|E\x7f\x1f\xe2\x0c\xff\xde\xa2\x81\t?\x90\xd1\x1c8*\xde\xfe\xcb__\xff\xfc?\x7fpo\xd7\xe6z;E\xcd\x99\xdb\xe0\xefC\x82\x06i\xd3\xc1\xb7\xaf\x7f\xfc\xf1\xbb\x9f\x9d\x0e'
    b'0W)\xabbl\xaaC)\xc8\xc2\xa3w\x9aN\xa5\x8bo\xbf\x7f\xfd\xcbw\xe1\x0e\xcc\xc3\xed\xad\xfe\xebh\x17?\xfd\xfb\x8fo\xbdQ\x98;\x1b\xafo\xbb\xc2aI\x070\ro\xff\xd7\xfb?\xfd\xf9\xe7_\xde\xd2\xed'
    b"2b}\x01gH\xda\x9f\xf7\n|\xfb/\xdf}\xfb\xd3\x8f\x7f\xa4\xfb\xedd7\xdf@'\xb2\xf1\xf8\xb7\xdf\xff\xf9\xe7?zkh\xba\xf1\x9f\xea\x8c\x08:\xa0\x1e~\xf8\xe9\xa7\xffIo\xae\x96\xe7HD[\xa2*\xda"
    b'\x0f\x8c\xa3\xce\xdcW\x8d\x16\x19A\x81\xbcf\x90\x0e6T\xdc\xc7Ye\xcaFa\xee=\x07*J\x9d\xdd\xc8\xdaB\x84"\xf9\x1c\xc1\x96\x05\xc5\xb5\xe0\x1e#@\xf7\xfb\xb4L:\xe2\x044\xbeoV\x19\xc8%.\xc1/'
    b"K\xedVE J\xbb/)/\x8a\xeb\xad\xca\t\xb6\xceK\xda'Z\xd2\x99\x9d\xdf=\x17E\x06.qL\xb5\xf6Y\xc4\x0c<\x8f\x85\xe8J\x82\xea\xce\xe5HMK\xb7|\x01\xcf\x10\x8d\xcd`\x08\x88F\xc3\x19Bd"
    b'\x0f\xa24\x1f:\xfb\xc9\x9c\x0f\xd7N\xd9B\x01_\xdfP\xa8`\x86\x1e\xbb\x0e\x99?J\xf1\xd3A\xff\xe8\xa2\xd4o\x14\x8bh\\xj\xc7\x9d\xc2\xa2?[\\\x8f\xe3\x11\xd1\xdd\xb3\xa4\x1f\xf7GDo\xcfF\xcb\xf8\xe2'
    b'r\xc8\x1f\xe3\xcb\xe5\xe2\x9a>^\xc5\x98\x15B\x1f\xf1\xb6\xeb\x84o\xbbJ\x86\x8b\x8bS1\xf4\x0b\xd7\x9b:<Z\xb5\xa9\re\x13\xe0\xd0;2wV\x95\x16^\xfd\xab\xa8N*\xa4\xe3I"m_\xd2y&s\x0e'
    b"Z\xc2\xe9\x92\xfe;=7r\xc0\xe9\xb3S:\xf6\xeb6\xc9\xe8t\x8af\x90*\x9dG33a\xd4\x1dY}\xfa\xbd\xfe\xa4\x83\xe6-2\xfb\x88\xd4\xf7\xc4oC\xdc\xf43\xdf\x05\x97\xbb'\xd3\xb1\xeb>k\x07\xb0."
    b'\x1c]o\xe3\xf9\xd5\x15g\x81\x08\xd6\x1a\x1d\\m\x8b\xae\xbe[o\xa1\x93\xd1\x88\x97\xebR\xfe\xc6#Y\xdf\t\xff\xbd\x98\xd3\xdf\x8b\x11\xff\x8d\xe1\xef1kz\xd0ZN#\xf1\xc4\x92\x83\x8c\x11K\xea+\xd1\xef]q'
    b'\xbf\x81\x85\x94c\x8en!s\x9f<\xc3\xb5\xfa\x1d\xb1\x82\xc7\x8dy\xdfp\xdf\xedZ\xc9o\x81\xb3\x81J\x99\xd8\xa5\xfc\x8e\xcd~(x\xaf\xe2\x7f$;wpm-\xaf\x06\xc3a\x9f7\xe2|<\x8a\xe5\xe3r9\xb1'
    b'\x1f\xaf\xe6\x83\xb8~\xd5i+=\xfc\xee\x0b\xac\x9b\x95\x9f:E\xd9\x0c=\n\xef\x89K\x87w\x9f\xb3\xf9\x02\x0b\xbeH\xd7\xf5\x1b.q\xd2G\x93\xf6{\xf89\xef\xd7i\xe6\xde6\xc0\xdb\xfaCC[N\xc3\xf8\x93\xdb'
    b"p\x8c\r\x07\xed4\x08C\xaa\xf7\xdd\xbfjvN\xcd\xfc\x9eG\xd4\xea zyS\x90'\xbb\xbe\xf3\x8f\xa1\x92\xe1\xecry\xb5\xe4\xcd}\x19\xf7gc\xfa8\x1e\xcd\x07\xc2\xcf'\x17\x8b\xabe\xbf~\xd5i+=\xfc"
    b'\xd3\xa8\x04\xa7\x86\xbc\x12\x9eD\xd9\xbe\xb0\t()\xee|\xd2\xac\xbb\x93>\x8d\xc8\xc5\x1e\xd8\xa9\xd4tr\xc8\xccS`\x8d\x99v\xfc&\\\xe7\x98\xb9\x87\xed5\x1e]\xf1$\xc2\xa9y\xc1{q\x0cg\xe9\x8c\xd9-~'
    b'H.\xeaW\x9d\xb6\xd2\xc3?m\xeeQ\xd6\x96\xe9ja\xc6\x03\xda\x98\xff\x0fq\xe2\xc0\xd0w\x8ez\xe72\xff\xb2\x89\x8b\x0f\xab/\xda`"\x81\xe0j]\xd3\x7f\xc2p\xcd\xd59\xfd\xc7\xc7-\xfd\xc7\xbc\x97\xfes\xdb'
    b'\xfe\xf37\x98\xa7s\xb5n0<\xea\xb2E\xbefvM\x89\x86\x1f\xe3\x95;\xbbC:\xf1\xfa\xa3v\xba\xb0L\x9e\x98d\xdf\xbb\x00\xecpp\xba{Y\xe6\xech\xff\x82e\x19\x8d\xfa}9\xe6..\xcc\xc7\xf9\xdc|'
    b"\\.G#\x91\x86\x9c\xabN[\xe9\xe1\xbf`Y\\M\xb6\x9d\xef-\xe3ER;2\x81\xd0'\x1e\xe3+\xef\x93d\xd3\xdc\x0e\xb0R\xc3\x836\xb1\xbb\x7fC\xac\xf7\x13FNPK\xe3J\x1dx\xaeT\xaf\x83\x17\xd1"
    b'\xd5\xf9\xf1\xb2\xf4?u\x12\xeb\x87Gh\x12[x\x8a3\x89\xbb\x85<PO\xbf\x88\xa3\x0c\xe8?\xe6\xff\xf6#\xf2\x08C\xba\x8b\xe18\xae7h~\xfc\xe7\x93\xaecA9\x9cpk\xa2\x15N\xf9r\x15\x97w\xef\xcb'
    b'\xe4\xef[\xaa\x1e\xfd{\x110>\x1c{N\xca\x97\x03\t\x88z\t\xcf?\xfd/\xa2\xc9\xdfuv\x8e\x9d\x94\x9d/\x1e&\\\x8e\xe5\xfb\x12\xd2\xed\xf7\r\x91:\xe4\xe8\\\xdd\xdb\xe0\xbf\x8et]\xcb\xdd\x8e\xc3p\x96f'
    b'q\xf1\xf0^\x02\x1d\x03\xe7\xe1\xe0\x00y\x1eMb\xf79YxK^\x19B\xc0\xbd\xc5@\xa8J\xb2\xb2\xc8^$\xf0\x81\x04\xec%\xb5\xe9\t\xdf\xb4C\xae\xdcd!\xd9\x85\xdai\xdd}\x9c\x1a\xc8\x97B#\xcab6'
    b'w\xcd\xe2B\xad\xc4\x94x\x89\xf6\xf8\x0f\x9eY\xe9\xbbu\x02\xb3\x96\xcd\x1f,\x01\xfc\x9cp\x02\x06Z\x05)T\x14\xb5UK\x0flb\xd8I\x10\x8b\xc5\x10\xfec\xb1\x16\xfe[\xb0\x91\xc9\xb9\xeaPA\xb8\x81\\\xfd<'
    b"\x82@\x03%#\xa2\xbe\xd4]s\x01\xbb\xc6\xe8\x007N;z9h\x87=D\xaf`M/'\xee\xcf:\xd5/\x95\xc7\xc8\x05\xb7\xcd]\xbcZB\x03u\x8cK\x18\x08\x85lD\xff\n\xff\x9b\xba\xd1S\xb5V/\xa2"
    b'\xa17\x1cr\x9b\xd9\xbeJ\xd0\xa1\x93\xb3~\x87\x9e\xe15d\xe0\xe6z\xcbZ\xef\xdd\xe6}H]\xf5\xbb\xb0Q\'\xda\x7f/\xba\xde\xc8\xf5Z\x0f\x96\xc0Q\x9f7\x0cv<\xb5\xffjl\xd1\xe8z*("\xf6\xeb\x90'
    b'\xab3\xc0\xf2x\x11]\x86>\xb2|m\xa2|\x8d\x1d\xb54!N\x0cN\xedu^\xb9\x0eVz\x11\xf6\xdd\xd6_\x85\xba9\xec]\xc8j\xfe{\xbdL\xb4A\x01\x82^\xeb\xdc}-X\xaf/\x7f)\xe8D\x0e\x15\x84'
    b'I\xb0\x0fp\\\xaa\xe5?\xfdp<s\xb6\xd8AT\xd1~\x06z\xbby/}4\xb9\xf2\x9f0$\x95\xe3\x88\xb4\x883"\xee2\xc0\x1c\xfa\x04x\xd8e\x8d\xffJ`\xc8\x12\xef\x96\x95\xd0\x1e\x85\x15\xdf\x10\xab\x9d%'
    b'\x0f9\xa7\xfd\xac\xc5s\xb7Z\x90k\xa3\x8a\x1f"Lj\x17\x8f[rOn\xc1\x0f\x89|\xa4\x11\xb9\xcc\xf9\xaf\t\xecOL\xee\x95\xd1Y\x1e\x8d\xe0\x92e\xbe\xac\x04\xd7\x05\xe3\xfe\xa2\xb4<\x8aI\xe3\xe1kD\xcb\xcb'
    b"+sT/\x86Ws\xb9j\x1a8W\x7f/\x81\x93\x984\x06\x84*\x93\xa6\x10\xccq\x80E\x1f\xc2\x83y1\x03\x8cs\xe2sM\x04%\xaa\xb7\xf2\x9b\xc8\xd2\xbbn9;=v\x1e\xe4'\xb9\xf0\xce>\x90F\xa2q"
    b'\x90\x87qO\xbc\xa3\xc1rd\x1c6\x8e\xae\x85\xd14\x94\x1b\xb6L_\xb4\t7\xba\xb56L[\xef\x95\xb6`n\x16\xef=9\xa7\x18\x9e]E_\xf1"\xb5>]\xc5\x9a\xc6\xad\x17{o%oc\xe3\xbea\x7f\xef'
    b'\x8d\xc4\x8c\x1b7\x8e\xcc}\xfe\xb9\x908a\xa9\xbb\x18\x7fRV\x9f\xc7$q\xab5\x05?\tCcb\x9a#sw%>\x81\xf86\xc1\x01\x9cf\x9cV\xd3\xc8\xc9\xc5\xe2\xb0@\x8cm\xd3^9\xb8\x8d\xb0\x7f\xb87'
    b'#U\n\xf8\xa5e^\xe8\xeb\xc7\xe04\x0e\xb9\x9c%\x98\xcc\xa5\x98\xe1\x86\xbf\xc0\xf7\x87/3\x83\xa1\x10_\xd7T\xf1\x9a\xb9zX\x83\xdfI\xd0\x03\xa9<\xc4A\x9c=MZ\x80\xe3~\x97.;\x91\xf3\x03;\xd6\xf5'
    b'\x97pX\x96\xd3\x9c\xfc\xe8\xbe\xdd\xd3\x8d\x9ct\x89Q\x18\x18&\xc0r\x9e\x90&\x11\xdbw\xa2u\xde\x15\xf2*`\xb9&\xd8\x95\xb3I\xbb\x98\xe7\xa4\xa1\xae\x98\xbb\xe4\x84\xbb\xba=k\xe4\xab\xa2C\x98\xdfL\x98\xa7\x13'
    b"\x11\xea\xf3[1\xf9`\x8a\x00(\xa1\xfeo&\x13\xa09[\xb5$!\x86&w^\xd7\xf9\xcf\x89\xab\xf7\xc4\x17\xba\xe5\xa6y\xc7\x93\xb9(a\xdd\x8f\x81\xd71A\x9aNln'\xf2m\xd6\xf2\xcdDn\xb6\x86\xe2\xc1"
    b"\x7f\x81I\xa0^\xcew\xde%-eg\x83(\xe7]\x90\xe3\xe3\xbcW\xe6E\xe5L\x16&\xa1\xb4\xccUc\xd6b\x10\xd9g7\xbb\x9a>\x9d\xdb\xf9\xf2\x99\x1b\xcfV=\x9dK\x049'\xa4\xd7\xb9\xa5M\xcc\x93\xbd&"
    b'a\xe3\xadb\xf0It\x80\xe9bBrcJ\xb1k,\x1f\xe3\x85_\xfb\xe4\x05$\x8f\xda\xffe\xee\xdd\xfb\x9b\xb8\xb2\xb4\xd1\xff\xf9\x14B=\xddHA\x08\xd9\\BD\x0c?BH\xc2\x0c\x97\x1c\xa0Of\x8e\xe3\xe1'
    b"-[e[\x83,\xb9Ur\x8c'\xed\xef\xfe\xee\xe7Yk\xed\xbdvU\xc96\x84\xf4\xeft\xcf4V\xd5\xae}\xdfk\xaf\xeb\xb3\xee\x7f\xbd\x83\x96\xa2S\x9b\xdf\x15\x7f\xb6\xa2\xa7IE\xae\xcc\xc2::\xb5N_\x95"
    b"\xb3\xaf\xd7v$T\xea\x05]\xd7\x84*$'\x14P\x85\xe9<y\xcf\x83\xd6\xcffc\x07c\xb1\x0f\x8f`\x01L\xb0d+r\xfb\xd0\xdfL<5\x91\xec\xa9\xf3\x1a\xae2E\xc7\xc2\xc1Sz\x1c\r\xfe\x16\xa2\x01\xea"
    b'\xf6\xea\xd9\xbb\xf7M7\xa0\xa8\x0e-\xcb\xe5\x0b\x8d\x92\xf7L\xeb!\xab[\x89\x8f\xfa\x15\xbc\x18\xe6\xe5*\xba\xb2\x84>k\xb0\xb2\x0e\x9d\xc1d\xcc\x97\x00\xe7\xee9\x11\xb8W\xf0\xf8\x0f\x8d\xeb\xc1\xda[\x1cu\x1b\xfe\x10'
    b'\xa3\xcd\xf0_u|yP\xe8\x9f\x9b\xa3\xdd\xd1}\xfb\xf3\xfe\xa8Tkyx]Z\xd9\xcd\xd17V`/\xfc\xf7O\xd0W\xe5\xcc\xdc\x86j\xaa/\xd8^n\xac2\x1dIO/\xbayVt\x1f\x9c\xb0n8\xee\xb8'
    b'\xea\xcf\xd2\x86\xfe\xeb\x07\xd0\xaa\xd5|7\x95`\x93I\xe1\xf8\x9b\xef\x91b8\xec\x0f\x06\xa1_\xca\xe5\xac\xd9y@1s\x07\x8bwi\xb8c\xcb\xd9~g7\\\xba\x9a\xc78ep\x01\xceO\x8b\x89x\xa4\xaa\xfc;'
    b'\xc5\x9d\xfd\xaf\xe5\xcf\xbd\xd1\xfd\xe2\x8eyn\xc4\xbd\x18\x8e\xdd\xfd]\xf9\xf3\xeb\xb2x0y`&b\xd4\xf0go\xc0\xcd\xdc\xca\xde\xb2z\x9c\x8e+\x18\x84Y9\\\x11\xb5\x9c\x08+\x7f\xc0\xf9\xeaO\x1c\xce\x15\xba\xd9'
    b'\xee> \x08\x04\x8e\xa1.fG"\xf8/\x96Gg\x9f\xb3\xe5\x9c\xf3\xe1d\xa1:_D\xb9\x0f\xa87\x98[\xa0)<\xf1\xf7\x8aj\xd5\xd8i\xdf\xec\xef\xde\xdf\x13\x8f\x8e\xbd\x07\x93\xfb\x93}\xf5@\xf8\xe6\xeb\xe2\x81'
    b'\xb9\xf0\x95\xfb\xa2s\xbd?yp\xf7\x1b\xf1K\x08\x1f=\x98\xc8g\x0f\xf6\x8b\xfb\xbb\xf7\xff\x05\xa4n\xd3\x8crkI\x85"<\\@&\xee\x8c\x92u\x84[\xee\xa8\xfb\xff\x17O\xb2\xcf\xea\xfc\xc5\xdb\xcd\x84\xc7\xe7\xbc'
    b'\xfc\xc26\xc9\xafZ\x86\xfdL\x15\xe0\xe9s6_\x11\xe3\xc7\x16\x08\x13\x95\xe8\xaa\x0c\xb4\ni/\x96\xf4Am\x98\x84\x1e\xdc\xfbz\xa2\xc2^\xfc\xb3\xdc/\xf7\xd4\xf3\xe5\xd2\xa7\xfa\xe7\x9f\xbe\xefh\xc7\xb9w\x01M\xd0'
    b'\xc1c\x16[\x97-|{g4\xb2\xd0\xe1\x7f\xe5\xe5\xfa\xa7v\xdds\x9d\t\x0b\x9d\x8e\xccr\xf3)\xf0V\x1c\x1576\xf8\xd3^\x16\xafC\x161\x9c\xad\xf9^\xb1\xea\txDd.\x1f;&\x12\x08\x16\xb5\xb8k'
    b"4\x89\xc8\x96\x89\xe0B\xa4:]S\xc3\xc0\xf0\xae\xca\xa5\x13[f.l\xad7\x1bN'p\x19\x9e\r%z\x1bB\xb7@fl\x8f\x18q\x08<$\x0b\x10\xf9E\x10o\xe8\x9c=\xd540\x85\x8f\xb9\x8c.\xe3\x93"
    b'<P\x02,\xa8!i3T+:\xa4\xa7\xc1|(\xcf^\xef\xf7P\xb7\x0f\xab\x0b?\xad\x87\xf8S\xb12\xfc\x1c\x9c\x04Q\xb3\x98\x07\xe1\xd0\xfb\x1a\xd3\xecT~\x0c\x9c\xb7<m8B\xbb \x18\xb8\xee|\xf3\r\x83'
    b'\xf6\x83l\xfb|\xbe\xea\x85/\x93\xber\xb3\x1fn\xb7\xfbX\xfc s<\xf8\xba\xbd\\ Kw\xad\x9c\xdbf\x81^o\xdcm\xff"\x887\xf7\xe5\x0b ,l\xde\xbb\xe7\xe3_\xc5/\x08\xbaX\x9dm\x92\xb1\xa2\xfa'
    b'\xa0\xf8rq\xc2c\x80X!\xf1k\x88z!\xa0\x04\xb3\xf8\xec\x87\xb5K3u\\\x16\x1f\xd2\x0c_\x13\x85\xcbuV\x1f\xa6\x97\x7f\x08lI\xd4\x06\xea\x04m<lb\x05\x0c\x8b\xe3\xe3\xd9Y\x8fhY\x1d\xf7)$'
    b'\xe4\xb8$ah\xa1\xe6\x8d\xda\xf6Q\x9a)\x91s\x81d2\x1aA\xa2\x1b\x0c\x88oNz\xb0\x8a3\x01\x0f)\xec%\t4\xe3\x00\x07\x0e\xf0\x0f\xfc\x88\xa5\xaf\xc9\xe2\xf8\x8a\xbd\xd5I\x10\xf44\xb6\xa1\x1av\xdeB\xff'
    b'9\x89&f\x0bv\x12b\xcd\xa0=\x9by\xb3\x12cz\x8e\x8a\x890\xcbp#2]\x99\x8a\x95\xca\xcfZjB\xb2\xd4\x00\xe4\xa3\xa9"\xce}Q\xe16\xe9Y\xbe\x1c,E\xda\xa8Pbn%\xb5I [\xcdM'
    b'}\xbb\xd3\xc3G\x9c\xcf\xbe\xdf\xbd\x80\x8d\xeb\xd5hW\xd8M\xc0m\x98\x8a\xbevP\x7f\xbby\xbf\xf6\xf6Z\xae\xbb\x91b\x1b_?p\xc5\xfa\xdd\xb4\x8a\x02K\xa8sChB\x0b"\x0c\xab\x890\xc9\x18F5N\xcb'
    b"\xcd\xc2\n#4\x8bA(\\,\xcc\xd5@b\xb5Y\x8a\xdb\x80\xc8\xda(,\xe8\xad\xf5\x0f\xc3F\x1f(\xb6c 'L\xa8\x8ah,F\xa9\xdc\x92H\x16Feu\x9e\xd0\xbd\xa0\x9c\xc4\xda'e\x10\x9e%\xbf'\xfd"
    b'\x0e,\xfa\x975J2$\xa6\xce\n}c,q\xa1\xe9B\xb1A\x19Y\xd6h$-s\xe8\xe6\xcf\xb3\xe2\x8cg\xcc\x94_\xb5\xb3\x16O\x158\x89\x87\xd7\xd6\xa8=\t~\xfa\xb7\xbf\x85M\xf6\x1d{/\xa7\xb6_\x0b'
    b'\xb6\x17\x7f\x9eG\x9d\x8dH\x1fy\x93v\xae\x87*\xa8"\xb0\xfa\xaf\xc7\x0f\xb8\x16\x08{dqarb\xb5\xd97Y\x1bb\xac\x07rCje\xcbZ\xb9\xf0\xfb\xe6\x98\x94\xd2\x80\xd9j~\x99M\x8em\xb83l\x84'
    b"\x81ip$\x10S\x81at\xdfa\xc7\xe8\x1e9\x0c\x94\xa9t\x01\xfc\xa7\x87g\xaf\x16\xabuKr\xb5\x89\xe9\xf2Z\xb7{\x0fI(\xec$3oO\xbb\x1d\xe6r]'\x00\xfa\x87\xab\xc5\x0bd\x9d}\x1aX\x97\x9e"
    b'H\x81S\x01f\xe8~\xc6J\\s\x1cR\xde\xe9*\xcc\x8b\xb0\xa8\x00?^\x163\xc3h\xfc\xac\xf5Z_w\xb8\xea\x02\xd7\xed+\xb7O\xa0S\x13\xfe(\xac\x8a\xf3Jk\x99\x06\x7f\x17\x8aY\xd0\x82\xc2\x94\xad\xb6\x00'
    b'RAtb\x88\x1b\xe2\xe5\x94m4U\x1f\x02<\xb95\xd4X\x00S1\xc4B\xc6\xa8\x11\xcc@\x10\x08\x05\xe7U\x03T\x13>\xc0\xeap)\to\x0f\xa7\x11|C\xa3\xe6\xa6\xc8\x97\x87\xf1\xf8hg\xf4\xef\x05z\x9b'
    b"m\xb6\xf5\x01Q\xf9\xfd\xdbJ;\xe2\x84'h\x193\x93^\xba-d3<vO.\n\xb5\xba&\x81\xf4,|\xc5\xc8\xac:1\xe2\x11z\xac\x1d\x1c\xab-\x11\x0cA\x16\xb1\xce\xc5\xcd\xa2\x8dqU\x0ex\x0b*\xae"
    b'\x03\x13`\xda\xddl\xeb\xf2\tA\xc7O\x04\x13\n\xcb\r\x90\xba\xd3\x9cm\xd5\xdb\xfc\xa1D=*\xeb\x119\x85\xb0\xeb\xe7\x8a\x1f\x95}/\x81\xc2\xc2\xe4#\x15\x19n\x16~\x19C\xe1+M\x1e\xb1Bv\xa1\x95\x9e\x0e'
    b'\xe1X8\x84\x011"\x05+\x00d\x03\xbc\x9an\xb1\x88\\\x0c\xde\x98\xa7\x89\x19\xcd\x16\xfb\x1f;\'UY\xa5\xfc_\x00\x19V:\x07\xc4+M\xacD\xaf9A`\x06\x9fM\xe6\x9a\xfd\x03\xc6\x15\x91\x84\xa1\x0e\xb7\xc0'
    b'\xd0\xb8\x8b\xe3\x15\xcb\xeb\xf3,\x1c\x10@()\x9a\xc1J2\xccGL,\xe1s\xaaU\xd8\xf9\t\xfeX\xd7\\\x93c\xcfu\xf0Ga\xceN\x18kZ\xa5^\x13\x88c\xc1j"\xcer\x19ze\xe9~Y\x07\xeaE'
    b'\xfe\x850n\x1a\xe7\xa2\xba\xd0\xf2n\xc3\xa5\xc3\xe2G\xc5\xa5/\x08N\xc8?\x05k0A\x1b\x05\xc2\x10\x9c\xafY\xf0\x14{\x1a\x03=\x98\x15@\x05\x12\xf5\xfc\x93\x97\xcf\x14\x0c\x19Qf{\x1f\xc6\x14\xaa\xd5\xa5\x03\xbe'
    b'Kc\x86\xf9\xdc\xdb\xa3%V\x02+\xba\x7f\xd9\xdb/\xef\xca\x83\xb3b\xce\x12\x0fJ*\xc0\xafu\xc4`\xcfg\x9b{\xf7\xefAS\xa9a\xc1c\xf1\xac\xbf\xbf\x07\x9d\xd2\x82(T\xf2\xe8\x9b\x11\xfd\xf9\x8e\xa7\xf3\x0f\xfa'
    b"\xa0\xf8\xa6`]\xc7'\xcb\xe3\x19K}S\xdc\xbd\xcf\x16\x97\x08\x88G\xa1\xcd\t\x03\xd8\xc0\xf6\xca\x83\xbdM\xaaH\xc9\x02\x8f]\x9cE\xa8G\xbc\x88\xc6\xea\x1f\xbd\xb1\xdf%P$&\xe0\xef\xaf^<\x7fG\xb4\xbb\xf0"
    b"\xe6\x9bb\xd4}(\x16P;.\x82;\xa1+@T\n\x91\xe8*]f1\x9fF\x98\x0c'\x93\x85\xd1\x04A\x03+\xea\x08\x9d\xfcT\x9a\xc1\xb6\xed\xe6\xc1\x9b\xe1\xdea\xb1|\xb2\xea\x8dD\x04\rbZ,\x8b\xd7\x8e"
    b"\xdcp\xdd\xb6\xf1\x90\xf2)$:\xc5Q\xe8g@\x06\ns\x9a\xb6%\xb7\xf5\x1f\x83\xcd\x8bW\x92\xa4'O6>\xdd\xad\x10]\x04\xb2\x0c\xc7\x8f\x92n\xa0D\xbc\xa9\xb8\xe8\n\x94.\xb1\xd4\x96\xd7\x17\xb5\x12\x10\xfb\xd6"
    b'\x9d\xc1\xd7]\x05"\x0b\xbd]\n\xca\x93\x89yb\xd5\x0eD\xe3Z\x0eES\x85\xa9N\x96H\xb1\xb46\x90\xc9n\xffwo\xbb\xb8\xf5\xbf\xefwn\xf6{\xc3\xaf\xfa\xffv{X~,\xf7\xe2w\xc3@\xef\x8fz"'
    b'Wp\xb1\xf8]\xcb\xe5\x03\xecx\xf8\x07\xe1\xf5\xf6\xe6\x8e\xe3/\xa73\x8f&#\x9d5\x10\x9a\x1a\xc8\xcd\x86\x82\xdc\xb0\xaf\x8ar\xc3\x0f\xc4\xf1d\xaa\xe6I[~\xbc1\xe8\x16\xb9\x009\xfbV9\x9a\x1e\xd2\x13\x84^'
    b'@-\xb8K\xc7\xd32i!\xc5%\xa2\x98\xcb\xa4\xfc:\xb9\xd9\xbf\xc5\xff\xb5)\x91\xc2\t\xdf\x06es\x87\nE\xca\x892=Jlo\xec\x04Y~D7\x89\xc6\xbbMy\xe7=\x1f\xaaU\t7SV\x15f"'
    b'|$\x8e\xb0\xb76\xacT\x9c\xb1\xb9\x96{(\x1f="\x80\xde\\\xbf\x1a\x87\xbf\x1e\xe1\xaf\x87\xe1\x8f\x9b[,\xd27iW\xdcx\xfa\r\\\xb7\xdb\xff\x1d\x06\x1c\xc6\x0b1W\xc7\x9bF\xe8\xbf\x8d\xc3`!\x0e\xc2\x87'
    b'd{&@>\xf3|[\x8c\xdbW(\rz\x01\xd3\xd7Z\xce\xa3?-\t\xb8\xe9L.\xc9\xfc \xfdV\x04j,w\xa4@\x0f\x80\x96\x17\x96\x05\xc0`\xfc*"\xbe9\xe5\xc8\xa9H\x05r\xfeL\x10u\x98\x88\xda'
    b'A%U\x0e\xd1k\x9f\x18\xfb\xe1j V\n_\xb6\xc1yE\xfa\xe6\xa0\xbcH\xcb"\xe4\xe1V\xd7\xed\xa4\xf0\xfe\xdb\xce\xc8\x0eU\x02W\x9a\x0b6\r\xbf\x8cZ\xa7b\x15\xf6\x12\xc7\x9d\xbf*V\x84B\xb2S\x15\xfa'
    b'Iw\xb9\x1dn\xe7[\x8f\xc3\xc2\xf6~\x1db??\xb6\x05f%\xfd\xb0g\xb8\x9a?\xcc\x16E|6\x96\x16\x1a(b\xac\xd7\xd6\x12)Zu\xc1\xc4\xdf*\x81laF\xe7\x9d\xc9\xf47\xe44\x89\x9e\x96\xf3r\x96'
    b'p\xcb\x95\xe9\x08\x9f\x91Er\xda(\xf4\xe6\x19\xea%\x84Q\x83rq6\x89e\x14gs\xdc\x8d\x04*\x9fKURf\x1e\xe2\xfc\xd4O\xa7\xd28%\x15\x00F\xba\x1d1\xb3\xccY\xdc}\xa4\x13\xbd\xee+m\xf8w'
    b'\xd9\xf7\xe3D\x8a\xd1\xfc\xb0:\x9c\xee\xafz}\x1b\xd4\xc0\xe6e\xec7\x1d\x9d\xc2\xbdO\x8c\xcc\xd5Xz\x93\xeaH\xc0\xc4\xeecq\xc3>o@\xf7D\x04yM\xd2\x11Oa\xe2M\xedD|\x12\x84\xcf\xd4\x18R\x15'
    b"\xc0\xc8\xa4\xc6F\xc8\xb6jKC\x97\x18\x03\xe4Ht-{g{\x92\xc0\x9c\xe4\x1c\xd5\x1e\x05NrZ\x95\x81\x7f\xd34\x8b\xc8\x00G\xb5%\x1c\xf3\x16'Uxf\x879r\x91\x91e]\x96\xc7\xcb\xc5\xe4d/\xb0"
    b'; (\xb2\xcb\xaa\xc0\xe9\x08F\x9d\xcam\xacl\x7f\xc9\xcc\xd4\x93I\x15\xe1V\x98\xb1\xb4\x12n\x16\x95/E==Y\x86)\xa7x\x8aG\x8a\xe8\xf3\xee\xc9\xdfM;\xf7\xf3\xf3\xceW\x9d\xcd\x87\xa6\x06[\xc6\x8c\xec'
    b'2\xba\xd4\x91)\xc9\x96<5\x81"\x08\xb9\x81a\xff\xdfr\xb9\xd0\x91\x92\x1f!0\xdfb.\xcc\xb2\xcd0\xa7\'\x8cn\xb6\xe0\x80\x15\xd1h7\xec\xce\x0f\xf2\xa7\xf8\xcc\x18\xec\x16\xe8eg^\x1e0\x87y\x87Y0'
    b'\xadc\xe2\xd6\x08\x89\xc5\xc9\xa9\x8b\xfd\xfd\xb0Xa\x13\xad\xd2\xe6\xaa\x1d\xbc\x1eQl\x03\x81\xed\xc5e\xa5\x87\xce\x00\xdaG@\xb7\xfa7\xf4<\x1a\x84\xe3\xd8\xef\xfc5S\x16\xcb)\r\xa4G\x0eS\xa07\xc5*\xb7`'
    b'\xa0\x1e\xd2\xa0\x01e\x0fLI\x8e*)\xe0\xe1J\x08\xc1\x18\n\xd1\xef\x86J\xe5\xe18~\x98\xa0\xdc\xe4\r\xcd\x13\x92\xe7\x85h\xa4L\xd79\xe7TQp\x1avh;!\xf8\xa3\x81\xafA\xce:]D\xc9a\x91t'
    b'\x7f\xa8Y\xb3\xd0\xd2#=\xf9\xaa"mE\x0e\x19Y\x86\x16\xcaI\xaf\x9a\x1ei\xd6\xc0 \xc7\x84\xcaaf\x92N\xa4\xd9>-f@\xed\nE\xb7YRxZ\xf7\x13\xb7\x10)\x0eJ\x0e\x95\xb8\xf5\xdc\x8f0)\x11'
    b'L=\xcc\xca(\xccH|\xdb\xef\xdc\n-G>;~\x14\x98\x87\x91]]\xe9i\xe0\x1f\xd0\xc5\x9e\xde.|aW\x10z\xddKO\xeaXz\xbe\xec\xba\x0e\xe9]\xe3\x97_\xc3\xb8\x9e@=w: \xc6d\x8ee'
    b'\x17N\x8c\xe9\xae\x19}\xdd\x03\xact\x0f\xe5\xc2\xc8\xc2\xdb\x04\xde\xfd\xec\x87\x1f\x9e=}\xf7\x96\x02]\xa8`^\xb3(:\x9b\x12\xb0\xac\x07(#\xc07\x99\xdd1\xec\x00W\x92\xbb|\x98L\x10\xd8\xfd\xf61Oc\xcb'
    b'\xb7\x9eu\xcd\x0e\x1a\x0fG8\x0fR\xe9\xe4duF\xd8\x85\xber~D\x0bvU\x13x\xa0^\xff\x00\x16\xcb\x06\xcf\xd1\xab\xb5s\x13\xa5:\xb7\xb5%1\xe6\xc8\xc1\xfd\xab\x81:\xfa\x03zy\x87\x18\xfa{\xc9X\x05'
    b'\x9c2\x886\xf5\xde|\x05\n\xda\x17x\xc7\xdb\xa0\x9eY\xad\x9f0\xcc+\x8e\xf2a{\xaf\x8a\xd5\xfa\x9e\x90\x9c^2>s$\xaf\r\x0f\xff_\xab(\x06\xec^8\xac\x8b\xab];\xba\xbc=R;1D0\xc6}'
    b'\xaa\x88\xa9P-1B1\xb0\x1f{\xbc|\x02}\x1cH\xe2\xea\xa2b\xf2\xa9\x98\r\xc8\xb4=\x85\xdcW8\x17\xa8\xea\xd25\xa9N%\xe6$\xdd\x14\xfe\x8a\xf8\xab\xcc\xafYb\x0b\xb0\xd3=\xf9\xe4[\x86\xfd\xc9\xdf\xe3'
    b'\xcef8\xc8\xfc\x9b\'\xbb>\\"Bg+\x1a#\xec\xe1t\x14^\xf3w\xb1[\xf50_\xb7\xd8T?\xce\x9bD\xe6\x0f\xccd\x16\'\xed\x9d\xce\x91\xc9\x1a\x85\xc6\xb3\xaaH\xa1|\x9b\xe6\xb2$/\x9b\x98^a\xa2'
    b'\x98\xa1\x03\xac\r\xcek\x16\x0b{\xe9\xc4Y\xcc\xec\x96vR\xddjF\xed\xe1\x1c\x19\xb0\xfcm7\xfc\xe1h\xb41\xd0*,\xd4\x83\x1eB\xfd~?\xadH`\xc0\xd6\x1c\n\xa9\xd3:\xa35\x1f/Na\xcbF\x8f\xb9'
    b'\x86-\xc4@\xa7\xef\xe0d\x15\xbe\xa3\xc7\xd5\xbep$\xf0\x1a?,\x03G"\x04\xd3_\xbd\xc2]M\x8f\xfc3\x1e\x17" \xb5\xce\xd8\x00w\xa2\x9f\xb6]c\xd2[\xa9r,\x86V\xb6\xacp\xd8Q\xd8#J\xe1\x04'
    b'.I\x88\\>#\xd9\x8d\xdd\xd5nu\x07\x9d\x1f\xde<y\xf9\xac-\x17F\xfd\xf2\x1e\xea7&\xbd\xcb\xa5\x1an\xaf\xad\xceu\xfb\xbb\x16/\x13\x8b<v\xd7`\xec)\x00B\x047\xa9?\xe8\xb8\xa7\xc5G>\xbd\xdb'
    b'_\x87\x86;n\xd4\x96 \x9f\xc4\x1f&V\x98 \x9et\xdf\x98SN\xfb\xbd\xe9\x86\xa9\xfd\xc6\\\x8fu\xae-\xcb\x88l\x12\xb9\xad/_\xd8\xd6\xf9\x97\x8f\xd7L\x7f~7\xfb\x8d\x1fF\xf6\xd0<\x8a\xfc\x7f\xdaV\xaf'
    b'%<\xa0}\xda\x0c\xac\x05\xe7s\xd0i\xbe\xc1\xdcm\xf4[b/\xfcl\xd4C\xc9\xaer1\x80\xa9\xc6\xbd\xb0\xd2I\xd3,A\x9d\xedm\xb85\xd9\xffA\xed$\x9d\xf2\xd1i\x83\xce\x83\xfe\xce ~ \xee\x99\xf5\x0f'
    b'\x1a\x81ipH\xc9\xbf\x92\x0f\xf1m\xfc*\x8fI\x1bt6G\xad-e\xdf\xe4\xe1h\x83\xce\x9d\xfe\x8e\xe6?\xd2\x93+\xb3\xb4Z\x16\xfb\xfb\xd3\xbd\xf7\xbc\xcf\xbe\xc8\x14\xad\x99\x9c\x8d\xac\xcf\xf5\x11\xa2l\xbd\xc7\xf7Z'
    b'&f\xed\x94l\xb4M\xc9\xda\xc9\xb8\x97&\xe3\x96\xce\x86\xa5rz\xd2\xd1\xf4\x9d\x9a\xf8\xa3\x10\x82\x03\x1aJ\xe9C\xc1i\xc56T\x95\x94\\\x8a\x19\xee\xb431N\xa6R\xd13\xeb\xb48\xd3\xe4\x92^I\x86{M'
    b'\x80\x8d\xcc":YXL/%\xf9k\xca^\x0f3\xd0\xba\xadN\xed\xf1\xc3X\xce\x83%\xa5b\xf2TF\xf7\x03\xf6\xdf\x8dJ\x03:\xa2{\x98\x983\x91LJB>,\x7f\xcb\x14#=,\x1c\xfa;\x86K\x11\xbf'
    b'\x8e:\x1dy\xaa"\xf1q\xbf\x11\xe8\x01,V\xe8N\xf8F9aRq\xe9\x80],\xf2\xd3\xb6&\xe4&\xfd\xee\xd1\x96\x16\xed\'I\xc2y\x91Y\xb1\xaf\xfc\xf9*+a\x87n\xc7O/\x13\x02\\\x12\x04\x88\xd5T'
    b'\\Z\x04\xaa\xa8S\xd4f(\x86\x82C\xf3c\x95\xb5.\xaa\x15U\x0fDY\x8e\xdf\xd1T??h\xaaF\xa8S\x81!Q-\x9e\xab\xe5\xc9\xea\x10\xb6\xb33U.\xd0\x86)\x01t\xd1\x08)\xba\xfd\x88J#\xd65'
    b"TB+\xd1\xdbg\xff\xcf\xdf\x9f\xbdz\xfa\xacc\xaa\x9d\x88 \xae\xe3\xa1X\x1e\n\xa6\xfc5\x1aT\x83\xbaal\x92\x1e\xa3\xd2\xc3\x13h\xaa&\x0f\x1d\xdf%'\x01\xbf\xed\x08U.A\x10\xa2\\V\x82\x83l\xdd\xd8"
    b'\xea<\x10L\xdf\x1f^<y\xfb\xd3\xf3W?\xbe\x7f\xfa_O_\xe09\x10\xbb\x1eZ\xd8h\xa9@\x17\x96\x8er\x7fzp\x02\xb9]\xce\x89\xe8[\xe4\xa0L\x972\xbbpsp\xa2l\x9d\x18A\xb8\xc4\xea\xeb6p'
    b'\x12\xbf\x9aF\xa4\x00\xc8\xcd\xc9^\xe9\xa3\xcaN\x8e\xc8\xa9\xfb\x9b\xf7\x04\xf0\xf8\xe1\xd9\xf6\x06\xb2y\xe1.z\x98ik\xc0\x19\xda\x88e\x8b}\x95\xec&-\t\x06\xacqa\xb4\xd5\x04\xf3{\xae\xa9\x96"\xdb\xd3\x9d\xd0'
    b'h\xce\xf6\x88\xbfZz?\xda\xd9\x0eC\xce\x82\x8a\xa7\xe2\x83\xa4G\x98\xee\x85p$\x8b\xc6\x82v\xbdExn\x95\x84E\xf9n\xb1\xb2\x99\x07\xb4\xbe\xe6\xf4\x81\x1c\xa3\x1b\xb1m\xc5$\x08\x94\xee\x92\x10r\x02\x1d\xc1\xa1'
    b'\xc99\xaf\x1e\x8e\x7f\xbe\x1d\xfaa\xc0\xb5\r\x12$D\xcf\xfcZH`\x98\x9b[[\xd9\xe4\xd4T!\xa3u:Y9t\xbbK\x15\xd2\x00G\x93\x82\x91?/{\xd7\xe1I\xf9|\xfe\xa1w(>\xe9+Z\x0c\xd2N'
    b'\xdbS\x9a&\xb7R\x14\n\x8a\x95\x117\x14\xa2\x8f\xac1\xcaQ\x98\xea\xa1\xce0\x05\xf7G*\x06\xdc2.\x87\x1b \x92K\xab\xfaVg/\xea\xd2\x0fv\xc3K|\xfem\xf8<L\xe1\xf6\xde\xa0\x03\x0e\x13Q\x88\xf2'
    b'xc\x93\xcf\xc3\xc3\xbd\xfc\xf9\x03>\x1f\xf1\xf9\xc7\x9dk\x9e\xab\x95\x12\x9bw\xad\x04>N_\xde\x19Y\x8d#}\x8eVQl\xc7\xbb \xd1T\x1c:X\xcf\x1bX,W^\xd4\xf8\xcd\x14\xbe\xe2\t\xc9\xf7p*\x07'
    b'\xfd\xfe\n\xbe\xba\xfd\xe1j\xa1\t\x866\xee\xe7\xa2\xc4o\x86=\xf2-\xf7Ow\x84&\x7f\x83\xa9E\xcc,\x8aW\xd0M\x9a\xab\xa7\xaf_\xbc\xfe\xfb\x1b\xf5E \xefLH\xddK\xf4\x11\xbf3\xdb\xe7\x18\xcc\x05\x15Q'
    b'\xba\x15z\xeb\xc4q\xae\xff\x1d\x84\x89\x85\x17\xbc\x18\xa1\x90\x93\xa4\x83Q\xb0\xfbe\t\xe79\x8a\xc4\xa6\x8f\x08\xa4X\xf5\xcf\x98i\xb9\x15\x0e\x16v\xb8h\xd5N}\xfe\x14\xa5U{G\xaf\xae\xbbZ7\x01mJ\xe7K'
    b'\xc7\x1e>~\x0fB\xb1n\xd2\xcdf[EG]\xc1\xf8KRv\x05\xa6\xdb\xc9\xa1rql}\xaa\xfcN\xe9\xfd\xaf\xd2\xd6U\x86+\xcd\xdc\xd6\xce]\xbe\xc2?"\x8bIt\x01\x8c0.\x81 \x1f-~\x13\x7fl'
    b":\xe9\x97\x1f\x15\x80k\x85@\xc1hJ\x10\xa7m\x1e\x0b\xac\xfa\xc1\xee\xfb\x0b\xf5\xa09\xb6\x80\x9e\x98j\xe8\x90\xca\x89lc\xe6\xfb\x7fv\xdd\x04\xa2\xbd\xaa>\x81\x8d\x1dc\xb6\x08g\x84h\xaeA\xaf'\x95\xfd5\x82"
    b"\x86\x98\x87\xfb\xcd\xc6\x93z\x99\xd6E0~\x96\x837E \xe7A\\_,\xc6\x9b\x1d\xd8\xd1%0\xb6>\xde\x0b{'K\xfaJG\xa3)S\x0b\x7f~\xe2\rT\x0e\xdc<a\xfcJ\xb5\xa51;\xeb\x19\xd9\x15\xde"
    b'\x95\x88\x91\xa1\xd9\x87\xf9\xe1\xd5u}\xf7d\xb6\xab\xb6\xa6]\\\xbbf\x00\xd1l\x8b\xd1LgP:\x920\x03Z\xc3%\x9c\xf15\xad\r\xed\xf7\xb3\x12\xded\xbb\xe5!\x1cI\xd5w%\x88v\xd3\x19\xaf\xfbet\x16'
    b'\xa7=?\xe5B\xa4\x036S\x1f\xd0\xc8\xccqP\xd0\xc1\xaa.\xa7U\xf9O\xd8y\x06\x81\xf60\xa9_\xa7\x10\x99\x06o8,\xd9\x99\x13\xc6\\\xad,G\xa2|b\x9aN\xf5\x17`\x80\xce\xea\xd0]\xa3\\\x08\xd5>'
    b'h\x9a\x1f]\x13\xd9\xc8\xdeh\xbd\xaa\xccz\x9e\xf8\xa5\xb5V\xaa\xe4A\xa3F.\xfe\xb3\xf3\xd0y\xa2\x083\xa5GCj\xc0\xb9\xc8\x0e\x05\xaf\xabW\xac2\xbflX\xc4\x03\xaam\xc2\x05T\x9e2\x06\xa87\xad~\x98'
    b'\xce\xa7+:\x00Hcc\xc1\x07\xd8\xf1.5\x9cmu\xeb\xe9\xe9\xd0\x87x\xd8\x1f\xc8~\xa9\xbf\xc3\xc3\xe4-\x84\x92\x08\x17\x82\xb30\xff\xde\x90\xbfQ\xca\x9e\xf3op\x92\x86\xa8\x80y\x8e"XQ\xa9\x1eM\xceD'
    b'\x9d9d\xe1\xd0\xf3X"\x19\xee+\xd1BK\x89G\xa8\xe9\xa1\x1b\xd4\x0f\x0b\xe8Y\xd9\'-*\x9c&\xa4w\xf4H\xde\xb3o\xb5\xf7V\xcb\\\x14w\x18\xa7\r3\xac\x8f\x8e\xd26\xc1\\4}\xd6\xa2v\xf8Z\xe2'
    b"^b\xe51\xcaC\xf7\x19F~S\x14]\x9d\xdb\xd6\xe5\xbeA\xe2\xe1\xa2p\x05o5\nr\x11=\xb4\x87\xf6\xc4\xc6\x96\xa6N\x1a\x92\xdaBE\xe1'.E\x1ftbu\xeb\xb7\xd1\xc4\xe7\x96%\xd3\xbe\xfboC\xb3"
    b'YT\x8a[(\xc7\x0cS\xd7\x90\x82)R\xaa\xc3\x14\xbe\x0b*\x82\x1bg\xd5\xf9$\xaf\xbc\x14\x94\xc20\xa4\x1b\x959q\x97\x02\x0b\xb3[\xa2r(Epm\xa8\xfc\xa0\x11{\xb0\xe6j\xca8~\xc9\x90\x0e:\xcf\x89'
    b'\xf6%|\xf9\x96\x99\xe1bP\x85I\xe8\xda\xf9"\xf3Sf\x80\x16\x92\x0f\xaf\xccr\xa0\n\x16\x0e\x1a\xe9\xb3\x83\x84\xfe4BS\x14\xb3S\xba/U\x1a\xa3\xc2\xcf\xe1\xca:On\x96\x92\x9f\xabd\xd8\xa9\xd6\x97<i'
    b'\xd5Qs\xfe\x10\xd49\xd0;xD\xa9D\x1f\xa3kH\x0c\xf1\x01\xa3\xa8\x9c.H\x9c5L\xcd$^\xcc\xc9\x01\xbeP\x99\xe5\x88Y\x94\x88\xb1\x932\xf5:7\xc4\xf0\xe6\x1d\xa7\xa2Ww?\x8c\xc8d-\xb9\xee\xda'
    b"\xdc\x00\r-\xc79\x02\x8a\xdb!':0\xc8\x08O\x18w\xbc\xcf{\xe0\xb1\x01G\x05\x88\x13\x03\x0b\nw\xf1$\xfb\xa9\x01\xc1\xe1A\xb7\xa9\x1ff\xfc\x81\xa2\x17\xa4O\xe4\n\xb7\x80_68\xb6\x04\x86\xda\xcb\xb1\xfd"
    b'\xd1\xac\xd3\x1c+\xb5QI\xcf\x92\xf5y\x83=\xde\xb8%\x900\x98\xb5s\xa33\xb5}\xd7\xef\xbc\xde\xfd\x9fP\xdb\xb0\xa8\xaa\xe9\xc1<z\xe5\xff\xae\xd1\xc4\xd2CsD\xca\xa1\xdb\xfa\xe7MO\xfd\x96h\xce\x1bU\x8c'
    b'\xa8\x10uaAg\x9a\x95\xe9?4:Or\xf4\x88\xc9h"\xbb\x1b\xfe,\x03\xec\n\x19\x9e\xb5n\'$\x0b\xb0\xa8o\xaf\x8b\xe3+\xeaq\x15\x16\xc2s\xa8i\xc1\xc1u\xb1\x8b\xba(\xd1\xaa\xd0\x12\xd6\xa8\x83k\xf7'
    b'\x173\xdc2\x1c6!\xa2\x16b\xc1\x7f\x03)\xd4\x96\x1b\xfb\xdc:3\x94\x00\t\xfd!q\x12\xfa\xc3\x85K\x9c\x87\xe3\x89a\xf7\xca\x9a(g\xbd9w\xe659\xfb<}\x96\xea\x15Z<F\xca\xc9\xa1\xaf\x84\x94\x86'
    b'mB\xf7"5P\x9e\xc2eh\x90\xcd\xa6T\n\xb5p\xa5\xfe\xf0s\x01\xc2\xd5\t8B\xb4\xc5VGB9%o\xa5&/\x96\x08\x8e\xa6\xe7c\xca9\xa8\t-\xd9\xd9\xadu>}\xc9\x05\xf2:K6] )'
    b'\x11\xf2\x9d\xe1=\x99\xd3\x1f\x96\xd8y<\xaav\xea\x91\xf8\xafX\xd7\xf9\xe5\xc3\xd8\xf7b\xf5\xd09\xa8\xb2\xdd#\xf68\x9b\xefk^<!B\x9a\t\xe2\xdb(=\x94\xad\x1b]\x9c\xad\\&\x11R\xe9\xb9\x15\xeb\x80$'
    b'\xc0o\xcd5J\xe7S6g\xab$\xe1YOV7\xe4\x0b\xad\xc7\xb8P\x15.\xa4@\xf8\xf3<n\x17N\xbf8\x9dE5{k\xff\xaf\xcb\xef\xc6\x11\x90p\x19\x8d\xd1\x9c\x86Mu\xc0\xe8ag:\xd0H\xbb\x14\xd8'
    b'\xc24\xed\xb5M\xd4\x90\xf2|\xff\xbd\xc0\x97\x18\xdbA7\xf7\xa4lN\x88t\xf9\xe2Y\xad\xcf\x94#\xc5-\x02Y\xca\xe1.5\xe4\xb2\x1e\xb5\\;5\xaf\xca\xe3b*\xae\x00\x92F6\x9c\x86\xd5\x19y\x14\t\x00\x80'
    b'`\xd4\xf9\xc40\x02\xaa\xa3\xc9m\xe12\xb8\xdd\xb9;\x12\x155El\x9e=\xfe\xfc\xe9\xf5\x8b\xef\xa1\x8f|\xfb\xee\xf9\x0bd\x97\x14\x13\xc2\x90Iw_\x96\x93i\x11\x18\xebV+p\xa3`\xaf\x8bK\x05p\x04\xb7D'
    b'\xdf<\xb9u\xb4\xc0Y\x1ew\xe4w\x9fB\x06\xf9\xa5\x87\x99\x8c\x1a\xb1,\x0cMo:\x07\xbc\x8a\xfa\x96\x92\x1e\x04^\xeb,\x08\x99G\x9dO\x08\xcf\x92\xfd\xa0Q\xda\x14\x12\x81\xdb\xf8\xf3//\x13D\x9fJ\x90\xc6.'
    b'\x0e\xd5\xe32]\x123 \x0b!\xdb\xe6\xa48fPP\x90$\xc5I\x1c\xd1NR#\x11\x1d\x85b\xa6\xc6\xca)yE\x97\xff\xd9\x82{\xe5#\x89 \x9f3\xa0Cb1\x14\xe3\x8b\xe1Ia\xbf}\x1c\xd6\xf2\xc5N'
    b'\xab,[\xa4\xb0tj?c9\xcc\xd9\xb0\xf3\x0c"\x99x\xa0\x8a7\xa8\xe5\x7f\x95\x89T\xb7\xcfr\xd6Y0\xdc\xdfrX\x92\xf3\x1akn\xbc\xd9\x19\xfd\x17C}\x85|\xae\xdc\xa5\xcb\x85,{\x19q\x99A&\xb6'
    b"\x00Y\xca\xf1\xa7Sj\x9f'\xe5\x1e<\xb6\xd5\xc1\xf5\xf5\xdf\xe96'\xd0\x13\xba\xceQ\xf9\xa1\t!_\xbdz\xf6B\x129.\x99\x07\x91\xc9\x18]\xc2H\xbc\x7f\xff\xcb\xeb7\xdf\xd3\x01o96\xfc\xd7\xc0#\xc5\xa4"
    b'\x89\xbb\x06\t\xadz\x10\xfa\x15[\xa0~#\xb59\xed}\x11\xdfS\x0cHa\x0bO?rMD\xbe\x1e\xe3\xf3;\x9c}uh\xba\xc3%C\xed\xcb\x83]\xe3^41\xa2\xf9\xf6\x84\xe2\xd0Q3"\xd2&\xe0\xe7\xb6'
    b'9\xc8\x95\xc4\xf24\xf1\xb6s:\x8fn\xe9\x08\x88L!G\xa8\xa7\xc16\x88\xb5\xf9u\x82`\x9b\x8c\xce\t/\xea\xbe\x1a\xe8\xc0$\x8b\xf1d[-\xcb\x1c\x9f<\xd9\xdc\x01\x12\x08\x1f\xf5\xec\tdD^\xd9\x8e\x02\x1c'
    b'\x11\xb1F\xabN\x81\xbc\x0c&\x06\x0efY|\x08\xfb\xe8\xfau-!\x0f\xde\x87_\xa0x\xfd\x87\x99$\x95m]\xd5\xae\x10\xde\x99\xccE3\x83\xa4ej_1\x94\xd6l~\xf1(\xc5\x90\xdb<{}\x0e2M?'
    b'r\xb9U0\xc3/_\xbfz\x1ds\x80\xea"%d\xef\x11\xd4\n\xfa4H\xe5C4\xf5\xf0ZL\x19\x1c\xb84\xcd\x17\xfc\xdd\xd9\xf3I\xaf\x8baT\x81\xca1\x1d\xf0\x8bp\xd1\r591\xa7\x87#\x0bs\x94\x9a'
    b'\xec\xbb\xba\xfeq\x12\xce\xed[e\xe9{\xdd\xbf\x84\xc1\xfe\\@c\xf7\x08\xa6\xb9#8\x8e\r!\x9b\x85\xeaW\xe5\xc7\xd5\xd3\xc5\x1cng\xb5\xfd\xf4^\xe2H\x8e\xf1\xe1C\x17A\xb9\x9c\x87\xd9\x8e9\xda\x0b\x0fW*'
    b'\xec^%2\x94\xece\t\xa0\x91\x1ao\x18\xddT\xc4\x8f\xe9*;\x8e\xcf_\t\xf4`\xf7/\x93\xfbw\x8aM\x01N\xdb\xbcS\xdc\xbb\xa7\x7f\xee\x7f}\x7f\xf2MW!lH\x9b\x94\x10\xce\xa3\xc3\xfd\xc0\x8c\xedF\xe8'
    b'V\xa4\\\x0c(\x90\xcc\x9dt7W\xc9\x1d4\x90IGeqQ-=\xa4+\xcbY\x9d\x1c\xf9E \xd7\xe8N\xa0q\xb0\xeba\xcf\xbe\xde\xd7\xc0\x9b57\x85\xc7b\xe0\xe8\x85H\x9bg\xbfz\xf1\x08\xb5\xb4\x9b\x81'
    b"67\x89\xdb\xe7'\xa8:\xde3\xb4d,\x15C\x0c\xee\xdd\xfb\xc8\xd4=\x1925E,e\x92l\xdc\xa6\x1au\xab<\xb7mc\x0ey\xeeR\xd6G?\x0b\xa5\xf1\x16\xaaK\x9cZR\xe3\x96\xbb\x84^t\xe1\x94\xc9"
    b'V`\x0f!9\x1f\x04\xc1\xe2\x9ax,,\x93T\x9d\x05\x8a\x8d\x10\x07\xf6-Iz\xf8\x8b\x81u\xd2\x08\x05\xea\xdf\xa5\xc2q<6s96<\xfb\x91\xd2\xbd9\x99\xf7\x84.\x1d\x11\x03\xe1\xf7\x06\xf1Jo\xc7\xfc\xdf'
    b'\x81]Q\xdb;\x83\xc8\x15\xc8\xafc\xf8\x85\x04a|\xe4\xe9\xd4i\xa1oO\x02\x9f\x02?\xed\xed\x9ds\xef\xf9\xe0n\xe5*\xdaw#)\xe1\xa4\x93?\x8d7d4\xa7rz\x00\x01\x17\xe6\x02\xe3\x10\x91_\xc1\x11\xe4'
    b'\xb6b=\xfaV)#$h}\x1b*\xa4\xd1!\x91\x9e\xc7\x9dm\x19#\xaa\xa5eqAF\x08\x0f\x1d\xfc\x93[u\xdd\xdcH%Bh\xfc\x1a^\x0f\xfa,\xbbm:\x8fn/"\xbb\x90\x0e\x86\x83\x04U\xb8\xc5^'
    b'U\x92\x8dZ\x94U{D#\x99\x01B?\xa2\x1e\xc4\xbd\xa6j-\x01\xd0F+\x90\x17x\xf5\x1d\x01\x92F@O9\xcab\x8f\xa1"\xb5qrfx\x7fTv\x17\xa0\xdb\xbcH\x94\r\x89\tz\xb3^\xc5(a\xe6'
    b'\xff}\xbe\x8a\x96\x8c\x08\xdf\r\xed#DV\xd4J\x8a\x01#c\xf4]b\xb8\xbe\xac\xab\xf2N\xda\x8cd\x08w\x88\xdf\xb5\x99\xbdfR\x98\x1c\x874\x1a\x1f\xa3\xa3\x9e1\xa1\xf3\xd5tU\xd5\x16\xc3\x05\xd0\xef\x92\x890'
    b'\xf0.L\xb2\n;\xa1\xff\xaa\xb6{.p\xb01\x1d\xb3\x9d\xe4H\x92c\x84"\xd7s2n!\xd6\x91\xa4Hz\xe6H\x90"t\xc6\x8bg\xdfWN7\x12\xc9\xd8@\x8f\x02\xa1m\x0b8,\xc2\x96rjqH\x05'
    b'\x95\x8eB $3z\x8d>\x1c\t}8\x8a\xf4\xe1\x08\xf4\xc1\x8a\xf2_\x83!c\xef\x11fv\xd4W\xb6\xe0\x89\x1b\x87\xbc\x8dp,B\x8c\xf8\xfd8\xc7_\xba\x91\xb3\xc55bN\x07\x15\xd8\x96\x05w)\x92\xbaB'
    b'"\xc6\xf2\xd9r\x8e6\xd6\xb7\xc5\x89\x03r1\x8a\x16\x1e\nMK\xa6\x97\xdf\xc33\xeej\x17\x867:O\x82\xb1\x0c@\xbe\x94n\\\xfc-\xb8\xaes\xefV`\xfcq\x8da$p\x02|\xc9\x9d\'O[}{\xe7'
    b"\xe2;\xeb\x03cp\xc5\xbc\x08;\xcc\x00\xaec\xc0\x06\x98\tru\xbb\xfc+\xb0@\x85\xc9\xbe\xfaX\x7f\xe5(i\x9c4\xc4\x1c\x86:\xd5\xa6\xd5\xe2\x15${`\x8dSP\xec\x12KmOw\x84\xea'\x88\x92i\xcd"
    b"\x11\xe6\xd6F\xc3\x13F(\xba\xdb5\x8c\xca;a^\xf3\xcf\x0c\xc9\xcf\xb4\xd0T\xd6\x05\xca\xd7\x0c\xe5\x15\xfd3Y\n\xd3\xf3'\xd0xl7\x9c\xba\x81]+\xee\x02\x1a\xc4\x0b\xc8|\xd3\x08\xc3F\xd8\xc8S\xd1\x8c\x0b"
    b'\xc8\x9dn\'\x90\xeeJ\xd4\xb6\xbf7C\xdfu\xa2QhVN*\x9ddvR\xaf\xe8\\\xef\\\x84\xdd2\x1d\xa0\xfc\x18\xffc\xc8\xdd\xf8^\xf5\xc9\xa9\xae,\xacD"xe=dY[\xe2\xe2gE\x1e\x17\xaf\xc3'
    b"\xde\x92\xed\x92\xed+S\x17ye\x18}\xbc\xec\xf8\xc8'-\x87\xa8\xf1\x15\xaaC\xa7\xfd)u\xf1\xcc:\x0f<(\xb1\xd2\xa4\x8f7\xe0\xa5x|\xb2\xbe\xaa\xd7u{0s\x82\x84B\xaa/\xc2&\xf0\xb7\xf7\xb4\x93'"
    b'C\xec\xc7\xf8\x83\x8a\xee\x9b\xb0W4\x10\xd0\x14##\xd9\xf0i\xd4\xca\xe9\\"m>\x9c\xd5\xc9A\xbbr\xd3h\x15\x0eF\xa3z*\x8f\xec\xd8Z/\xafS!\xe20\xab\x8c\xfa\xf1y$\x81\xa9\xbf\xde\xec\x06\r>'
    b'\xccD\x93\x1a\xa0V\xec\x14\x10g|\x94\xbc\x88=T\x83G\xea\x81\xe5dc<l\xe6\xd6\xa7\x0f(\xd5\xc2\xe4\xc1\x07.b\xddE\xbb7{Lh\xc7\xb4l\xf5\xc1?\xeeh\xad\xdd!L&Fs\xa5\x02\x9d:p'
    b'gR\xcdyC\x965E\x83\xe2\xc7\x88$\xe1\x02}v\xcf:\x12,\xa3\x8c\x01=`T\xf5I\x86\x1f\x15\xbb\xc0\xd5\xf0\xfa5\xab\xecqa\x05x!AO.\xfd 1\xbe\x81\xc6\x19gO\x01\xb0\x1b>\xf4\x97\xc9'
    b'\xf5\xebR.,+\x83\x90\xd5i\xe1\xba\x9eAfF\xe0\x0b\xd5\x86\xe04\xf9\xdf^%\xb8\xf25\xc4\x82\xfa[\x9aNA\xb3\xca\xd1MW\xe5Q\x95\xe9c\xe0\xb0&\x96\x03\xb23(p#*c,\x98|1\x97\x18'
    b'2\x81-\x91\x16d\xae\xa7+:\x9c\x13\x9dG^\x94\x13V"\xe6L\xa7\xd8!\xcf\x15qC\'S\xe2\xa7&(\x01\x06\xab\x95@rV\xbd\x9c\xb1$\xa2\xd9Z\x1d&%\x8f\xb1\x91\xb1\x85|\xf10\xa2r\xf2\x1c#'
    b'\xedq\xbc\xceb\xa9\xb3\x1a\t\x9emG\x14\xab]\xf0x\xe6\xc9\xa7n\xb1\xb4\xc2(\xc0\xcd\xed\x1c>\x8a\xa9W\x1a\xa5\xa5\xe1\xe2>\xf6z\xa1\xb0B\xac\x00\x89w\xae\xd5b|T\x1b\xe57\x81\xfe\xf9\xb8\xd3\xedv\xa2'
    b'\x12H\x1e\xf6}U\xd2\x978\xce\xac`\xee\\\x12\xba\x9a\xf9,\x0e\xba\x11a\xe7\x89\xccH4N\xab\xf6G\xf2\x7f\xad\x16j\x9e\x12\xa7]\x91\x165\x85\xa3\xd1\xc9\xead\x9fK\xbed\xa4\xae\x8b\x9d\x86{\x11V\xa6\xa7'
    b"\xca&\xd44\xd0\xe2\xeeZ\x17\x0c\x16\x9bh\x96\xdd\x19\x9a\x86\x8f\x18,\x89\xc2\xa4W^\x0f\xc7\x0bF\x1a\xb9\xe6\x83\x81\xaa\xf0\xb8'\xf5\xa7e\xe1\x9c\xca\xe8\xf0\x94\xc3{l\xa6\x0e\x14\x86:N\xef\x89\xee-\xc9\x80\xd1"
    b'\x16\xcf\xd7\xd3q?V2\xa6?\x99\x9e#\x13\x81\x83P\xb3$\x00\xec)@\xf3\x16B\xfc\x8a(v)\x1f\xa5\xba_\x1eS\x013\xa0\x99\x0f\xfe\x05\xf3p{\x9dP\xca\xb3\xc5! \xba\xc2\x81\xcd\xf4\x0c\xed\xb9r\x8e'
    b'q\x87\xe6\x1b\xc2\x98,G\xed\xb85%\x19\xb3\x05\xe1#\xc9\x97Qu\xfe\xcf\xf0\xab\xff\xe3\xc8e\xe8>\xf1\xbez\x9a\xcc\xebw\xe5\xc6\xd6V\x9a,L\x03Q*b\x9f\x816x\x7f\xacp\x8f1\x8fT\xafX\xd5l'
    b'\xaa\xbcu6\x03\xab\xe5\xd3\x8d\t\xa2\xa6\xbfW\xaa\xedb\xb5\xd3\xaf\xd9Q\xe2\x8b\x8c\x03\xa2\xbe\xd1^\xe1J\xcb_o\xac\xa9\x04\xdd\xc8Kn6+2\xa6>\xb5,\xcc\xfd\xfa\n[\xbf\xc8\xac\x82B\xc8\xb7\x1cx\x93'
    b'\x19\x97:\x1a\x94)\xae\xb2Y>6\xc7\xef_o\x9b\xa9Z @QI8M\x0c{\x94z\xf9\xfc&\x03]\xea\xd3\xdf\xa8\xd5\xca6V\xc1F\x1c\x0b\x0c\x1d\xff\xe8\x96\xc8\xb8\xa0\x8b\xbf\xcd\xe7Kh\x82\\\xc0DM'
    b't\xd7y\xad\x848\x1f\xa7\xb8A\xbc\xb8y\xb3\x9e&H\xae\x07r\xae\x89\x82ek3\xe84*\x06mI\xa1\x83\x02x\xa3\x1dn`6\xf9\x9d\x9e/BI\xf9&\xad\x01\xf9\x8f qK&\xbf\xc6\xfep\xcb\x14\xeb'
    b'D\x157;w\xfaic\xea\x934oVcs\xbe\xf4M}\x9eX\xc3V\xe7N\x8a\x8c\xd4\x82\x9f7y\xb1\x95\xeeW\xdd\xda\x9ci_\xb3)\xfb\xfd\x93\xd7%\xfe\xcc8\xcb\x8c\x0c\xec\xf8\x86m\x18\xe7\xb9\xd0\xdbd'
    b'-\x12\x87\x85\n)w\xeeBPHJ\xf6\xb1\xb0(zy\xc5@8%\x19\x91!2\x96u\xb1\x940\xea\xa8s\xc2\xd5*\x08\x87\xd1\xc5UY\x9e\x81h\xb6ceh\x9dZ\t\xc7\xdf\xe3\xa2\x01\x10\xcae\xdc\xbd^'
    b'vm<}\x83\xf1\x89\\}\x0c\xa1k\xe5wj4\xbb\xc9\xf2\xb7s\xf9A:\xfb\xfb\xf1q\x84\xcc\xcd\x8ci\xf9\xbb\x9aF\xa2\xd9@\xde\xaf\x0b\xc4\n\x1d}V>\xc7\x1b\x8c\xd6p\x1aoW./\xdd\x1f\x82\x1ct'
    b'\x82\x18\xff}\xb2\xea\x11\xa9\x9a\x92\xe4zU\x0e\xd5\x10\xda\xa3u\x1a\x1d\x11F\x1fme\x85\xb7\xa7;"\xf0\x86S.\x05\xbem\x16X-\xd6j}FN\xa2Pu\xb8\xd9N\xccFsV\xae\x86Tm\xd3\x8aHe'
    b'\x89\xe1)\x90\xa1\x01\x1b\xf0\x8f\x93\xf0\x1b\xec\xbf\x8f\xf3\xb7\xc2\xa22|\xf1\xec\xfb\x0e\xadi\x06u\xaf\xdaa\x05\xf9\x84Zio\xb6\xf0)\x06vg\xc5\xfc\x03\xd9\xb5\x01\xcdWQSd<!^\t\x1f\x87\x02c\x16'
    b"\x82\x8a{l\xdeQ\x05P=F\xc3\xbb\xf7,\x91\xc8\x08\t\x9cL7\x01$\xcd\x07{\x1bE\xe6d\xa8~-\xd0\xc7\x87)\x8d\xea!8\x1a#\xd1\xef\xb8\xb3\x91\xfb\x9b|P\x1c\x8f\xe4'\xb7H\xa9+?\x7fC\xe5"
    b'KB\x9d\x05)"\xd8\xc9\xa4\xd0u\xc0\xea\xb4\x0e+\x80\xa6\x1ep\\\x06\xc2Jr\x8d\xbc\xd1K9\xd1\xa4\xf7=U\xa5\xa3z=$\x9fR\x03p54\x7f\xf8\xe8w\x08#\xc7\x04j\xf3\x95\xea\xfaa\x1c\xb8fp'
    b'\xa4\x82\xb6\x04\x14A\xe4j\xa1\x8c\xce\xf4>\xbbj\xb2\x14\xb90\x9aW$JAlGT\xc1\x10s\x17-\x9f\xc2\xd20\xcc7(\xa8\xe2T\xe4\x15sc\n\x1c\xb7\xc0m\xc5`\xdb\xbd\xc5\xf1\xb4\x9c\x18@T\xf2.'
    b'\x96XCF&w2I&|p\xf6\x1d\xea\xa8z\xac\xaa\xca\xb6\x9a<\n\x9b@\x15~\xd5X\x1f\r\xcd%I\x1d8E\x07\xa8\xef\x8a\xd5y\xd80\xd13\xbeq\xd4\xc2H\x18BP\x118k\x02\xb0\x17q\xf7\xd5'
    b'\xf0\xd8\x1b\xb8,+\x1au\xe5\xc9\xc0 \xed\x0f\xe6\x05n\x87\xd5\xf4H<\xacd\xb8\\Y\x05\xcb\x97\x0e\x83\xc3\xcf\x86\xf8\xecc\xb1\xb7\xea\x95\xf8\xdf<\x05\t\x9e\x84\xf1\xfd\xfb\xdb\xd7\xaf\x86t\x0c\xec\xf1OAi\x9c'
    b"\xee\x9f\xe97\xfd\xb6\x01Qc%K\xed\xdcE\xc5\x0bD\xd5\xb6\x92@,\x05\xa4,\x9cZy\xd8\xd0\xf2j\x82\x80k1\x135W\xb8T'\x0e\xe4%\x13K\xd4Y\xc7`Wc\x98\xb9\x9cVU\x02O\x97\xb2\xabs"
    b'\xb5\xf3\x7f\x94gW\xd6\x8dM\x99\xe2|\xcc$5r\x95z\x14M\xbd7\xa3\x9a\xab\xe7\xef\xa1L \xa5\x10\x07\xa9\xd4\x97\xa8Y\x11pt\xa0\xf3\xfd\t3\xd9\xabS\xbb\xec\x8a\xa8g\xb64\xc5h\xee\xb3HRhj'
    b"Qq\x8a\x15\x92h\xcf\x12RxzF\x7f\xd8\x8c;7zi%L\xa7k\xe9E\xd3\x9b\x98p\xd4\xc8hl\x9c^\x92y\xad'\xd5\n\xe4;\xd6\xca\xdf\x03\xdd\xb9c\x7f \xad\x88\x1e\xcc\xbc\x1e\xee\xcb\xb1\xdb\xdcV"
    b'Z6\xec\xc0\x0eI[\x11}U\xab\x11\xf6\xfc\xb1(\xea)\x0e\xc9\xd1\xf6\xea\xe5\x81\xd7<\x13w\x92\x89Tdoi\xfcXd7^pK\xcf#\x15\n\xd7\\1=\x82q\x14n:$\x93\xde&^GDm\x08'
    b'\xf2\x99;\x84\xe1q\x1f-\xe0\xfa\xa2|gRa\x0f\xdd%"\xe1^\xe4W\xc5)P:P\x81B\x1a\xf5f\x14\x92\x9a\xa4%\x00\x82\x01\xfc\x96\xb6\rva\xcb\x14\x9f\x8cU\'\xab\xb7F_\xbf\x0b\x94[\x19\x9e\xc2'
    b"\xa9\xe9\xd4\xf1W\x01Z\x8b6'e\xf2\xca\x8eK\xea\x10\xf3\x0fK\xd1R\xf8C\x98e\xf5'\xde\x0e\x7f\x03v\x8f\x9fFT\x9b~t\x18\x8e|\xde\xe5\xa2uZ\xf1\\\xbc\xf6\xb1\x89l\xd2\x88H\xfc\x80\xc2\xb6S\x1b"
    b'R\xa3e2\x9e6!;\xa5\xa5\x99\x9a0\xbc\xa6\x05\xf9<\xb4B\xb2\xa2\x13\xb5Z\x98\\C1\x92\xb0]\xda\xd3ZH\x16\xe9\x10\xc3\x8a4\xcaQ>\x8b\x04\x852\x17*xll\x15\xec\xfd9S\x15^gT\x04'
    b'\xbfIA\xd6\xa7\xd3\x10\xd2\x82\x82>\x1d\x81<i\x92\x11<\xbdB\xceb\xa5-\xec\x8ex_\x1b-a\xb5BG\xd6\x7f\xdeB`\xf0\x9d\x11\x97&A\xc1[%&\xebkm\xa12\xf8\xce(\xcc\xf9Z\xfc\xa7<Z'
    b"Dx^\x99{\xe1x\x07@\x94TI\x96\xfbVv\x82\xf1\xf1\xb4\xf5\xe6\x92C?\xbb+\x10\xa9\xa7\x7f\x1aE\xc2\x05\xa3G]\xfcP\x13\x7f$\x17\xf3ty\x95{\xdb\xe5Kb\xb1_\xf8\xb4'E=ff\x15\xcf"
    b'>\xfcuZ\xce\xb3\xdcu\xdc\x9df\x90\x923]\xbf\x10\xed\x80K\x1b"1Jp\xac\xfc}q\xfdk)Uj5\xb6\x90j5\xa6m/y\xb4\xd9\xac\x95\xc7\x04\x8em\x99\x1b:.\xa7\x19\xae\xc5\xe9\x82W\xd2\x98'
    b'Z\xa7\x1bFHw\nw\xab\xe6\xc5q\x90\xf6\x89Z\xa7\x01\xbc\xc2\xb6\x16\xea\x1f\x04%\xef\xb2d/\xc0<\x8a\x1c\xbb8\xa0\r\x8dn%0\x9b\xbd\x15\xe4\xf2\x91\xf7\x18[\x96G%\x9dS\x13\x8b\x11\x86/\xce]\x91'
    b"L\xe2\x11(5\tC\x8d\x15\xfc\x1d\x1d\x18\xc7\xfa\xbd\x13\x99\xdfy\xe7\t\xa1\xdej\x8b\xee\xa0wG\xfd\xd8\x84B'3\xa8G\xab\x04YK\xdauzy\x89\xe3\xeajq,\xc0\xea\xe6\x8b]\xe8\x15Zh\xcc\x8dN"
    b'w\xbcC\xe3"$L@\xe7Z-K7\xd1\x98\xe3YLxSj\xe9\x82\xab>\x99N\x9c`\x8f\xf9\x0e\xdf\xfe2]\x1d\xca\x06\n\xc2\xf0\x9e\xcb\x0f\x86.R\x06\xdf\xe6\x8b\x1d\x1bt\xc6\\\xa7\xd7\xdb\xcd\x92\xb7\xa8'
    b'_\x1dG\xa3\x96`\xf6/\x8ek\x08\xff\x891\xac\x9ai\x03y\x87{\xf5\x81\\\xeaj\xcdg\xac\x15\x9f\xe4M73<e\x17\xb8\x1b\x80\xffx\xbb\xa5&\x19D\x13\x0b\x12p%\x0c\x01\xe1&\xbe\x85\xd9\xe2\x9f}\xb9'
    b'\x19}\x1c\xffy\xdfKLa\xcd)\x17\xd2\x8d..\xff^9/oT\x96\t\xcc\x04I\x15\x04,\xa2\x14n_\xe5ojY\x96 \xabl9\x8d\x16\xb8\x80\xb4|\xc3z\xbf\x07\xf2\x0f\xb3j\xd1\xd9j\xd9\n\xdd\xf0'
    b'\x8d\xc4\xc9`Yw\xccA\x0b\xe5\xfb\xedL\x8f\xe7v\xe4\x08~\xea\x91[0\xd6&;r\x9d\xecam\xe1\xc2\x1b\x1e\xec\xc5q\xaf\xdf\x1f\xa6\xbb\xc1\x1c1\xfc\x19\xcc\xa9+\\jzu\xd7\xa7P\xf2\xf5\xbce\xf6t'
    b'0\x9f:\x81\xf2\xd9\xe7\xcf\xe1g\xd0\xac\xcf\x98@[\xa9?4\x87\xb9\x1b\xb78\x98\x92\xcf\x08tH\x9c6Y\xadyL\xdboI|\x9b\xbb=i\xe4\x0bl\x82\xea\xd3<\x16~_1\xb05\x99\x97\xd2K\xba\x81j'
    b'\xc6\xc4\xa8\xb5\xc2\xf9\xe0%\xb5G=\x0f\xbe\n\x12\xb7\x04\xa0g\x9a\x12\x1b\x8d\xdd\x1c\xeb/\xdc\xe8\xfc$\x97\xdcV\xee\xf4\x95\xa8\x0b1\xc6R\xf6\x91L\xd2m\xd6]\x93v3\x0bsk\xc0{.\xb95\xd8\xef[\x1e'
    b'\x112r\xef\xb1&\xf9\xaaQ\x99\xb2g\x17T\x85\x93\x80\x919s\x9a%\x10\xc1\xe3m\xff\x0e\xc4\xd2\xa9i\xad\n\x16\x11\x07\xab\xf5\xba\xceK\x05\xfckk\xd8\xf2L\xe2\xff\x1c)\xff\xda:\xd6<\x17\xfb\xd7\x89\xfa\xd7'
    b'\xae\xc2\x9a_(\xfb\x7f1\x05\x80y\xea\x9d\xfb\xe8W\xbf@\xe1\xbe\xe4\xa2\x8dT\xdd\x0e\x07\x9f\xc0\xc2\xb0H8\x02\xe4`\x84w\x1f\x01\x19RXw\xad,\x1c\xc8\xa73\tr\x0b\x07\xaa8N\t\xc2"\x81\xd9[\xd8'
    b'\xf5\x84\xcbY\x89@\x1eo;z\xb86]\x0f{\xb1\xf6\xa0\xd4\xc4\xeaN\xee(\xe7m\x91N\xa9\xe1\x0e\x00\x84\x91\xcf\xdc\xfeI\x16\xadm\xf6~\xdeV[M\xbe\x1eW\xf8\xd1V\xd6\x7fo\xc3tI\x89\x8cF$s'
    b"&\xe70\xd7\xda\xe4\x86M\xef\xac\xe9\x08\xbfT\x1aY8\x99\xfaqg;.v[\xdfe\xf9w\xa8\x8407V#\xde\xabe1\x99(\x86N;\x05'\xf1G\x0cJ-\x7f\x0b=\xfb\x95\xc5i@\xd2\xfc\x11\xe2)"
    b'Q`\xf9\xc46\x12\x1bM\xeb\x05\x04\x990\xcehf\xaf\xb2\x85K\xfa\x8bi\xb4\xfd_\xdfr\x0b\xbe=\xf5\xce\x029\xe2\xaf\x00\xe3x\xf2\xc7\x8e\n\xfd\x9b\xfe\x01\xf2\xf7\xa94pM\r\x9f\xac\xff\xbc:!\xfc|j'
    b'\xf8\xc5I\xa2\xae\x85n\x91\xa9?8\xc9\'\xc0\xfe\xbdp\xc9<\xed\xf8\xfc\xb5\xfb\xd3\xee\xae?\xbcf\x9f\xb7^\x7f\xc6\xf5U\xd7\xffpU\x1a"b\x83\x164\xbd\xaa\x1f\xb5\x11\x05\xd5\xaeZ>\x03@w\xa8o\xb5\xe6'
    b'\xba\x94T\xab\x12\x9e\xc7T%\xd5\x94P\x00b\x1a\xfdl2\xc5\x96\xb6\xf8\x0fS\xc1\xf4\xfc\xf6\xc9\xee\x1d\x96\x84\xfbR[\x96V\xe5?\xa3\x04\x00\x08?_S\xc7\xbb\xcf\xfb\x19\x95\xe0\xb8u\\f*1h3\xe7\xa7'
    b'\xcb\xf1<\xcb\x97{A Z\x16\x81.9\x93U\xbe\x9d\x1a\xb4\x9f\xc5\x1dI\xd6\x1a\xd1\xe1\xd3\x1c\x10\x84\x1d\x89\xa3_-\x16\xb3\x14\x95\xd7\x88N\x13\xb9\x18>9\x00icLU\xb2\xec\xb2\xe5\x8a\xa1mo\x05\xcc\x81'
    b'\xc1\x1f1\xa4_\xb0\'\x9ceC\xe0i\xc8\xde\x98\xf7\x80d\xa2\xc2\x80D\x0fn\x9e1\xce~05M\\\xe1"\x84BOO\x82`\xe99\xe2\x18\x06\x17\n\x9b\x8a\xea\xe25\x01\xebr\xe1Z\xa4`4\\\xae\xe6\xac'
    b'\x91*\xae\t\xbb{\'++C\xf3t\xea\xae\xd8\xc9\x81d\x198E\xf9\xf1\xa8\x9d\xafi\x88\xc2\xee\xe6\xcd+\x7f\x98\x9b0:5\xc7\x8e"\xf9\xebxf*\xdc\xae\xda\xb7\xd4N\xa6\xf1\xb3\xa9\x8b\x93\x02\xf2\x10S\xa8'
    b'\x11\x86\xd5L\x00\x1c\x07\x1f^\x81~_!\xa9\xf6\xe7X\x1f\xdb\xff\xf3e(\xfe\x97\xbe\x01\xbe\xdc\r\xfe)7\xc4\x15\xaa\xb8\xf2\x1d\x92\xb1\xe5\\\xff\xba\x02#;\xae\xeb\xb4B\xe1\xdf\x93\xa6\xe7\x93\xcb\xf7\x97\xed\xe4d'
    b'\x91\xf2\xd9\xfd\x9aE\xc8*F\x85\xa8\xe4\xd4\xbbh\x973\xb9\x9f\x08\x18\xcc\xd1\x17\x98\xd45{?VoX\xcb\xed#\x96\xb14\xd58/\x17\xbf)C\x7fb\xbazQy\xc4h\x08\xe7\x1cD\x8a\x0f\xfb+\x88\xb2\x90'
    b'P\x01\xeft\xf1\xc0\xc3\xce\x13Fa\xe8W\xd5?N\xca\xf2\x7f%g\xbb#\xac\x07\xc9h\xca8t\xe0\xf2\xa3g\x07\x16\x04r\xbaHK\x02\xeb\xc2\xb3\xc9A\xe9F2\xa0\xdb\xfb\xbf`er\x81\x92\xcb\xc2\x99\xa1\xa8'
    b'\x94nP]$v\xab\xb6\x80\xbat,\xa1rk\x12\xe2j\xecN\xce[4\x14\xe3\x19V;\xb4x\xc2\xe7\xe0/\x91k\xce\xfbkn\x97+\xde\xf2\xb6+\xfe\x9d\xce\xa5\xf5\xc4\x81&\xe4\x0b\xbcZ\x84\x1b\x8c\xdewz'
    b'Y\xb6Y\xda\xb1\xaaOf\xb3<dr\xcd\xed\x90:\x1a\x97O\xec\xc3V>\xb0G\xec\x82\x0b\xac\xbb\xf4\xaa\x80\x9cy5\xc1w\xdd\t\x1ae\xa7G\xf6\x0b\xfae\xbev\xb5\xe9\xa4\xab\xbeq\x81\xb9\xa54\x1b-\x12v'
    b'\x84j\xfaf\xd5NM\xfb\xc6\xce\xeb\x01\xaef\xab[U\xe5l\xff\x0f%\x9bvn{t\x95\xac\xc7\x12\xc2la\xaem1\x92\x8f\xd6\x8b\x8ex\xf5\x9e\n\xb6\xa3\xf6\x88\x00|\xcc\x9e9\xa5\xef\x13\xadX\xa4\x08\xfc\x84'
    b'i\xa9g1\x8d\xab`F:\xc7I\xf8\x02\xbe>Y\xa9A6\x8b\xbc^\x1f>\xdd\xb0\x9f\xdaV\xe8\x0b\xf3\xe5L\xbc\xcd\x1c=\xaeZ\x18{\r\xb9\x02a\xb1\xe7Q\x0bF\x10N\xfa"F\x14O\x01R\xb0x1\xb8'
    b'{\x0c\xa2es\x9f%\xe9\xf8E\xd3\xa8\xc0CE\x9a\xca\xd8\x12\xc7CY\xd0\xf4\xda \xf0VP:\xbd<%\xe86rB\xcc\x02\xd3\x1e\x89\xde\xfe|\xe3\xbc\xf5\x1an+\xbay\xde\xc8\xca\x8c\xf3\x91\xc2\x13[.\x98'
    b'\xef\xcc\xbb\xd3\x90\x93B\xd1\x95e\x8a\xe3d\xd1x+4Fw\x9fL\xe4\xa9"\x1c\xf0=\xa3$!\x98\x95\xc5r\xc6\xfdd\x00\x0e\xceY/j\'\xa3\x99\xb9!9\x1c,\xec\xb62\xb2\xa5\x16m\xdedC\x05\xa3\x98'
    b'y\xf8/b\xaa\xacL~\xc8\xc1S\xa4\xa7J\xf9\x16\xc8RR%q\x03.\x90\xb9\xb0\xe0f\xaa).\xc8\x82\xa2\xd6\xd7\xe6\xe6\x1eC)\xd2>?\xb7\xbd\x0e\xcc\xadv\xbbE\xdcW\x89\xce\xd5\x00\x03\xf2(_s\x06'
    b'\xc4\xfd\x11\xf1\x10m5[\xd3 ;\x1bk"\x90uI`U\xcb}\x86\x13\xe5\xa4Hg\xd4\xc7\xed\xd0v\xe2[\x10\x13 \xa4\xac\x85`\xf83\xe8\x00\x87\x9a\x08\x01\x91>~\xd3\xc8\x07\xa1\x08a\x99K\x08\xa1\x83H'
    b'\x0c\x04\xc0D\x90\xcb#\xa5\xd0\x10_\x89\xedSw\x8a\xb8\\\x1a\xf1\x17\xd3\xb2\xe7`\x19\rN \x0b\xa8W,W\x8b`\xa7\x96\x92\xd3X\x9bw+)mq9\xadY#@Ro-\x7f\x9c[l;\xff\x19\xcd\xf1'
    b'\xf2++\xec\x8b$v!1\xbb"\xf5Hh\xce)\xfc\x10\xa7\xfe\x0b\xdcw\xd4\r\xd0\x8dQ\xc3\x16\xc5\r\xd7\x1cos\xf4YK\x9c\\\x0b\xa8\x97Xe\t\xc1pA\xa8tp\'6\x1c\xf8\xda*\x85Sj\xaa\xf9'
    b"A-\xa6\xc6\x05\xd4h\x88~\x1eF\xac=\x14\xd5\x91\xf8\xd0'.\xea\xaa\xe1w\xf2]\x8b\x83`#\xa8FJBJ\xa7u/YojaxZ{\x1e\xda\xe2\xe3\xc7]x^\xd6z\xcdo\xb0\xd6n\x8c\xa5\x13\xdb"
    b"b\xb3\xde\xab\x7f\xeb\xa2\x96kq\xca>\xba\x8eh\x01\xb22v\x16\xaa\x98\x9c}\x10G\xd1\xaf's\xc9\x0f\xa1\x9e\x96\xacC~\x0453]\x8a\x17s\x08\x14q\xd2\x07\x1a\x1f\xbc6|\x9bq\xc2\x88\xab\x80\x87\x80v"
    b'>*S\x1b\x11~W\x8b\x1b\x8b{\x12\xd9\xd3\x01\xd5`\xed\x03\xedP\xe1\x91\xde\xfc\xf8\x9d=4X\xa8|\x07\xd7w\xed\xdbb:IT\xbdu\xbfY\xfc\x96\t6k\xc7\x8c\x0e\xc0Y}m\x18\x16\xdc\xd9\xf5m\xf7'
    b'R\xddB\x04\xee\xce\xea\xd4\xb5JjN\x03&\xcd\xb06\xaa8G\x8aRX&k\xd7\xb2\x14=\xa1\xf8B\xf8 \x06T \xe4\xae\xe2\xb4\xb8\x0cJ\x06\x88"\xa7\xd80\x08[|F\x94A\x92\x19\x95[R\xbb.7'
    b'\xa1\xd4$;\x8b45\x07)\xd1\xd7^H\x89\xd1i\xec\x93\x14\x08b\t\xdc\xb88\xe3\xf9\xc0\xbb5To\x1f{U\x11\x83\x8cd\x92\xba\xdd \x01\x84-*\x14T\x92\xbdH\x18\xa9\xcb\xa0\xb7`\xa0\xcc\xbbv\xf5v'
    b'd\x04\x1aX7\x16\xbc\xee\xe2j\x04\xb6+e\xd6\x8d\x80^\x02\xbe\x8f\xdeN\x90NM\xf2\xad\x0bD\xe0Q\x90\x9e~s&I\xad%\xd9$\xa3\r\xb1hX\x19\x99\xd3z+3#"X\xb3\xaf\x95\xc8\n\x14\x1eS'
    b'\xda\xa2\x1b\x04Z\xbe\x1b\x06\xa5\x00\xf2\x12\xaea\xe8\xf1\xe6\xd190\xc0xa\xe3v\xa9\xd0\xf3\xa0=\xd7\xda\x81\xe09Q\x11D2\x9b\xd0\x88/_\x07\xa6qP\xf3\xdb;y\xc5\x86\xf7.\xff\x9eg\xd9<\x94}H'
    b'6Q?CI\xab"\\A}\xfcM\x08|r\x1a\x83\x1a\xa6\xfdF7\xf6zc\x9d\xc2\xd0\x90\xf5U\xc3\xd4\xcd\x86s\xfe0\xf7\xe5o\xc9\x10\xd0\xb0\x0eo5\xcd\xc3t\xfd\x93\x00_g\x1a\xee+\xda\xd3\xda\xd3\x10'
    b'\xe8\x04\xe1\xd2\x0cb@\x94N\x9a\xc9\x01n\xb1*\xc6[\xda\x03H\xda\x02-)\x15W\x00\x1fN\xc9\x10x\xbc~.\x00\r-Yt\xb0\xa7E[7L(\x96\xe9\\\x18\xea\x94N\xf6Cs\xb5\x92\xba\x1b\xc5T\x8c'
    b"\xd2N.=J\x82\xf8)\n\xdf\xc3(9\xf04\xa2\x7fX\x93<\x81\xcb\xee\xd0\x83\x1ahH1G\x01r\x96\xccj\xa9\x15\x1aK\xeds+\xa4-\xe3\xda\xf0;'\xe1@\x10\x91\xbdY\xdb\xa7\x1f\x04\xb7\xd1\xb2\x91="
    b'n\xa5\xecJ<%3\x06\x8fN7\xe6]\xf0\x9f\x1bE\x93\xc9\x1b\xa6D\x16\xeajz\x05\xb9M!\xa3\x94\xcahE\x98\x80\xb7\xe5*\x02\xaf\x08\xf7\xd8H\xe3r\xd5f\xd5\xc4\x95P/.h\xd0\x1bCW\r\x06)'
    b'\xadLx[k)k\x83\xe1$0\x15u\xa2k\xe3y\x8d\x99\xc9\xf3L<q\xe6H\x80^K\xa8n\x0c\xeb\x15\xc9\xa1Z\xf8\x18N\xac\x01\x81=\x15\x86~N3\x9f$X\xc1Q\xa3\x9f;l)[v(\xaa\xbd'
    b'\x02\xf9\xac"\xe0d\xca\xbb(\x87\x1e\xa7\x90\xf5\xd4\x83\x91\x91U\x01zj\x81\x83Na}\xa8}\x16\xf8z\xe6@P\xf7\x0b\x17\xdf\x87\x9f\xb5\x98\x98 \x02\xcb\xe3G[\xc9(\x97\xd2K8\xf4\x9f\xaev\x1e\x0c\x8e\xcb'
    b'3(_\x7f\xd5\xd9\x18\x8d\xc82\xfd\xb5\xebC\x03\x99\x8b\xa1\xb6\x03jy\x18\x84\xc1\xc4N1uAw\xdcm\xa8\x0b\xd0\xd1\xdb\xe3_\xab\xaf\x80\xbc\x13\xfe\xf9\xb7\xdbC \xcdHmY\xbf\xb3\xfb\x91\xf5\n\xfb=\x92'
    b'mwS\xc6s\xd3\xbfR\x13N2I\xff\xe2\xd3\xdf\x88\n\x1a\x81\xdc\\\x8b\x05\xd0X\x97e\xcahl\x1bE\xc1\x82@\x8c\xf3H\xcb\x17\x98\x05\xc7\xa0Y\xa6\x8e\x18bp\x05\xdf\xd1?\xcfK\x80\xc9F\xea.\x97Y'
    b"2\x11\xf3=\xd6*d8\x9e\x17\x10Ch?s\xbf\xc88E\xddON\x0e'\x19\xc3V\xbe\xf5%\xff#\xd8\xf0L~ \x02\xd8\xb6\xa2\xbd#\x07u\xe50\x9a\x7f\x89\xf1\xd9)\xab\x93\x07\x9f=\xf5\xd1\xb8yV&"
    b'\xc9\xc7\x14\x95\xd7>\xffRZ\xf5\xe9\nP\xbd\x99\x85\x82\xa0$N\xb2\xaeV\x0b"\xab\xb1k.\xe0\'l\xf4^\xfd\x19:.J\x8eFv\xa7\xeb\xd7#C\x9b\xe7\x83\xf9\xf3v\x8d\xa093\xf9Z\xfd\xcak\xf5\x97'
    b'St\x07|\xd2p\x8f\xf3Q\x855\xe8\xc2\xe9\xc3\xac\x14\x17\xca\xf3\x87>\x82/mf^ka\xc3\x86\xcd\x95TU\x16\x825\xfb@w\xfb0\xf1\xfa5g;{\x10\xa7\xba\x9e:\x98s\xf38\xfc\xf8\xadt\xce4'
    b'\xf1\x04 \r\xc6\x00\xfex\x18\xe6\x80m\xf9\xe0\x15\xd5\xaf\x9f\xacR;\xb3\xa9GH{\x1c\x93\x89\xacKW&Y\xf3@\xd1\xeb,\x08s\x86xx\xc5\xc7,\x0c(\x00\xc1w\x98|S\x8c\xba\xe7YjZkm\xa4'
    b'iZ\xba\x7f\xb9S\xdc\xd9\xbf{\x17\x89\xa7\xe4\x96\xc9\xec\x16\xb9\x7f\xe8y\xe0Z\xe6\x052n\xffn\xc0l\xedI\xc7\xb2\x1b\x96\x1ah\xaf\xad\r\r?\x01\t_y\x10B\xe0\xbb\xf5\xac\xfbH\xbeb\xfd\xef\x0f\x97%'
    b"5\x1b\xbd\xee_\x80\x05\xdf\xed'f\xfc#Sco\x90\xac\xeb,\x85;i4\xfc\xc6'\xd2]\x1e\xec\xf6j\xb7\x17c\x19\x9e\xcfW\xbd\xd0n\xba'6\x03\xeb\xb6q\x1f\xa9\xe6\x8e\x04\x87\xae;\xe8z\\\xb4\x8b+"
    b'\xd8\x1ct\xee\xfe\xa1\n\xee\x0e:\xf7\x1b\x15\xf4\xbb\r`\xda\x03&N;\x1b\x18IRt\x9e=\xa8\x10\xe7\xf1Z\xfat\xfa\xf9\xf4\xc9\x9b\xef\xdf\xbfx\xfe\xe3OL/\xb1\xb1)$\xf4\xe5\xf3\xef\xbf\x7f\xf1\xfc\xd5\x8f'
    b"8!\x06)r\t\xa2\xc8\xb9|\t\xa0\xec\x1f\x08\xd6\x91\x082\x9e\xfd\xe2\x88\xb2>[\x82\xcdy\xafG]S\x1e\x19\xbe:\xa5\x19\x05\xe0?8('f\xd9Ip\x99\x02\xd2\xbdT;\xd9>\x15\x04T\x1e\x98\xfc\xbe"
    b'\x0c<}Q\xa99\xcd\xbc\xc4JA\nW\x9f\x81e\xa1\xd5!IKg/,\xc8\x07v\xceL;\xd6-<\xd3\x8e\xb8\x1c{1\xfbB1\x99<\xfb-\xfc\x81\xa4\r\xe5\xbc\\\x02\xb6\xfd\xa4*\xd13@\xbbG2'
    b'\\\xa2\x90\xb3Rh3u\xf7\xa8\xdd\x02\n\x9duy"\xf4\xa3!\xd5F\xfdz\xe6\x87a\xf8\xb8\x9b\xb2J\x85_\x8d\xda\x178?\xe1\x05*\xfe\x0e\xdb2\xd4\xf6t6\r\xf5\xbfA.#\xf7\xf1\xe2\xe3\x904\xbf\xe1'
    b'\xbf%!\xb2[:\xa2\xe1\x1e\xbf\xfe\xcf\xce-T>\x04\xb3\xda\xef\xdc\xee\xc4\xcfc\x1e3Yiw\x1e\xb4\xa2\xafl\xc2\x87\xcdxtu\x8bw\xde\x1a\xbel\xb4\x86\xa7Y\xb1{Bn\x08|B\xb6W\xbd*\x14`'
    b'\xcd\x8f(-\xac\x19<\xa2\xdf\x88kj\xd0\xc9\x9aPh\xe9V\xab\xff\xfa\xafj\x9e\x00\x14=\xb8\x11\xa9e\xaa\xc2=\x12\xc4\x0fX}\x93\x91\xb1P;f\r\n^>\x83;\xe3d1\xec\xbcP\xdb!/\x19`%'
    b'\xe0p\x81D\x08\x80Mi\x19x\xcahA\x12\x8c\x7f\x97\xd4d\x1f\xd9\x15\xa7\x1f\x01d\xae.\n-\xd3l\xea?\xe8\xd4\xed=|\x10\x1a\x07\x86\xfe\xb2\x97\x9d\x8f\x93\xe3\xect\\|0\xea-\xf8y\xd4lRa!'
    b'\xdeM\x8f\xcap\xf3\xe4V\xba\xc6\xd1\xed\x9c\x8bW\x86e\x94Q\x8f^\t\xfcZ\xb9\x10\xb1(\x931\\+,\x05\x04\xbcU\xa99\x10\x8a\xd9\x92\x89\x8bEgS\xd1$$\xfa\x16U\x07j>&$\xceTGS\x85'
    b"\x0c\xad\xa6\xf3=o)^\x96\xfb'L\x87\xac\t\xcd\xa0!Y\x9dNAw\x0b$'\x9a\x88\x89\x90\xbd\x10n\xfd`\xc1,X\x93r\x0f\xbf'\xf1\x1e7\x7f\xd9\xc8\xd2\xba\x84!jY\x84^\x81\xec\x8c\x84_ W"
    b'\x93\xe8\x94\x04\xe0j:\xb7\xdc\xc4@H2\x05\t!z$\x95\x98\x19\xaa\x8b\xfd\xb0\x9f\x0e\xbd\xf43\x9f\xbc\x08\x15\x99\x15W\xd4\x92\x97z\xed4}:\t\xdf\x17?\xcds\x19a\n^pvk\x01u\xc8\x9as\xe8'
    b"3y:\xbeT\tO\xae\xac\xe3\xc3\x9a\xbe\x0e\xcf<\xcb\xaa\xb9\x8c\xf0\x98\xdc\xe3\xf6\xce%\xe1\x98\x11H\\{\x93\xac\xe2(C\xd3i|%\x9a\xf6y2\x9bz'\x89Z5\xb9\xf1-\x97,c\xa1Z6\xa8\xa6\xd3"
    b'W\xf9QL\xf5\x02\x96\xfb\xeb\xbc\x9b\xcb\x86au\xc3\xfe<\xea\xd5\x9bM\xea\xb65\xa7\xa1\xfd t[\xd0e\xf1\x1f\xa8\xb7*\xcb\x971\xa6\xee\x8eR\xe6\x85\xd5\xc6Z\xe5\xe3\xb5u[\xadd\xa3~\x9d\x871\xaa\xf4'
    b'_\xd9\x83w\xf0\xc3Y\xf3\xfd\xfa\x91OW]\xd5\xcc\x1du\xa3\xb5(\x99\xe6g\xe2\xa0\xc4\x9e\xae\xa9\xdb\xc0\xc1\x01E\x83\x84\xe7\x8f\xbb\xfd\xb6\xd8\xc7WL\x8f\xac\x7f]\xe6\xca\xb7v\x9b=\xcc6\xd3y\xdd\x1a\xc2@'
    b'\x01\xfc\xa2\xd5\xa9~\xbd7\x04C\x1e\xc6\x96Cj1\x07Y(\x01\xed\xad\xee\xf4\x92\xacH6\xe16=B\x06\xcaB_hdh|\xf7\xe4\xcd\xbb\xf7/_\xbf\xfe\xfe\xed6\xd3\xa3\x8ad|\xbd\x86\xf0\xb2\xa6\xd88'
    b'\xb2\xaf\xac\xcf\xc3\x86\\\x8f\x92p\x1a\xb2\xf7&o\x1dA\xc3?\xb0\xd3\x08\x9ePd\xf8\xf3\xcfq\x1cF\x1dO\xc3-\xd0\x9bV/%U\x11\xa9\xf3\xc2\xa9\x13\xc0@{\x96p/\x1c\x8cU\xa9\\a\xaf;\x99\xfe&'
    b'G\x19\xe5$\x7f\xd8+\x01\xb1\xef\xe2\ta\xbaBCa\x1b\xab\xc7QW\xf0\x9c\t\xdfe\xf3f\xb6\xe1\xae]%I\xe4\xda\x97\xac\xa5\x976\xbf\xcf<\x07\xbey<\xe9\xda$\xc7\xa6\xb2\x8c\x0e\xe5l\xd6j8s\xca'
    b'\x04\'\xa3\xd4t\nV\xc3\x05\xbdC\xe8x"t\xecbq|\x1c\xe4\x80\xa7\x87\xd3\xd9\xa4\x87\xaf\xe3[vF\x08\xb3{.\xf48\n6\x96\x06\x03e\xc7\xf2\x89\x05\x07\xc8\xcaI\xda)]\xcdV2\xf5\xa1<\x1bw'
    b"t\xbd1\xefG\x9c\xf8=\xa1,\x04\xe7\x8esu\x1e!B\xb9\xb8\xbe\xeb\xfb\xe6s\xe3\xb2\x16\\\xbaF\xb4}gk\x84'\xdd\xf8*O\x0f\x97v\x07\x84\xf3W\xba1\x1e\xb6\xf5F\x89\x84\xbdZMW\x0c\xd8\xf5\xfb"
    b'+\xfd\r\x809\x8d\x99Z\x99(\xbb&$\xe8\x02{|\x98\xb3 \xe2\xfdV:~yR,?\xa4\xfe-\xe6\x94\xe92\xd3\x82\xdf|`\x82\xb7L\xb4\x86\x12O\x96D\xd7=gh\xb4\x85hk\xd6\xa2\x834*Y'
    b'\xa9({\xe8\xf2"\x1d\x02\xf8.%\x81\x89\xaa\xa6\xef",qcR\x8f\x0b\xa2\xe1\xbe\x0c\xa3\xea\x99\xca\xd5M\xef\xcd\xb0|\xc3\xce\x7f-N(\t\xec\x1d.\xe0OD4]6\xd6\xad\xe9d\xf0e\rd\xa6\x96\xdc'
    b"\x8a\xe9\xb1\x9eX\xd2\xb2b.\x08*\xb0\xca%l\xd3\n\xfa\xf1i\x15\x11?\x19\xa3K\x8c5r\x8dq\xe1\xb2\xe8'\x13_\x84\xfe<\x14\x97\xff\xd3\xa9F\x88K\x07$'W\xc7\xbb\x0e,S\x86\xc7D0\x9b\xeb\x95"
    b'b\x92$^\nI\x87\xf8\x97\x19\xff\xcd\xfa\xc4\x87Y\x0e\x0f=\x82Yf\xb1z\x12\x15\x87I*\x89\xd6r\xb8\xba\x86\xaf\xa8&\x17K=\xf6\x91V\xc5\xea\xaa,q\x93u5\x9f\xf156sg\xde\x0bC\xcar\xb0'
    b'\x8cMk\xd1\xcc;""\x08\x04M\xa4\nJ*rtz\xd8\xf9E\x9ct\xe0\xc6F\xc9\x86\x03\xc4V\t\xebLx\xa7\xfd\x92\x96\xe8]\xc9r\xc1\xac\x81|\x83\xd3#\x8aE\xf3l1\x11E\x154G\x92\x86\x810'
    b"D\x1d\xe48\x999\xef\xb6\x0c\xd2/M$P2\xff#\xf4+[x\x0f\n\xb4\xde\xb9\xd5aJ*\xc6a^\xb4\xcdF\xea\xf0\xdc\xf58{\xb8\xbd\x1c\x13\xa6\x95:|F\xc8\xc2'\xad\xb8!y\x1a.zK\x8f\xfb"
    b"~\xe4z\xfc>\x13\x92\xb9\xddu\xa3\r\x9by'\x99\xf4\xe4\x03 \x81x\xdbw[\x07\xeb@\xcd\xbe\xc3.\xf5\xa2\xa7\x15\xd1\x9a\x1a\xedr\x9a\xc6\xafc\x11+\xea\xd8\xad4C`\x85\xabC\xc4>\x84M\xae\xc7\xb7X"
    b'\xf9\xc8#\x90R\\M\xde\xd180\x9d\xcb\x1fY\xc54Z\xf7\xa88 \xf1\xcbO\xd1\\\xe1-52x\xb7\xf4y\x16#\n\xc6*\x88\xf0\xc8\xac\x04gv\x0b\x83\xa2\x11Yj\x0e\x15\xc9\xd9\x13\x87#\xa5\xa02v'
    b'Q\xeah~EU5\x88B\x02\xc8\xb0\x8bU\x8c\x14\x10]\x8a\x1d\x19\r\xfc$\x86~|x\xdd\x9e\xf6]`\xa8=\x8c\x88\x92\xa23\\\x9b\xb9\x96DA\xd8\x0b(\xfdr\x16\xa2\xdb\x8d\xd5\xac\x8a\xdd\xea*<\n\xca'
    b"\xe5<\n\xbf\x94\x04\xb9\xd6\x8a\xbf&\xf1:\xe1_6nu\x1b\xe3\xc3K\x0f\xa3\xc4\x92\xca%\xf2\xd8\xc7C\x8d\x1b'\xdc*\xfd\x9c\x83\xeb\\\x7f.\xe0|\x14\x96(t\xe7\x84\xe6\x17\xc3&\x1a\x9a\xc2\xaa:,\x8e%"
    b'B\xae\xc2!(fR\xaf\x01\n\'\x8a\x8b\x12\xc5YD3\x97\xb0\xbc}uN\x8e\xd9K\x91\xd7[\xf6\xd6\xde\xac\xa4\x83\xb0\xc3Y\x95\xaa\xa7+Rl\x04\x9b\xee\x12\xa6\xdf\xaa\xae\x16\xd1"\x81s@\x8d:\xb65\x84'
    b"\xed\xa9\xc4o\xfc\xe3dZ\x02\xe7i\xb2\\\x1c\xcb>\xcf|\x7fl\xde\x1e\xaf\x8bY\x8f\x066[E\x9e\xe2+l'\x16\xcc\xf7\x93|\x8bTP\xad\xfb\x89\xaf\xd3\x86\x92K\xef\n-\xb1`\xde\x92nC6\x03Q\x04"
    b'\xf9u{}\xb3\xb2o[\xbeZfllS.\x89\xc1\xde\xc9K\x05\xf6\xed\xf5\x8c1\xbf\xae\x93\x18\xfel\x8b\xfewZ2nzT\xa1\xf7E\xeb\xbda\x84\xa0.\xd9Syn\xed:\xcd\x9b\x08\xa7Q\x8c\xd5\xcf\x9d'
    b'\x1c\xeb\x00\x86B\xdbIz\xab\x89\xab\xe0f\x95jv\x1f\xfa"\x89\x8d\xf7\x16\xd6L\xcc8=<\x0b\xd2I\xdb\xb0Ez\x93\x95\xc9\x04\xbf\xf0\xb9s^\x90M\xe2\x0b\xf0\x13\xbe;X.N\x8e\x85\xfc\x9f\xf52(\x03'
    b'e\x87\x8ca\xd6c\xa8\'\xd0.\x92\x01\xb3\x8e\xcd\xe5P\x97t\xbc3\xdf=<\xae\xe8\xd9C\xe5}b\'\xe2N\xf1\x1c\xce\x8b\xd7\xaf\xff\xe3mS\'\xa4[$r.X"\x01L\x0b\x1bbZ}\xc7\xa6\xa5T3'
    b"\x8f'\xfd'\xb0nv\xad%9\xf7BM\xa7\xf7j\x88\xf6\xbdm\xa8\x19\x89N\x0cS{\xcbcgp\xc73\x91\xb7\x9b\xed\xe0y\xe0\xa1r9?\xb3\xe8O\xbd5\x7fZ\xb3\xe4;;\xbe\x19\xf0\x89\xcb\xc7\xcda\xba"
    b"!g\xc5w\xfa\x055\xe6{\x85@\x90!\xcef\xe5\x107\xf5\xc1R\x93uzs\xfec5m\x9b\x91=\x1a\xa5\xd5\xd8\x8e\xa6\x8fT\xd07\xf3vglF\xfb\xf3\xfe5'\xce\x9a]\xbe\xee\\S3\x063\xdb\xa6"
    b'l2Z\xb8\x02\xa5]j\n\xdby\x9e\xe1\x80:U\x83H\xed\\)\x8d\x87p;\xb87O\x05c#\xf3l\xb9\x98\x15\x10\xa3\xe4zF \xdd\x94W\xa3\xa7d\xd43z\xcaG]\xaf\x99\xcacXxV\x1d\xa5\x88'
    b'\xcf^\x9fX\x9c\xd45\x87\xd0\xd7Fq\x93\xd7b\x84|q\xb3*\x9d\xafV\xccz&\xf3\x9a\xb2D/\xe6s\x1ab\x05\x89P\xc0k\x11\x06\xc8\xccg\xd1|7\xb4z\x9f\xc7\xac:\xb8!\x07\xcdP\x00\r\x9e.\x96'
    b"\x08\x08\x02\x04\n\xec\xa5\x92\xcc\xb0\x9a\xae$\x1fF \xdd'G ?V\xab\xc3U\x07*I9\xe5\xda\x93M\x16\x08\x15\xf5\x13Ny\xe1#}\x8e\x9e\xa1\xd0\x81\xda\xb4\xa5ch\x93+\x93\xf1#~\xf5\xa2\x1d4&"
    b'\xb5\xca\xa8(?\x89\xef\xddJ\xc4\xe0AG\xa5\x9d\xb3u3(\xd0\xdfbWRu)\x8b\x9e\xa7{6\xe0I\x97\xf6\xd9\xe2PR\n\xa2\xbd\xc5r.k\x82\xe7\x81\xc7O\x14\xab\xbe\x17\xa9\\\xadq\x8e\xe1\xe2\x94Q'
    b'(\xec\x97\xf2\x90\xd0\xbfBVv\xfa\xd7V\xddV/\xf7\xee\xe9\xaa6DZ\x1b\xb7\xe4\x08\xea\xb2\xeb\xa2\xbc\xc5_\x1du\x8b\xf6\x17o-!k\xad\x12\x17\x15\x0cGI\x12\xbc \xa3\xfc\x1cX\xb5r\xb9:\xebuo'
    b'\xddb\x131\xf9\xd4\xfb\xe7\xaf\xfe\xa3\x96\x83(.r\xcc\xcb.a\x8e\xc2R\x1e\x88\xab\xc5t_\xf1\x865\x88\r;=\xe6?\xd1X\xde,\xb71U-\xa9b\x15\x84\xfeqRV\x12\xf7]j\xc2c\xa2\xed\x94\x82'
    b"\xed\x93\xf2\x0b\x1c\x11\x8c'\xa6s7\xb3^X\xd1\xd7\xfb)\x07\x94`\xe1dO\xd4\xd8\xd7\xb0\xd1az\x16s\x9a\xafK\xba\x9f\xd4T\x8b\x14\x0b\x82d\x15O\xd2\x80^\x05\xb8x[\xaa\x10\xed\xe5\xe5UPw\x93\xea"
    b'8\x8f\xdb\xd1\xd8\x9ff\x0e\\\xb8!EW\xe26\x93\x94\xd3DfR\x10v\xee\x8e\xf8\x00b\x16\x94A\x8d\xba\xdf\xf3\xbec\xffd(\xebu\xac\xde\x02Bwz\x9b\x83d\xbb\xef\xd8\xa0\xa8$\xfd\x99._\xa4{\x8e'
    b'\xae\\\xc1\x061\xed:\xb6\xa2UI\x9e\xf97\xaf\xabf\xd7\xaaA\xb9\xda\xfdU\xcbC\xd6\xde\x1c\xbe\xd3W\xfb\xc9X\xe0:A\n\x98}b\xdbK1\xc6\xea\xb2\x88\xa4\xa3\xa45I]]\xd5\x00a)\xb7\x07\xf2b'
    b'\xec\xe6\xbfH\x99\xcb\xf6\xd7\xb0r\xfbD"*V9\x8f%\x945|\xcexB,\x7f\xc3s\xb0\xbc[\x8e&\xdft\xcf3\x8bJ\x0b\x8b\x84\x991\xf9\x13\x9c\xcff\xb19\xb9C\xceG\xd8%\x7f\xaa|\x1d\x8b\x8fo'
    b'\x0f\x8b\t\xad\xa0\x02\xa6L\x87\xf5\xceh8\xba\xe7X\xae\xeet\x0e\x1d\xca\x88\xff\xdd8\xfe\xd8Y\x1e\xec\x16\xbd\xd1\x00\xff\x1d\xc2\xa5\x0f\xcfI\x9b\xef F/V\xf4U\xe7A\x7f\xb8Z\xfc0\xfd\x18\xf6\xfdFN\x81'
    b'\xbbV\xcd\xe6\xbd{\x83\xcd\x8d\xaf\x07\x1b\xf7G\x035\x9e\x95\xce\xcf\xf0^\xaaaS\xdd\xf5<\x0fwq\xcfr\xd6.\xf1v\tB\xe3F\x8c\xa6\xc9\x98\xb7\xa1GN6\xd3x%\x80* \xb6\x96>Z\x013\x91\xa7'
    b'[\x04\xf6i\x827\x90\xfb\xdb2"\xa7\xe0\xe1\x14&4V}}\x01\x11d\xaf4\x17!\\p\xaa(@\xad\t\xc2B8\x13\xec\xd7bY\x91\x02\xd7\xc0\x0e\x1c\xf1\xad\x05x:\xf6!r\x97\xc6`\\z\xb7\xcb1'
    b'\xcan\xe3P+\x9f\xba\xacD\xe9\n\x8d\xc9\x88\xba\xfe\xfbL\x1e\x04k\x15\xf3\x07\xc6\xbc\x8b\x16m\xe3=\xdc\xf9q\x9e5\x91x\x13\xeaf\x14\xae\xb1\x98\x12\xb1\xe2\xbc\xca\xa40\x9c\xcb\x05[\xa5I\x8a\xb1\xff\x8c\x95B'
    b'\xadpA\xab\xa4\xd7\x08\xbd\x12]\xf8-\xfa\x1c\xccK}\x9br\x153\x84l5E\xe8\x9f\xb8\x16%\x90\x81\x17\xcf\xbe\xaf,\xeb\xad<\xa9\xca\xe3b\x19&U\xb1\xee\x04}\x82k9)\x8e\x99\x0f;\x07\xabs\x84y'
    b'\xbe\x98\x18eN\x89n\x98\xe6\x86\xa1\xc8i\xe6b\xe0~\xbe\x0e\x9a\x92\xc5\xb3\r\xa4#\xa8w\xc8\xe9+vy\x9f\x99\'\x1e_4\xdd\xc7P\x94~\x05\xeb\xdc+;\r\xffR\xbb\xb2\xc4cqR\xac\x8aw\xcb "'
    b'\xef\x87\x83%Q8O\xd4\xf7.\xec$:n\xae-\x1eN\xf7\xf7\xe1w\xaf\x8b\xeb\xe1v8\nS\xf0E\xb5\xdbAI\x1b\xfb\xcf]\x8a\xcec$\xbd\xae\x1c\xbfI\xd7)\x1f.\x18f\xd8\x9f-^r\x9d5\xfe\xb3'
    b'5\xf0\x1f\xf32\xfc\x19\x18\x87\x10\x07\xa9\x01\xd4,\x9f\x02muX\xcc\xf6\x07\xa6\xb8C\xbf\xb8\xc1\xa8\x9b\x8e\xd9\xd1\x93\xbdK\xd4\xd4H\x82^\x9cI\xd5\x10=\x19[AG\x18\xcd\xf6\x9a|\x0c\xb3\\\xc8\xa8/_\xa5'
    b'$Qr\n.\xf0HMi\xdb2\x97\xd3G\xd1\xe54\x9c\xfa\xe8q\xda\xb9\xdd\xd94c\xc2\x05s\x0b\x04\xea\xf5;H\xf5U~\x9a\xc3\x85\x08gI\xa4\xb7\xeaeo\x02{S\xd6\xdcy\xa4\x9fp\x96\x0f\xff~_'
    b"\xee\x17'\xb38\x94\xb6m\xa1\xf6\xb2n{\x91p\x0b\x04\x8e\xbe\xd7\xe5\x1cv\x07\xd9\\^m#\x91\xd7\xaco\xa5z3K:-\xa7\xce\x0c:\xdab\x0c\x07_\xdb\xc2\xe2x\xfdT~\xc2\\\\\xd0\x83/\xb1*\xe6"
    b'z>\xe5I\xcfJ?\xbc\xe4\\\xa1_lC\xa1"\xb5\x1a\x01\x8a\x04\xe9e?\xc7\xd9\xd2\xf8\xf0\xa8(\x86U/\x17\xbf\x81\xce\xf5B\xdf\x1a\x94/\xc6R\xe4\xa9\x12\xa0K\xa4\xc5\x07\xcc\xd5\xeeYLO6\xad\xda\xac'
    b'\xd1\xe2\xf0\x16q\x8c\x00\x9b\x05\x00\xa3\xdd\xb3k\x96}\xe0L%pd\xdcR\xcf\x05\xe9J\xa0l\x08\xaf\x94\x12\xe1\x7f/X\xf3$\x055\xb6\xd5.\xe4\xdc\x1f$F\xbf\xc7|eI\x0e\xea_Ve\xfbNm\xab2'
    b"\xcaE\xb5\x1c\xc6\x14)I\xf0vK\xc5\x1d\\\x88\xa2FC8\xa7D'K\x04n%PS\xb4\xa2\ts3uw\xb6\xd3\x96\xe2\x1d7\x01v\x83\xbb\x04\x19\x84\xb0\x95\xe3\xdb\x188\x0e^\nr;\xa0\x16\xb7G\xd4"
    b'U\xad/\t\x80\xc2\xc0\xc1\xf0o\xe9\xe1\xe3\xceF\xb85G\x02\x8f\xc3\xa6R\xa6=\x0b\xad+.\xc8SO\xfa\\\xac\xa2\xc7F99\x10\x7f\xc5i\xca\xdb\xaa\xf8\x0e\xd0j\xd3i\x99|\x1d\xe7C$wEl\x94\x98'
    b'\xb9\xc5\\\x93\x0c\t\xbff\xbe\xd9I\xee\x96.\x90\xef<\x8d\x89T\x99\xc5\x0fn\x9c\x02\x0fXu~\x9bVS\xecz]\x94b~\x96\x00t\x97eU\x95\x93,\x0b4\x85b\xb2\x17\xe6\x1b\xa7\x82\xbc\x97\xd8\x9b\x92\x0e'
    b'\xb6\x9a\x11\xa25T\xf5\x03\xaf\xf0\xccR\xc1\x92\x81Q\n\xdb\xf3\x15+\xa8=\xb8\xac\x96\x16\xad\xedn\xb1\x1c\x8b\x82\x03\x1ek\xc7\xc9j=\xd0x\x17\xd5\xcaa\x9e?\x01\x8b(G\x10\x80\xf6\n\xd5\x83\x1c\x14\xd5!\x83'
    b'\x17\x07\xce\xa7\x86\xf0zt\xd4uY8C\xc1\xba\xb9M\xdd3\xe3\x0e\xbf\x02d\x83aiKG~\t\x95\xd6\xe3\xe6\xd8\xc0\xf5\xeb\xd1%\xe0z\x16\xd0^G\xf7\x82\x1a\xfa\xbbb\xf9\xa7\xa9\xa1\xab\xc0\xf2\xc3\xa6s%'
    b'\x1b\xa2\x96\xad\x99\x11\xf5iwM\xe8\xce\xba\xda\x10}\x93U\x84\xa8\x9d\xa8\x98\xbe<\x90\xd3\x0b\xeeWp\x81\xdc=Y\xad\x16\xd1\t\x926\x8d|\x18\xe5\xde\x1a5\xa6G\x04\xc5\x8bU\xd3\x89\xd4U*\x12\xfc\xfe\x8ca'
    b"}\r\xd0\x06\xf8>otF\xdd\x87\x17\xf8\x924\xf6\x94\xd6lz\xae5\xde$\xa1S\xea\xf1\x86>A\xe1\xdbU\rX\xab3\xf6\x1a\x03\xf3\xd0\xb4h\x8a\xf5~\xd5 Y\xcd\xf8wxE'T\x14\xad\xe9\x91\xe1]"
    b'\xae\xbe\xb8k\xdcp\x93\x07m_*h\xd1\xb8\\p\x8c\xddTz\x99\x17_\xf4\xddh\xa9N\xb8\xda(P\xb4\xb6\x8b\xc2\x93\xae{9\r\xb7\xcf\xf2\xa7w/_0\xc6S\x03j\xa3\xd9\xda\xa9\x14ek|[\x1e='
    b'\xc2,4\xf7M\xbb\x03h\xf7\xdb\xdb\xf8b\xcd\xc8\xd0\x03\x87\xd9\xff\x8b\x1aV\xa6U\xe6\xe6\xb3\xcbH\xc3\x81x&\xf2\xdao7\x8d\xd0OJ2\xc8^mv\xa4p\xcd\x15[@\x90\xfeH\x86\x11\xad6S[\x9c\xac'
    b'~\x86\x8aE\xdd\xce\x06-\xc0$Y\xf2\x98\xdc\xa7\xb9>m\xd2\x80M\x1c__\xac\xdf\xc5\xaeT\xbdG=\x9a\xa1\xe1\xfc\xbeF\xf1\x0bb\xd8\xe2\x91\x9dcB\xac\x03\x1e\xce\xb4\x97\xe4k\xaed\x18\xea\xb0l\xbe>x'
    b'\xd2\xcd^\x1b\xd5\xe9J\x8c\xde\x82\xbc\x97\xec"\xd96\xcb\xe8\xe0"\xf0;\xb3\xc5i^\x83\xea\xf9\xc9\x8an\xad\x93\x8e.\x93\x90\xd6\xc4 4\xe1\xac\xd4\x1a\x12X\xa7)\x90\xb3\x9d\xdbm\xcd\xb3He\x06\xf1\x9c\xc3\xae'
    b'\x8e)\n"l}\xdb\xe2\xc5\xf6p\xcd!\xf1d\t\xf6x\x95\xd8A\xccOb\xfa\x14\xea4\xbc\x06\xd6j\xe5\xd2\xfa\xec\xd2@o\x00ZZ\xb1X\xdbV\xb1\x80@\x04\x99x\x13\x9d\xde\nrbQ\x03\x8at\x10a'
    b'r\x0bQHh6\xeb\x18+\xe8\x94\xe4\xacFr\xfc\xb2#\xe3\x8e\xf2\x15\x87\xc5d\xdc\xb6\xbf\xce\xd3\xb0\xd3fI\xf2\xba6\x92v\xd4\xb9\xb3\x7f\xbd3yBB\x99\x17\xa2\xe63^[\xee\x1fCF"8\xad\x18g'
    b'\xe7\x08\x03\x9c\x88A\xf2H\x00\xd6\xa3\xa3\x81\xc4 /\x8e\xaf|\xcfwX<\xdf\xe3\x14\xd3\xb3\xd75\xe6\xe8\xd7\x93\xd1h\xf2u\xad\x88\x1d\x03\x850\x96\xed/\x08\x9d\x08%\xb3\x91\x82fF\xf8\x8c\xbc\x8a\xcb\xce\x81\xee'
    b'\xffj\xb58\x86\xcd\xb1\x082Gx\xdf\xf3f3\xad\xa7I\x8c\xd6\x9c\xa5f]\xb1\x80\x83\xeaw\xbb\xfb<;\xb9\x9e"\xa1\xe9X\xacN\xaeP\xba\x81n\x1c\xd9E_\x12\xc1\xd8\xad\xdefZ\xb8\x99y\xc3QvJ'
    b'\x82\x068\x91\xd2\x80\xf1\xd6\x9eO\x8f/7\x8d\xa1T\xe3B\xea\xc67\xc2Oh\x88uO\x93{\xdc\xea(<\xc7\x06\x02\xba\t\x03R\x07\xffq\x1f\x8b\xea\r\xfaS`Xl\x1c\x7f\x1c\x88\x05\xe6\xde=\xfdX>\xeb'
    b'\xa7\xefL\xdb\xa0|G\xd2\xa1\xba4\xe3\xe8\xc8\x8e\xb0\x08\xff\\\x1b\xf7\xd7Y\xff\xad\xe4\x10\x8fM\xc6\xcd\xecE.t\xb3\xd1\xa1\x84@\x81\x861\x16P(7\x99\x97n\xc6\x0b7b#\xb1J\x8c\x1e19j>='
    b'\xcedH\xb3PDdY\xa1\xdd>\x89B\xe7\xb3qt\xde\xc0\xfd\t\xf3\xf2\xedq\x90\xf7;\x93\xad\x1b/\xeft\x1et~\xda\xd8\xbcq\xfbQz\xf6`x\xafs7\xfc\xff\x8b\x8d\xcd\xf0\xf6\x05~nl\x0c\xef\x85'
    b"2]\x81Ix\xf1\xec\x87Z5\x1b\xac\xe7nV\xcd\xd7V\xcd]\xd4\xf2uV\x8bO\x13\x14$\x91\xe8\x0e3\x10\xe3-aq'\xd3\xa5\x10\xebqJ)\xa7\xe6\x14s\x91\xd1i\x89\xf1#X=T\xbd[\xc6<B"
    b'e\x06\xb3f\xae\xb0\x92\xb6\x90\x1a\x14\xa2\x13\x08\xdex\xe5]\x13\x148\xb3\xf3|\x15\x15"\x82-\x9e\xae8\xcb\xb6\xac\\\xa6$]\x8e0\xf896\xe8 %c\x86\x9a<\x06AP\xfdBd\xfb*\x0f\x83\x88\xb6*'
    b"1\xb68<8s\xb2|6\x99\x86\xa3\x1f^\xff\\\xcc\xcbY\xb7\xdf\n\x7fM\xdf\xd1\xec\xa94\x16=\xf2\xe7\x8b'\xd0\x03\xf5\x12\xf8Jq!\x0b\xec/ \x14\xad\xd1\x1b\x99N\x0c\x9d\xea\xa5$\x88\xcb\xf1\x97q\\"
    b'S\x03/\xbb\xe2\x10V\x13\x1e\xac\x04\xd1r}kK(v\xd8 Z\xe4\xe0\xac\xf9\xa7m\xae&\xf8\xba\x1b{\x1d\xbd*B\xbf\xe2\xc3@\x16\x9e\xacV\xcbi\x18#\xf4\xf0\xcbiq\x8b\xa0~\xb0\xfd\x88\xb0\xa1\x05\xbd'
    b'\xdc\xd3\xfd\xb6\xfa\xed\xa0\x03\xb8\x9c\xef\x16\x1f\xb7n\xd0$|?\xfc\xdf\ra\xd3\xb7n\x84\xe3\x15\x98$4/\x7f\xefOg\xb3\xad\x1b\x08!\xb8\xb1\x8e\xd8u\xc3\x1d\xbb\xf8Pn\xdd\xd8;YB\x1b\x85\xc0\xb2\xe5\x8d'
    b'\x8e<\xbde\xf5\x0e\xbf\x8e\x8f\xa0\r\xde+\x8e\xb7nPP\xbc\xac^\x16\xc7\xb5n\xe5)\x95\xf5\x9c\x83\xf0\xcb\xd7\xaf^\xbf\xff\xe1\xf9\x9b\xb7\xef\xc2:\xf1\xbc\x8f\x85|p~\xbf\xbd\x1d\x86\xfc(M\xe6\x1f\xa3\x92\x8c'
    b'\x82\xd7\xfdm9\x1e\x14\x9e\x96`\x84\x82\x01\x1fA\xc0=\xfdD\xebM\xcfI\x9c\xd6B$fc4\xff0\x0eY\x1c\xd8\xff.\x16GO\xe6\x13\xa4A\xaez\xa1\xa9\x9a\xd2JL\xeaW\x91 Y\xb2\xeeH.\x9c['
    b'\xa86\xe7\x1e\x8e\xcd\xb9\xa4\xfef\x1a\x18\xca\xefx"{\xdf=y\xfa\x1f\xe1\x06\xfb\xfb|\xb2\x08\xfb\xb5\x96\xea\xfb\x92lJ5\xe7$\x9f<<",^\xd0\xf4\xebW\xa1\xe17ej8\xcb\x92\xfd\xc9mk\xe2m'
    b"m\xf9\\./\x0c/\xbft\xee\xdb\x05\xb3\x19\xfe'\\1\xf7\xdd\x15\x93o\x7f\xf7\x91\x94\xfd\xe9\x9b\xf0\xcf\x93\xbb\x9d\xbb\xe2\xc1\xd1\xc1\xcf\rw\xc3\xbd~\x957\xf5M\xbc\x12\xefH[\xdf\xaci+\xbb\x13\xa5\xa9\xfb"
    b'\xbe\xa9Q\xe7\xbek\xca!g\xa5\xc9\x84\xf8L\xdfz\x90\x9c\x01\xa2\xef\x06\x84\x87q\x96\x88?B\xa1y.\xbe\x14\x1d\x9cL+\xd8\xb4h\x16\xd9\xdf\xbf2y\xfc:\xfc_"\x8f\xf7\x1cy\xbc\xf7%\xc9\xe3\xbd/J'
    b"\x1eu].\xa6\x7fX\xa86\xfaTSy?\x95<'\x7fH\xedm\xf8M^'\xb3N\x15\x8e\xe7\xd9.8\x0c\x825\xd8\xd3\x95\xc5z\x7f\x92j\xb0\xa9\x18\x842\xa0\x1b_\xd5\xba\xf0\x94\xb0\xf1\xe1:\xc64\xb6i"
    b'y\xd60\xfc\xbd\xb5\xb9\x93\xa8\xa2V9T4\xa9I(m\x97\xbfl\xdbFmJ \xdfI\xa2e\xce!q\xe5>HQN\x9a\x8c\x06V25y\t\x93\xa9HK\xea\x8d_Y\xd4\xb4\xd4\xfe\xa1D\xcd\xa6\x06X'
    b'\x88\xf5\xcdU\x05\xf3[\x11\xe3\xa5\ro\x07\xf5\xc6X\xea\xc3\xa2\x8a\x8aI\xafC\xcf.e\x17\xcd<\xb0jjE\xf0.\x14A\xc9z\xae3\xf9 Ot\xf5\xd8\xaaQ\x0cc\xdbd\xc2\xf0b\xde{\xfay\xf8\xd3\xa2'
    b'\x1d\xf0oX_\x83g\xc6\x9f\xfd~~I\x86\xb5\x18\xa8\xbd!\x0b\xac\xc9q\xed\x02\xa7|\x0c>V\x12F\x1d\x13\xa7H\xa0z\x8b\xc9D2\xf9\x98\x95\x93"_R{\xc1\xb08\xc8@w\xe9\xbf\x86\xca\xc2\xa1-O'
    b'\x05\x8b\x8e\x8d\xb1C\x1aK\xd08\x93,\xd18\x92\xfe%\x19m_\x82(\x04\xa9\xe66kNxn\xf7Z\xf6eK\xaa\x9b\x0b\x1a\xfaS\xa9\xc3\xd5\x83\x97\xd7\xe1\xab\xd0<\xb2,\xae\xe4\xd6\x87r5\xa1\x81c\x8e]'
    b"9=\\\\\xa9\x9e\xc3E\x9d\x06-R\xd0\xc8\xe5f'|\x9f_T\xbb\xa4\xf3\x97Y\x8e\xe4\x02\xd8}\xb4\xc6\xf0\xd4f\x14\xeb\xadG7W\xb9\x844L\x05\x9cvsHW5-W\xb7\x8e\xc5\xc9\xce\xccA\x87\x8b"
    b'<\xe8\xf1b\xcbW\xb2H%K\xe4\xead.\x9a\xd7+(\xe1\xa5l-\xd0\x97\xcf\xbaY\x81\xdc\x1bzWQ\xaf\x19\xe5\xb6\x98M\x19W\xf1]\x04\xeb\xe6\x18\xdf\x1e\x97p\xb0\xeb\xaf\xad\x86.1\xcbZ%\x00\x0b\xe2'
    b'\xe7\xe0\xa8\xe3\xd7\x116Y\n&E\xe3\xa5\xbdC}\xfd\xa87\\\xdf\x0bi8\xb7\xcc4\xd6F>\x8f`0\xf5;\x0c\xe5e\xed\x1c\x1e\x9bv\x86\xe9F\xfc"\xf1\xcd\x05k$\xfc\\DA\t?j\xa4\x815\xe6'
    b"\xd8\xdb(e\x9dKN\x1b2\xc0\x0f\xe5Y\x86\xba\x02]\xc8E\n\xcb9\xd2\xb0\x98\xd7\x1f\n\x0fWg\xc7\xc2\xa0\xe2W\xd7\xbf9\x9a\xce-iQ|T\x80\x0cn\xf8G\xa0\xb0D\x8d\x1de\x8f\x7f+f'.\xd8"
    b'\x88^E\xfe\xbd\xa9\x03\xf7CO+F\x99\xe2\xb63\x8c\x1e\xf5\x8eR\xbeA\xb2R\xab\xdb\xa3^\xfdA\x9a-E\x8bs\x14\x93z9\x80i\x02\xe8u\xe8\xeeTiX\x0c/\xad\xc3\xe9|\xe2z\xb1\x98sF\xd6X'
    b'\xe0\xd6\x91\xe4m\r\xb8|u"v\xa34`\x97\xa7\x0b\xb7\xca\xcf\x82\xe7[\xb3\xca\x19\x06\x03>\xf3\x89$\xdfy\xb6h\xac\x97n%\xba\xe1\xa2\x8a~i\xb0\x8e$\xbf\xf3p\xe8\xf1>\xf3pQ\x1ffA\x1a\xd4\xdc'
    b'8\xe0\xb1\\\x02I\xcd\xfaG\x8dM\xfd.|\x8b\xf6\x1d\xce:\xb7d\x18\xeew\xaf\x9f\xbc\xf9~(\x15\xbe\x8f\xfbt[\x0cA\xca\x10\x85O\xc7\xc8\x1d1)\x9f\x04\xca\tvw,\\/~R\xe8\x19K})?'
    b'D`\x11\xf3g\xef\xf1H2 J\xdd\x82\x0c\xe3\xea\xfe.\xaf\xfb\xbbz\xddG\x11\x1e\xca\xd7\x8e\xa7R\xf7N\xab\xffG\x8b\xeb\xec\xba\x0b\x9f\x8al1\xe7FG\x11$\xaf\xe0\x86_5\xb0VS)zu\x19X\xaf'
    b'f\x17\x1d^\x162\tFF>\xcc\x02\xab\xe8\xc9\x1d\xd1\xe8\xe0\xd4X\xa4`\x855\x81\x06a\x1b\xc1\xa1\xa5\xa8Z24\xb2\xb4\xec\x14M\xb4\x16\xc3\x1e\x17\x0bK6E\x04\x10\x0b1\x0b\x94\xb1\x12\x1bda\xec\xbar'
    b'\xe0\x89"-\x98^Wf\xe7\xa6e]\r\x07\xa8\x92\xf8\xc5\xaa\x9f\xcd\x91\xa4\x8c [.\xa1\x83\xe2\xb6F~^\x81nTkM\x94\xd0\xd9\xd8\xe9t5\x02\x13:\xc8\x98)\x99\xdaP\xabY\xd3%k/\xb34*'
    b".#\x04}\xaeK\xba\x82B\xa8P\x0f\xc0\xf2\xe8xu\x16\x03B\xc3\xed@\xcd\xb2\x8b\x0bU\x8b\x01\x0e)O\xa8\xdam\xe93yP\xae\x84B1\xea@X\x151\xd0\x87\xbbF,<A\xa4'h\x97M\x95\xf9\xaa"
    b'@ W\xaa\x9c\n\xab\x1f\x10\xe76\xf7\xfdiH\x9c\xe8U\xd7\xf9\xa1P\x02\xbdxc\xa3\x88n*\xfc\xd9\xca\xbb\xea\xab\xcc\x94\x97\xdf9\xef\xc2W\xf0\xe6c\x95<\x9d\xfd,X\xec\xca\xee0k\xb6\x04\x1d,\x15\x8a'
    b'C\xe7,\xecC\xa0x\x0c,\xba\x94\xf3\xa3\x0f\x05\x02f\x9e|h\xf2Q\xb1\x82k\x16\x02e\xbb\xb5\xa7\x87:\xe7\x1a\xc1\x11&\xbe1\xfcb6\x0c5m]\x8b\xc1J\xeb\xe6)\xca\xc4\xe7\t\xa9X<\x05*\xc5b'
    b'\x950\x00Ky\x8a\xbd\xbe\xe4\xcd\x10\xa8\\8\xbc\xd1\xfa\x9db9]jp\t\xc9E\xb6\tEB\xc1\x9c\xc9V\xd4c\xd2\x88\x03\xf5V\x13\x90=\xcb\xc9\xa2~\x00\x86&r\n\xf1\x00\xd5\xe7\xe2\xeb#\xe1\x10\xb6#'
    b'\x95W\x92\xdcFc\x13\x8f\xb7n\xff\x85\x12\x8d\x03\x81\x96\x1b\xc7A&o-n\x8e\x00\xda\xf4[\\IO\xe6\x9cd\xa8LC\xc5MWR \x8ej\xdc_X\x8a/\x96P#NBY\xed\x15\xc7\xe5O\xab\xa3Y'
    b'\x0f[0C\xa1\xc0\x83h\x1b\xbd\xfd\xb7\xdb\x07a6\xff\x06\xffy\x07\xda\x7f\xfb[y<[eO\x1f\xc9\xd3\x03<m\x81\xa1\x00\x0c\xacK\x19\xc3\xf4\x1e\x08\xaf\t\xd3\xeb:4\xb3@R\xd9\x94\xcc\x0e\x8d\xd5\x14s'
    b'\x9b\x84\xb6\x89Qp\x9e;\x8f`\xa3X.N\x02q\x80+\xd1$\xf6\x1aHe\x19\xe7\xa4v\t\x0c"\xe9\xd5\x06\xe4\xe2\x81\x1f\xc4\\d,\x13\x83\x90_&T\xb2|\xb2\xea\x8dD\x82\xebnw\xa3\x1d\xad\xfb-h'
    b'\x05\xe1Z\xab\xad\x1b\xd5-vZ4\x872@\xd1\x1b\x862\x8f"Z\xe6\xed\xff\xfe\xb5\xfa\xea/\xad\x99o\xea\xd5\x85;\x05\x9b\xea\x82\n/\xce\xbd\xd3\x92\xa8\x97\xb5<\xccxy\x81}\xae\xdc\x86\x88[\x82\xcf\x02\xdf'
    b'\x1d\xf8\xda\xde\xed\xee\xf6\x7fww\xbe\xea\xfe\xf3\xd7\xb77\xff\xf9ku\xf3\xf6A\xdf|\xb3s\x80\xe2\x95d\xe2\xf6\x0e\\a\x17,\x99\xe6>\xbc\xb1\xea\xfe\xbb\xb7\xfd\xdf[\xbfV;7\xfb\xbd\xad~o\xf8U\xff\xdf'
    b'n\xe7\xb0\xc5\xf8(\xf6\xdbo\\\xd6_\xcbI[\x9f:\x1c3\x997\xf7%j\xdc\xde\xd8\xe9\xfbY\xac\xcb\xdd\xf5\x8a\x8e\xc3\xb8n<\xda\xbajq2\xe2\xed\r\xdf\xc9\x1b\xb6xQEm\xee\xf6}"=\xf5\xd7h'
    b'd>\x1aDe^\x96\xf9(\xe6\x14\x14\xad\x8e\xea,\xb6\x04\x1e?\xcew\xd8w\xfd^X=?\xdb\xeeV\xb6\xef\xd4P\xeb\xbaoo\xe2\xdc\xe5c\x16\xe5Ic\xd0\xf1\xab\xcd\x9d\xa4\xddp\xf3\x9ev^,\x19\xa6H'
    b'-\xbd\x9e. \xef\x80\xf5U3km\xc9<\\>\xb6U1\x85D,\x9f5G&\xcf\xd7\x8cK^6\xc6\xa5\xdf\\:*-\xd7:&\xf6\xde\x87\x9er\rn\xb6P\x80@\xedn<\x1a\xbb\xfa1\xa2\xec\xde0'
    b'\x1b\xc5\xad/\xfc\x1f\x93\n\x1bjY\x83!1\x85\xfaB\xd2\x16\x9c\x8eEJ\xa4\xe8\x08\x9a<%$IL\xadF\xa1Y\xc2iO\x95\x81\xa5g\x85}\x82\xe7\x95W\xf4\x8a\xf08\x08lA\xb8\xe9U\x8e\x90<\xd8\xab'
    b'\xd8-\xb0\xdd\xd7,\x8f\xc7\xa9\xa9z\x7f\x97f\x99\xb2\xcf\xc2\xb7\x98\xf7\xd1cd\xda\xbc\x9d\x16\xd3\x95D[\xcd\xf2\x8e\xaas\x87\xa0\xb1\x9c\x06n@\x86\xa9\xb7\x8e\x80$!\xcc\x92\x06\xa0\xd8\x87\x9f\xe0\x1a\x99\x92\x89D'
    b'\xba(\x1e\xb2\xd1\x99\xc3\x8az\x8d\xaa\xe5\x8d8%\xc3?\xd5P/$(\x06\x96\xf2\xd1\x89\xa0\xbbY\x17\x07\xfa\xb6\x98\x98<u\x06\xe1\x1a\xf3\xc2\xde\xaeDu\xa1\xf9\x00\xa4\xfa]\xd8\xc9\x91\\\xa583\xa7\xd7R\x9d'
    b'\xda\xb0\x8e\x90\x1d\x88\xc8\x1e\xb9\\h\x102\xc0W\x19\xb0,!\xa2\xc4P\xe8ih\xe9\xa8\x94\x16\xa8\x1f\xf9\x9f\x13\x01\x1bMR\x07\xe7\x94a\xe4\x05`\x00\x89\xe7(*\xe0a\xe7\xed"M{`T+\x9bg\xf5\x9f'
    b'\x9b\xc4\xa8k\x1dCyP\x10+O\xfb\xad\xea\x98\xa3\xb2\x98C\x9c:\x11\xc5\x85\xf9\x8a\x16\x16r\xd4\x11\x13\xa9`\xf6\x10\xe8\x96&\xd5\xb4\xdf\xd0f=\x11\x8ae\xa0`K\xffiDE\xdd\x1d\xb3\x97\xffe0\xe0b'
    b'\x14\x90\rx\x99m@-\x02\x0e\x03"b\x1e\xd5\xf3\xedt\x04\xca$\n\xef\r\xec\xca\xf4\x10\x10O\xb0\xcb\xbca>Y\xe8F\xdcK\xb3B\x9a\xe1\xa6Q\x00\x919x\x19\xfe\xbd\xe0k3\x01\t*v\xbdq<\x93'
    b'\xd6koY9\x9eI\xed\xfaV\xd6\xf5;\x1cs\xb1\xca\x11^i\x9e\xc0\x85a\x19\x19\x08\x16a\x84\xe4]-\x163\xe4\xaeXJ@\xbd\xb9=G\xa0Pq\x8a\xbef\xb2w\x9e\x12\x08u\x00q^\xb2\xff\xc5\xee\xa9'
    b'\xf2)\xf5\xf7\x1d\x1a\xe1t\xf0\xaf\xae\xb3i\xe5V"\x99O\xb1i\xb8B\xd7Z\x95q\x84\x9cpmq\xf1\x9f\xccf=\xf9"\xed"n\xce+n"\xb5\xdbe\x1b\x96pO\xba\x99\x03\xaf\x96oX\xbe\xc4V\xee\xe7'
    b'/\xde-4\x7f\xcf@\xde\xdaeC\x05\x0fe\xc5jU\xec}H\xf6N\xd0\x14\xae\x8e\xe0\xe5\x9d\xd2\xd3N$C\xda\x87TG\xa3\x86F\xa8j\x00tRV\x96\x8f\xc4\x0c\xa5\x8c\\$x\xdeR\xaf\x9b\xe4\xff\x88v'
    b"oTC\xd9$@\x04\xee\xa8\xd3r\xa9~\x041@\x91'\x02\xdd\xb1\xd4P\xc9\xd8+\x82\x82LG4\x1d*\x8c\xd64\x92\x8cZ*\xce\xbaB\x92\xb7Q8\x93k\xa5?=y\xfd\xc1z\x01\xd1\xce\x87\x80\x8c\xa2\xc6"
    b'\x96E\xa6!\xefw\xa7x9\x9a\xce\x7f*\x95\xfd\x0b\x02\xbe\xae\xbap9a\xd0\xb4}\x8d.\xadPAy\xec\x83\x98\xa8N\x1f\r\xd8\xe0\x9a\x80\xfd\xa1\xcc\xb5S |N\xdf\xad\xf1\x9b@f\xe9\xae\x81.\xe4qp'
    b'\xd96W\x89\xf2]\x94k\x13%\xb3\x9c\x8b.\x8b\xa3\xcdX\xc4\xdbY\x07\x84H\\\x19\x96B\x0e;\xa2\x1c\xc6*\xf3Z\x14`\xb1\x8e\x19\x8dS\xc9\xbe\x03\x8a\x10\xf8\x97?\xbcy\xf2\xf2Y\xfd\xa8\xb7%8\xc2\xb7\x03'
    b')..\xd9#\xa9<e\x9f\x88|\x1f\x85\xcd\xaa\xf3\'p|"{\x03|w\x00\x8e\x8f\x8eI\x8c\xdf\xb7S\xba,\xc9\x87\xa92\xe8\xc8R\x0e\x89\xf8+D\xc1\xd8\xe0\xa1\xc9\xf27x\xd6w\x17\x9339k\xa7\x9e'
    b'\xc9\x13\xe4\xf1\xe9\xb2\x9cX\xbe\x95=\xcb\r\'\xea\xa30\xff7\xe8RQ\r\x1c\xcb\x98e\xd7\xbe\xa6\xb1&Lid\x9c)\x9c\xd2\x86\xc2 \x06\xaa\xb5"\xa6I\xb1\x1awnm\x84\xdag\xa7T\xd0\xff\x8eN)V'
    b'\xeb@\xa75\xe3\x17\xad9\xd3<\x83wQ\xac\x01*\x16\x84?\x81GHh\xff\x16..\xd8X\xd1\x0f\x0e$\xc7\xd9 $\xb5L\x88\x8b\x14a@Mt"\x0esDucnWR\x04\x1f$\x9c\xba\x96\xe3\x1d0'
    b'#j\xf2"^\x1c\x9fe\x99K-\xcf\xba\x99\x93ja1\xb9\xf8\xde\xc8)\x9a\xc9\xd9\x8a\x91\xe0\r\xeb\x02\x94\x90b\xdb,i\x86\xb7+\xb7\xbb\x03J\x06B+w\xcc\xa9\x92T\x84>oL\xcaIhO\xd5z\xd3'
    b"Z\xe7\xdeI`\xcc]\x0f\xe57\xf6o\xd8GU\xe9\xea\xb6'\xed\xf5(>V\x1c\x84\x00\x7f\xee\x06\xb1\xfb\x03\xb2\x83\x84)\xfe\x8e\x7fG\xf3\xb9\xbc\xea\xb7\xd7V~\x0c,\x81|\xf6\x0c\x7f\xc6\xaf\xf8\xa2\x0f\x0b\xd2\x11"
    b'NK[\x11}\xd5wqK\xa0\xbe\xbe!1\r\x8e]X/\xf0Nu\x9d\xe1\x10*\x8a\x82\xd0\x8e8i\xca\x0bu\xd8\xd4w\xe7u\xfc\xdb\x88\x9a\xc0\xc4\xf5aaR\x929=\xb57\xf2\xf4\xf0\x86TA\x0e\x1f)'
    b'wO!\x9d\x8b\'=\xc8\x00\xd5\xbc"\xf3\x81C\xa0\xff\x94\x9e\xfc\x88z\xc1\x10J\xf1\xbd\x8f\xa8\x17\xe2\xfd\xa0\xb9\xce$W\x85\x01\xe0Eh\x01v3\n\x95.\xc1\xfd\r\x19\x8bj\xb5K"\xa9CG\xb8(]\xa0'
    b'<\xc6\xf63\xf3o:\tM,\x8e\xd2\xcb\xf7\xecC\x8e\x91\xcb\xdeo\xe9uT\xc7\xee\xd5\xdb\xc8!\xde\xc7\x04M1?S2\x9f\xb5\x81\xf6K\x03mp\xfd\x99\x1fG\xea\xfa\xebyo[>\xda\x9e\xee\xecd\xba4'
    b'\x9f\x1d\x9a\x1f\xe69\xa4\xccq1\xabJl\xaa\xe0Tv\xfa\x9f\xb05\x84\xefK@A\x95`\x9b\xb7\xcduh\xa5\x08\xf5\x1f\xb8|Hb\xf9\x8bW\xbd@p\x90O1\xbc\x16~\xf1eSm{\x07\xa7a["m'
    b'\xed\xd6\xb6/\x03\xde\xa2\xd7\xfe"p\xda\x8c\xa4Z\x97W\x99\xedqX\x00\xf6n\xad\xe2Q|\x8er;}\x9b\x05_jm\xa2n\x94M\xb8)\xaaHwV\xc1x\x97F\xae[P\xb4\xb9\xbc\x12\xdfb\x90\xb5)\xbb'
    b'6\x01\xcf\xf4\x9a\x97t\xd9\xa8^\xcd0\xc5\xb2\xf4\x86\x1c3\xea\x9e\x11\xcc\x16\x1bI\xac\x93z\xb5\xb1\x16Mi\xb0W\x1c\x87>\x97\x93\x86\x07\xe05u\xab\xf4\xea&\xfaj2\x87\x89\x0c\xca\xdf\x97\xe1\xca\x1d\x98\xea\xe9'
    b'\x00\xb83\xe4N\x0e\x15^WZ\x01\x818>\x0e\xfcl\xe4\x15vg\x04\xea\x964\x9d\xa8~\x90\xe5\xa2\x95\x16a\xe6\xdb\x13c\xdd\xc0j\x0clQ\x0cE2\xb6\x87\xe8<\x91\x06iA\xd1\xcf\xd03"\x19\x87\x0b\x1a'
    b'znh\xd0\x8c$\xdfCwR"\xc8\xa1\x88[<@IE\x81\x9f74\x85\xe3\xe0B\x95\x98H*\x93\xb3\x9f\xf9H\x9d\x1f3\x85\x1e\xc7\xcc\x19F_"\x98\xdd\x0f\xff\x19\xe4O\xda1[\'\xb3\x10\xb8n=\xdf'
    b',\x894\xd2\x93J\xa5\xad\xa3\xc0\xfb\x87O\x04\x9ad.\x19\xf4\x02q\xdb\x0f\xdb\xaf\\\x92\xce\xb1\xda0\x95\xc8y\xcc2@\x84\xea\x0f\xe2\x1d PH0\xe7\x94\x1fiU\x85\xd9\x91c\x0e\x93\xc4\xc6\xa3\xb9q\x1eJ'
    b'\x08\x93h\xec\xa4\xf2\xc43\xa6\xe1\xd0\x84\xc0e\xf8\x05Nm\x9a\x10iR\xdf\t\xa72\x83\xa2\x00;\xe2\x00&\x96^(\x02\x98y\xd9\xa7\n%\xd4\xe9\x1d@6P-\x1f\xd0\xc7\xfd\xc4&\xd6K6Z&.N`'
    b'F\xfc]x"\x7f\xd1\x98\x9a`l9\x8d _\xd0\xf3\x13<\xe9y\x9d\x91Pno\xdc\xf9\xf7\xb7\xaf_\r\x99q\xba\xc7?q\x1c\xe7\x07\xd3\xfd\xb3\x9e\x16\xe9\xf7\xaf \'\xa1_\x90j\xf2\x0c\xf5\x9eu|\x18E'
    b'<\xddF-\x95a+\xa16\x904\xfc=\xd4\t\xe8w\xfc\xaf\x1e\xaa\x88\xf5)\x95\xc2\xb3\\n\xc2\xd9<\x93\xb2\x86X\xaf\xfc\xed\xfa!s\x18q\xdc\x97\x0e\xdb\xe3z\xb8\xe1\xb6L\x86\xb9\xa9\xb9\xbbD\xa08\xe2\xcf'
    b'T\xc0\x90T\xf8:\xa5\xe2\xe9\x18\xfb\xa5o\xc2\xff\xa7\xc7\xc2|\xe9\x1b\xf9\x91\x08\xb9\x02\xb5\\\x9d\xb9\x90,q[[\xb2\xac\x9a\x0e+T\xb6=\xe2u$\xe9\xaf\xf2\x1c\x86\x9f\xb4\xac\\\x1a]T\xb7L9B\x97\x10'
    b'\xe5\xccO\xc2\xf84\xfaK\x08\x1c\x92\x1aj\x85\xf2\xd1\xa9\xe6\xb4\r\xeaL\x84\xb3[\x8b9\tK\xb1\x8b\x97\xb4\x8a%P\xaa=\xcb\x89&~\x14 \xd3\xbb\xd0H\xdb\xbe\xd1XBe \xd3>#\xd1\xff.\xf4\xbfy'
    b"L\xe3\xf9\xc5\x0cyw\xa1\xb8CZ\x91\xa8j\xb9\x0f%QM\xdaT\xdcP\x0f?\x8d7i\xa4\xa2\x04\xff\x13\x19\xc6\xb4\xb1\xb6wZ\xf6\x94<L\xc77\xab\xc4\x9e\xe5\xe2\xe3'n\x08\xce\xa1n\x08\xfe}\xc53\x1e"
    b'\x16I\xfd^\xdcA\xd7\xd2k\xe6\xbb\x96\xcf+\xcf\xe0\x19\x9bq3\x9d&\xb8\xf6\xa9\x9b]\x8b\xc5\xf6\xfcT\xe4\xa5pd\xd2l\xd4*\xb1\xa90\x83:f \x8d\n\x0c~\xedQ\xed\xa88\'\xda\x05"\xc5%\x81x'
    b'\xaaP\x8e\xc2\xb7\x9d\x11b3\xa0\xb2\x18\xcaQ`\xaa"\xfc\x94;n[3\xa2w2\n:\x9b\x85}\x9dRYi\x95\xdb\xbe\x9e!\xba\xb3c\x89j|\x95uE\x00\x1e\xfa\xb9\xc2o~\x9d\x82\xf4\x9c\xcek!\xd7'
    b'\x9e\rK\x9b\\\xf5\x87\x8d\xa3\x95u\xb9\n\xf4b\xef\xf0\xdd"\xce\x03\xc8\x94TF\x8a\xa5\xd5\xd0I7\x14 u$\x01\xca\xa6o(s\xbc&\x13k`\xd6\xde\xa2\xf3\xbdF\xf5\x16Y\x97\xe2\x1c\xfc|\xe4\xd9\x995'
    b'\x02\xcf\x80\xd3Ycg\xa3k\x818\xe1\xd2\xde\x18\r\x98\x8b=\xac\xbf\xe6\xe5\x1btD\xb7\x14\x07o\x8e\x97\xf5\x05\x01\xbdHd\x89\xdbP\x02a\x9dS\xa8\xf0.[\xf96h\xe90\x00t\x94*\xb4\xf6\x99!\x05m'
    b'\xdf\xc1\x8b\xc0\rGmX\xfa{PS\x07\xe90\xb5\x90\xfe\x8e\xe3\x85~\x04C\xd1\xd7\\\x9e\xf3\x98J\xd7\xb7M\xd0s\xf4\xb3\xbe\xdekF\x96v\x00\xc3\xf0.\\x\x01\x1d\x95\xb5o\xdf_t\x8b\x15\xa2\x99\xb5\xa7'
    b'\x00\x8e\xfc\xc8\xa1;\xe6\x100\xb43\xc9\xad\x07\x9c\x1a\xf3\xf8\xae]~\xaa\xe5K\x17\x95s\x15]-\xaeE\x17N\\rN\xae.`\x92\x85@\xe6M\xb9\xee\x9e,\xbdY\x9d\x93Ok\xd7\xba]LX>G\x94\x1a'
    b';\xb0\xdf_\xbb31Ar\xf0/_\xa1\xc7jQ\x98\xcem\xf2\xd6\xac#\xf2~\xdd\xdah\x9c\xe7\x9cn\xac]\xd9\xb4\xc1\xe4\x161"u1\xa7\xd8\xaf\x11\x1f\xb5\xfa\xb1k\xbd\xab\xc6[1i\xdd%Y\xf1\x14\xf8'
    b']\xc5\xd4\xa8\x17\xa3\x0c"|\x8a!c\x12\r\xa3\xfa \x8a\xaf#F\xb5\x89\x94\r+\x98\xe4r\xc3\xce\x90:\xe9\x1c\xa9\xdb\xcb\xc3\x0c\x05A\x9a&yM\xb7\x19\x13\xcd\xc0\x01n1\xdd#\x96\x08"\x15,+\xf6z'
    b'"\xd7\xc4\xb0\t\x85\xde\x15\xbb=(\xcc\xfd\xde\x18t\xbaO\xe4^Z\xc0\xe2\xd9Uk*\x15\x0c\xfc(\x06\xbed\xad\xb5\xb0<x\x91%\x85Z\xdb\x87\xa9j\xe7\xf5\x1f\x15\x98\xe4o\xa5R0*U\xeb\xd1dR\x98'
    b"\xa9|\xa5d\x0b\x1e\x9e\x83$W\n\x04\xb9\xc0 \xc6\xf0\x1d\xf5\xcf\x8a\xfe\x8b'\xd5\x15\xc3\xb1Q4w\x8b\xc6\x93n|\xd5\x0c\x9c\xb6`\xe6\r\x17$\x1d\xfe\xce\xe3\xa97\xc2\xff\xddp\xd0+\xf7\x10c\xbe6\xc8\xf9"
    b'\x05_\x8f:/7:\xf7\x18\xd3>\xc2\xbf\x16+}YP\xf5\x83+EO\xbb`\xeb\xdb\x8f4\\\xba\xfd\xab^;\xe5\xe8Zbb\xd9@X\x00\xd0a\r$\x96\xd2nNc\x18{{eO&\x93N^\xe1e'
    b'\x9bB}\xa7\xdf\xb2M\xc6\xed\xb8\x86\x856\x8b\xd59P\x1a\xb7\x80)\x12\xdc\x18\x8d\xb6hd\x14\x8d\xbe\x0eP\xc3\xec/\xb1\x1d\x8c8\xf0h\x87\xbeV%\xf5_\x92\xdcQ\xaf\x05;\xea1\x1d\x83\xd9\x86@\x89,\xf8'
    b'qYK\x14\xdepJF\xc7@25\xa7\xfb\xb2\x910\x9c%@&\xd72\x08\xf0B\xe7\x87\t$\xd4R^&\xa5\x99\xe4\xf4df\xacJ\xb2\x80\x83\x86\xc1\xec?)\xf7h\x877\x15\x9b\xcf\xe7\x03@\x1dxB\xd2'
    b'D\xc6:eDT\x06:ZwT\x16\x15\x14\x86\x99C\xc7\xc1\x89\xa0\ng\xe9H\xb1\x00\xff8\t\xf4\xe8\xad\xba\x17\xc2\xec\xda\x1d\x86\xb7\xddx\xf5cQ\xde\x11{\xadQ:\x14\xe59\xed\x0f\x17\xfb\xfb\xb0\xd0.\x8e'
    b"}\xd4\xeb1%'f4\x8d\xbe\xe8\x1b\xe1\x92m\xe6\xe3A\x99m_\x10\xecY\xaa4|\xc7\x12#\xff\xec\x9f\xffl\xeeU\xebkK\xf9~\x16\xef\x9fy\x9ck_\x03y\xd3\xbf\x92\xab\x88\x8e\x02\xe9 \xdb.\x04\xb7"
    b"C\x1c\x9a=R\x91\xd7\x9d\xbc#\x81\xb6\x1b?\\\xe5\x83\x8eRg\x04\x1c\xc4\x9bU\xa2\xca\x1d\x0f\xb1\xe5\xf8z'\x87\xb3\xdcc\xa7N\x1b\xb3\xd2\xc8\x84\xe82_\x91\x02\x87\x92\x8d\xb4\xb3\xdc\xe3\xdaL\x17wXB\xbd"
    b'Eq\x0f\xdd.L\xd7#:W\x98\x8f\xad\x98\xb6\xae\x020\xcc\x925\\\xd8 m\xa6\xa4y\xf5x\xdc(\xb0\xd7\x82q%V\x15\xba\xf7\xb6\xcc\x8a\x0e+\xeaJ\xd8\xc1>\xc8e]6D\xa9Toq\x19G\x0b\xa0'
    b'\xa7\xdd\x8d\x98\xb6\xec\xda\xe6\x17)\xf0\xd8\xc8\xf5%9\x9aX\xac\xc6UYf*A&\xb0\xd5\xc8\xccq\x87\x0c\xa4\xbc\x12\xc2m(Z\xcf\x1a{b\x99I\xf9\xf2"\xecD)``s\xef"r\xa2\xb0z\x8b\xbc\xa2'
    b'V\x8c$\xc2"\xb6A"6\xa5\x95\x08\x93(\x93\x92\xa7\xb25h\xa4\x96\xa9\x97\x88\xa78\xf3\xc2\x9b]0;GA\xd8\x90\xe9a\xd1z\x82,\x85\x89\xa9\xb7\xc2\xb2\xd2\n^\xad\x01\x94u\x1cg!\xf9\x07U\x12\xab'
    b'I\xfe\x1c\xeb\xda5\x96\x06b~\x98\xc6\x8c^\xcb\x94\xe4\xefH\x1a"a\xb1\n.J\xd8B+\xfd\xd5\xf3\xc74\n\xb7g\x8fyK\xf1CGX\xcf\x8bf#*y\xd8\xf2I\xcb\x06"\xba?\x15\x83\x9a\xdf#\xdd'
    b'\xc9\xba\t!\xce\x96\xabkKj\x93\x94\xc2\xd9c]\x95\xdc\xf2Y\xae\x85\xaem\x99\xcfZ\xa6\x93F?\xdb\xb3\xe2\xe5\x15\xd5\xd3\x844\xc7\xcb\xdb\xbau\xac\xeb;\xfb\x07g\xc1\xe9\x0b<8/O\xbc \xf0\x96\x93\xe9'
    b"J\x90y%\x81\xbdDp\x06f'\xc8c\xab3\xcb\xde\x14=\xa8\xcexyU\x87\xd3\xfdU\x95*\xa5I\x8bQ\xdd\xd1\x80\x8eX:\x02\xfb\x17\xc0>\xcc \x91\xa7+\x01d\x88G\x0b\xc7%\xea\x0c3\xed\x10r\xbe"
    b'\x8d\xb3\x1c\xcb>\xb7E\x9b\xde#\xcd\x8aS~4\x84\xb9\\I\xe2rX\xf8\xb2\xd4\x14Xw\xf3\xee\xc5\x80%}\x9dT\x02\x8d\xb3\xec;\xdf\xc0\x9av>\x0ca^#zXK\x05\xceP\x81LI\x125l\xaej'
    b"\x03I\xaf5=\x12c\xacq\xa9\xc8\xf6\xb5\xa2\xb5O\x02\xfb\x87n\xf5\xe9\xcc\x1a\xde\xa1^\xc8\x92g3Y/|_\x1d\x13\xe0q_c\x97\xa3A\x83\xe2|\x9b\n\xe2\xcd\xe2\xf4\xeaJ\x08\xb6\xffV{\xde\xbd0'"
    b"BF\x80]0X\xca\x97P\xce\xd7\xe8\x15\xc3\xce\x89\xb7\xc8\x92\xb9\xfb.ex\x00w\xd4\x14+\xc2\x1cwcM\xf3\x9a\xa8\xb2\x1e'\x02%#H\x04\xc6\xd6\x8dO#\xc6CT\x05\xa4\x0f\xecz\xfeE\xacI\xf1z"
    b'FP\x07\x9cO\'N\x93\x865\xb70C\xb5\xa8CM\x93\x1a\xaa\x83E\xc8\x80\x18a\x96\n]\x84\xe5`\xe0\xda\xcb\xc0[\x95\xab\x94\xbf\x87\xc1=\xd1wB\xfb\xa0\xee\x93\x08;[\x9d\x905\x10v"\x8eR\xd9!'
    b'\x19\x7f\n\xc1\xdc\xfeu\xfb\xd7\x9d\xf1\x0e\x031}j\x017W\xb8{S=\xfd\x8b\xa6\xb1SS\x8d\xf9g\x99+\xfby\x1bJ \xabO\xbc2\xbd\xb9\xae\x041FO\xb1\xda\x16\x96\xcf\xc3)jGI\xc4[\xd7\x96'
    b'j\x81\xae\xb4\xb9\xb4p\xdc_B{\xbb\xfe\x95\xa0\x90l\xf8G\xf9\x84\xe9S_`\xcd~\xd1\xd7Y\xf5\x81e:T\xd0\x94\xe6\xb6\xc9\xf5Z\xceS{c`\xe0\x1fY\x9fh\xb6\xda\xe87\x92\xc5\xb5N\x9b|\xe8Y'
    b'\xc4\xe9\xd5\xf8g\x14l,\x91\x1bZ\xbd%\x94O\xcd\x88\x87\xc5\x95\x10jDdP\x80\xbdK\xd7\x12%\xe3B\xee\x1d\x96{\x1f\x025\xec\xc67|"\xb7\x9d\xd7\xfb\xc5\xf7\xeb\x16"/\x0e\x81\xdf\xd5Vc\xc98\xb6'
    b"\x1a\x1b\xbe'B\\\xf3\xd5:\xbc\x82n\xae\x84\x14o\x19\x10kU\xa7JM\x91\xc0!\xd1\xb8\xb0\xa9\xd0)\x1f R\x8d3,zX^e\xd1-F\xed\x0e\t\x0b\xb2\xbeT\xfc\xb4=Ym(*2\x7f\xf4>\x8f"
    b'\x86z\x89\xef\xa2f[\xd5\xd3\xa7\x9d\xcf\x0eT7\x1fC8\x11\xde\xb0tgp\x10]\xc2\xfbs\x9eT\xb4\xe2\x18U\xa9\x97\xd9\x8aY\xd6\xab\x85z\x85\xeb\xf5n\xbe\xe6\xe2\xf3\x05\x7f\x00\xfa\x12\x84\xc94\xf2/\xb8}'
    b't,\n\r\xa8\x83\x12\x0c/\xaa\x95r\x81\xf3\xf3\x15\xc2\xac\x02\xaf\x92\xcc\xd6\xde\x11"\xc6)\xcc\x19\xb1\x85\x01 \xea=\x90\xce\xa6\xfb\x86F\xc2G\x7fLD\xf2\x86\xda\x8fz\x9f\xe7r\xa3]\xeb\xc7\xc6\xfdSvo'
    b" \xaf\xea\xd6y>\xac\xb9o\xdc\x88\x97\xe1\x90\x16\x0c\x86\xcc8\x9f\xb5\x98T\x9d{KC'\xe9u_\xc5E\xa2e\x0b\xe54\xad\xe9P\xea\xb7K\xb6Qe\xfdS\xe2\xc3\xd0C'\xc5d\xca\x0eV\xad\xa2\xaaJ\x99"
    b"\x1d\xb0\xa6\x85\xfaI\x1a\x89\xc6k\xe3]4\xc4YOs11\xbe\x88/\xe0\x94\x0b\xa0\x0c\xeb\x054b\xee\xbeE\xb6w\xbc\xe6\xaf\xf8.\xd2\x04{m\x0f\xa2\x0e\x90\x95'\x02nB\xc7c\xad\x80\x93\x07\xc5VN\xe7"
    b'\xad:#\xd15_\x07\xdfQ\x1f1nL,\xdcR}\xfd\x8f;\xdb`\xfe\xb7[\xac$;\xfd\xe8\x05P3\x86lw\xf5\xef.\xbf\xdd\xf1\xbb\xa6\xbb-\xea\xe18A\xbawq\xfb\x88\x81\x99\x90$\xbd\x18\x00\x92t'
    b'\xc7\xe3\x8e\x0f\x90\xd6\xc0w \x98P\xf5\x96A\xea\xeetmc\xfeb\x84\xc6\xc7!\xf3\xb8"\x14\xe27\xb7=\xaa\xb1\x1e\x81j\xb5,\x18k$\x8a\x0fc\xe9to#:\x0c\x8e\x87\x03\xba\xfc\xd1\xbf\xaf\x10\xe3;?'
    b"\x1f\x18\xd9\x89\x95''M\xf5\xca\xa4em6\x15\xa7g\xdb\x7ftt\xc6\xfe\xe6\xe7\xd7\x04\x90p\xc6\r\t\x0b<\xbb\xa2\x01\xc9\xa8\xd9\x02L\\Z\x08Z`p\x13\xb4\xfb)\xd8\xf1N\xa4\xa8i\xc3}x\xedj\xf6"
    b"6\xdbT\xe2kJ\x13|\xd7A\xde<\x15\xe0\x89*\x99,'n>\xf4 \x0fR6d\x9c\xd5t\xac\x11\r\x1d+W\xa8\x82*\xdfj{\xd6\x80 H<\xacw\xa6\xe5,\xfbB\xf5J\xdd\x94D'\x15\x9f>\xf5"
    b'b\x0bs\x0e\x83 \xbeS\xb6tCQ\x88\xb5@c\x91\xa2\x06:\xac\x9f\x11iG\xbb3\x13\xca\x1f\xe9-\xdf\xf9I\x8e\xb5sR\xff`\xed",b\x8bn\xc9\xbf\x84[\x89\xcac>\xea\xbb>\xf0A\x94\x12\xf4T'
    b'\xff\xf4\xec\xc9\xf7\xcf\xde\x84\xd3\xc9rr2\x7f\x9dK\n\xaf\xf0\xaf?\x9b\xd2\x81t\xac\xe5\xa7\xfb\x04\xd9\xe4;\xaf\x12\xa6\x959\x01\x9e\x05\xa6XM\x07\xf5\x10Wv\xac\xce\x027E\x10\xf7\xc4D_:\x06\xf4\x93s'
    b"\xb3\xcc\x040\xb2*\xbdH\xaa\xc3)bT\x84%\xcasJ4\xd0\x88\xca\x18\xe3*l\x8d\x06\xa3\xa1\xfb\x16N\xaa\xf1\x0f\t\xb5hRV{\xcb\xe9\xb1d@g\xbb8\x11\xe1\xfa\x1bZ\x0e'\x04\x8a\x10N(\x9a\xee"
    b'-\x8f\x92\x84\xbc\x89\xa5\xefH\xb2X`\xa6N\xe6\x1f\xe6\xc01#,\xf9\xcf\xcf^=\x7f\xf5\xe3\xfb\x17\xaf_\xffG\xc2\xc1\x0b\xed\x10cS5\xf4\xd7\xf2\xac\xb2\xe2#o\t\xd1\xce\xf6\x14\xb6)A\x19\xe2\xe6\xec\x1c'
    b'\x9e\x941\x0b\xfd\x001D\x8b\xfd\x8f\xd0\x8a\x04.p7:e\xa2\xe67\xf2$\x06|h>\x0bh\xb5\x0ef\xc2\xadI\xce\x0cF\xefJfV\xfbFE\xea\x03\x86\xe5\x9e]\xc3(\xde\x9a\xe2H~\x98\x12(Y@'
    b'\xba\xfa1P\x85ov6\xa8Z\xfa]%\xed\xb0\xb9\x9e\xca\x8aa\\e\xd7"\xc6\xbao\x8b\xb0\x91)0\xc3%+\xc8+\xe1:\x00H\x1d\xb2\xc0\xbd\\\xcc\x17\xe6\x91E\n\x19\x96$\x10\xe0\xee_\xca;w\xe0\xbc'
    b'\xf0\x97\xb2\x90\x7f\xef\x14\xf7\xe4\xdf\xbd=\xf9\xf7\xbe\xfc[\xdc\x91\x7fQ~\x07U(\xc5\x19;q\xc1\xb2?\xa58\xb6\xda\xd5\xbd-%2P\xd9\xb1M7\xd4E\xe5d\x0b\x17d\x98\xa8\xe3\xdeh8\xba\x17\x06>|'
    b' \x15\xd6\xf1a\xbba\tW\xbe\xf4\xe6\x00\x13\xc5V\xc5\xf9\x13\xbd,f\x0c\xf6\xfa\x84>BY\x12y\xc7\x96\xd2\n\x19\xa9\x07\xee\xd9Q\x19J\xcc\xf7\xce\x10\xed\xa5\xa8\xd6r.\r\xebz\x7fVH\xa8\xf7\\\xce\xd6'
    b"\xee\xc9\xb2\xd2\xc4|a\xd7\xef3\xd0@\xd2}\xa8\xe97\xd4z4\x9dLf%w\x94\\,\x13\x8d\xd5\xe0~\xed\x14\x10}\x9d\x02':\xb9\x80i?]\xc4|c\x88\x12)f\xe55GWJ\xeb\xaf\x8c:\xbe\xd0"
    b"^\xf6tBl2(qS^\xeaq\x96\xc3\x04\xdf\xd3y\xa0#Q\xd8\x06V!#\x15!\x91\xfd UQ\xc0Jo'\xe5\x8a\xd7\xddV\xe7^\xfeB\xa7:\x93;\xd7/\x12\x99\x8a\x99\xa4\xa4\x0c[G\xfell"
    b'\x9c\xfb\x83\xce\xe6\xf0^\xdc7\xb0\xd9K\xa7X(\x1fk\xd3=\xa3\xabQ\xc9[\xa3\xe1=\x97\xd3\xd3\x88\xf8\x96b%\x0f\xf5A*Ad\x90-+X\x87nG\xa6c\xce\xe7~8\xe7\xcb^\xad\xd4\xed\xce\xa6\xc3\xe7'
    b'\xb3;\x9e\xee\xbc\x81\xd0\xa7\x19\xd1\xaf"$\x12\xda\xec\xcb\x18\x85\x14n-\xe1\x9b\xa0\xa3\xdcIj\xb0Z{\x8f|\x8aA\xc7w\\\xdc`\xad\x92[-\xcdc\x93\xb6:\xbd\xc8Z\xa1\xe4\xf1aQ\x95\x9c\xdd\xbeW\xc7'
    b'\x1f\x10I;o\x10\xf5\x0f:\xed\xcdz\xdbF\xf86\x9a\xed/\x18M(\xd6\x17\xa2C$\xbb\x0c\x988\x97\tUm\x94\xf6))\xc9\x15w\xe9\x05\xe4\xce\xad\xd2U\xb7o\x8d\xec]\xb0\x95\xf3\xad\xbb\xa3\xa38\xf7\x17'
    b'K$X\xe2\xd8\x15\x03\xde\xc5U!0$D\xdc4<[\x18\x93\xc2]Gh\xd2\t\xae\xcb\xca]\x93\xe1\xe7{|q\xc5+-\xbb\xb4.\xbc\xd7\x18\xbb\xee\xee5\xfd\xa9$D\xbc\x8c?\xf9~\xb3\x7f\xcb\xfc\xdf;'
    b'{\xf7\xf2\x7f\xc3}\xf7\x85\xef7\x9b\xa7\x0eA\x17~+f\\\xba\xe5\xa6\x90\xd4M\xdcq\x9b\xb6\xda-\xb7\x1cF\xcf/\xea\xc4\xf8N\xb8\xf06\x8d\x1a\xff\xeb\xae\xbc\xb7{@\x14\\\xf2\x96y\x8a\x93,H\x9c\x19@'
    b'\x80\x86\xb8\xc8\x0bAt\x8dV!\x84\xa6M\x19\x9d\x16\xc4\x91\xd3\xd9\xd9\x002V\x10J\t\x0b\x90\x9c\xdd\xc0I-\xa7U\x19\x11\r\xc2\xe2\xce\x06\x96\xae\x0c\x1f\x08\x10\t=0Q\xb0"N\xae\xd4\x89[\x92\xcd\x86i'
    b'\x98\xcd\xd4\xd94\xf2\xaf\xec\x95\xa04/\xe6\xc2\xa3\xa2r\xbb\xb1\xdf-\x0bq!\xd5\x92\xe2\xd4\x8cn\n\xea\xb7\xc3\xd9\xa5\xca\x8d\x98\xec\xb8\xf6\x05\xf1\x19\x07\x06\xd1x\xfb\xf0\x8d\x9ejCc\x9b6\xb0\x97\xd0\xdc\xc1\xc1'
    b"\x8d\xa3\xa9\xc2A;~\x0fy}6<>\xa3o\xecTc\xfa8\xbb`,\x90\x010<\xa2\x8d\xeddNGk\xf4\x8c\x11\xa8v\x829W\xd3z}\xe1k\xf0Qd?\x8e\x97\x8b\xe3P\x11s'K\x026\xb2\xda"
    b'\xab\x93y\xa9\xa9&dnI\x8f,\x88\x13G\x7f\xaa]\x85,\xfc\x11\x8eghJ]\xbd\x0b\x19g\x15GGy\x8d=\x16\xdd\xc0Lr[\x88\x8d\x87a\xa1L\xc2\x02\x93}\xa5\xd1\xb5\x9ce*\x1ew\t\x8e\x8d\r'
    b'\t\x11f?b\xe6p\xf210YU\x1a\x9c?R\xf9.(\xb0\x8aa\xc3\x0ekF\xbc\x94T09\x9dE_\xbbB\xc8P\xc4^\xb6\xc9\xdb\xb8\xf7W\x94\t\xcbGd\x1cz!"z\x96\xbd\xd5\x10L\x04\xf2\xef'
    b"\xe9\xca\x08\x01\x87\x17<\xe6y\xb3\x02\x14\xa5L\xdf\xc6@Iqx~\x17\x8f''\xab\xb3\xf0\xf7\xbd\xe8\x0com\x16\x9d\x7f\x9c\xc0w\x9d\xbdW\xab\xb7\xd4\x1b\xbe\x8a =\xacU\xf3\x19\xbe}\xf6\xfe\xf5\x0f\xef\xbf\xff"
    b'\xe5\xd9\x8b\x17\x84~\xdf\xb8\xf70{\xf3\xc3\x8b\'o\x7f\xe2\x9b\xcd{^\xc1"\xe6\x9d\xe7\xf3\x9ehy>\x94\xe1\xec\xd1;\xf44t%\xa9\n\xf7\xd5\xf9\x89\xfa\x1e\xc1\x17\x9c\x97\xa7\x9d7\xe5\xc1\xb3\x8f\xc7PW\t'
    b"B<\x88\xdbV\xef\xd6\xe3\xed_\x7f\x9d\x0cwn\xf6U?\xaf4E*Q_\xf8b\xb7\xea\xa9\xc1\x86\xcf\x017\x08)96^\x0bZ\x08O\x90\x89\xc2\x14\x80>\x92'\xda\x80\x80x?\x00\x15\x8djBV\x92\xe9"
    b"y\xb8'\x07\xb2Z\xaaQ\x92g\x91Y\xe5Y\xefJB\x93P\xa8\xe5\xb9\xd8\x87\xf9\x15\xd4\n\xd4\xa1J\x1dJ1\x1f\xbaj?\x8d\x99\x8daE\xb1\xf6Z\xe1\xb0]\xea\xd8\xa2\tD6:~q\xbfm\xd5W\xb7\xcb"
    b'\xe7\xddA4\x88\x19\xae\xa60\xa5\x8d\xe2\xf2"\x94\xdf\xcc\xca\xeb1k\x96\x97\x17\x8d\xfa\'\xa7\xe2u\xb7\xd9\xf9\xca\xbe\xbd\x1d\x96\x82}\xfc*\xb3\xe0\xb9@\x88:\x96)w^4\xec\x92\xd8oms\x97\xdd\x06\xfa3'
    b'\x7f\xf3\x0e\xd5\x8d\x92\x1f\x89\xaf\xa4\x13\xe4\x87\xfey\x05O\xf8\x0c\xf3\x84\x0c\xd8F8\xa5\xf1f\xcd\xbc\xdf3\xe0Xn\x191rh\xe4{\xcb\xea\n7z\xd9"\x9aLS\x9fe\xa1!]l\x85\xbb\xfd0\xb2\xb0#'
    b'\xc2|^\xbe\xd4\x7fp"\x85\x82|%\xdd\xfa\x03\x13\x19%\xf8\x96\xa94\xc4\x0b\x9bD\xb8[\xf2\x0c\xea!\xd2s\xfbD\xf9nyG\xe6&\x1d\xd7\xcf:on\xd9\xe2\x9f-\x07\xcf3?\xa9\xc5\xcf\x10\x03\xea\xedq'
    b"D\x976\x98q\xed\xca<\x00R\xcds\xd4\xa8-\xf1\xf1\xaf\xe7\x92mu\x7f\x9f\xe8\xfcZ\xf3l\xaawkB\x8f\x10=D\x89\x84\xe1\x91\x99'x\xcf\xb0\xf3#\xa0J\xc2\xa5\x1b\xae\x9cb\xa6\xb2J%\x802\n\xfd"
    b'\xe3\xb5hG\xd4Y\xd0\x9c\xc8(\x1e\xad4*&\x96\x07\xbb\xef\xf9\x15\x8c!egt_~\r\xff\xa7\xea\xfb`\xe4\xf0\x88<TO\x04\x9ed\x17\x94M\x14\xf8\xdc;\xca\x1eC\xe7\x90\x7f\xf8}\xb8V\xebZ\x0b;'
    b"\xc5\x98\xd6olV\x11\xb9r5A\xe5;\x18\xa4\x0f\xd7\xc9(\x04=J\xc2I\x98t\x18\x02\xd7i\xdc\xf8+\x13H\xf6\xf77'\x1b\x05e\x8d\r\xfe\x87\x7f~\xc6\xd3/*\xa5db\xa9,Y\x12K\x1b+T\x97"
    b'Q\xc0\xdb\xa4\x92iI\xfeuB\xc9\x0ba\x03W\x1a\x9a\x88\xf0\x14A\xad\r\xc4/\xac&\x83\x11\x8bU`\xb2\x80\xbb\xdb\t\x1cmy\x04\xed\xed\x01p`\x8e\x8a\xe5?N\xca\xb2~\x18\xde\x9f\x06\x06\x97\x96[\xf8\x18'
    b'8\xad\x9e0\xf7\xe1D\x11hV\xe4\x84\x958*\x12?EC\xc0D\x1b(\xccm\xe0\xae\xf5\xe9\xf4\xe3\xea\xd0\xb2"\x97\xca\xf1\xf1<2\x1d\x07c\xfc!\'\x91\x0b\x9ez\xe3\xae\xf6\xf2\xc7p\x91\\\xa2\xa4\x0b7\xd7'
    b'}\xaf\xa4\xbb\xaa|\xae\xd4\xa4m\xd3\xbf\x94\xc6\x9dL.b\x81\x97\xca\xef}\xc2\x11\xd8\xdb\xfc\xba\xb1\xad\xb3\x1d~\xb5\x02\x9f~\x04\x92\x9e\xa9>\x9f\x0f\xafzDN\x8b\xe5\xd1\xd8m\x91\xa6\xfe\x06\x9a\xe8\xf5\xfa\x1b\xe1'
    b'{X\x1e=\xb9\xe9\xcfO`g7\xc2\xfd\x0e5\xd5\x1f9;W\xec\xfe\xa7\xf6\xbc\xde\xcd\xfa\x14j\x9f\xe3\xa1|\x037CS^\xab\xd2\xfa`Y2y\x0b~\t\xe2\x0eT\xdf\x8a\xa2\x16d\xcc\x9f\xcb\xb0K\x8b\x94'
    b'\x08\x9c\xf1f\xe2\xa3\xb8O\xa8\x18\x95"\x05\x12M\xbe6\xcdl\xcav~\x16n\xa2\xb3\x85x\x19"\x07\xc9\x8c\x02n\xb5\n\x92\xf3\xa4X~\x10\x99\xdf\xd41\x95\x80\x00\x81V\x143\x11!\x0f\xe6\xc5\x0c\xa9\x19\xa3\xc4'
    b'\\\r\xd4\x02\xbfWR\xa9n\xc0\x8f\xf0\x95\xb9\xe2\xf9\xaa\x8f,\x1c\xb5\xfa1\x0bR\xc7\xfe\xfetO\xb3\xe3\xc5\xc3\xf6C`\xd3\xd2\x05\xa3a\xf5\x17\x1d\xafQ\xf8\x8f\x9e\x93\xaf\x1f\xe8\x9f\xa3\xd1d\xf3\xc1\xde\x05g\xaa'
    b'\xf9\xe7\xe7\x1d/\xda\x1c\x08\xbdo\xda\xad\xbbv{\xbb<mG\x84\x8e\xcb5\xe9I\xab}\xc7\x95]\nLkk\xd1;Y\x06(2+\xd0\x9aw\x97d\x87\xbbi\xf8:\xfa\x9d\xd4\x84\xcf\xa2r\x15\xcd;\xcbg\x9a'
    b"n\x9c\x04mT\x8d\xbf\x83\xf6,\x86\xdd@\xe1\xab\xb2i\xd92*\xdd\xfa\rV\x96\xbb\xe1\xbdi\xd1&\xef\xeb\n\xc4\rHY\x9c\xef5\xed\xe2#\x1e\xb5\xc6\xa7\x97}\xc9s\xfa\xe9\r\xb67v'~\xe5\x0c\x12X"
    b"\xd7\xab\xe8\xecQ\xaeEi\xdfP\xd7{R\x89#\x92lt4i\x8b\xea.&\xf9\x01Kl\x80[P\xdd\rDg\xa5\x16k\x12\x80\xeaF\x07'O\\m*\xae\xa1\xe9*\xa9?#\xa9\x981\xed\xba(7\x97\x80"
    b"\xc52o0:\xd2\x1f[6\x9fA\xf4\xc1\xe9\x1c\x16\x12\x03!\x15%]\xa2\xe8\xe4H\x1d\x04\x9eM\x94\xef\xd4\xec\xbc}\xf6\xee\x1dL\xe0\xaf\x9e\xbc|\xf6\x16\xce4\xd1@\xcc\xbb\x18\x9e'\xd8\xe5\xbf\x84\xeb(\x7f\xf2"
    b"4\xec\xda@*\xf9\xf49\xdcU\xab\xe9\xea\xac\xbb&7y\x93D\x19\xf1\t\xf2\x88\xd0\xb5\x16G\x8d\x98'\x13\x8b\x9aut\x9b\x01{\x02&\xd5\x89\x89#C\xf7\xd7\x95J\x8e\x0cO\x12\x11V\xf4O\x81D\xd7\xa9\x92"
    b'\xd5\xacD\xec\x88\x98j\xe4\xc7tB\xab2\\MsI\xbff\xf8\x1d\x02u\x8eU\x83g\x17\x17a\xa5d?6\xc7\rp\x16}\xd2S\x9a^\xed\x86I7\xc2\xf6\xcd\rS;s-P\xb7\x03Q\xaf\x9aK\xddB'
    b',\x88\x82\xb3\xf6,vW\xfd\xef\x95\xbd\x94\x00\x0c\x89\x1b\x8d\xbeE\x16{\xa1N\xf32v\xf4\xe8t\xc1l\x01\x037F\xd9-\xcf\x7f|\xf5\xe4\xc5\xfbw\xcf_\x86I\xe6v\t\xabS\xbb\\\xc2MA2\x19\xcfj'
    b'W\x92\xd9w\xc5\xa8\x00\x1er\xb4\xd3\xbeO\xe4\xbb\xfc\xa4\xeb\xd7\xe9\xa6\xef\xb2\x8e\xc0Hn\xac\xaf&\xa71\xa8\xe2G<\xb9R\x17\x9a\xcd?\xd1f\xefX\xb3\xfc\xb6mO\xaf\x1d\xf9\x83\x8b[e\xc3T\x89\x84z\xb2'
    b'\xcf\x7f\xd0\x87]\xb2\xde\xa1\xf9\xcd\x0b\xebX?\xf0\xcd\xd1\x15\xbap\x95\xb1_;w\xc6=\xdd\x90\x8aK\x1f}\x8a\xd7l\xd0A\x8c\xd8!*\xa6\xd0%\xeer\xa0s\xc8\x01\x13[\n3\t\xd0\x1d\x88y1\x02\xcf#'
    b'*j\x05\x95z\xc5x\x19\x8d;\x8a\x14\x03\x8eAo\xa5\x80\xe1Q\r\x84\xc6\xba(i\xcd\xc7c\xd5h\xc8@\xaaT\x7f\xd0}=\x88U\x19\xf7\xcb\xba\x0cBh\x7f\x1a\x8e\xf5\xccJdu\x1c\x8a\x13\xec\xb9w\xb3\xd4'
    b'\xe1\xa8U\x81\xae\xbe\x82\xa6-3\xe8rl\xc9\xe4\xe9\x91v\xb9\xa4\xf8\xef\x8b\xe9\x8a\x84q@\xb06\xfa[ZP8aM\x11\x0fw\x94\xe9\xb5\xfd\xac\xc87p\xb4\xd5\xbf\x10\xb7\xf2\xf2\xf9\xf7\xdf\xbf\x08\xe7\xb9\xf3\xd8'
    b"\x9eJ@\xdb\xa0%p\xc2\xe1\xdc^\xad'\xe6(\xe8\xb5\xf0B\xf0\x02\x0f+\xe4(\xa6\xba\xc5\xfaH\xfa\x0f7\x9bp\n\x8e\xbf\x0c\xb0\xd9\x1c\xf0P:\x14\x08\xffH\xeaV\x0c\x07^\x85am\xca\x98\xfe%\xbevF"
    b'\x84\x9c\x90)\xb6Y\xc3\x9b\xbc\x05\x8f\x0c\xa8\x7f\xf0\xbb@"[\x01\x01\xdc\xde\xdc\xe1\xf0<\xc4Z^\xfd\xc5\xb8v\xad\x81\xea\x1a\xe6\x13\xe7\xe4\x85\xb9f\xe2Fs\xe6\x01\xff\xfb\xd3t\x87Vi[\xc9\x0b\x95\xca\xedS'
    b'\xb7\xce\x97>\xd2\x9a\x99(b3\xbdq\xc3\xf8c3\x0c\x03\x90Z\x7f\xba\xfd\xc1\x85\xda\xe1\xe6\x87\xcc\xe4\x94o1}\x9d\xcc\x01\xe7m\xfa\xec\x9a>\xde8\x06D\x0b\xd0\x0bK\x18=\x80PV\x86\xaf\x01\xc9\x91\\\x9e'
    b'\xd8\xd7 3*\xe3\xeep5p\xce\x7f\x0e<j \x86\xf0\x84X\x88\'\x84"\xdf_\xf3\x82\x1cZ\xea\xf6\xa3\xadH?\xea>l+\x94\xf9=9W\xc2\x1br\xa1\x83c\x0b\x7f\n\xc3f\x06h\xb5\x8c(\xf6\x11"'
    b'_c*!\xe8\x1b\xa6\xf3(\xe9\xc2@\t\xff\xee\x85\x89\xc5\x92\x1c\xad0\xa0\xe3\xc8+\x98\xfa\xca\x0c\xe5j\xf5D\x061\xfa-\x86\xe1Vbo\x84\xd3\xa7U/1\nj\x94\x9dM\x01\x9d\xd9a\xac5=\x9d<\xaf'
    b'\x83\x1aO\xa7\xc4\xa3t\xc4\x90\xa3z\x83\xb0"\x01\x8a\xce\xc1\xf8\x03\xeb<N\x16\xa1p\xeb9E\x96d\xfe\x84\xbd\xe3>\xc4\xe4\xc3\xd0\xa1K\xcbn\xf6\x15\xc2\xbd\xd6\x81\x17\x9c\xce\x9e\x92\xbbt\xc8|\xc6\xeefW\x1d'
    b'\x19\x92\x0c\xd3\xf0\xba\xcf\x9c0\xb8\xfe_u4\x015\xba\xd8\xb9\x95\xca6\xf0\x01\xd9\xc2[L\xb4\x1e\xe6\x8b{\xa1\xf2\xee\x9a\xce\xd4[\x83\xd2\xaen\xffLn\xaca\xd7\xe8\xd4\xcb\xa3\xcf\xa3E\x17zo\xaeQ\x85]'
    b'\xe2\xc2\xe9ta\xd9Z\xf9\xc1g>\x9d\x0f\xdd \xd2\xd1rs\xcb\xa4"P\xdc~\xb1!\x9a\xb8\xbf\xb7X\xcc\xc6\x9d\xe3\x93 Z\xae\x19\xec\x06\xb9\xaf/8R\x0ed\xcd0\xcf[\xdd\x853\xfb\x10\xc5\xc1h\x1e2'
    b'Q\xf0\x06A\x9dD\x12\xf4\xeal\xaa\xd8\x80_\x81\xccpt\x18\xc7\x01\xd7\x14\x80"v\xed\x92b\x84\xebH\xd3u\x04\x82A\xff\x9a\x94j(\xc9K\xdf\xa5\xb2\xd3\xc45\t\xce8(1\x9a\x95\xfa\x84\xfe\x0e\xa9f\x97'
    b'\x8c\xd9\x95\xe6\xd2\x9d\x94A"\xf3[zO\xc7`\xf0\xc8\xf2\xeb\xcb\xaf\xf5\xfe\xfe\xbdb4\x1a\xdb|\xbc\x97\xf4|\xd3#\x0c\'[\xf1\xcc\xbe\xd9Xt\x19\xdf\xfbp\xc9\xd5\xb6I8\x18\x9b\xde=\xd5\n\x16\x1f}\xc1'
    b'\xbb(\xb8vG\x85\xee\xd4k\x1e=hV\xcdby\xbdwX\xca\x0ee\xab\x9b`\xd4\x1b\xc8\xf6\x01|\xb2G\x81\xde\x16\xc4\xdb\x91\xa4G\xcb3\x12\xc3\xa0\x1f\xea\xcc>\x01V\x93rO\xde\x9b\xff\xe15\xb0\x87\xcd\xa4'
    b'\xc6\x81Y\xcc\xbd\xfc\x99&\x8d\xcb\xc7\xc2\xad=iV\xa3=\xa9}\xe4\xfa\xd2l\x044\xb4%\xd3\xd0*\x851|\xe1lCO4\x9f\x07\x1d\x81\x00\x9b<\x9bjV/M\xdf1&f\xb4\xc0\xb0Y"\x1c\r\xd3\x88'
    b'\xd8\xd2\xaa\x15\x11>_\x1d\xb7\xf0\xd5\xb1\x01\xbfE\x8e@BR\x88\xab\x8a#\xf7\x8bj\xc0\x90\x0c\x84.\xe3\x87\x85B\xc2k\x12\x84\x98\xde\xfdF%\x8c\x13\xab\xd6\xd4\xed\xe6@\xc6\xb3\r\xa7\xbbC\xf9\t\xd7\xb2%\xa1'
    b'\x1f\xc2\xb7\xc6a\x89\x1e_#W\xe5l\xab; \xfd\xc8\x94\x7f\xe1w\x04\xb7\x06\xcf1c\xecd\x16\xd8r\xa3\xb2\xbc 6u\xa0MK\xd5\xed\x19\x99\x89\xed\t\xea\xa8(\x86\x81\xc9/y\xe4M\xbe\xd5\x1ac>\x01'
    b'Q\xdciE\xcb2G\xea\x96(\x97]qd\x14\x98\xc9b2A\xbe\xf0\xa5\x02\x17M\\\xb8fD\xf7\x16`\x94\xa1_k\x82\xef\xbb\x98\x19\xe4\x07\xc1\xf2;\xf2j\xb3\x05\x91T\x01\xf8+\xe3\x0b\xa7s\xc9\xaaD\x07'
    b'\xb9\xb9\x0c~`\x04\xd8\xd5{\xc3/\x90M^\x1c\xa7N\x93\x84\x92\xb25\x05\n\x94m\x1e\x97k\x1a\xa6\xaa\\\x1eA\x8cV\xed\xd2\xbb7\xcf\x7f~\x1bO\x8f\xaeF\r9\x19\x0f\x1d\x92G\x1a\xd8\x9640\xf4\x8f\xbc'
    b"8\x18\xc4[\xc6\x88\x8e\x1b\xe5\x1c\x0f\xf4\xfbtb\xefEr\x10\xfb\x89\x7f\xc28z{\xc4\x1f\xf08\x02\xa8\xaf>*\xa18\xe3\xdc!\xf6\xd2K/\\{+'Iw\x06n\x08c\xf7\xf7\x80\xf8\xc2\xd9\x13W\xd1\xde"
    b'"\x1c\x13\\-VY|0\x90\xf9\xb5\xe72\xd9\x8c\x044\x89\xc6\xe1J\x87\x12\x80\xe8_d\xe1\xbc\x04X\xd7\xc7:dj\xbd-\x03\x80f\xdb\xd9\xa2}\xc8\x9eM!\xaf\xe0\x83\xe9\xc4\x1eqj\xf4)\xff\x8e/J'
    b'b.\xf0y)\xf8\x0ex,GM\x9e\xf3o{\xb1Rd;\xbc\x90\xe4>\xfa"[|\xe2\xe8\xe6Kz\x82\x84\xd8\x13\xfb\xd4\xb0\xa8\xf18N\x97\xbe\x8b\xbfc\x9b\x9c7m\x13\x7f{>\xf9d\xee\x93\xf6\xc8t`'
    b"\xda4\xa2\x13s\xc6\x1d \xfb\xcd\xe0\x84\xa7\x96\x92\x04\x8e\xb8\xf3\x85~\xb7{&gq\x9e\xc7[\xe3\x9d\xd3\x048E\xc1)'I\x82\x83\x17/\xf0\xf3iQ\x95\xbd~\xde\xc1OO\x9b\x14\xe3\xb1\xd9\x84Kp Z"
    b'\xb6\xdax\xc3y\xd7<#\xa2\xb4\x0eC\x07~\x0f\xa7\xc1\xd2\xbfJ\x023S.\xf3\xcd*\xb0D\xfb\x03I[\x94\x82\xe5\x08\xb1Q\xd5F\x0fCM\xf8f\xa0o\x9d\x86\x88z\x04\xa1\x15\xcdQ\x1a}\x88.\x90<\x06'
    b'\xd8\x9e[[\xbaSul\xf54\x04\xdaN\x8b*#*\xa8:h\\4M[\xda\xaf\xa8X\xe2\xbeY\xf3.\xcb\xe4\xa0r\xad\xc5\x11\xc6\x1b\x9a\x92\x9a\xda\x18\x92\xbdy\xe2\x80 \xf8\xd2.\xa3]\xa6\xf9i\xee\x9a\x88'
    b'\xb1\xc9\xc9\xcb\x122\x11\xac\xc8e\x97\xe3\x9c\x8c\x9c\x86-\xec\xa88O\r~\xa7\x9e\x13#\xdfp\xb2\x7fn\xb64\x90\xea\xd6\x1c\xe1\n\xdc\x96\x15\x04<\xba\xa6\xf2n\xbe\x00\xb7y\xab\xeb+\x0f\xfd\xbc)\xde\x9d-\xc9'
    b'\xba\xb1A\xbe \x1f\xf5\x1d\xb3\x0c1(\x13!\xa5\xaa\xb4\x86\xa7\xbd\xc5\xb2h\x9eF\xf8\xa8Qr\x11MK!\xd9\xad\t8\xbdT\x85\x8f`\xb8Ng\x06D-\xeb\x1aU\x1d\t\xfe\\\xe0\xfe<\x0e\xab\xf2A\xa6B'
    b'\x91\xb4\x1f\x02\xc6\xf5\xf6\xff\xfd\x11\xda\xa2\xc3\xd5\xeax|\xfb\xf6\xe9\xe9\xe9\xf0\xf4N \xa1\x07\xb77G\xa3\x11\xb0\x82\xbb\x9e\xec\xaf\x8a\x03\xd5\x8a\x15\xab\xd5\xd2\x1d,\xa5\x95\xed\x880\xaf\xde\xf6B3r\x1f62x'
    b'HEkO\x0ek\x06\x8a\xdf\x93Pn\xba{\xb2*{\xf4\x10\xe7g<$u\xf8\x0c\xa1\xd5\xb9\x92\xa3\x98\xbfY\x9cVI\xb1ON\xc5\xdd[\x82\x84$\xf96b\xd27\xa7L\xe6~z\x18\x9e|\xeb\xf7dx\x90'
    b'\xb2\xbf\x89\xd3\xf3b%\xc1bPPzo\x01\xaa\xf6\xd1\xcc6\xca\x0c\xc3_\xa4\x8f\xbd\xda\xa3\xd0\x87\xb31\xab\x19\x02\x1d\x04\xaa(\xfe\xf8h\xca&\xf9\x15\xd3\x8d,N\xa9f\xd9J\xe0\xee\xfah\xa0%]A*g'
    b'\x1c\\\x91=\xcb\x8a\x9e\xb7\xa7\xfd@7\xeb\x9a\xddz\x82\x0c\x0e%f\xbf\xa8\xe9\x99\xb0\xfb\xb3\xdc\x97b\x11\xfc\xff\x9e\x01\xc6)\x08\x93?>\xf9\x19\xee\xd9\xf0\xf2\xf9\xf9\xd9\x9b\xf7o^\xff\x12~\xde\x19\x99\x16\xfb\xd9'
    b"\xf7?\xb2d\x10\xa8\xde=y\x8e\xf8\x82\xfb\x0f\xf3\xb5\xe3\xb0\xf6\xca\xe9\xac'w\xf4\t]\xbc\xb5\xae\xa8\r\x8f\t\xc4\xd3|Y\xe9A\xa3\xf0\xe9\x94{Z\xbf\xf9J\xba\x1b\x08\x89> ]\xfb\n=\x8f\xa8\xc5S\x01"
    b'\x9f\xd5\x82\x18\xd3W\x9dM{\xab\xf3\xcf\xfe~\xa5eoY\xa1P<\x16\xa4\xf2bK\xc6,\xaf\xd0\x93\x87\t\xa1Z(\x82\xa0\xc1\x16\x9ad2\x12\x02\x82\xeeTYv7;\xf5\x08o2\xa4!\x0b2\x91Z\x8d\xfc'
    b"M5-`\xa8\xf6\xa8X\x02\xb7\xc8\x93\x91J\x9d\x04V\xd6\x07u\xea%eZ\x1cK4\xf0b\xb5Z\x1c\xe9H\xde\xbc~\xfd2\x8c\xe4.\xb1\x1cR\x1ea\x1e\x8fi\x96\x99'mb\x89C\x9d\xd6\x16/:\xd3\x84"
    b'b\xd3\xce_\xed\x9d\xf3\xdb\x085\xfc\xb5\xb3\xd9\xd72\xb6\x89\x10^s\x0b\xcf2\xf7\x8c\xdf?\x8eez\xe9*\x03miZ\xb2\xfe\xa0\x13\x8e \xaa\xb3E\xa2\xe7\xe1\x12g1\xfcO\x046L.\x90\x0c\x8b~\xbdO'
    b'0\xa6\xec8\xf8\x1a\xc2\xff\xb3\x8d\xdba\x9d\x13\\=P\xe5\xb7HU\xbb \xb5\x83\xce\xef\n&\x1f\xae\xb2[\x98=\xd1\x96\xf0\xfe\xaa\xff\xe66\xb9)s\x0c5\xf3U<\xe1\xf5SnE\xf7\xe9z+\xc9q\xe0\xcc'
    b'\x90\xca\xfdIu\x1c\x88\xc1\x1b\xc4\xf1\x07\xc1\xe4\xe3\xcb\xe9\xfc\xbf^\x06\xc6\xe8\xa8,W\xdds\xc1\xea\x88ts)\xc92\x97\x9doe\xb3#9Hg\x99S\xcab\xf5F\xb3N/\xb1l\xc2M\xa4\x85\x06\xc4\xa2\x15'
    b'ylK\xc5\xf3(\x0b\x97J\xee\x9e\xcc\xa8\xa4N\xa5?\x86\xa2\xfcb\x1c\xfe\xbc\xe5\x8a\x87\x19\xcea\xc00\xed\xc0\xe9\xef\x0e\xa2\xad\t\x8em/1G\x1f\xe3D\xa7\xf5\x95\xc9\x7fJ\x97b6\xbb\xaeH\x16\x95\xb0\xae'
    b'hdO:\xeb\xda\x93\xc4/ZS\xe0V\x83\xe4\xd8\xa5\xb3\xd1@3\x01\x00\xd1c\xef\x9b\xbd;\xbb\xdf\xc0\xdc\xee\xb3\x03t\xc7\x9d\x8d\xe1\x83\xf3~$\xeaiux\xd4\xb0>\xe1\x0fY!\xfe\x9d\xafO)\xd8v\x96'
    b'\xc5*\xbb\x13eg\xdb\t\xc4\xa5\xd8JNy$o\n\x91\x8cG\xd9\xdf\x98\x1d\xb6"\xeeUve\xc6\x1b\xeb<\x9e\xec\xeb,e.YH\xd62\x9d\x9f\x94\x9f\xb1\xa4\xd6I\xcd\x94&f\xea\x92\xa1\\\xcd\xb9\xc7Y'
    b'\xf6\xc0G\x9d\x17<9v{\xb6\xd6\x81\x03\xbe\xa6\xaeA\xc4^\xbd\xca\xba\r\xb2\xd5\x8e\xabh\xf7\x03\x9dL\x8d\xcd\x18\t\xb8\xd0E\x13\xc1\x19\x18\xe5\x9d\x1aIG9*V8l\xd9\x81\xa3K\xec\xa7\x7fl@\xad}'
    b'^\x062\x83>\x07\n8"%\xf6=\xbe\xd5\xb9\x03\xf53+\x1ew\xee\xc2UQ\x12q\x8c;\xf7C#\x97\xf5u\xf9\x11\x9d\xb9\x1b;\xf3\x97\x07\xfb\x0f\x8a\x07\x1b\xd2\x1fS\n\x91c\x8fpC-\t\x80\xe3\x16\xcf'
    b'\x92\xff6\xd8\xbf\xa9\xbb\xb7v\x05-\xa8>@c\xed\x1c\xcb\xa7C\xc3NJc\x93_\xe8\xfdf\xe8\xfd\xb5+-\xc7\xf2`\xb7\xe8\x8d\x06\xf8\xefpc\xb3\xdf\xb2,\xa3\xe1}\xe3#\xeb+\x81\xfe\xea+\xce\x87\x02\x14'
    b'\xd9\xd3s\xcd.\x91\x04\xd2i\xa5v\x94\xa9$\xc88^L\xe7\x88\x17\x88\xa1\xac*\xac\x04F<E\xae:\xe5\xab\x88,\xd0\x11\xb3b\xe8|\xa3\xcc"+B\x91e\xe8\x9a\xa4(\x85\\\tQQ8\xd7\x06\xa0_^'
    b'J\x96W\xf6\xeb\xdaU\xd3\xfbA\xaa\x88(\x9fkd\x86\xb6\x14\x96\xbc\xf7]\xd8\\(\xc9\x8c\xf6\xd9zw\t\xbe\xdbe\xee\x94\x02NU\x1f\xc7\x91\x7f\x176\xf06|\xac\x84\xf7\x18\x9e\x85g\x9b\xc3\xcdK\xb7\xb4\xee'
    b'\x97\xc8\xdf\xdf\x8au\xdetl\xe8\xa5\xd5\xf8\x9d\x16>\xb9\x8bC\x82\xfdv7\xf9:pPk\xc1\xe4\xc1\x84\x8a\xd6 La\x03\x13]\x8f\x07\x94\xba:+D\xca\xc4\xb4\xa4\x06\xf0\xba\x8e`\xaa\x9ck\xb7\xa1\x1c\x88w'
    b"g\xd8lm\xd2\xfdE\xccP7Bwt.\x0c\x1ft\x96\xa7<\x0bu\x10\xdc,s\x9b\xc2i\x05\x12\xe20zm\xb22dW\xe4\xdb\x88C\xad\x9d7\x16\xef\xd7\x13G'\x86?\xf7\xdd\x14\xdd\xfd\x80,8\x14\xfd"
    b'\xf3\xa8#\xd3\xc3\x86\x14U\xa6\xfd9\x16T`\xccn\xc2fTXs\x8a\x11\xf4\xa30\xdc+\xf5\xbd[,?\xb0\xe2(\xd7(H\xab?F\xdb)\xc3\xea\x8e\xb9Ti\xc1\xbf\xfd-\xd4\xf53\xff\x96=\x91\x8a\xf6\x1b'
    b'\xe7K\x9e_\xf5x]xg\xa4#&S\xf3\xa5\x0e\xd9\x17<h\x97\x1c\xb6fR\xab\xb0P\xaf\x164\x9b\x05\x81\xecC\xc5\x0c,\xe2\x0e\xae\xeaR\xbf\xc8\x1a\xdbok\x8f}\x90\xe5\xa4\xd3\xdc\xe2Rmx\x83\xb4\xa4'
    b'\tm@\xeac2\xd7J\x8e\x07ipD\x94\xd5\xc3\x08\xdd\xe1d\x81jL\xaf\\8v$I\xdf\xb74\xf0WR\xf9\x85\xf2\xc6\xf1\xa3\xfcP\xe5\xb5\xc4\xf8K\xb2$\xe8\xfd|\xe9\xc7R\xfa\xa3\xcd\xf2X\x7fG$'
    b'\xe2\x05H\x91P\x84^\xf6\x1d\xf5\x04\xe3\xce-\xfc{E\x16\x89\xbc\x90\xd4Uc\x84\xac\xcb\x8ei\x02\xa1\xb9\xc2j\xaf\xab\xe8_\xceX\xedM\x97\x82\xcb\xf6\xfb^\xd8k\xab\xc5\xa0\xb3\xe7\xb9\xab\xd4\xb1\xceR\xf8\x8c\xc8'
    b'%\xed\xef\xefw\xaf\xb0\xb1S\x87\x8bo\x8a\xbb\xdf\xec\xb6v\xf8\xbe\xf1Z&\x89\x87\xbe\x8e\xd1a\x98\xfd\x03\xcf\xe0\x03z\nD\xcb\xff\xde\x94?F"s\x08g"rAM\xaeH\xaa\xfeP\xc7\xf6\x9c\xaa\xb6\xdfg'
    b'\xe5o\xb0\xbd\x8d\xe0\x98\xfe\x01\xdd,\xef\x96\xff\x97\xba\xb7mo\xe3H\xb2D\xbf\xebW\x94\xd03C\xc0\x06!\x82\xd4+%Z\x8f$\xcb\xb6\xb6e\xc9\x8f\xa4\x1e\xcf\x0e\xcd\xd1\x16\t\x90\xc4\x18\x048\x00(\x8a\xed\xe6'
    b'\x7f\xbfyNDdFV\x15@\xc8v\xef\xbdwv\xdb"\xaa\xb2\xf2=#\xe3\xf5\xc4\xd6\xe0Q+\xdeQ\xac0\x94\xce\xb5\x8d-LC\x8b>\xfd=\xcb \xf94}\x1d\xb6X\xa8\xee\xd9\x82\x860\'\xbb\\_\xc7'
    b'|\x07\xdf\xbf~\xf6\xfe\xfd\xc7\xb7\x7f\xfb\xc0Dr\xb2\x0e\xc5\xd1\xe7\xbd\x8d\x07\xbd\xed\x8d\xb0\n\xfa\xc7lo\xe3n\xef\x11R\xb4\xc5\xdcq\xfd\xad\xde\xa3\x82\xffy\xdd\x0fd\xa2\xc0\x7fB\x81\xa6[\xab\xe52\xce\x15\xa1'
    b'\xbe\xe2\xf5\xa3\xf0\x01*\x0e\xe5\x1f\xfb\x8e\xbcz\xf3O\xec\xc7\xd2n\x14?\xe2?\xf7\x8a\xd7\xf8\xe7\x91|\xee5\xcb\x7f\x9fN\xcf +\xd5\x0cMxA\x04u\xaaM\xf4B\xac\xe8\xbc\xa2/B\xa9 \x04L\x1fa~'
    b'\t0\x98O\x86\x10j\xff\xe7\xa2\x1cKX\xcc\\\x83\xbdJd\x05\xf1\x9a\xe2\xf1ha\x0e\xcf\xbc\xba.\xb3<Yz\xf9\xadq\x15\xde\xb6\xa2\xa1\xeb\x04\x03z\x12\x88\x1d\xfe\xc6Q\x00 \xaa\x19W\x9eh\x13)\xf7\xc3'
    b'lx6$*\t\xb3\xbd\xe7\nv\x11K$\xd3\xc8\xc9p\xa5\xa0\xb2\xc7\x8a3!\x85\xdf(\x92k\xceM9\x07\xc2Z\x0f\xbf*\xa0\x8dc/\xeb\xea\x84\x13i\xefD\xc7\x11\xfeJ\xcdQu\xcf\xd6~C3\xbb\xd2'
    b'\xfe\xfe\xc9A7\xd0\x9f\xf8\x0b\xfc\xda\x01n\x0b\xf1\x12\xdb\xcd\x92?\xd7\xe8\x0e\x9c\x83R\x91\xe4F\x95\x9e\xe1WW\xdd+\xd2S\xf9\x9d@\x1e2\x89@\x82$U\xa6\xf7o\xba\x85[\xdb.\xf2\xc3)\xd8+\x13\xe3V'
    b'\xb3\xa0\x9az\xf6b\xb21\xf7\xdb\x8f\xae\x12\x8b\xb4m\x89J\xa0w\xf4\x19\xc2B\xcd\x99BV\x99x\xef\xf0sC\\\x04\xdeK\x16\x13D\x8cGPRm$\x90x\x9f\xb2\x04Et\xf7\xcee\xfb\xe2\xf3\xb4}5\xd8'
    b'\xbc\xb2}5\xfa\xd0\x0f4\xfd\x8d\xcb\x0bu\xc4}\xaduD\x85\xcc\r\xfb\xf6\xd7\xe1\xf9\xa2\xb9\xbd\xade\xcd\x88~\x90\x80\xe9lj?oR\xf2\xf4\t\x9fo\xc5e\xd7\xc37\x91\xae.m&T\x89\xacH\x06\xd3('
    b',\x86U\r]r^\xfdA\x12\xdb\xd5\x00`\x07\x02\x9f*\x85\xc7\xa8\xb2\x9d\rQ\x17{\xba\xae\x08\x93\x9d\x1d:\xa4\n\xccM&s\x96\x9d\x8eoWms\xbe\xf7{\x9c\x0f\xf2\r\xceG~w\x17ll/\x1a\r'
    b'\nP\x80\xa6m_\xecq\x1c\xcb\x934\x13\xd4\x17v\xe1\xe7\xe5\xacM.\x92K\xb6n.\x1c~\x91\xac)\xe5|I:\xc7\xf9\xd1l\n\x14\xdaVu\xd3\xe0\x93\xa7\xf8\xaf\x16y\r\xd6tW\xc6 \xdf\x0c@R\xb7'
    b'nJ\xf9\xfb\x9f\xe1\na\x9e\x81n\xc6\x16\x8f\x06f\xd8\xe0\x81\xc2=3Z\xd0\xc3\x82i\x82\xd8\x02\x14\x0f\xb4\xa3\x8c\x18\x84I)I*%[\x0cW8\x07\xb8K\xd6\x93\xc6ybt\x89\x85\x1e14\xa3\x89\x02\xbf'
    b'\xf1%\xb5#\xc3Y\x84q\x92\xe1\xaf\x95\xb5P\xcbV3\xf9\xe8\x04F\xd8\xe9r\xad\xdaB\xb1\xbc\xa2\xf0\xa0e/$\xef \xf7>\xb0\xeb\xfd\xfd\xfcU\xe0\x05D\x7f\xf8\xaf2\xc7_\xae^i8^v\xdf<^7'
    b'U\xa2O%\xa9\xc9\x12\xf3i\x19\x1eQ5\x90\xcb\xa2\xe8\x03RK\n\xddi\xd51\xee3\x15\x00\xfb\xf8Uqw\xcb\xd3\x93\xf0\xe0!\xeb\x98\x94\xb3\xc02\xbb\x14\x95Y\xce\xc6\xe3\xf1\xf0\xb3\x8cO\xd4\xff\xfdb\xab\xe5'
    b'\n\xc5d!\xbf[\xc9\xc1\xb9Oy\x8cL\xc5\x92\xc9{"\xafI\xde,\x8d\x1aI\x91w\xa5\x9a\xfbz\xc5\xfb\xd3\xe9\xa5\x9a\xf6\xacN\xf1\xb1.\xcc\xe5\x90\x08Z\x97\xd3\x8b\xf1 0\xca\xc9\xff&L#R\x81j\x9c'
    b'\x05\xf3} \xd3\x88\x93\x17\xe1\x83\xd8\xb5JK\xcd\x15q.\xd1)\xc9\xc5\x93fK\xb2\x15r;^\x05n"tk\xea\x00\xb3qf\x01,*\xbe\x11V\xa3!\x87\xab\xf3\x0b\\h\x894\x0c\xbdM\xeeA$)\n'
    b'\xa2@,\xeaA&\xc3d\x8a\xda%\xd1T\x99\xea\xc7\xdd\r\x82\x8c\xb5NbK\x14\xad$\x1a\x1d-\xb8\x9el,l$\xee C!\xf7Y\xa2D\xdf\xc4\n\x1a\xf2\x80\xea\xc4\xfc\x1c^k4]<iQ\xedB\x1f'
    b'e\xb7\xeb\xbc\\\x88zm\x139\x05\xddZ\xc9:\xa1\xac\xcbO[x\xd2r/}\xfal\x1bh\x8c\xa9.\x9c\xeaL\xb6\xf8\x93\xe1\x19\xe4\x89xZ\x9e\xdc\xc1\x83%\x1dWe\x9am\x81\x9f\x93\x97\\\x94\x08l\xa3\x1e'
    b"](\xac\xb5\xe8-)#\x88\x9fj\xf4\xc0\xb9\x9c\xeaV\x8d\x13\xa14\x7f\xbd\xa9\x90\xc2\xf9d\xe0\xe0\xb5\x1aLg5w\x92e\xde$\xb1\xda,\xb1\xeb\xc5\xe2'\\\x1dB\xc8&\xb4\x16\x0c\xbbY\xa5\x9d\xcc|V\x9b"
    b'8\xa9\xd4\xa6\x8e\xaf\x7f\x9fF\x177DC\xceYO\x8f \x94\xc9\x9a\xa8$D\xa4/\x97%{\x12\xae\xeb\xdd\x82\x19}\x85\xaf\x05\xa5 \xcc({\xa4\xbc.2\xb9\x8e\x16V1]\xb7\xc5m\x10\xe0\x16\xa2\xfeb\xc8'
    b'\xf9H\xfc\x84\xc3\xf0\xe2\xe9\x89\\`\xbc\x9b\xbcK\xdaoY\xda\xc6\x93\xe1:7\xa6\tQ\xf9j\xe3I+{\x1di;F\x17\x87\xc6\xd9\x90\r9K\xfbQG(\xbe\xe5\xe1\\[\xb6m\x0c+\xafu:9\x9b^'
    b"\xcc\x87\x03\x89sm\xcc\xb5\xb9*\xdbfvS\x00\x07mxx1\x1a3\x13\xb8\xc4\xe5\x91RC\x1dh\xea`\x86\xd3L\x89{\xeb\xa8\xe6X\x1c\xc3'\x03_/hxd\xae\xd4US\xd6)\xde\x19A8\x9f*H"
    b'\x85pYc\x04\x0e\x01\x14\x87~p3\x0c\xab\x0cd?V\x8b\xd8`\xc16\xff-\xac\xe2\xae\x105V*\x0c\xf7\xa5\xb8D+gzZ\x0ev\x9bV\xfb:\x8d?-]\xca\x8e\xaa\x8d\xa4\xf5\xbd\xf6\xf9D\x9dW\xdd'
    b'\x85,\x91\xc6d\x12\x1aC\x83yb\xb0\xe6\x84\xa0\xa8AD<\xc62\xc9N\xd7\xe4\xa2\xba\x85\x15\x8eR\xb2\xa5\xae\xc7\xd8\x14,\x9e\xef8<ie\xafW\xe5F\xb6"\xb6)\x171;\xb2\x0e\xaa\xcbMg#\xc5q'
    b"\x8a\xd2k^\xc5\xaa\x1d\xd8\x9c<\xf9\xba\xf2}s\xe2e\xb7{\xebu\xc4\x97\xe1\x93\x8bE\xa2I\xd5\xf5\xe2\xeaf\xc9\xdcf\x9a\x82\xbd\x89b\xa1\xb4\xd7\xd7\xe5\xfcuf\r-g1\x8fgv\x0bi\xe1\xfcK'\xaa"
    b'$\xf9*\xbe\r\xdb\x92\x7f\xd6\xc8m&\xd4\xec5Ug\x89\x98\x11\xad\x1b\x1e\xd9j\x85\xdd?\x1cK\xfc\xab\x9d?\xf0\xeasQ\x88%\xbc\xe8\x94sI\xc5\x8f.\x01\xa6\xe2\xde\xa4H\x93\xf8"\xb5*\x85\xe6\x87CE'
    b'\xa3\x96m\t\xabAb\xff\x80\xf1\x01(p\x07\xafH\xe2a\xb9\xc0\xa4bt(%\x9f\x00?\xb9 DU612\x90\xc6\x9dA\x07\xaf\xc8}?\xd9+\xfa\xdby.\xe0eDO\t\x9eT\x8d\x93>_5#\x8f'
    b'e\x06u\x98\xa7\xc4\xe7\x82\x8a\x86:rp\x98\x18\x9a\xd5+s$\xf3c\x89\x84K\xfd\x98nSss\xd6\xd7\xb0\x98d\xa6\x0b\xeb\xc2\xcaAY\x93\x8f\xc0\xf4\xf3\xb6_\xf8@Y\x9e\x83\xcf\x0b\xf3\xf6b<\nC{'
    b'\x17\xc8Z\xdbq\xa0T\x91\xb4\x9b\xf6]\xe0,A\xe6\xf0\xd1\x7f\x84\xbb\x0e5\xf7`\xd6\xe9t\x8a;<\x07\xd3\xe3\xe3\xf9p\xf13\x04/\xa9\x0f\x0b\xf4a*G+\x97\xf4\xda\x08\xf5\x1c/\xca\xff\x8d\x0c\xb5\xc8\x17\xd1'
    b'\xdb\xbeW\xc0y\xe0a\xa7K"\xdc\xdc\x92F\xef\xddR\xfel\x14\x01\xb5\xb9A\x98\x978F%a?\x84\xff\x1d\x0f/\x8b\xe1\x84x5\x06\x88\x1d&*\xdc\x1b\x97\xd3Y\xa0\xa3b\x92\x12 \x1c\xa9\xf6d\xea\xbd\xa8'
    b"3\xab'#*\x0e\x8d\x9d\x10\x03\xd7\x95\xa0\x85\x94D\xb2a:\x81\xc0\x80\xdeZ\xb2\xb9\x92\x94\xba`\xc8\xfeZ\xbc\x01\x8b\xe6\x84\x9a\x8f\x9a8A5b8g\x92\x9a\x05\xe3\x86,\x9b\x9e\x07\xb5D\x9b\xd9%\xd0\xceB"
    b'3Z\x81\xce\xb7\xc2\x02\xc6p\x19\xd8Ev\x8bI\xc7\xf4hi\x04\x8d\xb92\x8d\xa7\x04\x15\x0c\x8c\xd7p\xb6xN\xfcz\x96\x00b\x81\xa7\x86\xd7\xb9\xff5\xf4 P\xc2<\x9b\x0c\x986\x016\xdd\x8a*\x89\xc9\x1c\xd6'
    b'\xcbF\x8b\x92\xf9,\x9f\x94\xe7\xcdYh\x15\xe0-\xa9\x81\x94\n\xd1\xb0\t\xcdk\xb8\xcc\x92\xbc\xac\x1b\x91x2*\xbc*\x9aLh<\x10\x90#\xfa\xc0\x866\xb0\t\xa5\xce\x15\xc4\x02\xbf`\x95M\xc4a-\xaaP\xdb'
    b'\x91\xdf\xb8\rY\x1d\xe0(\xf0\x1a\xcf\xd9\x85v\xb42u\x8b\x16F\x8a{\xbd\x95\x9ff\xec\xed\xde\xd6V\xffFc^\x1d\xbbe\xe5\xff-\xa3\x1ew`\xf0\xebF\x1b\xe3\xbf#;1^\xb8+}\xc9\xffEK\xb8\x88'
    b'\xa5\x8c\x10[O,\x1d\r\xf2\xad\x11\x96\xebX\xb5Z\xfa:?$\xce\xf0\xb1\\\xc5\xd54\xf5\xa8\xab\xf3x\xbdUy\xf5\xc6\x16e4\xa9\xac\xc97{\xc5\xf6N\xef\xd1\xff\xad%\xf9\xea\x8f.\t\x9d\x12V\x0c\xf8\xf9'
    b'\xb3\x17\x7f\r\x83\xfd\xdbd0\r#\xbd\xcd}\x0c=\x93F\x8aA\x99\xab\x96\x83\x1b\x86\\\xc9\xf7\x1b\xc8\xc6\xf3R$R\x06|t\x1e\xaf\xee\xc7\xdb7\x82\x9f\x95z\x11\x96\x18z\x00\xed\x88\xfc\xfa\xdd}y;\xf1='
    b"\xf1\xc4\xee\x94\x08\x9b\xb3\x93\xc3\x0cV$\xfc\xae\x84O|\xaa\x04\xfe\xb7[[\x95t*\x9f:\xbd\xc5T\x03\x9e\xfa\xf7;\x1d\xb5\x9bln\xab\x87\x90\xc2;\xb6\xaa\x1d\xb8\x18\xbe;9l\x0f\x86'\x0e\xb9\n\xd7\x01\x1e"
    b'\x15\xffZ\xec\xdc\xe7\xc6\xe6?\xfc\x15\xce\xe9\xfd\xe8\x82\x01\x8d\xe5\xf6\xbd{\xb8\xf9\xe19\x1f\x13%\xb4O\xc5\xbd>\x02\xe3\xf3\x86*\x0f)Q\xec\xef\x87O\xba\xc5\xe7n\xb1u\xd0-\xf6\xc3\xbf\xfc\xcd\x1f[\xfa\xe3s'
    b'\x1d;\x0c\xef\xa4\xac~\xb5\x15\x7f\xc8\xf7\xf8\xca#/\xb1\xbd}\x17&p\x8a!\xdc?\xe0\xd4\xa6\x99\xabO\x88_\x11q\x1b9w\xa10\x993/\xca=N\x11\x93.V\xa4\xb1\x18h5k\x93\xe8G\xd8#\xf0\xcf'
    b'7\xc5V\x0cz\x93 \xc8x\xcd\xe1\xf6\xc7\x17\x9b(h\xcf\xc3\xd2Tk\x0b-\x00v\x08\xaf\xb8z\xf8MC)\xfe\xd8>\x00yEm\x9c\x01&\x85b\xf8|\xa5\x82~\xaa@>\xd3\xef\xb7\xe2\xf7\x16y\xc2\xcf]'
    b'\xd1-+\xda\xf7E\xef\xd2Z\x14J}\xb5\xa7\x9b\xc6\xb6/\x1e\xfa]U\x81\xed\n"\xe73 )}\xd1:\xc0[\xeb\xde\xbd5W#\x156\xdf\x92\xb0\xf0\xbbi\xf5\x97\x9d\xbf\xe8\x1d\xac{\xcc-\xe6\xd3\xc0\xf2\xee'
    b'\xfa#\xd9\xfe$\xad\xc8\xe2\xa1\xc9v\\J\x10\xd7\xf0*\xa3\xa4\x81:\xd0B\xe5\xb7\xfe\xbc\\\xec\xb2\x95\xa7\xd9\xc7w\xf8l7/\xcbXP\x96\xbe\xaeQ\x19\x1c\xf2\xf0OFf\xf6\xc3\x14\xcf\x87\xaf\xc2\xb5\x18\xde('
    b'\xbd\xe8\x03\xb8\xb6[\x04\nB,\xab\xea\xeb\x9dnqO_\xdf\xf2\xf6\xc7Z\xc1p \x1fH\xc1\x83\xbc/%\xf2\xfa^\xc1\x82\x03\xddb\\[\xc9\xa1\xb9G\x95\x9cp\x9cUh\xb0\xf2,\x8b\xb6E9AxH@'
    b"\xc5(\xe2\x13\xaa\nK\xb4'\x95\x9b\xf3Or\x94$\xf2\xd4|!\xbel\x13\xed\x82\x04\x87\x0f)J\x19r\x96\xe6\x15\xa5\xa1\xcf\xc1nR\x12F;\x17\xe7\x1f\xa6\x99\xbb\xc5t\xf2\x9dX\x8e+\xfe\x16\x94\xc2\x023O"
    b']\xa3r\xf2\xe5"\xb1\xf2\xa8h\xbf\\ \xb4\xaf_\x11\x03\x86\xe5,HN\x1a-c?\x9e\x84\xaf\xe3\xafL\x1f|\x0ckT\x18\xcf\xbe\xbe<\x80\xcb\x05\x1f\x84\xea;\xbe\xa1\x18\xe2g\xcf\xba\xf26~\xf8u\xcc\xc9'
    b'q]\xf5\xe7`\xa6\xef\xbd"\x9a\xae\x1f\xcb\x93o\xd8I\xfc\xb9\xb9\x99\xe2\x991%\xfbx\xd84<\xf8\xb4bp\xfc\x1e2\x86>\x89\xd3\xc4\x9f\xcdC\xe4\xab\x83@E\xe5\'\x9b\xe8T\x1b\x8c\xc3\xf4\xcf\xbbVJ\xab'
    b'\xa8\x0fUH\x89\xec\x93%\xb4\x07\xb3e\x9e\x1e\x11\xfa\x8d\x0e\xefL\xe3:\x92\xbc\x99\x92\xd7\xd5\xed\xb8 HL\x92\xfa\x84\xbe\x95\x92\xf4RA,$\x07\xecD\xd3\xdbB+\n\xb2\xa8\xde\x98\xc4sd:6\x93\x08\xa2'
    b'+\x04d\xa6\x18\x9e\xca\xbe5\xd8XE\x0b\xe3\x02[5f\x1b\xcf\xc3,\xe8\xac\xf0=\xbdm\x94\xc8\xb1\xf7\x1dmd\x9f\xa51\xb7\xed\xfc\x01hX\x14\x14\xb3h[w\xbak\xf1\xf4r\xc6\xb2.\xc9QzK\xdf<'
    b'\xeeI\xed\xd0\r\x1d\xcc\xa2\xf7n\xb7\xa5\x86\xc0\xc9i/]M\x82\xb0\xd8\xef\xe4\xa1\xf3\xa0\r\x16\xe3(\x18|\x1e\x1a\x17\x01\xd9\x1bb\xf0\xe8\x98"\xeb,\xc6&Dt\x14MtVu\x92\xa6~A\x93\xef&Wm'
    b'\x15\xec\xce\xcb\x13"\xd7P1\x0c\x0f^\x0f\xcbY7L{\xcf7\x0e\xa4\x0c%?E\xa6\xd5\x1c\xb1\xf1ba\xfep? \xef\xba\x85z\xda \xf1/\xd3\xa0!H\x10\xbe\xb6\x14HG\xb3\xc5U\xc4\x07`D\x85('
    b'\xb2/&\xe1/\xba\x08~\xf7\xb7\xd7\xaf\x11\xa9\xf5\xf1\xdbw\xcf~\x86\xa3\xa0&\xc8\xb2\xf8\xdd\xdfxvw\x8b\x9d\xadhw\x9aK\xf6t\xfa\xd31{z`T?\x9d\xdc N@\xbd\xe5|,5\xea\xb1\xd5\xa1+'
    b'\xd6\x82\xd9\xe7\xc1\xe3<\xbe\xe5\x11j\xe8\xe2\x0e\xc5"P\xba\xe88\x95"[!U\'\x85\x1e\xb5\x1e~>\xcayX\xf3pj\x1a\xdd[\xfe\x90oK\xb3\xe3I\xe1\xbc\x05\xea\x98\x08\x15\xa7>\x1f\x1c\xed.3\xeb;'
    b'\x1cPe+\x8a7\x06\x01a\xfd\xc2z\xc4\x87R\x10\xc3\r2\x87:^\x81\xec\x91\x8a\xe7\xa3\xbf\x0f\xe37]\x9amNfj\xfb\x9f\xb2\xa9\xd4\x92\xf1\xa6\xa1\x1f\x93\xb4\x15$ \xff\xd3\xc9\xdaK\xa8\x8e\x80\xf8D\x8c'
    b'\xd8\x81\xdc\xfe\xac~%\xd1_*\x88\xdb]m\xe9Nu\x17V\x85\xf1\xaa"\xde\xaag[t#\x1e\xce\xd4\xcd\xd1\x19\x8e\xd4\xbfX\x9c\x12\xf1\xf7u\x0e\x01Q\xddTLK4\xf9\xc3\x88\x10F~\x8eN\rcI\x97'
    b'UVF\xa0\xa0\xb0M\x02K\xeb\xc0\xa3\x0cUIr\x19\x1e-4P\xc3\x00\xa9$W|4<y}\xbcbl\n\xc0\x162\x0e\x9e\x96\x93\x13Q\xf3\x8b3\x07\x1f\x08`\x14\x1c)\xc2\x8a\xab\xbe\xd5\x1f\xb6\xd4\x05\x85'
    b'\x9b\x92\xfe+|U\xaf\x00\x01~\xfd\xf2[\xe9\xa0l\xb5\xf2b1=\xfe\x1cH\xd6\xd1\xf0|\xe1P\x99>~\xf7\xf2\xe7\x97\xef?\x08\x8b\x90\x9e\xfe\xf8\x96\xcfv\xb6\xb6\x12&4/\x92T#\x14nj\x1e\xcd\x01\xb3'
    b'\xb4O\x84\xccQ |\xc9{QA\xa5\x8a\x00T\x0eh\xaa\x020Mm\x1c=\x11\\\xdf\xde\xbe\xfb\xf6\xe5\xbb\xf7\x94l[\x04\xc2~\xf7\x9c\x8d\x9eM\x91U\x92\xd8R-\x88\xa9\x08\xb3#P\xf7\xf7\xcf\xf5\xf7\xe1\t'
    b'\x7f?\xff\xbe\xb5\x1c`\xfcp\xc6:\x9f\xbf\x93o\x0eg\xfc\xe6\xf9\xbb\xef\xf5\xf7\t\xdf?\xff>\xbc?Hs\x93\x00\x8a\x86i\x86hbT<Y\xa3\xe6\x98\xb5\xc3\xa1x\xf6\xac1U\xa8_g\xeb\xf7L\xd5\xf3w'
    b'\xaf\xbe\xff\xe1\xc3\x9b\x97\xef\xdf3\x07\xc0\xbe"\t2\xc5\xc6\x8e\xe6\xd9`\x82If\x96\xd8\xea=PlB&\xc1\xea\x1f\xd4@\xa5~\x1a\xce\x8e\xa0\xd7K\xc3mN*\xe4\x00\x9c2\xfaP8\xdc\xec\xe3\xe9X2!'
    b'T\xf7\xb4\xde\xce\x82\xa9$\xe9\xea0{\xae\xce\xe9\xccm:E3\xd3\xb9\x14\xb09Im.w(\xceFe\x18\x812\x85\xffM\xd5\xb16]+\xfa\xe1\nu&\x1d#[Q\xb9\x90\x90\xa8\xf6\x04\xb5\xdcX)\xbf'
    b"S\x1b1\x94G\xb3JD\xc4\xb9\xfa\xae/kZ\n$\x9b\x82\xfc\xeeQ\x08\xa5\xcf\xech\xa6\xd8G\xeem~\xf7\xb1L\xff\xc0'\xc1n'\x80\xae\xc0F\xc2\xd9\x0e#\xd1\xca:V\x8d\x0c\x9b\x02\xa3a\x83\xd1E\x85"
    b'\xd3\x95Q{\xf9 \x8b\x94\x8a\xe5\xa2\x89;\x12\x13\xcf\xc25`\xef\xf5\x90\xce\x16\xe0I \x86\xc7L\x0b\x04\r?c\x06\xca\x89\xb0\xedR\xba\x955\x14d\x83S\x85\xc7m\xd2\xcc\xe6(T\xbf)\xa0\x9b~\xcb\xf9\xbc'
    b'v\xd6}\xf1\xbdu\xb6\xec\x98\xa2\x0f\xe5\xcdu\x97\xb4\xd9\xedPZ\xb3\x04\x0bYN7\x12\t\x01\x93\xf98\x10\xf9\x01\xfd\xc7\x8d\xc1\x1d\x8f\xe6\x1eM\x11\xb6\x8a(\xe9jy\x83\xc5\xca\xces\x94\xc3s\xc4\xb4\x8e\xd8\x02'
    b'\xdd.\xcc>2\xc1)\xff\xe8 0\x06\x811q;\xb4\xec\x16\x87\xeel\x970 B\xd6/v\x97\xd4\x8c\x99\xd0\xee6l\xf8\x8c`\xdc\xfa\x9d\x9b\xbe\xb2\xe5sP\xb8%{~)\xd9\xfa\xdaw*\x82c\xf10?'
    b'E\x14j)`g\x99\xff(NL\xc3G\xbe\xdaU\'f\xf5y\x91M\xd7tV"fe\x8e\xa7{\xacdP\x01\xb8\xf5\x96\x10>\xdb\xbb\x92\x92\xb2~\x1aZ\xce\xda\x9b\x8fH\xe5\x80x\x1cCe3\xfda\xe9\xd8'
    b"iIg\xe5\xda\xc9\xa0vN\xae\xb3\xc4\xf1tZ\r'o\xde\xf5\x1e\xb1\xa7\xc2V\xe0\x1c\x1c\x1a+4h\xa0\xddp\x88upE. )#\xc6P\xe2\xe5\xf4\xeddv\xd8\x82\xe2\xfeoa\t\x14^o\x95,\xb4"
    b'\x9bo\x9f\xeaZ\'\x18^\xfcn5\x8d\xb1z\xbb\x8f\x16.\xe2\xc4\x96\xcc"\xd7*\x18\xa3X\xef\xca\xe0\x05\x01\xfaC)HJ\t\xfc\xad\xe1\x1er\x93"\xe3\x7f*\x19Y\xdd\x93]\x93\x86R\xd1\x15G\x82\'\x815'
    b'\xac\x9a\x94\xda$\x90\x12R\xcdDrh\x13\x12y\x1fA\xd4c\xae\xb5\xe1"\x81+\x9a\xb3q\x94\xd3\x8dBJ\x02\xc4c\xdc\xf8\xa2\x0c\x10\xca\x8a\xfd\xa4\x9cP6\x8dt*\x9d\xcc/\x87\x99t\tH\xec0\x06\x9b\xc8'
    b'.\xb1\xdbVN\xa7#Z\ng\x89O\xeaH\x8d\x9a\xbeB\xca\xc0\xb2\xcf-\x17?j\xb5\x92\xe9\xb4J\xdc\x95[\x98O\xcf\x86uV!\xa5\xaa\xe0\xd5\xcc\xba\x05L3^\xb3\x96\xffA\xab}\x1a\xaf6\xfes\xad\xc9'
    b'?\xec\xc6b\xbc\x90\x0c\xdbT\xf2\xfe\xa0\xdb\x14\\G\xfc,Yo\x1b\xb8$\xf9\xbe\xf3_\xed_\x06_\xb7\x9f\xee\xfe\xd2\x0b\xffv\x9ev\xfe\xf5_\xeeDup\x86\xe2i\x9f?5\x12\xa2\x0f\xd4\x82\x11x\xc4"R'
    b'\x17\xf6\xcamLW\xd17\x8ak\xe8\x1e\xc1p\x8e\xc16\xc3\xad\xa6a_W$(P\x9b\xae\x07\xc9\xb5\x1c\\\xca\x9a\xe8\x86L\xb9\x9b"\x98p\xe8\xd5\xb9r"\xe2\'\x13\xc1,\x9a\x14\x18 X\xff\x14%\x86p\xac'
    b'\xa3\xf3u\xfc_P\xae\xe2\x05\x8d/9\x17\xadX \xf3\xcf\xcb\xab\xfc\x10:\xf0f:\x18\xb6[\x1cT\xabS\xd3\xfa/\xeb\xc3hr~\xa1,3\x8b\xf6\x16W\xe7\xec\x81D\x83\xb6\xd2\x8b\xb3\xd1$\x1e\x06\x11K\xdd'
    b'\xbb\xf2s|\x07\xe14\xbd1v\xc0\x10h\xd3\x9b\x95\x97\x9c\xc4\tL\xbc\x9a\xb9\xed\x9b\xee&\xf5Gj\xd5\x19i\\\xe3H\x9f\x04S\xd2\x17$\xbb\xae\xfd\x9fo\xba\xe3(\x89tq/\r/\xf7\xad\xab\\\xd5\x02W'
    b'\x8co"zLD&o\xb8\xa2k\x8b\x9eRG\xd0\xce2\x19\xadZ\xd8\xf9Y9\x1e\xcb\xc2\xa2du\x8f\xbe~\xf9\xed\xbcyk\xa1t\xa7\xf1M\x93t\xd6\xe8\xde\x89/c?\xd7\x0e\x8dX\x11\x18\xd1\x04p\xb2D'
    b'q\xd3U\xc9\xfbTCi"n7=\xb6\x1b\x95`\x1a\x13\xe1\x14Z\xe6u\x99\xa4_\xb8\xc8\xfdY\xd0\xa6\xb9\x86\x12pa%\xeb?\xbcRz\x06\xa5\xd2\xe5T\xd0N\x85z\x85[\xb3W\xfc@7+\xf3A?f'
    b'(\xcb\xe1U\x12\xd3"\xf0y1\x8a \x85\xf3\xa1\xc6\x07\x8d\xec\xeaEhl\xa8=\xf2\x01T\xcc\x98\xe2\xcei\x8f\x88\x1c/F\x182|\x7fg(\xa0\'\xb9\x8c/77\xaerF\xe9\xfet4\x18@\xdf\xb1\xe8\x15'
    b'?^\xcc\x11\x96+\x88C\x02;>\x0f$\xfb\xff\xe4\xfeY\xff\x87\n\x91\xff|\xfb\xf6\xc7\xf7\x1f\xdf\xfe\xfb\xcbw\xd0um{\xd5F\xcd\xe1&9\xbe5\x84\xffU"$\xffb<\xd5\x08q\xb2\xad\xe7\xe1\xabJ\xd0'
    b'\xa4D\x9c\x9b\x07\x9e]j[\xbd{yD`t\x16\xad\x86`"\xf0\xcf_\x87K\xdcJ]\xf8!\\>E\x89{\x07n!\r~\xa5\xb2\x13\xcd\xe9N\xb4\x9dp\xa0\xa5)\xe42S\xd7\xab\xffm\x93\x8frt+'
    b'\x8ex\xfe\x97\xe5UQ\xdeR\xafb\xc1\xd6e\xb4\xa5\xe2\x97\xa8W\xdf\xae\xd8\xdc.Gsa\xf0\x84\xfd\x95SU\x8e\x10\x0ejH\xbc\x0c9\xc8p\x08\xccq\nDN\x9c\\\x19Z\xc3%\x83\xc1e8\xd60lM'
    b'\xf3{d\xe95\x91P\xfbsy\xb4\x08\xbd\xec\x0b\xe4\x00\xddO\xe9\xfe\xe7]\x8bi\xe8\x0b\x9b\xbe\xdf\xbb/b\x14\xc7d\xe8WG2cdh\xa1\xf3%"\x0b\x1c\xf7\xb2\xff\xdb\xee\xea)*\xc3&\x1f\xcd|8+'
    b'UY\xe1\xe6\x97\xb4&\x12\xc7\xca\xbc-U\x8f7>\xa1\xf6lK9\xa4-\xdbM\xd1\xf1\x87e\x180\xf3\x04\xf99\xfa\x1d\xab\xa7oV\x0e\xae\x83\xbb\xe2\xfa\xee^\xdb\xbe+\xd3\x98\xc7\xca\xff\xb3w\xfe\x97\xee\xfa\x88'
    b'$Sb:*;9\x0c\xbe\x1d\x01\xa9}F\x80e\xa7\xa1\x90\xa0\xec\x15a\x01q\xaa\xb6\x105\x9e\xc0\xf1W\xfb\xff{\xda~)i\x01\xcd\xda\x08<\xab\xb0\x07\x8f\x90\xecu\x98\xe7\xfd\\L\xa7\xe3/\xc8\x0f\xc2<'
    b"\xa0)'GjB\xbc\xe7\x0f\x870\xf8f!\x94\x08E?\x1f\r\x85X\xd3\xf6#9CaKb\x15\x1a\xd3\xa4\x91\x06\x08\x02\r\xc2\x17w73\\[\xbe[IZ\xd8\xf3\x17\x8b*$X)\xeb\xa1}*4w"
    b'%\xa4\xc0">5\x9f\x0e\x93\xa8jJ1Z>\xa8\xb8K\x99o\x19Yu\x96\xc0\xe2\xdc\xe4\xe1\x13\xd3m{\xa0\xda\xab\xb9G\xc2\xc8\xf3\x84\xd5\xb0*\xfe 8E\x96\xa4!\\;\xc0\x15\x88%\xf8\x1bi\x87\x81\x9c'
    b'7t5\xda\x93n\xa1\x007\xb1K\xf8\xe9\xebdvudn\t\xf3\xf7\x9c\x7f\xc7\xe0Vy\xd5\xe9\n\xf9\x92"/\xf1g,\xc1\x17\x99\x8b\x90\xa6Sl*\xac\xaf\xaa\x89\xcf\x82\xa8\x106\xcf\x9f\x83\xabR=\xea\x92'
    b'\x9b\xb3\xbab\x19\x9c\x84\x07\xb8\xf0\x96\xd9J\xbc\x98\xf8\x987\xe2\xc0d\x9e?j\xbc\x85!\x9e\x7f>\x11\x90\x87\xe6xCi\x8f^0(\x9c\xbc^\x14e;\xf0\x8b\xa3\x93I\x86=\xb2\x8f\x82\x07\xdd8\xa60\xc2\x84'
    b"\xbf\xd2\x04\xd8\x80\xc3QE\xfd\x08'\xe2\x95\xdes\x19p\x88b\xb4&6H\xf3\xfa \xb8\x07\xac\x12N\xe6\x9aF\xec?\x00*B\x870\x1d_\x13bHVZ\xd8\x93%\x10'M+\xc3\xe0+[\x9b\xa6\x85\xfe\xdd"
    b'Ka\xe8!\xb4<\x87\xd5EK\x9d:\x92H\xe3r\xf9\xe4MB\x9b\x85\xeb\x91<K\x7f\x12s\x0e\xeb,\x9c\x03LO\xa5\xab\xdb\xd5\x0cf\x93i\xe4\x95-}\xb3\xe4\xd7)\x91\xe7\xa9k>H\x12\xdc4\xdf\xb0\xa8'
    b'&Z\xefwIeI\x91}\xaaE[\xe4\x1a\x0c\xd39\xd3DC\x8f\x8c723s\xc1\xc1H\x85\xcc\x83\x01\x14ZM\xb6g\xf1\x9a\x10\x02.K\xef\xdb\x0cd<\xea\xfb\x1c\xb2\x8e\xee\xf3!\xb2\t\x1d\xdb\x96\xefI'
    b'r\xeb\x91\x08\x17\x13\xce\xc8\x98\xf78\xa2\xe9\xcfchP\xb8\xef\x86\x10\xce\x8e\xd4"H\x05\xb2\x00\xe4r\xf2\x84\xb9\x92\x8e\xeb\x03\xc7\xd8i\xfe\xe1\x05\xdcvx\x1d\xc61\xc6\xe0\xd0\x92\xf9\xb5\xd9o\xbb\xf8T2Z\x05'
    b'n\xa5\xa2\xe14sP`%\xe27\x16\xea\xec:\xd7\x0f\x0c\x90\xa8|Q\xf1M\x0c!=\xdbB\x86\xd1\xb2\xe6r\xaf\x10h\xd1\x00\xeb\xe9\x02{\xfaG\xf1\xaf\xc8\xe2>\t,\xb1\xfd\xfdM\x1d\xf5\xe3F \xa1\xd5\x04'
    b'>\x83\xc7\x8a\x84@\xc1~\xf2\xa8{>\xac\xe4q\x10\xb8\x8d=7Z\x8f^\x95\x13\x06E\xfc\x91\x0c5\x19\xe6O\xaa\xb1k8\x82\x1c.\xb8\xe7\xeb\xd5!\x06\x19\x91\xff\xf3A\xaa\xbc\x8a\xa6\xe9\xea\x00!\xd2\xc0\t\xc4'
    b"Pt\xcdp\x12\xd8\xe0\xaelfZ\x8b\x9cbQ(\xc2z1\xcc\xf2wT\xca\xe9+\xf7&\xd7\x97,\xa6''\xe3\xa1\x7f\xef\xb1$ZO\xe8\x8a^\xceF\xe5\xa6\xc8\xe9{\x1b\xb0\x7fm\x10>\x02\xbd\x17\xf8\x08\x94"
    b'\xfa\x86\xb0)\x1c\x8b\xabm0\x9a#\x8e\x80Y\xa7\x8e\x8f}\x07\xd5"\xc6\x7f\xfd\x07\xe5\xa2\x0c3\xd8\x83\x1b\x0e]\xf2\xbc\xe2\x98E\xea\xb3\xa9zfU\xde1#\x87$\xdb8\x0e\x13\x06\x9e\x99j\xc3\xa5\x9a\xda\xe5\n'
    b'N\xaaj\xeb\xeaM<\x16\xe5\xa6F\x15\xf0\x015\x9ah\xd7\x9e\x98&\x93\xff\xdaC\x1b\x1f\xbb\x06M&\xfe\xb5\x97+5\x9c\xf2*\xa2\xa2\xb79\xcex\x1ed\xc0:\x13\xb1\xf5\x8e\xc6Ht:+\x8dz\xa1|\x13\x1e'
    b'\xd5\x07\\\x99\x7fH\xd7M\xea\x14\n{\x8a\xb3J\xff\xbd\x1e\xcds\x80F\xf6\xc1\xd3:\xd8\xdfn\x82,\x13\x1c\xfe\x1b\xb5\xea\x08q\xca#J\xc93\xe8\xe5\xc0\x1f\xad\x08^~)ZJ\t\xb4\xbab\xee\xb6\x9d\x14y'
    b'2\xa6\xaa\x15\x9f|\x8f;\xaf\xdd\xfa\xb7\xbf<z\xf4\xf0\xfec8\x1b\xbd\xe7[\\\xd1\x16d\x19~\xe7\x81\xa0iS_R\xd8\x8cb\xbe\xa4>\xc6\xe0;fjE\xd2%\x94j}A\\\x9bn\x8e\xdfR\xf7m\x9b'
    b'Z\xb8\x97p\x9b3f\x9dEw\x9e\x1dA\xf5\x1a\x91\n\xa4\x0f\x11hQA\x17\x81B\x8a\xc1,\xedJK\x80Jj\xf7.\xf9\x15\xd2\x0f\xd4\x04C\xac\xe0G\xb2\x07-\xf55\x0c\x7f.EP\xf1\xe2N<\x132w'
    b'\x9c,CG\xa8\xcf5\xebMQH\xca3\xb9A+\x07\x80\xdb\xa5%\xb2\x89\xde\xa9\xe1P\xb4\xb4\xfc\x8a\xb9_6da3\xd2\x98\x97V\xd0\x96\xf5\xd9\x13\xbbXK8\x12A1\x92\xae\t\xaa\xcf\n\x9ed\x15\xf2v'
    b'\x8b\xd1\xdaK\xb8\x15\x99y\x1d\xe3\rs\x9fq2"\xc1-\x9br\xad\xb0\xd3\x1cF<\xa65A\xd7\x83j\x84=\x7fg\x86\x93\xd4\xdf\xda\xde\xe9\xf3(\xfd\xaf\xa9xU\xb6\xba\x8d\xb2\xa0lI\xd4\xb1j\x81\xbc~"'
    b'\xe1\xe7\x9b5\xdf4\x16\x11\x9a\xd9\xb1\xbf\xe4$d\x92\xd0\xc8\xd2\x19\xc2\xcbg"0\xda\xacT\xc7\x8d"i\xd8d=U.S\x91/\x1c\xb3\x98\xb5H\xf9\xf3\n\x81yx\xff\xee#\xce\xca;\xbe6%3\xfe^F'
    b"]\xd0\x0e\xa9\xcbCOM\xb4\xc95\x80\x88\x97P\x94$\xa6\xe6D\xc5|\x05\x99\x96\xe0|DUn1',\x18\x19\xc9\x0c1M\x05\n\xad+Ev\xcf\x86\xf3\x8b\xf1Bx\x7f\xa8\x82\xe6L\x98\xeb\x80\x02/K\x83"
    b"\xbe\xa0%\xc9\xdc1\x14SB^\x97\xbf\x0e'\x7f\x0eP\xa7\x99m\xd73Y\xb1d~\xc9\xc8\n\xf1EK\x08\x9d\x08\xb6K\xb1\xfd\xbc\xc9s]\x08\xb5\x1b\x0c\xcb>\xae\xbbn[N=\xfc\x12$5\xd6\xd3\x80\xa4\x06"
    b'$\xb4\xef*y\x0f\x05\xa4\xd3w\xc0\xf8\xc3Uhf\xa9\xf8\xbc\xd9\x9ax\xbd\xec\x08\xf0\x9b\xa4\xb1\xa2M\xc3\x91\xfc$\xd6\xb6\x1a\x96\xbd\xf8\xa6\x89\xd8tm\x9e\x96_~\xf5[\x80\xf3)\x87\xdd\xe8;f5>\xd9^'
    b'z\x02q\x13\x98B\x81(~\xeab,\x8bboR\xfd\x9b\x86o\x18\x0b.\xcf\xdb\x80A\x1b\x04\xae\xccM\xa3\x9c\x9f\xa5!6\x18+\x1e<\xd9\x0c\xfct)M\xach\xd0\x8c,\xd6\xd7\x8a\xd5\x18\xf9 &\x1b\rJ'
    b'\t_T\xd5\x0b\xf3(\xe4\x0bm\x11%v9p/\x04\x1e+\xb4\x81^gy\xc5\xca\x19\xc0\xa7\xda\xe9p\x85\x8a_\x0c\xc7c\xdegM\x99\x12\x00\xc2\xe6A6=(&\x01\xafD\xb2j\xeb\xa6\x80\x88J`s\x89'
    b'\xa4\x02\x07\xe1\xf6\x95<{\xb2\x84\xc2\xdcX9\x00\x89\x96W\x9e\xd5\xe4@\x99e\xa6\x15ej8\x91\x00\xc2|\x8dlZ \xf3UVH\xbfc\xee\xee\xa5\xdfi>\xe2|i\x07\x83\x97@\x0f\xc28\x86A\xd4l\xb7'
    b'(\x02\x11\xacau\xeb\x9d\x9bk\x11\x1c\x8e\x1b:\xd3\xc8wH\xbdr\x03W\xcd\xfd\x80\xeaO\x0eG5\xc8i\xf1s>\xd4\xe8\x9d\xb9\xa6\x19\x1di^\xee$Te[*\x89R\xb4\x9b\xa54\xbfOs\x1b\\K@'
    b'xI\r\xa8L\x0c\x07\x1f\xff\xea+ \xcd<W\xcc\r\x15\xe6\x9e\xcdf\xe5U\xef|6]L!\xbb\xcaE\xd6;\n\\R\xbb\xd9\xf4\x07\xceD\xac\x7f\xe8\x0bh\x04\xacu\x81\xca\x81\xc4\xb5R\xf2\xd6\xb75U\xde'
    b'.GN=\x00QOE\x91AM\x9d\xd1\x83s\xc2\xc5+\xaco.\xb6\x0b\xe3\xe2t iRDQ\xb8\xce}\xc5\x92\rR\xdbp\x91\x84\xcau1M\xea\x88&\xac*\xf9\x94\x84\xd7\x7f\x92zD\xba\xdd\x88q\xa2'
    b'\xcb\xc8\x12i\xd7\xa9\x12H\xa7\xb2\xd4\x19"\x13DW\xca\xc8\x9e\xca\x0bt:\x9fm\\l\xff/j\x9a\xd0\x85\xd0\xa4\x7f\x9f+\x01\xfeoi\x8e|v\xec\xf9\x06U\x03\xf1\x1e\x15\xcd\xfd\x86\x86\xa3\r\x93\x01\xc1A\xf6'
    b'\x9d\xd9eH7V\xc1\xb9\xfd}\xb6\x03\x9a\x7f\x95\xe3\r\x07\x9f0\x8d\x8a~\x94\x9c\x8a\xadO\xd1P\x10\xbd\x895LF\xed\xad\xe2\xb5DO\x04\x8b\xa6\xa5\xf1\xc0\xf9\x9a\x8b\xe5\xf3V\xbb\xaaZ\xd2l\x9f\x8c\xd2Xq'
    b"L\xc0\xc9%\x13\xbe\xf4p\xb9\x0e\x08\x84\xe9'\x8cE>y\xfe\xf6\xd9\xbbo\x85\xc25\xa2Vk6\xf0\x84\n;0g\x7f\x97\xebI\xb8\xf5\xc9p\x15P\xf5`\x08w\xd3\xb9\xb1\xa3,\x9e\xefD\xa9!\xb9JZ!"
    b'6)tW:\xee_N\xc3A\xcd\x9c\xff\xf5\x9b\x9c\x1a\\\x9c\x85\xcb\xe6\xea\x9b\xe8T\xdd\x1b\x97\x87h\xfe\xb4\x9c=[\xb4\xb7*\xae\xea\x95R\x8a \xb1\x82-\x13r\xc3\xc1\xecm\xe0\x84o\xb8\xa6\xe6\xaa9Qr'
    b'\x13\xfeI\xbdYZa\x10\xdd\xad>\xf8\x1an\x84\xf1\xefm\x90xq\x1e^\xe3Y\xa8*\x14[\xb7\x1a\xc6\r\xa3C\xb8&+\xd5\xbd\x0b\x8f\xbe\xac\xb6\xd3a9\xa8\xd6\xf2\xe2b\xb1n-\xf9\x87\xe1\x9e\xfc}\x1fR'
    b'\x0f\xfa\xfb>}\x01\xef\xb94j\xcd\x19\x80\xb3\x13\x84\xe4\x19\xf2uO\x07\xc3\x1c\xe3\x8d;\xab\xab\x85\x80\xdb\xfb~\x04\x97\x81\x93\x8e\xfb\x98\xd1_\xa1\x98J@rx3\x82\xfau\xd8\x90=\x12\x05\x8aS\xa9G\xbf%'
    b'al7\xed\x1e\x8d\xbd\x0b\xef\xaf\x7f\x11".lR<fX\x89\x8ao)\x1b\x05w\xd0\xeet\x1eW\x08+I(M\xe1Q\x8c\x8f\xd4\x92\xe6\x1a\xca\xe7S\xb3\x15J\x04m\x8a\xd2%\xb9\x92\x04Z\xa1\x82h\xa5\x1c'
    b'\x99\xbf\xd5\xe0\xca\xec\xe9G\xe590\xd1\xe7\xaaO\x03\x94\x03\x9b%K57\xeb\x0c\xddq\xdf\xd3\x04\xce\xfe\xbd\x13G\xd4d\xaa\xa9%\xa7\x8f}\xfe3\xac\xc4\xb7P+\xd1\xf8z\xba\xf60uU\xe9\xb0\xc5\xe5\xda-'
    b'$\xdag\xc2\xa6\x88\xa3\x8d\xcc\xaa\xd9\x99\xf3Du\x0e"A\xa1\x80\xe9\xca^j$:o\x18\xb0c"\x13\x8c\x92G`\xb9\xb0\xb7\x93\xc0J\x97\x86\x89\'`\x08\xbd\x8c0\xaf\xa2\xf5<#\x08\xc6i\xd0\xec\xaf\xfeR'
    b'\x8e\xc8\x92O\xd527\xaf\x03^\xd4\xb3\x17\xb1\xaf\xe0\xef\x9b\x12\xdb]D\xc9\xce\x81\x1c\xd0\x92\x19\xa6Y\x14\xa7\xb8\xd8\xe9_\xa7\xa8\x81\xde[\xd5\x03\x0fO\xd5M\xf0\xef\x96\xea"\xc3M\xf5n\x1b0}&G\xd5$'
    b"*:O\xbe\x08\x07YqJ\xdb\xf28\x90b\x8e\x015n'\xe1\x00?E=\x11\x03F\x12\xcaB*\x16\xb6zV\xcaB\xe4\xe9i\xe2S79\x13;\xfb\x96\xdc\x15p*\xc5\x19\x8d>\x96\xa5\xe2\x16d\x8ec\x98"
    b' \xab\xdf\x04sK\xebA\xac\x96|\xb6\xa4\xaf/\xe4\x88\xbb\xde\xbe\xa0\x00\x97z[\x87\xb3\\\xb6\x95\xf2::K&\x06\xd9Ur\xf9\xca\x17\xbc\xb9\xee\xdf\xb7\xcd]\xdfVm\xf6\xb8\x89\x1c\x1c\x89\xdb4\xce&W\xed'
    b'\x90\x1fD\x9c\\6Uo\xdb\x97Mh\xcc\xc7#\xc8\x91\xf3\xb6\x07\xc5 \xfd\x13\x8c\x87A\xd4\xa1\x0cf\xc3\xcb\xb0\x1bpU\xa9\xbb\xf8%H9\x8e\x92\xbaa\x1c\x07r|*yxE\xe1b\x80\x9dR\xf3@`\x83'
    b'\xc5\xbf0l\xc2\xd18"\xd4\x87O\x19h7\x91\xc8\xe0\xe20\x88\x0c\xbf\x1a\xce\x04\xc4T\xdc6\x11\xa8$\\\x10\x88\x85\x04\xf3dD/a\x94\x04i\x7f<7\xcc\xda.\xce-\xc2\x93f)\x87\'\xb1\xe1C\x7f%'
    b"[\x99 \xda\xab~\x8b\x1e\xcf\x02\xaeN\xb0\xe7\xd3\x0b\xbd\x10\x14\xf6\xb6kN\xeb\xd2\xfb\xf3\xa8\x93\x02\xb5\xd0\xa4\x1b\x0bA3\xc7u\x85l7]M7E\x8f\x9b\x8b\x89\x1e\x86tHv\xa3'}h\x7fgk\x0bx"
    b'\x0fL\xc1Q<|\xf8\xf0\xfc\xb3X\xdb`\xeb\x98\x14\x0f\xef\xdf\x0f\x0f\xa0\xa3 FR\x18\xbd\xa5\xbdQ\x80\x01\\\x9e\x82^\x82\xb1L8*h\xe6\x02\x9d\xe4\x01\xbc$\x9e\x85\x00\x98\x1c\x8a\xc3^\x8a;\x95\x0fS\xaa'
    b'\x10A\xd0V\x0ci\xe7\xfe\xa6\xbb\x85\xbbs\x85Z\xc1y\x107\xb1\xfd\xd1\x978q\xfe\xeb\xfa\x11\x9bq\xb9\x9c\xe5!4\x9f\x14\x94\x9bT\xb4\x9a\\\xe7\xdf\xfeM"~\xbe\x1bO\x03WPy\xdbAx\xc1\x96\x12\xde'
    b'\xe4\x14\xcc\x02\xd8\x06\xc7\x81y\xf9\x8fP\xa9\xd6\xfe\xb4h\x01\x85\x83Z\x18\xd9\x0f\xad\xca\xa7u}\x9d|\n\x98\xcc\xdb\xf2\xa7S\xd1[\x929\xf4j% 5\n4\xcc\xf4\x11\xc8^\x93\xa6\xf2b\x91c\x13\xd0r\x14'
    b'\x9e\xaenE\rQ\x02\xb1K\x90*\xa2M\x07B\x12\xfeb<\x1eQ\x00\xa3\x822\xd4W\x1f/\x0e\x17=\xa6Z\x86\x83Zljf<V\xf6\xa4\xb8\xbb\xd5\xb9\xb9\nQ\xc4\xcbwl:\xd4\xa2\xd5\xb9\x1a\xae+@'
    b'T\xcey{\xa2\\\xd5\x86\xe5"\x84\xe5\xce0\xc4\x90&\x03Hx\x11\xace\xfd\xa0\x9cI\xa0\x85\x9a\xdc\x10`/\xea\x12\x1eu1\xd2\xa8z[w\t\x82M\xd3("\x1a\xa7\xbf\x0e\'\x92\xe4`\x12\xe3\x1b\xa0\xd8#'
    b'D\x08\xaa\xb4\x84:\x0c|\x08\xe5\xe8\xc5]\xce\x15\xd1\x8c\xec:\xca\x89\x13w6\x02\xc2\x91\x18\xf4\x88\xb3\xa7)\x1f=\x9a\xe9\x85m`|\x83r\xf6\xab\xb5\x06\x079b \x8d\x9cG\x9bXah\xedT\xf2y\xe6\xf9'
    b'}V\xdf<\xc7p2\xff\xc9:\xaf\x1e\x84\x18\x90(\xaeF\x12\xf8\x9bpu\xa0t\t\xf52\xc2\xc8\x80\xc9m\xf6\x8c\x1f\xa1\x83 G\x1a\x04\xa0\rs\x8f\x17\xa6\x04UK\xad\xb9g\xf9p\xf0\xfc\xaa=\xb5\x83 \x88'
    b'yg\xe7)\xa5\xa3\xb0\x98\xab\xb8\xc6\xc4\xda\xd5\x8b)\xbe\xe1"G\xd7\xe3\xe2`\x81\x19\xdb\x8b\xb6\xe5{\xc1J\xd2\xfe\xef\xca\x1a\xea\xaf\x1a~\xe5\rY`\xc5\x02\x95g\xe2\xd8\xd7?\x9e\xa5\xec\r\x07\xd7\xb5\x13\xa2l'
    b'\xb0\xb5\xab06\x96\x1f\xc69N\xe2x,.\xa7\t\xd8\x9d\x1b\x1d\xcc\xa3\xe4\x86\xb2\x1aD\xd7]\xe8\x18o@\x9f\x88\xe3\xdd,\x0e\xed\xef\x1a\xf2$\t\xb8,\xcf\xb2\x89G\x1eXwu\xc0\x8cax\x8a\x80\xad\xa8\x8a'
    b'\x0cp\xf8K\xbd\x08\xbfzb>\xc5\xfaL\x86=o:Eo"\xfe\n\xb1\xfdB\xdd\x1d\xb6\xd0\x839E\xb2\xfc)\x92\xab5(++\xc1\n\xd5\n\xbbi\xb5\xdc+1~\xed\x16}\xbf2\xa4\xbbS"&j\xcd'
    b"\xda\x938\xb0%\x13!\xb1\xea\x93aO\xad\x94\xa8\xa4'\xfe\xe9Z_x\xf98\xc7\x14\xe4\x8b\xa7R\xd4\x9c\xa9\xf2\x10k\xa1sH'$\xf6v\n\xa0J\xf4\xe4\x81b<\x90\xa6B\xa4\x7f\x17\xd8\xb5\xc3\xe9\xe5F\x02"
    b'\x7fY\xcc\xcaOPk\x8a1QT\x93\x8e\xc8\xc1\x02GGi\xd6\xbap\r\x8e2\xa0 \xa9f\x9c@\x91\x9e\xbd\xf9\xf6\xe3\xab7\xc0B\xfa\xad\xa5\xad"%\xf9\xcf\xa1\x18r\rGp"\xc9\x07(\xd4\x18L\x95Q'
    b'j\xf5\r\x960I\x86=n\x8e\xa8.\xff\x95\x1b\x9fvBn\xfdsUFh\xdf\xb5*R\xb5Hle2\x88\x8f7\xe8I\xe4\xda\xe1\x95\x16\x15\xf47K\xf4!$\xd3\\\x1a\xa8\xb9\xb0x\x9a\xf10\x87C\x8cy'
    b'M\xc1T\xcbl\xa9\xcac\x90\xb2;Q}\x92(\x9e\x8e\x0e\x18\x8fm\xb7\xe1\xf5\xb1\xcf\xed\x1b\x87\x9ce~S\x97\x97nJe\x17\x96\xbc[IY2\xf4X\x16%\x99\x88W\x93\xcc\xa8\x9f\x88\xed\xd9\xf0\x0c\x11_\x86'
    b'W\x90h\xa9\xe8<\xbd\xcfp\xb7\xa8$\xde[Bo\xfd\xb9\x17w\xe5l\xd4\xfbF}\xdd\x11F\xb1\xc0\x00buJq\xa8\xca\x9c%\xac\x97\xe1}\ry\x13\xafr\x0fI\xb9i\x7f\xe6\xb5\xdb\x96\x1f\xf0P~\xc1\r'
    b'\x9fE/\xb9S\x9a81\xf2\xae\xb7\xe5\xd6\xdeG7{\xca\x11\xdc\xde\xdbs\xd5T\x19[\xb9\xcb\xd47;^j\xaa\x91\xce\xdfa\xa8J\x8b\xf4"\xf6qS\xfa\xc8\x87M\xe9#FM-\xbd\x82,\x9aJ\x0b[\xd4'
    b'\x97\x86CYC\xd5h\xa8\xfc\xff\x1ab\xa3\xf4\xc3\xe5\xa1QZ\xa0\x1e\x19\x95\xff_C\x9c\x94~\xe9\xc2\xa4"o+\xeb\x9d\xef\x9b\xb4e\x06\x81\xbb^\x0c\x97\xbeVw\xdc4\xff\xe4!*h\x1f\x8e\x810~z2'
    b'\xacz\x1a\xd5\xee\xa9\x8a\x9f\x8f\x03\x03\xf9\xb2\x93C\xc2\xb2\xe4\xdcd\xd5VY\x95\x04\xab\x9d\xa0\xb3\xdc}\xa8\xdb\x17c\x89\xf1\xcf\xb4\xae\xfb\xd72\xef\xbe\xb9F\x7f%\xb77\x1d\x9a\xb7\x00\xde#\xe3\x17\x01J\xf0Gt'
    b"\x19b\xb3yQ\x12\xa0W\x93\xac\xe2x9\xec\xbb&\x0e\xdc\x87\x02\xdf.'\r\x87\x85\xdb\x01\x02b*.V\xf7\xf0<\x10\x8c|\xe2\x02\xfd|\x1eY\xdatut-\xb8\xd2\xf9\x9cT\xae\x1b\xe6'\x16\xed\xf2\xd1P"
    b'\x0b\xe4\x15\x13LP\xee\x06\xf7"\x0f\x8c8#\x8e\x9e\x9eo\xf6\xf0\x86\xd3\xcd2\xab\xcfv\xe5\x88\xf3\x8b\x15\x07\xfc\xda\xcd\xe5uB\xc4\xe7\xbc\x85i\x0cL\xc1O\xa1\xb4&\xcb\x945\xec\xe4\x93\xd84$\xdd6\x8dU'
    b'\xdb2\xbb\xda\xf5\xd1\x177\x10\xe7\xee\xd7!\xd1\xd4\xa5\x9a\xceu\x86(_?\xfa`4\xcay\xf5+K1\x9d\xd1\xd9/ \xaa+\x89\xabK\xa9w}+\xff\xd7P\xf4\xa3Q\xb2\x19%\x04:\xff\xb7\xe4B\x1c\xb5\xca'
    b'\x02\x01\x9c\xbc|t:\x9d\xce%\x1aY\x85\xcc\xcd?\x0b\xc5\xe2o\x13\x87\x11(\xbc\x86\x05d\x85\xf5\xbb\x1c\x8e?\r\xd5\x19T\x9d\xb7J\r\xcd5\xb1\x90B#,\xb1\xe0<O/TQX\x86I(U+\x05\x9e'
    b'\x8b\\Q\t\xd4~\x9a\xc3\xa3\xe2\xbaW<O\x9c\xa4\xea\xf1%\x02\x0e\xdc21=\t\n+\xee\xa8\xa3\xb9\x87\xe2\xb4\xf0\xb4\x8ce\xa3$\xce\x8a.C{xm\xb0\xac0Y\xcf\xbbR\xb5\t\xad\xec\x9a\xa0\x86\x01\xe7'
    b'?\xb2`\x12\xf5\x16\x81\xc5\xf8\xa9}\x16$u\xc1\xd32\xfd&\x84\xaf\xb0\x9c\xa1\r\xd1\xba\xe7\x1d\x16H_\x19\x13\xe5\xb6\xb01\n\x8d\x8a\x91\xb4\xdb\xf0\xc0\xa4\x96Q\xe9\x96\r\x91\x9dg0\xa1\xd6&F\xa5\x88\x0e\x11'
    b'QkAm\x7f~\xfb\xee[\xb2\xdc\xe4q\xc2&\x8f\x19D\x90\x84d:\xc3\xbdh\x0f\xfb\xdb\x0f\xe5\xf1\xd5\x10\xf0\xa0\xf68\xa6,9A\xd4\xe3n\xca\\\xb2E$\xd7\xa3\xab\xd2?\x94<%\x87L\xcf\x80\x871u'
    b'\xc9\xf9\xc5\xec|\x8c\x87\xd2\x8c=>+O\x86\x93E\xe9:\xc6\xe7P$\x07\xfe"\xebZ\xf8\xcf\x01\xdc\xd5gg\xf1\xf1\xa3\xedn\xf1\xe8\xfe\x01\xa7|1\xcczl\xd5\x1cM\xa7\x81\x18\xee?\xba\xaf\xc5\xad\x83\xe1F'
    b'\x88=\xdc:\xb8\xa5\x12\xc8Kj\xacN\t\x8b&\xb0\xe0S$O\xfd\x1c\xfe\x18\x0c1\x01s\x11\xb8\x9d\x01\x86M\x17\xe5\xe7\x91\xa6pE\xbf\x05\x005\xecb4\xa3\xd1\x95\x14*\x04 \x0c\xbeX\xe2\xf0\\F\xe4|'
    b':\xfa\xc8\xceqR\x94\x14\n;A\xfdh\xe5\xc1!rD\xcfD\xae\xfa\xf9\xd9\x87\x17?\x08\xc4lkF}eK\x96\x15\x7f\xc9J\xe2/.\x1e\xfe\xc0z\xe1_,\x11\xfe\x95u\xc1_\xba\x14\r>\xb1-\x8c\t'
    b'E0\xf9\xfc\x17cfmav[\x0e\x8c7\xd1\x04/\xa4\x188e\x9c\x8f0\x19\x13K\x06vf\xa0>\xa5\xa6\xc2S\xe5w\x9a\x10\x1eNaGHV\x84\xf5\x8ch\x0e&\xb8B1B\x0c\x0eU\xbc)\xf4/\xaa'
    b'\x9b\xaf\xe8\x1f;7\xc7\xe9d\xbd\xb1\xda9\x08G9\x8e\xd5K9\xd99\x10;\xbb\x12\x17\x8b\xeaQ{\x14\xf0,\xdb\xfd\xb1\x13\xba\xb4\xd5\xaa+u\x92\xbaDQFf\xd3@\xed\xc9;\xee{\xae1\x06\x91zY\x88'
    b"|\xcf\xf3\xd7\xaf\xde\xfc\x15\x1f\xe6\xc0\x05\xf5'=\xf3?P\xa3\xe77E?\x14\xd2\x05\x97N\x84o\xf8\x87\x16\x8d\\\xe3~\x8bCo\xc50J\xdbz^\xf8\xb2g\x95\x10\xb5\x93\xc3W\x93_5\xc5\x8d\x15\x05Ft"
    b"\x9b8&'\x87\x9a\xb2\xa9+\xe11\x9d\x96\x97{I\xef\xa0\xc7\x88\xb7\\E\xb85\xb7\x05\x9b\xe5\xaep!\x90`S\x17P\x0b\xa6?f\x86\xd1\xcc9\xf4\xcf\x00\x91WOcxWv\x01;Z\xc7\x17\xac\x0c\xb1."
    b'\x0b\xe0>\xf0J+B\xc4\x92\x02\xef\xe3\xd5A\xc7\x12\xe8\x08t \xb0\x04\xff\xf1\x8fL\x7f\xf3\x9a1\x12\x97\x84q\xd2\xc1\x1ap\x87\x98v\xd3\xe6\\\xd0]\xa3\xb2IMu\x11H\xe1O%\xa8\x17\xf9[\xb9\x8f\xa1o'
    b'\xc5\x9d\xcc\x18nsE\xb3\xda%\xf9\x83\xc1\x1e\x84\xa2\x92PR\x90H\xe4v\xf3\x08"Q3}+f\x9a\x9fk:q\x1a.\xad\xf3\x8a\xa3\xee\x11\x81\xf4\xb0C\x83\x84\x1c\x163\xe9\xa8\xd0\xb2\x97\x1f>\xbe~\xfb\xf6'
    b'\xafB\xcc\xf8\xdch\xcb\xf3\xb0\n\xc50\x9c\xc0\xa3E\xba\xecG\x82B\x7f<\xfa<L\xa0&:\x06\xa0\xa3\xc7\r\xa3|E\xecut\xd2\x90\xdc\x0e\xaf\xfe\xe3\xe5\xb7\x1f_\xbc}\xfd\xf6o\xef\\\xfbTL\x01o|'
    b'\xac\xc4\xef\xc7r\xf6?\x17C>{\x0f5\x1a\x1d\xb9[/NC\xd7\xac\x9b?\x9f\x0ei\x9cTj\x15\xf6\xa7\x08\x08\x0e2\x1b{\xb7W\xbc\x9f\x8eG\x03u\xffcH\x80\xe4|\xeeF\xdd\x94\xed\x82p|\xa7\x93\x01'
    b'5Nc"\x19a\x1f\x9cC\xef\xabY\xc6\xb0\xf9\xa7\xf0\xa8\xe7\x90\xc9\xe6\x88s\x88\x1c\x0b\xb8\x8c\xf0C\xaf\x94O\xf3\xa5a\xff\xeek\xa0y\x0e\xfd\xc9a\'E\xf4\xd2h\x11\xc3\xea\xbc\xcdA\x86-\x1c\x17.%('
    b"\xb2\x18\x10f\xf2\xdb\xaa\x8b\x9e&\xcd\xa2\xdc\x9c\x93\xc1\xe8\xd7\xf0\x0b\xfc\xb7\xe0wJ\xa3-\xbc\xa9\xaf\xd1\xb2\xa6V\xc1\x019\xbeK\x88\xc8'\x86W\xe09l\xd8|Nh\xbdb\xdd\xe4\x05\x06\x98\xbd0\xa8!A3"
    b' \n\xcf"\x16\xb0\xab\x08]\xdd\xa0\x88\x19X\x009\x14\xb2\x11\xa2\xf2PU\x8b\x05\x91\xaaqEs\xd5\xe4\x1a\x17\xe3=z\x17\x07\xc1\xaf\xb5F\xe1\xcf\xf4\xdc\xd2\xa5+\x02a\x9b\x16\x97\x91\x17\x9e\xa9\x17&7\x19\x0c'
    b'T;\x0c\x7f^\xd4\x96.5\xf0\xbb\xbb\xde\x9ceS\xc9\xab\x0f\xd6\xe8n\xa4E\xe5\xd1l:\xcf\xda\x81\xe5\x07V[\xb3d\xa7\xab\\\xb9\xec\x89$\x05\x9a\x9b:\x9aFm2\xe5\xeaFv$\x8e\xb4v{\x85\xcb\x9a'
    b'J\xe8\xa6\x85%O\x16\xf8\x14e\xcc8\xef\xd4U\xe3(\xf6,\xd1\xfb\\\x8c\xfb&\xe5\xa8\x8e\\OH8Y\xf3\r\xc7+\xc0\xaa>\xff\x95G\x97\x14\xe3\xc7\xb7o\xde~\xfc\xf9\xd9\xfb\x1f\xe0\x0e\xf2\x97\xe3\x9d\xa3G'
    b'\x0f\x0f[\x8f\x93\x93\xb0\xceQ\xe9a\xa09\xf7\xd8\xa6\xd1;8\xe2\xb0_\xc5\xbc,g]\xd2g\xea\xc0k\x1c\x89\xec\x8d\x9c)\x11\x11\xc4`A\x9c\xcaS\xde\xff,\x94\xb2\x9dY5*\xf1\xe1\xc9\x9d\x98\xad\xc1\xa0\x9b'
    b'3)\xc6u\x98\x17a\xd4Q\xebb\xe4\xd9\xcb\xe4\x82u\xf9\x1dq\xf3\xbb\xb4lY\xda\xb2ez\xa3*\x8c\xc5\xb1\xc6\xa3\xa9\x89\ts\x89\xb2^_\xd1\xad\xe0K\xe5\xc8R9\xa2T\xa3\xa2zT1PI$\x02\x1e'
    b'\x1b\xe2\xae|\xbc\xd7\xde\xff\xaf_\xe6\xbb\x07_w\xeex\xe7\x06\xc6\x04\xd4\x94\xc0\x86+\x80\xb7\xfb\xfd\x83&\xd0b\xbaPO\xa0i\x13V\x81\x9f\x1c \xb6D\xe6\xce?\xcd!\xb3w\x8b;\xff\xb5\xbf\xb5\xf9\xa8\xdc<'
    b'>\xf8\xed\xfe\xf5\xbf\xdc\xe9\x01\x84\xd1\xc2;\x9f\x16\x12("]H\x08\xc4\xd2_\xb4\x08N\x0f\x13\x1bIixH8\xbb\x8e>\xa7\x91\x0c\x0fkJv\xbeO\x11\x0f<\xd0r\xd5\x95U\n!G\xd8\x8cG\xc3\x18\xa4'
    b'\xab[\x99\xc7^\x98\x15\x1ez9\x1d\xe1\xea\xeb\xb1j\x88\xfb\x92$L/TWg\x95,t3\x02%%\xb0~\x89\xe5\x08l\x0e\xcc1\x02d\x9d!\xac\xcdw\x8b\x17\x81\x06\x04\xcew\x88\x88\xa1P>\xdc\xad\xc7c'
    b'\x9c\xcb4\x1e\xd0FRCD\xc9iB\x15\x92^"\x12g\x80\xe18\xf6?\x97a\xfa\xeaG\xafK\xda\x95\xaeQ\xf9e\x99<\x8c\xb4\xd8\xd6\'\x1f\x1f\x05\x83\x84\xa1\xb0\xc6\t\xdf\xd5\xf3\xa2x\xd3\xd5k<TG\x91'
    b' \x05`w\xac5\xb9\x96\xa9}\x08\x97o\xaa\xc5\x97\xff\x06Q\x8a\xc6\xcbc\x9a\xcb\xd9\xe6\xc9\xac\x1c\xc09\xa5\xfdh+\x88\xcb]z2\xe3\x93*{\x9f6\x12^+#\x0c\x81\xa0l\xf7w\x1ev\xfb;\xfdn\x7f'
    b'{\xab\xbb\xd5\xeb\xdf\xef\xb4j\xf0P\x91\xbcrO\xd05Be\xef?\xac\xf7\xaale\xbb_\xb4\r\x97\x1a\xcc\xd8M\x8b\xe9\xa4\xa4\xc9\xe8te\x93O\x88\xb0\xbap\xc1\x1dz\x13h\x81n\x84_\x8d\xe0\x9f\xd9\xcd\\'
    b'\xce\xc5s\x15\x0ey,\xae^sxf)\xf6\xa6\xbfJ\xd5\xea\x1b"r\xbf2\x97]`\xbc\xea\xb6\xf7\x1d\xeb\xba\xc1\xbc\x7f\xfb\xfa\x95qUi\xf7\x86\xe1\xc9>\xa9\x93\xd8\xa4\xa56\xb0>\'L\xf1\x863Rn\xf0'
    b'h\x0c\x95\r;\x8d;\n6e\xd1\x93?u\x0f\xda+j\xbf%t\x8e\x85\xe1\x138\x1a\xceW\x15\xaf\x84\x91\x91\xa8\xc7\xed\xd5\xea\xac&\xe452\x9ee\xa8\xbd\x91\x92\xeb7\x15".4\xd8\x8b\x82J\xc9\x7f\x17\xf5'
    b'\xf6Bu\\&]\xa3\xbab\xc1P\xe9\x97\xadg\xed\xba]y\x87\xdeZ\xe9\xd8\xd2\x8b+\x90$\xf7\x93\x12\xaeuW\xca\x9f\xaa#\x97d\x19\xc5!\x0b\x87\x83\x8ear\x19\x88@\x96B\x05f\xaa\xb4\xd5\xc3N\x05\x00'
    b'SrY\x84\x01\xf8#\x12_b\xa65\xdd@b\xdc\xb1\x8b@xozS\xc5@\xecx\xdcLL\x8b\xe7I\xf2i\x11s\x8f\xda\x86C=o\xe4\x98B\xab\xef\xcd\xcd_\xf2OF\xfd\x12\xc5\xb5$+g$\n\x81'
    b'\xd0\xd3tq\x99;E\xbd\x17f\xbf\xb7\xe9\x11\x902s\xf3\xbc\x80\xc4\xb2\xe8E\xd1A\xeb\x96\xd4wIw\xd8-\xd4^vtu4\x1e\xc6\x02I\x07o\x05d\xcc\xd0.\x842Qc=\x1f}\x16\x12\xf5\xd30\xdc'
    b'v\x88e\x02W/>\xe4\xc2-#^\x9b\x12>3\xb0\x05y4\x1cP\xf1c\xd5i\x10\r\x19U\x04\xe9\xdb\xc1\xd4\xfcA\xde}\xf8\xf8\xe3\xdb\xb7\xa2\x9enq0\xad]\xe0[\xb4|\xbf\xf3G\xec&\x1e\x15w\x8a'
    b'\x9d\xc6\x1d\xd9\xaav7\x94f\xea\xad\xd6\x87Yy|<:RL\x16{jB=~o\xdf\xd3\x954\xb1\xca\x13zU\xea\xd7\xd6\xca\x91SS\xaa$\x96\xa0\xab\x1e\xc6\x14{d\x01\xe8\xaf\x1c\x17)\xac"\xe4yQ'
    b"\xe0'p\xda\xa4\xca\xe2}\x87\xfa\x0c\x89\xcf\xcfD\xd2\xe3\x9c\x97c\xe8\x84\xe9\x90W\xce~5\xe5rb]D/#S\xef\xa8>\x05\x98\n\x85\xea\x89\xb8\xd9q>9\xba\x8fcBEc\xbcj\xe7W\\\xa7\xf5\x92"
    b"\xcc\xbc\\\x06\xafG\x0b\xa5>\xb8\xd2\x08\x13\x18\xa6g<]t\rus>:K\\\x91\x14\xe2\x05\xf2\xe3\xabo\xbf}\xfd\xea\xcd\xf7v\x8f\xc4\xfb\x84\x8a\x03\x17+\xf2\xad\x97\x01e\x0eC'\x9dU\x85\xba\xc4Q\x14"
    b';\xd5\xf1;\n\x80A\xe6\x9b2dk~\x1a\x86\x91D\x01\x1e\xb4\xe8\x82\x92\x06\xf2\x9b\x98p\xad\x7f\x99\x11\xd7m\xf0\x9e\\\xc8k\xf8\n\x9aU\xd1/\xd1u\xf3De\x89G\xa4\x87\xf4"Q\xb0[<P\xe7\x8e\x82'
    b'\x86\x94\xacJ\xf2\xf3\xc9X{\xc3\\\xbb\xa1\xecGm\xcb\x01\xdd_"\xees\x16\xb1s#1\xc6\xc12\xd0J%\x95\xe9$\x81L\x96s\t@K\x0e \xd4\n-\xe9J\x12\xa4X\x05\x99\x90:\xb7[\x9b\xff\x86\x8b'
    b'\x11\xdb\xe0\x03/GM\xc8\xd0mZ]\xf7\xd01\x1eEa\xf3\xb8rcT\xa0\x8e\xd9\xe1\xc0\x9eTj\\s\x89j\xe3\xf4"\xec\xaf\xc3+\xc2\xbd^\xa9\x96\xcc\x8b\xab\xfe\x0e\xdb\x0fE\x0e*9\xf1\x98\xd9\xf4wM'
    b'P\xfc\xb9\x86!\xbdy\x1a\x8b\xa2\xd6\xbb\x1b\xe6t\xfd6m\xde1\xc0%\xb3nF\xfb\xb8\x9a\xb5\xde$\\\x0e9}U\xba\xb0\x8a\xc0y\x06I\x14\xbd\x81\xd8@\xa1\xcb\xac7\xe7e\xb8\x9b\x95\x1a\xa9*O]5\x13'
    b'V\xads\xbf\x94<\xed\x08\xe2$e\x7f\xfe\xec\xcd__~\xebt\xd8/\xcf\x86a\xa9&GW\xad\xda\x05\xd8m\xb8*\x9d!\xcf\x9cF\xe1\x8dQ\x8ec\x8a\ru\x8bq\x97!C\xd6\x9d\x1e\xee\xc8\xdc\xe4\x0f\xc7S'
    b'\xd8\x14\x02\xc3\xc6K\xe7\xd5\xf7o\x9e\xbd\xfe\xf8\xfa\xd9\x8f?\xc9\x85_\xbd\x8ew\xba\x8dw7\xafd\x97\x19\xfay9Af\xe8\xa4\x88\xb6\xe4\xd7\xb7\x8dZ\xf9I\xb8II\xcc\x91Rn\xd1\x1b\xce\x14\xa2\x88\xb6AC'
    b'\xf2\x94L\x1a$\xf0\xe9,\xc6\xfe\x0c\x86\xe5\xd8\xa2\x86Pv\xce\x00\x01\xf1\x9a\xf5\xe8\x19R\xcfk4\xb2\xa60\xc5\xf3\xa9RN/\\P\xaa\r\x0f\xedS\x15\xae/4\xda3<\xb8]\x99\x95T\xc6\xc9`\x1d\x7f]'
    b'\xa0\xdc\x9a=\xf2)\xcd\x99\x06m\xe5g\x0e\x7f\xc4&\xaa[\xc4M\xc89\x93y\xca\x95\xc3\x06\xbaLE:\x19]\xdd\xec\xf4\x99\x90\x1d(\xb6\x92\xd2\x14\xe4\x0e#Y|\x93\x8f\x91\x0f\\\xcd\x84\xba}\\P\x86\xbcX'
    b'\xf8=gZo\xb7y\xc9\xaa\xa60\x0f\x08(\xf07\x91\x9dl\xb6\x19\x1a\xadh3Q\xf8cSlA>\xbd\xf2\xce(\xe7\xc3\x99\x18\xbd\xcc>L\xe7]\xd6\xb6\xab\xca)\xe1\xa7h\xc5\x82\xa2\x9e\xc2\x11\x0bt\xc5"'
    b"\xc3\xfeq\x026\xe6\x8a\xf1h`5\xaaL'?\x89/\\p\xac\x8cV\xf0\x9e\x06\xb3\xe99\x8d\xd7\x86\nU\xcdk\xb7zA\xb9#\x13\x10rX@q\xd3D\x90\xbb\x85[\xc8\xf6\xa8\xa0\x01_\xa7\xea~\xc3&\x16"
    b'\xfc\x1b,j+\x02\xf5\xed\xda\x1f\t\xea\xc8cYz\x9aQ\xb9\xedyF\x04\x0e23%\x99\x8e@:\xaa\xc7@\xa6\xb9S\xd9\xa8\x1a\xc2&T\xcaT\xcb\x0e\x1dy+\x83L>\x17\xbeb\xeb\xb1\xfc\xf5D:)\xbf'
    b'\x12T:Y\x10d\x12\xd7\\\x16\xc7\xa1S\xb3\xbc\x1b\xa6>\xbbSh\xf7k\x10\x05mm\xa1\xf1\xb3\x7f\xd5\xd9y\x1ad\xa0 \xb3\xb8+\x1d\xedvt<\xa2\xb9\xcd+\x10/T\xa1\xdf\x8a\xc2\xccO\xb4\n\x83z\xc6'
    b'3\xbf\x18\xa6\xd6\xa9@H\xcb\xe6\x92\t\xe1\x9fO\xb4\xe9\xfd\xad\x83\x88#\xcf7\xf9\xec\xe8Q\xdf\xb3\x8e\xd6\x8c\xe8|\xee\xb3\xee\xf9\xdac\xcd\xd7K\x93GV\xcc\x11\xd5\xea\xf8{\x9f\x95\x1e\xa4\xfc}\x1c\xa4LZ\xc3'
    b'6j\xda?\xc8\xd1[a\x03XI\xd2\x89Sj\x13\xb7D\x01\x8ba\xe6\x9e\x8d(\xabE7\x86\xb9\xda\xc3\x84\xc0e\xd99j\xd8\x01\xa4$\x06\x1f\x90e\xb4\xce\xdd\xfc\xb5\x8d \xdd\xfe\xea\x90c\xac\xe5e\x90,o'
    b'\xde\xb7[\xa7\x8b\xc5\xf9\xee\x9d;\x97\x97\x97\xbd\xcb\x9d\xdetvrg{kk\xeb\xce\xfc\x13\x93q\xe3\x1f\x85xeU\xbdyc\xb2\xfbPr\xab\xd8*\xfa\xf7\xc3\xff_U\x9e!\x84(\xbd\x80\xe3\x9a\x96\xc9?p'
    b'\xb0-\xb7\x04\xb9\xe3<\x9c,\x06\xbe\xedm\x1c]\xcc\x00\xcc\x01&u\xb6Q\x0c\xf66~|X\xf4{\xdb\xe5\xfd\xde\xc3\x02\xff\xdb\xd2\xff\xd7\xdf\xe9\xdd?\xea\xf7\xfa\xf8\xb3\xf7`\xb3w\x9f\xff\xf4{w#\xdejk'
    b'k\xb3\xf7h\x93\x0f\xfb\xf2\xcf\xa3"<z\xd8\xbb\x1f\xfe\xdc\t\xc5\xef\xe2\xdf\xd3~\xefa\xb9S\xech\xb5;\x9b;/\xfa\xf7z\xdb\xc5Nh\xab\xbf\x8d\xa6\x0bv\xe0?7\xeeD\xf0\x91\xfd\xfd\xbb\xc8\xf0\r\xdf\xb5'
    b'\xfd{\xf8+\xfc\xc4\xdf\x8f\xba\xe13\xfe\xd5\xdf\xee\x16\xe1\xcd\xc1Ae\xef\xfa(5S\xb4?9\x1a\xcd\xa0\xce9\xfa,\xd0%\xe5\x02\xea\xcd\xaf\x8b\xd6Fqt\x15\x1f\xf5\xf5\xd1lo#\xf4fCg+l\x81\xf6'
    b'\xe6&\xc1H:\xe8\xa09\xa2\xaaz>\xcbt\xa5\xd3\x9f\xab\x1c)\xac\xa8\xb4\xd1\x00\t\x99\xb8\x97\x06\xb1$OK"\xf2\x85\xb3\xfe?\xcd\xd5\x12\xbb\xab\xd5\x9bv\x05\x84B1sn\xa6\x87\x14\xe1\xe5q\xfeF\x1cT'
    b'\xf7\x92\x13\xc2u\x8d\x17OI\xe5\xc4w5\x1a\xab(\xa6\x89fA}Hb\xbc\xd4tz\x0b\x0e\xc7\xca\x99\x1f\xac\x8aM\xccc\t\xfe,\xd0\xd0\x84\xe3y\xc3\x02\xc5\x98[\xd5\xed0\xa1\x11-j\xea\x86<\xd7D\x18'
    b'\x83\xe18\x82\x99\x90\xcb]\x15\xe7D \x81\xd3P|<\x9cE\xd7_jN+\xfe\xc3\x97\x9a\xd8Yl5\x827@\x86;\xd0\xae\xc0pY\xceY0\xda\xc9=\x88\xf9\x95z\xd1\xb4>\x03\x8bd1\\`\xf9\xe4\xab'
    b'\xa4:\xc3\xd7\x1a,\x0c\x06m8O\x12\rBQe\x0f$\xb7\x8c\x0c\xc66\xa6!\xcd\xb2=w\xa1\xfc%8\xc0\xc5D\xb3-\xc1O\x8e\x91\xa4\xa8\x9cCU\x08\x17\xe7\xe1\xab\x9ePavb\xa3\xb0\xd5\x1f\x8a\xfb '
    b'\x03\x8c\xd5\x85P\xf2\x89l\xc8;\xc5^\x05\x17\xccQ\xff\xd5T\xd0\xdd\xca\xf4\x8bQS\xa0\n\x04\xc6aj\xb9\x12\xb1\xa2\xa2\xa9f\xcb/\xa2\x85\xdf\xab\xaa\xcf\xd5\x869\xf7\xea\xf0\x86\x9e\x9c\xc2\x89~\xaa\x89S\xe0r'
    b'fn\x11\xc0\xae2\xa4\xb5\xc4\xcc\x0b\xafKg\x0fpk\x83\xe4dq&\xeb"p\xbf#\xc3Z\x10|\x07N\x908^\'\xa7\x0c4\x18=PN\x87\x9f\xc9\xea\x9a\x8b8\xd1\x1e\xbc90\xac\xd0p|\\\xc5\xc5\x97'
    b'\xb1\xff\x14\xc6\n\xa4\xfd\x8a\xeb\xc3z\x10\xf6\xb1F\xec\xb7v\x15\xc8\xa6\xe9\xa3\xc8<Y\xc6\x0e\xc6z%t\x0f\x01s\xf2\xd97\x0c\xa8~V\xae\x95S\x16\xe5*9e9Nt\xa0\x90u\xc3\x9f\t\x01?.\xda\x1a'
    b'\x95[\xd9J\xfa\t{\x1c\xb1\x1aS\x12\xe5\xa5\xfe\xad\tt\x19g\xe1\x87!2\x11\xb4+\x94\x1a\xa6\xb9\xbf\x1c\xf3\xffZ\x9d5\xdc0S}?C\x9b\xbb\x17\xbd\x8b\x97\xf9cz!e\x89Of\xec\x9fP\xc8\xcc3'
    b'\xb3H\r\xd4\x08\xb6o!M\xf3\x9a\xa0\x8c6\xd3M\xb0\x8c\xf1]\xbe\x06|F\xa0`?\x03\xc8\x94\x8d\x12\xc0\x19\x0e\xdf3\xb9x\xdeB\x03\xb4s\xe6]"S\x91wJ\xa1\x1bsH\xbfEy\xb2jt\xd6l('
    b'VA\xcdI\xd5h\xfd\x19\xcayy\x927\xbe\x04\x88Xy!9\x87\xe9\xa6\xaf\xdbX\xfdxR\xf9\xda\xfd\x9f\x07\xd7h\x9e\rw\x002\xccO>\x8cWhB\xde\xe1\xbd\x12\xc3K\x16\xce\xebT\xf5\x1cHb\x89\x0c'
    b"\x98\x12\x87Bg\x161\x83'\n\xbd\xe6\x8e\x91\xc2M\xfbE\xdf4\xec\x16}\xc5MS\xe1\x84\xa0;r\xfb\xa8\xb6}\x98$mn\xe8\x1dzQ\xe47\xa8\xe2\xd1T/\xcc\x95Wb7\xa5\xf4\x1c\x9e\x9d/\xae\x12\xb0"
    b'\x90\xdc\x0b29\xde\xcf\xbd\xb1\xbf1\xd7\x8a\xbf\xe3\xf6\x13\xc5\xa5\xce\xb89\xa3`Fs\xd6\xb0\xcb4e\x10\xac\xa5\xbd\x84<\x9e\x95\xb8\xf6b\xb4fo[\xdaY\xe3h%e\x9a.\xa7\x1c\xdb\xc0\x84\xfd4\x0b\xec\xe8'
    b'lq\xd5n\x05\xfe\x9d\x97\x0crH,R\x90\x14\xbf\x8b\x11\x80\xfc\xc1>t\xb2}\xa3G\xba\x05\xa5\x96\xc5d\x01\xbbi\x00/oMZIk\x9f\x8b@Q\xd7\xd5\xb0\xc2)\xf3\xf9ZT\xe0\xa8N\x04Z\xba\x17]'
    b'\x9f2\x98B\xa3\x03\x02\xfb&\xdbF\x80\x06\xc9\x97\xa7N\xa9\xbb\xb4\xa4\x89g\x9c}\x8d\xc5J;35\xb6\x8a\xacT\x89D\x8a\xd4K\xcb\xb2\x8c\x00\xb9\xc9\xaf\xd0\x1c\xdd*nE\xbc\x85\xa1\x92\xe1\xa7\x91\xeeH\x87\xd2'
    b'\xad_\xa7I\xc3yF\x8f\xc8Eu)\xbfhb`\x9eC\x1d\x98\x9db&\xf9\xee\x15?`\x17\x88\xbfn%@o@O\x89r!\x15\xd3u@|Q\x94\xd9\x9e^X*7\x9d\x86\xb3a9Q\x11A\xbcY\xa9'
    b"\x81]0b/-\x9de-c\xd6\xd45\x98\x112\x1a\x02\xe8\xba\x92\x1a\xa0\xac\x88\n9[\xc4\xb2\xd2\xda\xdc\xed>)*\xe7k0\x9a\xd3\xc6\xb2'\rY\xb6\x04\xf8$\xb7j\xe9u\x82\x1c\xf4\x0c?\xcc\xa5u\x15"
    b'3\x93\xdcW\xc9\xd8\xae1Z\x16\xccG\xc0G\xad,a\xe7\x8d\xd5\x94\x8b\xbc\x8eR\xb0\x9c\xcb\x85\x8ex,\xe9v%\x9fN\x0f\x94\xe0N\xb1s\x7fKR\x1e\xd3G\xef_\xf3\x0f\x16S\xb0\xa5\xedv\xbf\xd8\xd4\xe4>'
    b's(\'\x96\x96o\xe248\x10\x95Mc\xc3]W\x9d\x9b\x81,\xa7\xc0"no\xe2t\x0ch<\x86\x88$\x088\xbd\xe2\xady\xdb\xd3\xf5\xc1\xf4f\x08(=\x0bB\x82\xee\x7f\x9fO\x1bn\xa4\t\x07QQ\x10e'
    b'\x91bB\xc2\xd9P\x0c^"\x8e\x8c\x16^\x10`=a{?[\xb4\x91|g\x91a\xa2M?o\x83\xc0p\x1c+Q\xbb\xb8\x9er\xf6\xf2\xd4\xc71)R\xbf[H\x03\x9aJ\xf9?\x00\xc2\x13\xea\xe7\x022\xb98'
    b'~\x08 \x9a\xabt \xda\x95\xb5\xaa\xfc\xdfVeX\xe2X\xe3\xe9\x90\x98a\xae\xca\xb0\x866(]B\xed\xf9W\xd88\xdd\x02\x1b\x03\xcdF}\xear\x0e\rQ`\x8fo \xb9\xb5\x9d\x1a[\xcb7\\}\x8br\xec'
    b'+\x8a5\xed\xcc\xd4#\x04\x82\x99\xa3_v\xbdf\x03\xeaf\xd4\xdd"\xb7gCh?\x9b\x9a\x89\xb5z\x88\xcb\x9f\xa4|;j\x91e\xc7L\'\xbaIu\x11\xd3E\x95\xed4)\x0c\xce@J\xbf\x10\x9c\x19]Z\xad'
    b'\xe2\x95\xc5\xe6\xd7\xf6k\xbcr*\x8d\xf2\xbc,m\x14\x17\xa1|pZ\xceoh\xb8\xb3~\xa3\xcc\x1ePIS%\x17\xa3\x14\x17Z\xedI\x02+\x88T\xe1\x19\xe3\xc7\xc3\xc1=ep\xb7q\xa6\xb3\x19\xc1~h\xd7\x00'
    b'\xd4\x87\xa8\xdb\xe1P\xe1\x00b\xc1J\x0f\x8ap\xe5\x9dZ\x92\xf8S\xe26\xe9\xad7\x9d\xf5\x90\'\xd8.M\xad9Z\xf8">D2ez.x\x99rG*?\xa5\xb9ST+\xd2\x8d\xd1D\xe2\xfa|[F\xcc'
    b'\x12\xef\x03\xc5\x91\x85O\xf0\xb35.\x04\x16\xcc\xef\x840g0X\xc4\x9bE\xd0)\x97\xd7\xc5\xf7\x9ad\x8c\x18\xe8\x15\xd6.\x08\xcf\xad\xd4T\x96B\x0c\xc5S\xbe\xd2\xe1\x9a\t\x1dqjL\xd2A[-{\x18H\x9a'
    b'$0\x0bo\x1e\xd8\xc3\xf9\xf9p<\x0e\xbc\x90pw&\xe0-=\xcf\xab\xe4\x81\x9c\x8bO}1\xee9\xdf\n\xb2\x8f\xfc\x86\xa0G\x80\xf3\xf0\xfb)\x08\x88\x16\x99\x17U\x8c\xb8t\xeb\xf0\xe4-\xdek\x81W<\r\x93'
    b'<\x89\xf8\xa7\xca\xd2\x19\xbb.\x95\xc7\x00\xd8\xda\x06\x81\xe3T\x9c\xad\xe9\x84s\xda\xc8\xf3:W\xe98S\r\x1a\x98\xd9\xe8\xac\xed}\x87\xa2\xdf\xf2\xb3\xcd\xef\xbc\xeb2}\xa7\xeb10\xdc\x11\xefx\x81(\xd3$\xd7\x01'
    b'std\xea\x1dw\xe1\x9cL\x17\x19\xbbe\x95\xac\xbc\x93\xc2G\xc2T\xe0\x8fy\xb9\xf8=\xb7\x91q\xec\xf1\xf6\xfc\xee\xd9\xab7\x1f^\xbe\xff\x90\xd2:j\xaeY\xa8\x87\xbaqtD\xd8\xbcw\xef\xcb\xaf6\xed\xf4\x12'
    b'\x16l\t\x13f\x03\xfc\xfdW\xdd\x8a\xfbj\xd9\xf2,\xbf\xbe\xd2f;\x1c_\xccV\x93\xf3:\x81@X\x98\x11\xf3\xe71T\xd7v\xbd*\x7f\x97\xe8{Ie\xc70t\x17\x92J\x8eje\xb8\x8a\xd3\xfd\x96\x0e\xc8\x02'
    b"\xabntX\xd7$\xd7p\x0b\x83'\xe6\xfb\xc1p--i(W\xd1\xb7H\xcdx\xd1\x8a%25\x17F\x9e2v\xca\x0c\xae\xd3\x96\xadUSs\xfa\xae\xe5\xcb5\xac\xe9\x1f\xa1~Vm\xa4\x80\x1f\xbe\x88\x026O"
    b'\x86V\xdai\xbe\xe1Q\xbcY\xe6e\xd9\xe6\xdcO(\xeb\x92?Q\xc3\xb1p\xa2k\x17P\xae\x17\x84\x98\x98\x02XY#D\x0f\xafHU\x8fK\x8d\xc0I2\xf0H\xd9\x87\xe3\x8b\x1cP9Q\x1cR\x9b\xb9\x19jM'
    b'\xc9|1d\xb4\xe3\xc5\xb0S\xb1\xe8~r\xd6\x03R\x13.O\xfb\x13\x94s\x81x\x84\x83\xfd\tG\x9aG\\D"\x87\x91\xfb\xac\x1a]\xb0\xd0\xbcMe\xf4/\xbc\x80\x11k\x9e<\xae\xc2v?\x0e{\x86\x9e\xe4a'
    b"\xb3\xc0\x11\x08\xb2\x92.\x91\xe2\xd5D\xf4\x8a\xb2X\x8cDsB\xabX\x94\x9b\x10u\x8cd\x06a\xb3\x0e'bh\x9b\x16\x8b!\xfc\xdaA\x9b5$\xf6\xfd\x87\x8f\x1f^\xbd\xa0\xe3a\xff\xbew\xda\x1b\x0c\xc1#\x0c\x07"
    b'b\x80\xd1\x14\xc5\xe2<\x1a-13M\xa5\x8c%\xad\xc0H\xf3\xfa\xdaG\xc6\xa0M\xe6\r\x13#w\xca\x80\tw\x8c\x8d\x83V\n\xe1\x91\xba\xc2\xa6\x16\xf77\xc6\xb5\xb9$\xea\x8c\x91\x82\xfb<:\x1a\xa8\xae\xf8\xb12'
    b"\xe9^\x8at\xc5\x93o\xdc\xa0\xaa\xf6\xeb\xc5H\xbc\x86\x96\x1e\xdd\xd0\xdd\xf1h\xae\xac\x0cKK\xd2\x9a\xd4o\x99\x169\x1d\xd1\xad\xa6T'#\xa6\x98c7\xf0w\xeeB\xb3\x10\x15\xd6\xb2\xa6\xa7\xe7\x98\xf5\xa8\x89\x0f\x85"
    b'\x1d\x0bT\x1f\xaf\xf5.#T\xe1I\xf2n\xe1\x84\xb9\x0c(\xd5\x92\x9a\x1cV\xe65s\xef\xe0\x0ct\xe3\xf0;\x95\xa4Ny@\x1c\xd3\xff\xaa\xb1O\x89\x8bh\xa9\xb2\xdc\x85\xa5\xe1 h6\x0c\x01C \x02\xc2-\xd1'
    b"\x06I\xee\x8eJ\xd6\x8e?\x92\x18\xbbf)4\x84\x96U9\xaf\xd5no\xdf\xa97\xfd\x12\x13\xbeC8D\xa7\\\x9c'\xfe\\\x82\xd8i\x9b\x15\x1f\xfa\xed1\x99.\xd6\xba\xc0\n\x96\xac\xe6\x98g[-\xf7>g\xf3"
    b'SnO\xa61\xf6+\x83S\x19\xd1\xed\xe4\xb5\xb8\t\x8b\xbf\xb2\xf8}\xadHo\xdcr\xd0\xb4\t\x88\xda\xa1\xf4\xd5\x1a(\xca\x93r4\xe9io\x1bHG\xef\xc8R8\xf8=\x8ba\xc5\xdd-\xaeZ)\xc1\x06h\xe4'
    b'Y\tW\xd5\xf3ab\xc0#\nl \xae\xef\xcf\xa1{\x86\xd7\xaa\xe6\x9f\x1eL-\xaaK\x06\xa9\xeb\xa2+\x99\x05\xac\xe8\x99\x8fIZ\x9a(#\xb8\x04\xb8\xb5\xba\xf2\xe2\x00l\xbb\xb9u\xcb\xd2\x8a\xfa2\xed%1}'
    b'\x1d\x0b\x9f\xb4\xb6\xbdUB\xed\xcd\xda\xd5U3\x18\xa9+?\x81\xeeU<N*d\xf1\x82\x0e\x01{rmW\xeb\x92\xb7\xae.y`\xb3\x11?^c\xebJ\xd9J\xda:\xa9^\n\xd4\xf8\x06m\xcb\xad\xbb\x8f\xf2R'
    b'\xa2ri\t"\x9d\x14o\xa08"\xc2\xa5\xd0[M=s\t\xbf\xe1\xe4\x83c1I\xda\xc1\xa6\xd4!\xdcr\xd1\x89\xdf2\xd8(\xc9\x83g\x88z\xf4\xd5\xa1\xa1\x96aB%\x18\x07\xaa\x03\x1aC\xbdo\xdfn\x84w'
    b'r)D\x8c\xbb\xb8\x01gFs\x1a\xcd\xd5e\xca9*\x9a\x8f\x01\xda\x97j#03\x94\xb4\x19! \xf4rJ\xf8\xcc\xe0\x07\xd8r\\!\x17\xc0\xac`5\x16\n4\x01\xa5t\x03\xba]\x1d\x11\xf7b\xe8\xedx8'
    b'\x8f\xe1\xec\x8d\xb82\x0c\xbe\x8f\xc73\x15\xf9\xc9\xbb"bm\xdbq~\xc3W\x12\xb1\x8f\xf0\x1bk\x03\x7f\xeb\x96\xc4n\x0bwe\x0c\x93\xdf+\xee\xe6;<H\xd8\xd0\xb3\xf9m\x19\xbf\xda\xdf9\xc8w\xf8\xaa\xb2\xdb\xc9'
    b"\x055m\xd8\xf7\\>-\xabns\xe9.\xcbpk\x02\x05+\x07\t\xf5D\x16\x1e\x0bL\xb4\x19\x84\xa1z<\xef\x08\xe7o\xf8\x82\x1e\x15$\x05\x80\xd5\xdcnp\x12}\x1e\x9b\xd5'\xf3\xda'\xf8r\xca\x8e\x0c\xc4\xe7"
    b'\x0f\x87\xf9\xbf\xccOq\x99\x1d\xf84R=\n\x1aP\x08n\xa6\x1b\x9d\xfb\xc9Hk\x92\xb4 \x1e\xf44\xec\xedV\x04\x85-+\xa6r\x8d9\x1c\xa9\x1ba\xb9\xd0\x17\x1b\x04\x99\xec\x16\x83\xd1\xd9\xd9p\xb0\xc2%l4'
    b'\xcf!1RB\xf6\x8d\xb9F6N\x8e\xc6\x17\x03T\x92\x1a+\xabH<\x94\xeb\xf6\x8c\xae\xcd\x8f\xc2N\x17\xa7-\x0fC\x90\x92H\x08D\x96\xea@\xc0\x9c\xf6\xb6\xeey\xee>\x13,9\x10\x11\x1c](\x8b\xa8T\x9e'
    b'\x04\x86\xb3\xe3\xfcp\x9c\xb3\xa9W\xc88\xa8\x98u\x85\xa7\xaf\xb4I\xcd]\x7f\x9dAq1M\x86\xdb;\xcd\x8b#W/\xd5\xc2\x19\x8a\xfd\t\x82Q4\x1cD|\xd0\xaa\x10;\xaf\xa8\x86X\xea\x0e\xfb%\x14\xdc\x94E'
    b'\r\x86N\x83\xaf[ent\x13\xfa%7\x00!z\xd9R\x9a\xbaR<Z\xaa0Q5\xd1^P\xe7\xc1\xb5\x13\xff\x82\xeah\x91*\x97\xe2):\xc4\xb8\x06\xe0V9c\x19\xa0\xac\xc9\x02\xeaI_\xe9\x80\x06\x94f'
    b'+\x13\xe3\xf1\x10\xd9\xb2lat\xa6\xd0y\x01\x1f\xb7\xa9%nyw\x89\xb6t-\xb0\xa4\n\\\x92\x8f\xab\x1c\x0b\xa6\xf8\x12^\xad7Wf\x89N\x82\xd0\xd9}\x949T\xc0\x8aF\xee\xd9\xc30\xb14\x9dc\xd4\xa7'
    b'\xfb\x1f\x02\xb9R\xcc\xcf\x87\xc3\xc1\x1e\xf3F\xa3\xc8{\xfcl{\xb0\x87\xc6T\xa6\xadbp\xb1\xb8J\x9f}\x1b~\xb5=(\x84Kc&!\x108\x87\xe3P\xf5>\x06z\xd0\xa4L2\xdf\x077E+\x8e\x90\x03\xb0'
    b"LT\xa4\xea\x14\xdf\x88\x07\xf5\xa7\x80[\xfc^\xadY'\xcf\x08\x18w\xda{)\xd5\x8e\xa3lro\xab\xce\xe5?ox\xcb@<\x96\xac\x9b\xcf\xd9\x94\xe2\x1b\xd7\xe0<\xbe\xd0\xe1\x96\x8a\x10$1\xc5I\x11\x9e\x87\x04"
    b"\x8b\xec\xc2\x9fe\xafz\x9e\xeb'\xb5\x9d,\xbb\xab\xa6\xabcW\xa2\x9cn\x9a\xaa5,X\xa2\x121\x1b\x96\x80\xf2\xa6\xe7g#\xcc\x83\xdd\xac\xeey\xf9\xd9rMf\xba\xaap\xf1\xba\x87\x11\x8e\xe6\xcb|\xd2R\x05\x96"
    b'\x82\x9b:\xb5L1\xc5\x82\xae\xa3\xab,H\xcb\x961\x9aQ\xde0N\xb3\xed:}\x83\x19A\x05\xf2\xc4\x19%\x8c\x0bU\x983\xdd`n\xf3\xcaS\x1e\tD\x18\x95\x03\x02\xa7\xa7\x10\x8f\xc3\x85\x1b\x93\xa6\xdfZm\xaa'
    b'h\xd8\x143I\x1fb\x9bbe\x1c\xb1\x85\x9dj\x1cd\xe9\xe3K.\x81\x0bB\xbf#2\xd3\xce\xc9\xbc\x11\xdc\xeeF\xe4\xa5\xc7N\x08]\n\x90!\x901\xfe\xda\x15\xfdx\xb7z\xad&L\xf1\xc48\x8a+]\x11#'
    b'\x02o\x8al\xee\xc7\x9eV\x189\x0f\xb5\x97\x11\xf1h{\xf4\x10){\xfd\xf6\xd3\xbd_\xe6\xff\xf8\x97\xce\x9dnrlVb$\x00\t\xbf}Q\xbfj\xf1\xcd\xd7\xb7j\x92\x91F\xab\x90Y4\xa4\x1ds:\x8c\xbcu'
    b"\xcf\x05\x0e)Zk.;\x8bZ\x92uK\x9cK\xc9G1\xf2\xd8d~l\xdc\xcb\x19\xf4v\x08\x8b\x909p)\x834\x92\xc402\x15\xbf\xde\xc2\x07U\xd2\x9e'O[\xb2Orv\x0c\xfeS\x8c\x16\xbaE\x1a\xb9"
    b'\xc3\x182\x1eyB\xb7\xcb2S\xb1\xf1\xa2V\x80\x9av\xfc\xb9\x86\xf3~Z%\t\xb9l\xdc\x18\xcd[By \xc5\xec\xba\xd3\xb5\x98\x87=3VFd\xc9\xeb\xe8\x18r\t\x106\xb7\xdd#\xabJ~H\xc5\xb7\xbf'
    b'\x0fgSs\t!\xbf\x1fN-\xcdC\xe5\xdc\xab{\x10\x91sk\xad\xfe\xa74\x91\x04,6 \xb2\xde\xfc|<\n7\xc4n\xab\x83\x00=\x85$\x13\xeb\xba\xbe\xbb\xf3\xcb\xfc\xeb;y2\xb3\x9f\x9f\xfd\xfb\xcb\x84c'
    b' 5*H\xa3\x9b\xa6\x0c\r\xa6r\x94\x84\xf7k\xff2\xe0\x01\xd2\x9f\x9b\xff\xd2o58\xb3\x0b\xf3\xae\x9c|5{\xb5\xecq\xa5s3\x83U\xd4\xb95i\x8f\xec\xf3\x9b\xe9e\xa7\x12\x16\x1b3|\xfc:\xbc\x9a\xb7'
    b'c\xa9\xa6(8\x1e\xa2\xcc\xe2\xa1~.\xf6\xd5\xbe\x14q\xb3t[l\xab\x99\xef\x01w\xc0bV\x8e\xc6\xe6\xc0s,\x08b8)\x98n"X\xa9\x13\xab4\xc10\xa7\xa1\x02UK\xe2\x97\xd9B\xd3\xb8\x0b\xd0\xc3,'
    b"6)vlb\xacP;\x1b\xeajy\x17\xe1\xf5\xb6\xc9\xd2ek\xff2G\x95{\xfb\xbf\x0cz\x07_\xff\xf2\x8f\x8e\xfc\x81%\x0cK\x17\xb6\xbc\xb4\xef\xafT\x9f\x02\xc8O\xc4\xb5\xcb\xba'\x96\xc3=f\xc3|7<"
    b'y\xf9\xf9\xbc\xddj\xff\xd7?~\xf9e\xdeI\x95bP\x81\x13\xd8ko>\r\xcd\xb2\xdd\xd6\xfa\xc7w\x05]\x8f\x18\x84.\xc8\x15\xb7\xcf\\y\xd6\xd1IS&%\xbe\xadu\x8e\xc7>|\x90OEu&\xae\xeb\xd8'
    b'\xa5Y\x9c\xb6\xc2D3\x0b{\xb8\x8b\x93\x9a\x89\x99\xe97\xff\x04@I\xab\x10\xc1\xda\x12F\x1a\x935\xc2\xe4<\x04N\x9av\xc0.\x16CX\xa3]\x82Y?\x99?\x84~\xaeeT3\xb9\xbc\x9cj\xa7\xa6>y\xa1'
    b'ze\xb6w\xaa\x8a\xbc\xb0\xc7\xed43W\x1fQ\x8e\x99\xb5\x95:\x91\xd9\x10Y\xc8T\x11\xe8\xe0*k\x12:\xa7%\xb2<\x06\xc8\xce\x9e\xe0\xaeTt?4o\xf9\x8c\x89\x89\x91\xf2\xf3)\x004u\xa3{\x82\xf5a'
    b'.\xe3\xd44}x\x17\xe8\xddk\xc2\x1b1\xa3\x85\xe0A\x7f\xbcT0\xf6\xf3\x8bp\xdf\xc7_\x14J\xe3/Z\xba?\xce\x87\xffs1\x0cL\x1f\xa3\xd5/\x87\xc3\xf3\xc6\x00\x8f\xd6\xe1hR\xce\xae>J\x9aF\x02\xb9'
    b'\x9f\x0b\xf8\xcc\xc7\x08>\x83\xb0t\x01\x0c\xf9\x18!s\x8e\x00\x1f`89\x11+\x8f\xd7\x8cM\x06}(%L\xf8\xbcD\x9e\x8e\x89\xb9\x1b\x08-\xc5\x0e\xd0\x8c\x05\xaa\x0b\x8f\x8c\xab\xea\xa6\x04\xb0\x7ft\xc6`\xd6y7'
    b'%=\xc4p\xbaf\xee\x1f&\xef@A\x08\x01\xd7v2J\xc0Zl\tENh\xa0\xd2]\xd7\x13\x80;Y3\x07g\xe7/\xbe\xe8\xc4\x7f\xc9\xcc\xbb\xaa\x174\xa4\x02\x85R+?\xe95`\x17\x80K\x82\x81t\x01'
    b'\xb5\x1b6\x19R\xce\xca\xc9\x05\x80\xc2\xcdI\'\xf4\xf1\x1d\x9a\xb0\xfc\x9cs?;\xd8\xfb\x92\xcb\x067\xe1\x1f\xdd\x15\xbat\x028\xac\xbe\x11\xa2\xbc"N\x0c\xfd/K\xe6~Q`\xc9\xc3!\xe6Ir\xbe\xd8|\x9f\x03'
    b'\xf3\x7f\x9e1\x89\x92G\xa6\xb7\xb3c\x99\x84\xb6z\xf7\x1f\xc0Qx\xe1\xf5\xc9C\x9f8\x86\x8d\xb8\xdfb\x7f\x91\xec\xe2A\xe2\xd3@\xe1|\xe7\xa0v\x9e1l\x8f\xc0\x98^B\x91>\xe8Z.\x075Az\x8c\x18,'
    b'a\xe4\x02uOd|\rV\xfe\x96\xa3\xe2\x18\xea\x95\xc7\x8c\x08?_+\xd5\xe7\x0fC\xc7\x10\x94\x06\xf7 \x13\xa6\x96a\xc98\x84\x01\xab\xb8\xa9\xec\xef\x10\x19\xb8*{[\xbf\xf4\xda;;\xff\xb8\xff\xa0\xf3\xcb\xe1\x9d'
    b'\xdaE\xc39o\xb8bZ\xf6u\x8f\x81r\xb2\xfe\xbc\xd7wvZ\x08\t\xb9\xff\x80A!\xe1Wg\xc9\x15\x13n\x94v\xb2\xf1k\xfa\x8aN\xa7\x93g\x86`\xce\x81\xb9\x08WN1-\xc1\xf0*\x93f\xb8\xd4\xdd\xe2'
    b'\xbf/\x06\'\x96\xff\xd4 \xad\xe7\xce\x0b\xd9\x85<\x07r\xf1\xec\xe7J"\xb7\n(l\x96\xb8!\xc3\x89r\x8e2\xc9\x83\xd6C\xc0\xfcq\xdc\xf5(\xe0\xa7\x0c\x00\x82\t\xe5\xd9LF\x16EPp\x9c%\x87 \x15\xe8'
    b'\x88|\x91\xefi\x13~\xc9\x954\x00T\x9b\xff\xa5g\x01\xaa\t \xffl\xee]\xdbJ7Z\x8d\x8b\x07\x14\x19j\xbac\x17\xa2:\xd2\x8e-mbr\xfe\xfa!\x90Q\x82Q1\xd9\x82\xe1c\xc9,\xf0z\x80_J'
    b'\xc6/xb\xacy\x9b\xe7L)\xa1\x99\xbc\xbaL2!\x96\x1fAs\x1b\x0c\x91\x9c\x16\xbe&\xaa\xe5b\r\xbd\xaf\x8c1\xd1\xbcJ\xe1o\xa7\xaf`\x7f$e\xdd\xfc\xdb\xd0l\xdbr\x05/|\x8a\x01\xe2\x90\t\xa4\x92'
    b'\xb8\x95\xb5K\xa4\xa7\xdf)\xbe\xd2\x97_\x17\xdba\x03\n\xee\x9dLF&\x00\x908\xef\x15>\x9ff^\x01\x8d\x13y\x85;\xceW\x98\t3\xe5\xf3\xfdrq\xc0\x04\x9a\x9b\xea`\x15\x0b\xc9\xd4\xeei\x02\x9c\xa6\x8c\x9c'
    b'\x81\xd0\xd6\xa8\xd0h\xfeBfWsvB\xf7R\xc9\xd1\x19\x9fY.m<\xdf\x0e\x1d\x18\xe5\xb9\x00\xc5\xc1\x82\xbd\x80mZ\x06\x02\xcb\xcdd\xf8y\x91\xd2\x02"ch\xb7\xd8\xec\x07\xe2R\x1c\xce\x86\xe5\xaf\x9a\xe5\x14'
    b'\xc5%\xd9\xb5C%\xd21*,\x9bn\x1bAfH\xca\x01\xe3C\xcb\xa6m\x94\xf8?\x8aG\xd8\x19i\xf9Q\x13\xb2k\xe2\x9a\x9a\xcb\xda\xa7u\xc7N\xc9\xb1\xb5\xca\x86m\xd0\xbc\xec`1/\xa7@\xdc;\x9b\x82\xc9'
    b"\xe0\xac\xd0Zo{?\xeb\xa6e\xfb\x93d:\x9a\xc8\x06[\x97\x84\x15\xa3\n\x97a\x10<\x0e\xfd\x96`5{\xab\xb6pZ\x17+\x1e\xce\xec\xb6K\x1e\x8f\x11\x8a\xb3\x19'\xe6U\xf8\xdd\xce\xb6Y\xb7\xb6\xeb\xac&\xae"
    b"b\xeb\xabV'\xde(\xd8\xc2{\xdc\xc3Z&\xe2aN1\xd2\x98:2\xa1\xc3\x944,\x96\xba\x89uNo\xe7[\x92m\xeb\xbe\x9cs\xf3T\xa6\x9c[\xac\xfa\x8d\x95=\xa8B\xa7V^G\xb7\xfa=\x7f\xbe\xa2\x1a"
    b'i\xd5\x97vB\xd2s\x9b"B\xc6\xbbM_)!\x9b\x9f\xc3\xb1\xe4\xee\xeb/D\xaae\xb9U\xa4q\x02\x9f\x16/~x\xf6\xe6\xcd\xcb\xd7\xef\xf7\xdd@\xa5\xdc\x81B\xb4\xdbZ\x96Bnd\xa4\x95\x13\t\xcb\xdcp'
    b'\x80\x0e\xce\xdb\xecv\'3\xbc&\x9e\\\xdc\xde`&\x8a[=y\x99\xe9\xe1\xb4Th\x8a\x9d[\x15-My\xce\xf4?\x84"\x07,\xb5\x13xM\xa4s\xe9\x9e\x1a\xcdK\xf1L\xc7\x94-*,|X\x9e\xb9E\x00'
    b'\xf5\x95\x03\x10\xc6G\xfcgng\x8cJ\x83Sd\x9dwI79_X\xf5\xb4?\x08\x12\xe6o5:\xee\xad\xec\xdch[\xde\x9e\x18\xe4d<Ki\x9a\xf50l\xca\x82-\xc15\x8c\x98\x86\xb7\xccr&\x16\xdb]'
    b'V\xa4\x9e\x91m\xe9\xc1\xd3z\xe5\xb0\xaf\xf4[k A\xef&\xf4\x03M\x11\xcdo3\x18\x07E\xf1\x0bG\xa1\x1b\xb5N\xd8\x1a\xbbE\x13\xf2_\xc7\x96\xa0\xdd\xe9\x16\xb6\x1a\xbb\xe4\x8cr\xf8E\x97\xf7z\xfd\xfc\xd5\xb1'
    b'n\xdaM\x14\xa2\xd4\xac\xd9{\x95k"\xa6\x85\xd6\x82qo\xa4@\x19\xd1S;\x95t\xf4\xa1\x92\x87\x06\xcc\xb5\xc7\xeeV\xa5\x05I\x9e]K\x99\x8d\xb3\xd8d9\xd0:\xd1\xc9\xf7\xc3\xdc\xd0\x15\x84\xaa\xda\x8d\x9f\x0f\x06'
    b'F\xb4\x06\xdc\xb6\x98\x8e>t\x0f\x94B\x9dS"\xcc\xc8\xb5\xf7\xd6\x90-}\xbd\x04p\xbd`\x127\xa6\x0fU\xe6F\xd4C:\x07K\rK\x88.4&0\xcfA\xe2=5\x08v\xbb2\xf3e\xee\x9b\x11\xf7N\xa4'
    b'S\xd8\x11\x96\xc76\xb1\x12T\xf4Dd\xadzX\x9c"$\n\x913p\xfc\x0ck\xc9\xe5\xa4\xbe\x112\x9e\x0c;\xd4\xc3\x882\x13\xe0\xe6p\xd6\xf5\xaf\xdb\x1e5\xfb\xa9>\x15G\x0f\x97\x18\xa9\xe6\x11\xb2\xa6\'\xc8\xea'
    b'\xe6\xaa.\xc0$\x11>gg\x031\xd0\x0e\xa6$\x9e\xd9\x83\xa6\x1c\x9eO\x9b\x8b\xd4\xd2>5:\xa5\xf0\x1b\x9e>A\xdf{\xf9m/\xba\x9e\xb4A\xeb\x0cE\xe5&W\x93u \xee\x93\xcf\x01\x14D\xbb\xde\x1fE\x87'
    b'@w\x94/\xaa\n^*\xbb\xceEE+\xa2"\xa1\xaa\x12\x8f\x10\xf9:j\xb5T\x7fe\x10\xeb\xc9\xcf$M\xaa<\xda\rtN\xc1\xf4\xed\xdb\xf0\xdf\xeb*Ovh\x94\xa1ak$JG\x03\x9bD\x99\xf4\x9b7'
    b'AQ\x15\xe7\x1b\xa0\xd7\xa5V\'\xe7@\xdf\xb4\xb7<\xddB\xea\xdb\xd3"\x86\x81 \xd6\x08\xd4ewY\x92\x01Q\x19\x8c\x08S\x7f[\x87\x14\xfel\x82\xa4G\x89\xdaDv\x9c-h\xf1x5f\xf0\x18\xdaj[\xa2'
    b'\xf0#.\x8f\xaf\xf4\xba"\x1c?S\xb5\x97j>\x87\x15\xe4T\xcf\x1b\x91,M\x10\x1d\xaeN\x04\x9e\t\x12\x8b\x91\xaa\xc5U)GGLd\x86@L]7f\x17\xf7^\ts!\x86\x00n\x0f\xa4\xf2\xf5t\nH'
    b'tQj\xb2\xe9\r\xeaI\xbb\x9a\xb8&\xa9\xe8\xf0\xf9\xe8h:Y\xa3\xdf.\x9aj4\x93\xab\xf7\x03\xfb\xb9\x84K\x13h\xa85a\xa5\xe4\xef&X\xa9\xf5\x10(\xc5)\xfb\xd3P\xf3\x94\xf9=\xbb\x9aI\xcc\xd9E\xed'
    b'F% EV#\x8e:c\x80\xe2i\x02t\x95\xfdP\x00\xabe\x81&\xf5\x8f\xc3Q\x94\xde\xd7\x00\xb0\xb4GyPS9\x1b\x95\x9b\xba\xea\xce\xf1\xab\xb1:p3\xac\x8f\xfa\xb4\xacR\xe4\xd8<\x1c\x93\xea\xdefy'
    b'\xbf\x12\x1ahy\xdb*R\x8d]\xa8\xf1gr\xeeCn>\xbfA\xba\xd1\xd3E\x1c\x9a\x93\x82\r+\xb2\x06\xc7\xb9+\xa8\x8do\x8f\x13\n\xe9\x93b\x1bM\xbe\x9d\x0c\xa3C>C\x15\xd2b\xacSm\x162\xe4`V'
    b'i`\x10\xd4\xf3\x11U\xa3aP\xad\x1a\xac\xf3n\xd1\xb4\xd8\xef-\xe5Y]\x85\x11\x86\xcb0\x12\x90\xba\xf5\x18\xed\x86\xda\x90\xcc.\xafN\x0f\x84.\x90\x03%.ZO\xe6\x9fNd\xf2\xf66\xb6\x1fn\x14\x82\x9e\xb2'
    b'\xb7\xd1\xdf\xd9(\x14\x10yo\x03p\xc1\xdb\x0f\x0b<\xe3\x06:\x1d\r\x06\xc3\xc9\xde\x06v\xc8F\xc4\n\xaem\xce\x18\xea\xd3z\x829/BM\xfdG\x1b\xc5Uh\xa9wo\xc3Zu\x8d\x86?g\xa1P\xc4\xfc\xcd'
    b'\x10\x92\x13(\xb1CR\x06jr\xffAq\xbfw\xafx\xdd\xef\x87\xff\xe2\xaf\x1f\xfbw\x8b\x1dy\xa2o\xee\x16\x8fB\x8b\xa1\x86[q\xdeR\x97\xfe\t=\xb2v\xef\xd7z\xf4\xa0\xda#\x8aFO\x00Q\xfd\x8d\xd9\x91'
    b'Z1\xd8!C\x86U\xff\x99\xf3\xf2dh\xf8\xfe\xcbpm\x11\x1c\xf1\x89\xef4\xcb\xf8\xe1\xf0tD\xec\x0e\xdd\x03\xab\xc0\xc4\x0c\xd8\xad\x9d\xc2\x1e\xe4v\xfe4\xbc\xc1\xf7Q\xa0\x03\xbcDt;{\xf0\xb8\t8\xcc\xb0'
    b'\xcd\xd9\xb1z\x02\xe4S\t\xf3h\x08\xb9,\xfe\xa8y\xdb\x1c\xa06,\xb7\xad8M@\xc7)\xde!.\xc9\xf8\\m]Qg\x11S\x02\xe1B\x05\xc8\xac(\xbdPo\x1ff\xec\x07\xdd\xe2\xf5\xcbo\xe7E\x9f\xbf\xb6'
    b'\xb7\xa2\xd9\x14\xc8\t\x9a\\B\xbe)v6\xe08%\xb7r\xca\x83\xcc\xb4\xc5\x1c\xae\n\xa2\xe2\x07\x82\x06\xf0\x86\xa7\x13\xd2\x10\xf3&\\\x8a\xccr\x19\xe3\x06\xa2\x05\x12FNC\x0c\xd6\xf0#\xcd\x12\xbc1\x8f\xfc\x07\xcc'
    b'{\xf0\x8fB\xf8\xf5\xe4$\xfc>\xa5u{W\xdc\xb6\x16\x97\xd3\x94\x8d\xc2y\xaa\x9fO\x7f\x1dNT\x0b\x14\xcd3\xa2\xcb\xf2i9M\xd5\xcc\x17\rh\xdd\xf2B\xe4\xf4-j\xc7,\xe5f\xa1\x0e\xe0h\x9c\xe98Q'
    b'r?k!\xb0\x80\x07\xb6i\xc4]s\xeeG\xc1Tb\xf0Q\xb4\x94\xd5\xa6\x92\r\xdb\xff\xecP\xf2N\xd2\xb3\x86TW\x92\xf6a\xc6Z%\x83\xd9Z]\xefW@\xe7\x03\xbc\xc5\x84\xc1p9\x9f\x16\xfd\xcd\x07X\x98'
    b'\x96\xac\xb9t\xf5^\xf7>\x9f\xdd\xe3\xaf\xfb-\xa7p\x96\x1e\xbe\x0fs\xdd\xd6\xbf\x9d\x7f\xb1x\xa8\xdd\xa4o\xd6\xef\x1a\x0c\r\x15\x85\xaa\xa4\x94\xa2\xfb\xad~\xb3_\x8a\xf22\xccZz\xe2\x1c\x91\xa44\xb3^\x06^8'
    b"\xfe\xdat^\xeb\xda\x13\xa7\x8c\xcd\xfbC\xdd\xa7\xd6\x1d\x95\xa5\xae=*0Y+\xaa\xcf\xd5\xa0\xc9\xb7\x9e_nb\x02r\x8d5a=\xa8'u\xfd\xe7\x16\t\xb3\x8f\x1d\x925c\x1a\x0b\xaf-)l\x9aYU\xe0_"
    b"\x8f\xca\x85U\x16m3\xdd\xa8\xfd\x14S\xee\xfbp\\''\xb9c\xfc*%\xa9\x9e\x0c\xf1\xeb\x8bl~M\xf5\x00\x13*:\x93\xa5\xd4N\xa6\xd3\xba\xa7M9\x8f\xf9\xcc\x93\xbf\x8d\xb7f\x05\xda\x04\xbdC5p\xc4Z"
    b'v^\xb7\xd4\xc1|\xa1\x9e,\xea-cu\xf2i\xa6>[\xaa\xd8\xd4\xcc$U\xfd_\x17K\xb7Wi*m\xc9\xbc\xeb\x0e\xaa\x98\xb8[\x8a>\x1dS\x80\xec\x85\xca\xec\x81T\x1b\n6\x843\xb4\xa3V5\x94\n\xfc'
    b'I\xa0\xd4\xdc>|\xbc\xcb\xdf\xf3\xf4\xc0\xed\xaf\xc5T(\x92\x86\x8c\xcb\xf4\x1d\x8ak\xbaF\xe6\xfe\x9c\xd98A\x01\xc4\xf0\x033t\xa00\xb2\xd7@W\x8c\xfcS\xcb\x15JhV\xa0\xc3+\xbd\x8dD\tu8\xc3^'
    b'\xda\x0ce\xa5z\xf9\x08P0f\x16\rR\xc6PB\xea\xe8\\\x81\x80\xbb\xf3\x864\xed\xd8U\xba\xfa,\x92l[\xb2\x8a\rY\xc5E\x13Y\xa5/\xf2\xf5\xbe\xfc\x93\xd3\xe1\x18\xc6\x7f\x11\x81\xc3o7\x98\x18\xdf\xfe\xed'
    b'\xc3O\x7f\xfb \x96\x08\xe86\x0fz:v(\x9fr\x9dO\xac\xc9,@\xfao/\x92O\xffKh\xc3\xb2\xea\xf5\xfc\xc6\xb4tVwG\x87$_\xff\xa6u\xed\x16\xfb\xcb*:\xb8\xaeVU\x1de\xa5J\x1csc'
    b"\x11H\xfc\xad\xc6N\xad\xa6l\x90\xde\xc8\xc4\xe2\xf2\xd8\x96^\x93\xbe8\xe3\xac\xaf-\xebA\xf8x7V\xd3\x8d\x9b'\x0c\xd2\x7f~\xd0\xe0q\xa8\xc4Lk\xcb\x95\xc5|\xe8\x11\xf6\xf8\xa0\x97]m\xfe\xd8e\xafm\xeb"
    b'\xc8\x85\xf3\xd4R,\x15\x949\xed\xfc\x90\x03\xf0\xd7f\xdeB\xf5\xe2\x90\xb7Y\x1e\xe4\xf4\xe8q\xc5|\x1av\xa7\xad\xb0\x14\xc2\x12g\x16\xf598^)l[tO\xb7(%\xe4S\xe2\xa0\xc5\x12\xe1\xd8\x06\x02\xf6\xb7'
    b"\xf3s\xf3\x1a_W\x0f\xb8\xeb\x06\xffu\xde`\xa6r\x92.!;\x8a\x90'\xbf6iW\xe4kd;\xa3\xba\x18j\x0f\xfc(\xa0\xe3\xd1:h;\xe1\xc0\xac\xfb\xba#:\x19k^\xa6\xc4^\xd4\x1d\x85\xebJ\x02W"
    b'67\xff\xb8\xdb\xe9K\xf5\x11#\x0bn\xf6\xfe\xc3+s\x98Y\x88\xa6\x00PJ\xd6\xaa\xc5\tK\xb651\x13\xc2\x80PR|\x10\xd6\x1b\xbc+\x0c\x89b\x1e\x9f1Z\x99+\x1a\xd9\xee\x02 e\x92\xddb\xc1D\x81'
    b"b~\x10\xbfq\x97@\xc5'9b\x90\x8c\xcf\x12,\xdcu\xe0\x98\x8fG'\x173\xa6\xba\xd0\xa4\x0f]\xf5`\x1dhx\xaa \xa3D\xbf<\xe9\x02^]\x96c\xa4v\x05z#\xe5\t\x03\x8dq\xe2^\x98\x04\\\x01"
    b'\x12\xb9@i\x81z\xbd\xf0\xe2*\xb6\x88\x92\x98\x1ed^rY\x0c\xa1\xb8\xdf+~\x9bA\x7f\xdd\xfa\xcb\xf0\xe1\xce\xa3\xed\xa3\x96\xce\x05\x9e\x1c\xdf+\xefo\xef\xb4\xd4\xd1\x06O\xb6\xb7\x0ew\xee\xa1\xcc\xa0\x9c\xfd\x8a\x07'
    b';\x87;\xc7w\xef\xb6\xae\xab\x19\x175\x1f\t\x93@\xaa1\xaf/J\xd1-~\x0b\x8f\xc6\x968.V:\xf5\xfe\xc3\xb3\x0f\xf4\x8f\xc4&\xad\xa5WDg?\x12n\xf3S9\x0e$\xab/\x0e\x8b\x07\\\xc6\x8f\xecy'
    b'\xe5u\x9f\xaf\x1b\x8f\x1f\x87\xe5\x8bo\xb1\xb6\xfe\x81\xceA\xe5\x15k\xbaFUM\x19\x1e\x97\xf4,\xd6hc\xadT\xdaB\xd4\xa5\x94\n\x7f\x1e,\xb5\x17,\xeb\xab\rpi\x8f\xad\xdf\xb7t\x8d\x9e\xe9&\x82\xc08\xa2'
    b'\xc3Qe\xeb\x97\x926\x98h\xea\x86&\x1aS\x0b\xef\n\x1fr9\x0foN\x08LZ\xca\xda\xd0_\xf4\xe8\x08Q\x89%W\x18!\x0b\xc0\xbd\x11\x1b\xbd\xa5}\x8e\xb8GP\xa2H\xb6P\xf0\xb5\xc8\xe7\xe7\xf6\xc0\x87W'
    b'o>\xe8\xcet#J\xbb\xb6\xc73\xdb\xb4\xe2\xad\xbf\x94\x0f\xef\xdf\xdf\xdaj\x86\xc3\xafNb\xeb/\xfd\xfb\x0f\x1f\xdd-[\xf5\xe9[]Q\xc3b\xc6\x0f\xb2L\x9fB\x87\xbe\x83g\xa7\xb0r\xbf\x0e\xaf|\xc4\xdb"'
    b'\xe5\x07\x94\x8d/9\x1fbz\xd6dH\x0c\xb3\xdf\xe6\x81\xa2\xed\xc6\xdf\xb4\xb7\xf98\xdern\x9a\xb0\x0e\xd9\xad\x11\xbe\x8c8\xbd\x11\x07N\xc7\xd2\xd6j~K\x892q|%*\x84\xce\xa3\x05u\xda{\x1b\xf6\xc5\x86'
    b'\xe8\x98S\x9e\x18\rv\xdd\xaf\xae\x94\xfb]\n\xcf\xeb\x9epQ\xaa9\xc3BG\x93\xef]s\xda\xb0\xfb)UX\xfbn\xef\x1e3\x86\x15_A\xa9\xd6\x89Y\xc3\xb6{\xf7M_\x87r\x9c\xc40\xe9\x90\x15u\x1a3'
    b'\xf5z\x8b\xa5\xe2\x84hIV\xa7y\xc6*Y\xc6\xc8\x1c\x08\xd2b\x7f;\xc1\xa4\x0b\xb9\xcf\x80r\\\xea\xf8\xf3\xe1`\x08\x99\xa8\x9cx\xcdL\xbc\xbe(\xe7I\x15\xab\xef\t\xa9\xbavY\xa4 R;t\xd6!|\xc7'
    b'\xd4\x1e\xf3\x98\xdb>\xde\x8a<\xdd\xd1\xfdt\x91\x8c\xb2;\xb6\x06:\xce\xed\xed,M5Q\x19\xe3\xbc\xee\x1ct+\xc7\xb4\xd3e\xbf|\xa1\xbb\x07\xf5\xf5\xb7\xec\x8di\xea\x92V\x96\n\xd9+\xaagU-\xfb(\xa9e'
    b'\xb7\xb7+z\xd9\xbf\xf4\x8f\xfa\xc7\xe1\xa9W\xc9\xb6\x9e\x9c\xe8[\xa0\xe1\xc3\x08\x06QjSk\xeb\xf7v\xe2#\xb8\xac\x1e\x95\xe7{\x1b\x04\xe5\xb0\xc7\xb2{d\xb4_\xcb.\xb9\x95\x13\x02\x1d=\xb7\xca7~\x97\xf6\x1f'
    b'\xc86\xdd\xc1Nd\x1e\xbb\xbe\xdf\x91\xa9\xce\xd8\x14\xbb\x98\xf7\xde+\xb8\x91\xa7\xef\xdf\x1f\xf6\xee\x17?\xf6\xef\x85\xff\xde\xef\xdd-~\xe8?\x0c\xff\xfd\xb1\x7f\xbf\xb7S\xe0\xcd\xbf\xf7\xfb\xe1\xd7\x83\xde\x03\xfb\x15\xaa{r'
    b'\xe7\xe4O\x9f\x10.\xec\x8a\xf9\xb8\xdb8\x1f\xbd\xbb2#\xfd%S\x12k]sF\xc2|0y!t\xec\x0f\x8b0\x15;:5\xfc\xfd\xba\xff\x90\x7frz\xf4\xf5\xeb\xf0\xfan\xb1\xdd\xf7\xcf\\\xe5\xf2\xc9\xf6V\xef'
    b'\xa1\xcd[E\xa9#\xa6\x12%\x86B\xe1\x8f\x03\x85\xaf\x98I8\x16\x9c\x19h\t\xb6\xef\xc6\xcd\x1b\x9f\x7fUl\xf5\x1ey\x02\xd4r\xdb\xba\x8f\xc9i0\xb1T\x8c\x15[\xb1\xda\xfe\x96\xfb\xfa\xae\x1c\x8a\xb0\x8c\x19\xd6F'
    b'\xab\xe1\x88\x08\x05\xf8:\x1e\xbdh\x83h9\xc0N\xe3\xf0\x85\x15\x17h\xac\x82\xde\x0e\x1b1$\x8a,_\xe9\xc0\x86\x84\xc2\xccc\xea\x01\x81(\xc3\xfd\xf6\xffo\x88\xc3\x08\xf0v#\xde\\\xb1\x0c+."\xcf\xf1\x8f\xc8'
    b'\xf5\xfc\xf8\xea\xcd\xf7>Ep\x15\x97N\x82\x91"\x9a\xc4\x17"\x8c\xc2!\xc5\x10F\xa9Tf<\xe8\x9e\xd6\xfaT\xfe\xed\xc1]\xf5\xfd\xe8\x90j\xf0\xe4vC\x9d0\xde\xaf\xc0\x00\x93\xef\to0\xbd\x98\xeb\niU'
    b'\xcb\xd1\xc0\xa4V\xa75{Y\xce\x19\xcdW\x1eB\xe7!\x11>\xca\xf8Hp\xb3f\xc7!\x8e\x015\xfa]\x1d\xca\xf3jz\x96aI\xb1\xfd\xf7MW\x15\x90\x15\x95eq\x15\xe1\xf7kE\xef\xc0\xdfKF\x9e\x14X'
    b':\xdf{{\xe9\xd3N\\\x04\xd6\xe0\xe6>\x9b\xaf\x0c\xb9!~\xac\xc3\xee\xac.\x9a\x97Z\xd5\x1c\xe6\x7f\xe9VlP\n"\xf2)W\n\xae\reb`&\xb9\x93\x84\x84\xffa\xa9[\xbe\x90\xb7R;~:\xf6M'
    b'\x92\xaf \x931\x89\x17\xf29\x92\xb0\xf1\xa9\xa4\x90\r\x14\x8dO\x1d\xea\xfa\xfa\xf8\'\t\xc0\x04p\xd4"\xe4\xd0\xec\x9bxw\x08,\xfb\xda\x8b\x03\xffM\x1d5%\xc7M\xe17;\xd9\'\x02\x9c\xc2\x17w\x0f\xf2\xf6\x15'
    b'@\xe5\x9e\x7fj\x08*7\xe3\xf2D?M\x12\xf1\xb7\xc7M3\x98rI\xdf\x04\xaf"\xb5l\xc6\x89\xde:h\xfaNu7{Me"\x0e\xb7^\x14\xdd\xc2\xadZ#d\xfb\x8d8.5\xcf\xdf\xe5\xf6\xe9B<n'
    b'\xedF\xdbkp\xe2\xf2\x05:M_\xc5%_\x85\x10\xd3\x88\x11\x13\x93\xf4\xad\x02\xec\xb9\xe1t\x1b\x84K,\xe6s\xe2\x8ann"\x8eYPM\x89FF\x03\xe777\xff4\xed\\\xd4&\xd07F\xbcv\xe6g@'
    b'( H\x98\xaa\x9d\x8c\\C\x03\xa4\x06\t\x94W\xd8R\x04nG\x9b\x96\xb8JQ\xdduZZ\x0c\xf2\\\xf1\r\xc4&?\x13O\x00\xa8\x1aN\xc6\xe5\x04\xb8\x9c\xcf\xaajHf\\\xcb\xd4t\xc3\x01\xea\xd4\x0e\xcd\xbb'
    b'1\xbf\xa1\xc0?\x9c\x8a\xf7\x9aD0\xf3\xee\xa9j\xd3D\x1a\xe3\x84\x125\xf1T\x12\xc3\x88\xe2\xe2\xe5\x87@\x03\xbe\xff\xf8\xea\xc5\xdb7Qy\xe5\xb0\x99vs\xd9\xf5\xa1\xb0\xc0\x0fUH%\xa3\x19YZ\xa4\xde\xbe\xf7'
    b'\xa9\xdf{\x88\xbf\xb6{\x0f\xf8\'<Z\x1e"ow\x13xZ\xebG\x94\x93\xf7?\xee\xf4\xe0arw,\xf9\xbew~\xec\xf3\x8f\xf0\x9f\xf8\x04%\xc2\x07\xf7\xf1`3\x16\xb9\xdb{`\x0f\xc0\x19R\xcfE\x16\x8f\x9d'
    b'\x8f\xbd\xdb\xe6\xc7\xcf\x82\xe4\x81,\xe4\xf8\x7f;`\xb0\xb7\xabC\xd8\xeam\xc3\xeb&0\xe2\x15\xef\x18\xf2\xef\xf5\xb9\x08\x1f\xdc\x15q`#\xea\x19\xa8#\x8a\x9d\xf9\x0e\xd0\x14Y_\xc8\xe5\x87\xef^\xc0\x87f\x07y\xc8'
    b'\x8b\x07\x81\xa5\xde\xa1\\\xf4\xb0\xbc\x1b\xba\x8a\xff1uz\x90\x85\x1e\x16[G\xc8\x9c\xde\xdf\x04\xfb\xdf\xbb\xb7\x89\x8c\xe7\xf5\xee\xb9\x060\xb0\xde\xdd\xd3\xbb?\xdeGK\xa1\xae\xd3\xeabA\xfe\nm\x1d\x85\xda\xfa\xac\x1a'
    b"\x0b\xd5g\xba\xf5{n\x1a\xb1c\xf3\xbe\xeb\x82\xee\xfcx7\xcc\xd1\xbd\xd7\xfcY\xdc\xc5p\xee\x85\xd5\x94gw\xf9\x10\x19\xd9\xb7|m`\x9b+\x8b\x82U\xb8w\xba\xf3is\xc7\xff'~\xf2\x01\xf0!\xd5M\x88\xa1"
    b'\xe5\xfbp\xbb>\xf5\xbe\xc3\xf7C\x87\xefs\x87\xa1\x7f\xdb\xa7\xe1\x7f\xd5\x85\xe5\xbb\xd0\xdb\x87x\x99VN\x02\xd4\xf3>?B\xc9\xde\xfd\xd7w\xc3\xbf\x8fNwz\x8f\xc6LQ\x1fD3\xf8o=,\x1e\xfc\x10\xd6\xf2'
    b'\xef\xb1\x8e\xb7\xbc\xb8\x86+O\xd2\xbd\xdaI\nc*\xc3\xd3\x02\xff\x93m\xb0\x85\xb3p\xff\xef\xcb6\xd9\xfb\xc0%\x8bB7k\x86\x8a\xa4\xd4P\x9f3W\x9d\xaae\xddB\xe9\xda\x19\xa8\x9c\x82\xb0~wolA\xbb'
    b'\x183;\xe4\x13\n\xba\xf1\xf0\x05\xff\xabG\x81\xfb;,Gv\x12\xb6\xe4$\xbc\xc0\xf2\xb3\x8c|\xc1\xff\xa6\xe9~\x05\x84\xb9\xf9hqUo\xe3\xfe\x116+\x08\x0e\xf6\xe7]\x92\x8e{\xa1&\x1c\xb8{\xfc\x9b3\xbd'
    b'\xf9\x08\xc7m\x13\x8b|ws\xa7\xd8\xde\x0c\x1dh ^\xad\xa3pb\xfb *\xfc\xdf\xa3\xf8?|\x1a\xceS\xd8\xd7\xe14\xdd\xeb\xed\xa4\xbe\x19\xaaq\xbdg\xa5\x1cG\x1b\xe8\x16\x8e\xef\xc3#.z\xa8\x04s\xc1\x93'
    b'\xb9\x13*\xef=\xda\xec=\xd8$1\xc0?\x0f\xf1\xe8!\xdfn\xd7W\xaa\x10\xc2\xb8\x1d\x08\xec\x832TYl\xeb~\xda\xc2_\x9b\xe1\x7f/\xc2a}\x80\xf3\x8b\xaaxT\nn\xb3\x9b\xd6\xfdn\xef\x91,\xfb\x03\xd5'
    b'\x86\xf0\xf7\x8a\x9du\x9f\xa7\xf4\n_>\x88\x1f\xd4\xdbXU\xc5#\xe8wX\xc5\xd2\x16[4\x17\xfc\x13\xc5\xf4?A\x88\xf6\xd2q\x04CV\xf5CJ\xb7*L\x9fs\x1a\xb4\x98\x12\xcb8E\x15.\xf1\xb4\x14\x1b\x86'
    b'\xde\xca\xdd\xa8\xca\xb0\xd4\x8a\x81?8g\xba\x0c\x17O\xa4;Q\x00`\x08{\xa0v\xbf3\xb1\t\x06\x9e#\xb0\x1bs\xe7NH\xf7\xe6\xf0Qq2%\x7f\xa1Y}\x14\xb3\x9a|\x05\xdc3\x86\x8a\xd0\xa1X\x81\xa5\xa2'
    b'\xab\xa0k\x83\x88\xbbvh\ty\xc9\xbc\\J!\x02Z\x81\xd7\xfa\xbf\xa2\x0fy6\x9b\x95WA\xf2\x9d.\xa6\x10uLJ\xec\x1d\x05\x06\xb0\xdd$w?\x0b\xcfU\xf4\xc6\x07{db\x83\x94\xede\x15>\xf3\x92%'
    b'\x87\x8d\x11x\x01`}\x99\x80\xe9%PEGj\x92\xdeI+\x8f3T\xdbO\xeb\xc8\r\x0c\x9bB\xda\x18`\xf4\xcd^\x84\xbf\xe8e\xd5YV6,\x0cr\xbc\xf1\x13\xc4\xcb\x84\x7fk[}<Z$D\x0e\xf4\x97'
    b'\x1f\xe9\xdcwXES:$<\x8f\xe1\x08\xe8\xbe\x02\xcef"F\xca&\x13\xf1";_\x84\x1fy\xfd\x07\x96zw~4\r"\xf07\x85J\xff~\x9d%\xa3\x9e[g\xb1\x81\xec\xe5\xdc\xf4~\r\xf7\xd4\x03\xa6\xc9'
    b"'\xff\xf8\x87\xea\n\xaa\xf3\xaa\x02\x0f\x98\xf6V%\xa7\x9b\xb8\xd8\xd4 Ua\xee\xfa\xae\x02\x82&\xa5L\\\x05\x18\xd5x\x1a\xceyB\x89R\x83\xfc\x94\xba)P\x16\xc3+:>\xeez\xe4\x01U\xc8\x10\xb1mi\x12"
    b'\x91\x96\xe4\x84\x01\xa8\x90R$M\x02\xd9\xf2>.N\x81\x02\xf8\xe6^9\x18\xb4[ d2\xd6\\\x81\x02\xa9\xf1\xd9\xe0\xbfK\xa8.\xa0Ii\xb7(5\x12h\t\xce\xb5\x99B;MYE\xa3\xdd\x87"}cU'
    b"\xf2\x93\xc6\xe14\x07\n\xe8b'us.\xc2\xfe\x13\xaf\x9e\xcb\xd3\xe9z\xf7N(\xd8\xfa}zeC\xc0\xa0z7\x06\xa2\xe4\xca\xdc\x9b\x03\x92B\x05y\x88F\x0cf\x12G\x98\x1bs\x97\xb3XC\xea\x1b\xcb\xb9B"
    b'\x91=pQo$}E\xcb\x1a\xcd\xd2\xcc\xa0\x8e\x04\x1b\x9c\x1c\xfa\x9b"\x86\xfe@\xd8T\xb5\xdd\xca\xd0>\x84A mS\x1b\xb1ME\xd4\xd4\xae\xf4q\xed\xc4\x8a\xed\xec\xde\x04X\xfe\xcf\xdf|_|\x1d\x7f\xf9n'
    b"\xf5x\x05\x82\xba\x7f:\xad\xf0J\x1fT\xff\x12\xc3\xff$\x8a\x12j\x0e\x9a\x92\xcfGC\xc9\x86\x84\xbd\xd3\xf50{\x81:\x08\x8c\x98\x8b\xf6[sSB\x05\xdb\xea8'v\xacLB\xc4\xee\xe8v\xcdR\xe1\xe5%V"
    b'\xefO\xbci\xa0\x87\x97\xe5U\xaby\x87\xad\nA\xac\xaa\xd2\x18*+\xcc]st\xf9\xef\xd6\xa2=\x97\xa0u\xde \x98\xfb\x14\xa2\xa1M\xf4\x8a\x9f\xc1\x9fZ\x83\xe1>\xd0\x88\xeaE\x8a\n:\xa3V-,pW\x02'
    b'\x17\x88\xf7\xe6P\x91F\xf3\x04\xf3\x17\x83\xa2\x15\xf8\x171\x1f\xa3jz\ri"\x06M\x13F\xe6\x9a\xe8D\x11S\x19\xb53\xeb\xafq\xd93\xe8\xcd\x04\xa9\xd6x\xe1\xc7.x\xde\xbc\x9b\xd9\xe0\xa9j\xfb\xdc\x88q\xd1'
    b'\x8d/\xe1\xb6vZ\x0ez. \xa5\x8a|\xbbP\xb5\x9cx4\x9c\x0e?\x0fc\xe4}\xc2\x12lHe\xcc\x1c\x9b\x926\x84A\x1c1/A\x98|\t\x8e\x1b\xca{\xf1\xe5\x13\x90ULn\xef\x16\x95|\x12\xea\x0e\xd0'
    b'u|\xd5J>oQ"\x88c\xcdW\xa8\x9b\x82\x850\xee31\\\x95\xe2\xb6\x81\x1eK\x08\x91\xad\xa3\xa6\tJ\xd8\xf4\xcd9\x1a\x9a\x12s\x18EY\x92\x9f\x83f<w\xcd\xd0\xcdZ\x86\xe5n*\x8b\xd8G\xe4G'
    b"\xf6\xa4\x1a\xb2\x8f\xc8\xca\x7f\xfcC\x99\x01M\xcb\x81z|^\x8e\xe8\x97T\xc1'h\xae9\xd9\x9c#v:V\xba\x1b\xe6\x008\x82.3\x8c\x82}\x81\x1e\x11OBV\x00>\x9b\x19\x08\x04\x92\xa0\xc1A\xb42\x9br"
    b'\xe3";K\x96\xf1r\xf8\xf9\x06\xf0g\xe1\x0f\xb7\xf8\x7f\xf4\x89b\xbf\xe0\x07ep\xd2\x92\x056K-`\x10\x03\xb5\xf6\xaa]A4\xfa\x8d]\x88St\xa8\x08\x9d1cU\xd7\xa1q\xcf\xebt"\x9a\xe8\x8fNG'
    b'\xe7"\xd0\xba\xa3+\x82\x80\xa6\xd0\x01y\x16\xb4y\xb9]\xba\x96Y\x13a\xe6a\x8e\x03q\r\xfb\x96\xe9{\xe4\xc4M\xc5%\x80\xfb9\x94\xf9\xff\xd4\rz.\xe1\x8dk\\\xa12u(\x9f\xf8>;\\N\x1e\xbe\xe1'
    b'\x80\xddf\x83\xee\xf04\x9c\xb4\xd5g%\xf7\xfcc\x0e\xe6d\xbe[:\xdc\xe8\x86\xa7\xcb\xbeW\xd4\xcf\xb3\x91\xf3\xddb\xbf9\x0f\x0876\xdcI\x17\xbb\xc5\x16\xa5\xbf\xfc\x80\xee\xebOD[\xedUp\x11\x99 7o'
    b'R\x13\xcc\xcc\t\xce\x9dr\x0e\x9dN\xc3\x84\xb7\xcb\xcc|\xacV;\x19\xae\x88/\xb4\xb5\xc5\x06]@\x1b_\xc4D\xd8\xbe\x98u3F\xb3IQ\xcbIt\xdb\x1d9WI\xa7\x16\x8fz\xcb\x18\xde\xe9Z\xa9\x8dC\xb1'
    b'\xdc\x98\xcdv\x988\xf4q\x1e\xd4w3w$\xf1h\xb5\xca\xe6\x81\x8f\x89\xafs\x9e~\x15\xa0\x8a\\V\x91\x08\xd0eS\x1fi\x86L\xf4=KZ,\xc1j\xd5\x95o\xf0\x00`\x9e\xac|\x15I[\xd6\xc3k(X'
    b'\xb8\t\xafA\xdf\xd4\xe7\x00\x8f\xe9\xf0Y\x8a\xa4\x9e\xf6F\r\xf4@\xeb\x10\xa5I\xb8%~\x9aM\xcf\x83\x14|\xd5nmn\xb2\x9an!\xa4:uD\x85\x84\xc6\xca\xf3<\x07F4\x05\x17\xd8\xf1;]\x89YQ\xad'
    b'J3|C\xbb\x99\xec\xfb\xae,\t\xcav\x07\xe7\xb1iw\xaa\xab\x87\xef\x1d\xe0\xc9\xd2\xad\x91\x9b\xcc\x07\xb3\xe9\xfa\xcbV\xb0x\xf3\xc2\xe9\xbb\xfa\xd2\xe1q^\xa6\x92\xc9\xe6\x97\x8b\xad\xad\xc1\x83J\x91\xe8"\x80\x80\x8c'
    b'\xc8\x83\x8fD\x02\\=\x91Z\xc5\xaa\xf8\xf6\x15\xa4\xa7J~l\x02\x01\x91\xaa\x91\xa1}W\x94\x02=\xe2\xb9\x1b\xa9Qs\x95\xa4h\xcc\x00\x17\x9e\xb6\xf37]\xd6\xe6B\xea\xaa\xdd\x8a\xc4\x0f\xe5\xf6\xf3\x8f\x0f\xaae\xd7'
    b'\xa3~Q)\xe6ZfDV\xc7w\xbbp\xa9y\xd2w\x89r:\xc5c}sbE\\\xa4\xd6\xb5\xc3]\x99\r\xd7\xdc\x7f(\xda\xb4\xf7\xf8\xbc\xbe\xef\xf08\xbd\xaf\xec\xb9\xaf#\x17#3\xe1\n\xda\xce[\x8d)\xd6'
    b' u\xb5\xea\t*\x03\xbb4\x1cX\x8a\xf3\xf3\xab\x08\x00P\n\x12\x99\xae\x0fAi#\x83+\x19T\x85\x90$\x8cS\xaa\xf5\xd9\xc1U\xfbz\xc9\x9e&s\xe2\x96\xb2\xba\xae\x8e9p\xbb#c\x06\xaa\xa0aK7\xbb'
    b'\x9d\x172\x7fv)W\xa8\x10"E#\xd5#a\xab\x17p\xe8\x10\x95\xbd\x84Y\xe0[\xd0\xe2\x8ag\x0cP\x10\xf88S\x1ed\x02}D\x9a\xeb&\x18\x97\xb0\x9a\xeaox4\x0c\xb3\xf7{\xa4\xf9\x1f,\xa9\x13A\xec'
    b'\xc2\x92\x1f^\x8c\xc6I\xbe\xae\xb7\xb2\xab\xa2\x8c\x859\xd2\xe7\x05\xd0N\x83\xf2|1\x9c\t\xc8\xc3\x82 \x03\xb9\xe2\x99a\xd5\xa1b\xc3{\x904\x98\x8c\x06\x80\xb4?\xbe8\xc1\xc6a\xd2G\x96?\x9f\xce\xd4\xa5\x05\xb8'
    b'!d\xf4\xa5o4\x84):\x88\xe4a\x10;\xd4\xc80.$\xf0\r~1\x88\xa7\x9b\x18\xbe\xc4DlR\x88\x83J;\xb5\xa7\xe0\x7f\xe8\x8dX\xbc\x1a;\xa3\x1dE\x9f\xbaPu\xc0\xc5[3CH\xf8\xde\xdf\x876'
    b'g\x9c\xc9\x8d\xf9nRf@\x08A`3\xa7\xf5\x8cI\x048\xd5$\xc0\x10\xdd\xd99\x85\xbc\x92~\x0f\x17\xe18k\x8c\xd1\x8bw/_\xbe\xf9\xf8\xd3\xdbw\x1f\xe0\xa9\xf3\xfc\xed\xb3w\xdf\xf6\xac\xf0\xd3\xfcw\x0f\x1d'
    b'\x04\xfc\x1c\xc2\xa3\xedL\x97\x8br<=\xb9\xa8v\xb0\x10\xf8^x)\xc9\xe2S\xc2\ntr\xe0\xd2\x04\xfb\x81\xcfa\x1e\x80\xd5\x0f\x83\xbfU\xe9\x96\xff\x19v\xf18l\x05\xefz95\xd7K\x0b\xe1|\xf6\xe1\xd9\xeb'
    b'\xb7\xdf\xff\xed\xa5\xf6\xfc#\x1b\x88H\xdd\\{D\xc2~C\x18\t\x1c\x04\xcb\x96\x1cfz\x1e\x1d\xabd-\x1d\xbc\xc0\xec\xec\x12\xf3\x17\x03\x0e\xcfT\xc6\xb49@n\xb3\x8bC\xd5\t\x85\xe1I5\xa8\xd4\xcf\xf5\xfbW'
    b'\xff\xc9\x90\xbev6*=\xe4O]\xe79q\x1f\rhe\xdf\x17\xdf\xdf:\x08#8\xe0Z \x9a\xb6>)\x81v\x06!\xd8IJ\xf2\x80\x92W+\xf4\xb2%\xce\x8d\xe4\xc5ey\xbf\xe3\xc1\x02\xe5\x0b\x14&\x9f\xf1'
    b'\xba\xb7\xabLy\xfe\xe9\xbeN\xec\x81h\xe7\x0b\xa30\xcf\x01g-\xa1:\x16a\xcc`\xeb\xb07\xc3\xdf\n\x81k\x89\xe1\x81\x81\x0b5\xda4#>\xf1f\xe1yA\xdaP\x80d\x1a>%\x8e\xa1`P\x95\x8c,\xa2'
    b'\x03\x1c\xbe\xa3\xff\x1bm\xdfS\xdc\xd3SCc\x83\xc8-\xabD\xdf\xb6\x18\xff*\xbb\x94DG\x90\xa7i!\xdd\x8d\xdd\xa4\x8eNF\xc0L\x0e\xba\xe7U\x0f\xc0\x16<\xf0\x84\xf4\xe6=z2o\x9b\xad\xd1\xed\xd34\x9f'
    b'\x8ca\x97\xeb*\xdc~\xb3xI\xd1\xb5z0\xd2\xfc>\xf4\xe5\xeby\x1c\x13u$\x0ckv9\x02\x16\xc7n\xf1\xbf\xde\xbf}C\x90\x89\xc0\x81\x1f_\xb5\xe5q\xa7+\x88\x07\xb5\xd7|\xda\xb9\x8e\xb9\x95\xc4\x89Q\xa6'
    b'|\x1e\xef\xdb\xa8g$\xc6\xd2\xe9p\x0c\x0f\x82\x11s\xfcp\x96\xcc\xadQp\xb99\x00\xcdw0\xb7\x8ae\xb6\xad\xc2\x98|W\x9a\x92\x97\x18\xa7\x82c\xa1\xc2\x1f\xd0L\xc2\x8e-\n$\x9d1Nu_\xa7\x82\x1a\xd2'
    b'\x03\xc3+\x91\x87\xacs\xde\x9c\x84j\xba\xf0\xdc\xaeLNh\x84\xb3r^\x02\xacCf\xb4\xa7\xf3\x96x:A\x8ch**s\x98J\x86ky|\xc5\xb6\xc2\t\x1e\\\xb972|.vz\x08+QC_\xa3F'
    b'\xc8\x95\xeb\xc1\xab\xc1\xd0)\xfcs\xec<28\xfe\xd5\xb5k$\xf6\x86@\x92\xe7a\xf79\xde>\xe6\xbc\x00}.\xc7\xe34\xcdn\x1db\xf2\x083\xb9\xdaf\x84\xff\xbc\xecPu\xaa\x8f\xc3\x7f\xb6h\xeb\x9b\x8e\x9f\x89'
    b'\x0c\xe7\xeaZ\x94\xc9D\xbc\x7f{\xb1x5\x91\xd3\x02\xedF\xfd\xf0\xfc\xccEi[a\xf9\xd9\x95\xaeu\x94\x98\xcd\x86\x08I\\\xab\x1e)j\xb5`\xa3\xb9\xc4\x1eL\xceCs\xf6\x9c\x90\x8ez\xbb\x05\x1e\x01\xb7\x1b\x12'
    b'u\xc0s\xa1\xf8q\xfa\xc9\x94\xe5\xe2e\xe3\xa8\xd6\xc6\\\xa9\x928\xd7x*\x83\xdc\x80h\x02\x16:\xa3 \x87F&\x11\xe9\x01\x1f\x1a\xbd?M\x8b\xce$;\xd4r\xf2\xfe\xa1\xdd\x89|\xcbPb@\x10\\o\x08\xca'
    b"Y\xfa%|\xf4:4\xbclR\xd2\xa6CI\xd9uR@'*\x17\xbb\xa9\x8eE}R\xfcq\xe6im)Q\xca\x94\xaf\xea\x90\x04\x82,O8\xf5\t\xdc\x1c\xd3\xfa\xdf\x81\xd9\x0f7\xe5e\xafy\xca=\x012\xa4"
    b'\xcdK]\xaf\xf9T\x183\xe3\xca\x90{\x9d\xad\xdd\xca\xc2\x84\xe7a\x85\x80\xc9\xe8\x95\x86\xa1\xdc\xcb\x01\xf2~\x84\x99\xfe\twt\x0b\xa3\xa8\x180"\x0f\xca\xaa\xb98rm\x1d^\xc9\x14\xf8t\xb9\xb2r\x9an\xa0\xed'
    b'\x8c\x11\xea\x9a"\xe7RQ5\x1aN\xbb\xb4E\xe43\xf4\x93\xb2\x89\xc2]\x10%\xe7\xdf\xfe\xcd\xd0/\xd8V\xb8\xd7Y\xb3\x08\x14\xa4\'98\t\xdf\xfaD\xa66\x18\x81\xcd\x89\xe9X\x02\xab\x13x.`$\t\xe9&'
    b'n\xaa\x1f\x18J\x13_\xc4\xa9\xa7m\x9f\xee\xd5\x07\xfe8\x96a3\xa9D\x9dA\xd1\xa1F\x80f\xac\xea>\xc1d\xe4c\x1b\x11\xe7B\x1eU\xb0\xbd\xccn`MTpS\x1c\xac\x8c\x15\xb1\xb0\x98b\x94Y\x17\x05O'
    b'a\x1d\xdc\xcb\x96\x1co\xe5\x01\x9ajq\xb1[\x1f2d5$\xf1\xa2\x02\xf5h\x0c\x01\x82XD0\x1e\x14\x16\xb9P\x07\xb1\x12\x16\xd3\xfc\xdb\xa6\x9f\xe5>\r5O\x98\xbb\xeb\xec\x02\x1e7A\x042`\x02\x91\x01\xd4'
    b"\xb2H'\x06\xb7\xde\xc9\x18\x18\xa6\xed\x9c\xfe\xfaJ\xb2p\xd8f\xd3\xe9\xd9-\x0fRDm\xb5\xcc\xfa\rKgX1\x8d\x80Ea\x119\xaf\x95\x88\xf6\x1bkx\xec\xd4!\xe7\x04D\xb5C\x04\x91\xa6\xed`\xe0\x8a\x06"
    b'\xf4\xb7\xc7Yh\x1aO`%\x9d\xc6\x90\x81\xc6\xabq\xda\xb4\xcc\x81b\xdb\xc4\x87\x07\x02\xdd\x1f\xfe\x8a\x89*\x8e\xa5F\x07\xcd\xc6N7b\xb2mz@6T\xe7\xc1\x89\xe2\xe8\xe4>\x0f\xbd\xe6_O\xf6\xd0\x1c\xff\xfe'
    b'\xfa\xeb\xacr\xc1`\x8bm\x84\x02\x07Y\xbe\n\x1d\x84\xcf\x05\xa0\xbaw\xa9$\xca\x1d\xfb\xed/\xc6\x1f\x92\x1a\x12(\xe1\xc1\xadUgG\x96\xcf\xf6T\x13\t4\xd2\xd7\xb4\xa3\x0c_\xa8\xe3\xc0\xee\xdc\t\xc7\xd7U"\xc8'
    b'\x82\xd2;\x81J\xecPM\xeaII\x1ad89\x1c $d\x85WLg\xa7U\xc7\xdf\x8cg\x95P\x8a\x12\x9e\x99T\x1d\xbf\x1bwS\xf6\xbah\xd2aW\x94\x90\x1d\x088Q\x90I\xad \xa6hW\xbaC\xb9\x08'
    b'q\x15\xa3\x14\rJrpK\xf3\x14/`\xb7\x14]\x85\x15\x17\x9c\xd4\x98\xb6p\x12\xb3\xfe1\xb3d9\xeb\x02\xf1\xe7\xb4\x06\x99\xa6}\x04\xd3\xa1\xcc\xdb\x94\xd0\xe4\x93!-\x9c\x10F\xa4\x03Xr\x8d\xc8\xc2\x9f\x19\x14'
    b"H\xfcF/\x96\xbc\x8e\x9e\xb2\xd6\r,<\xd1\x11\x7f\xe3l\xb4;\x9eJ,\xb0X\x89L\xac'\xc0&\x88\xc7FA\xb6\xa3\xb5\xcav\xd3\xa7)Qi\xf37\xc9I\xd4R\x85\x8e\x80\x1d\xae\x1b\xeep\xc6\x08;q3"
    b'\x9aL\x04\xc2\xf4\xe2\xdc\xc2yG\x9az\xd0\xf36Hi\xa6\x92\x92e\x8f\x91\x14\xd12\xf9\x03\xc9\xd2\x97\x89D\xe4\xb7\x1b\xe5\xa2\n!\xe6\xc3\xca\x85\xcag\xac!B\\\x99\x98R\xbd\tDJ\xc9\x8c\xb1\x18.\xd6e'
    b'\xb5L\x83\xae_\x88\xeb\x9c\x8c\xa0\x9a\xb8\x8d\x02Cf\x959\x15A\x84R\x0cM\xd7\x83\xab\x1e\x13\xba\xfa\x1f\xfb\x96\xb1\xe5\xa0\x92!\x80_\x03\xb3?\xfc\x1b-\xc6\xd5F\x933I\xd51\x03\x8c\xfc\xe3Jv@\xd99'
    b"\x17Da\xf4\xfb\xc4%\x8d\x91\x8dB\x13\xf9p0'\xc4E\x98\x9e\xd7\xdc\n\x1f\xca\xd1\x98S\xe2v\x8ce\xe6#b#k\x8c\xf4\xb9\xc5#\xb2\xabp\x8b|\xa7\xb4-\x90\xab]u\x87\xac\x1c#\x9e\xbd\x15\xa7H\x9b"
    b'\xe2a\x92\xfct\xf5\xac\xba\x15\xd2\'\xcc\xb6S\xe9\xc2\xe7$\xf0\x13\x7f0x\x92l\xd51rwTIi\x86\xddeY\x14-"~\xd7\x89\x04\x16\xc3\xa0WTW\xf0\xc7*\xc7O\xcb(\xd0p\xa9gX\xb3\xa7\xc4'
    b'\xb7G\x826\xfc\xd2\x88\xea\\xe\xb2`\x13K\xbd\xa4[C\xa36=\xf8\x19\xfbD\xb8\xcb\xea,\x95\x0b\x85t\x9f\x88\xb7Nxt6\x1d\x0c{\x99\xec\x94>\xa7\xbee4\xb7\xbc\x02\xe9\x83[\x9a\xf8\xf9\xe2\xfc\xed'
    b'$\t\xe7\xe9\x12\x11\x00L*\xb3\xa6\xe3AT\xc2\x1e3\xf7\x89uQ\xf9V\xde\x05S\x8a\xab\x18 \xa5K\r\xe3|\xf1\xe1\x95Fp\x9a\xa4$,\xc0\x1c\xb8N\xef?\xbc{\xf5\xd3\xfb\xc6\xdd%\x10\xa7\xb1\x82}>'
    b'Q\xd2)\x02\x17\xfd%\xf4i\xd2\x14\xfa\x19H=\x16\xc3\x12\x94\xf2^/\x1b\x85C\x93!\xd3\xe5b\xf2\x1d\x8bg\x87\x99\x13f\xb2\x1ew\xb48\xbb\x12&\xb6d\x1e\x08\xf2\x87\x7f\xc6\x0e\xcf3E\x8b\xcf\xe1\xaf"\x04'
    b"3\xad\xf2\xc82\x02\x99\xff\x96,/\xa3g\x00L4\x98Z\x1a\xf3\xf2\\cY\x18r\x83z\x8d\xbdW\x10#\xfe-\xba\x06i\xa4'\x19\x87\xa0/\xd2VC\xfb$\x81\x87W1\x17u\xd7\x1d\x9e[QGw\x0c\xa1"
    b"%\xf4\x91\xaa\x86\x91n\x97\xd4\xfb\xf2\xa4\x14S\x88N'\x18\xcc\xf9c\xa7\xdau\x12\xc7\x94\x06\x9b\xa8-=\x1b\x96\x13\xf5\xa6J\xdd\x9a\x04\xe2S\n\x86/R\xefR\x0c\xa5\x02\xf6p(\xb5\xf0\xdc\xb3)\xe160\x8a"
    b"\x9f\xc4\xd6'Nt\xf6\xf0\xad\x81W\xcac\x07;6\\\xbc\xc7\xf7m\x9f.U\x9c\x97n\xeb\x96\xf0\xd7Rr\xa9\n{\x0f0\xed\xd1\xbfH\x7fgQ-\xae;\xf6\xe1S\xce\xee_\x87Wm\xfd\xa0\xc1=\xaa\x93e"
    b"\xf1i\xe8\xbe\xb0\xeb\xe9\x88O'Q\x18\x9eN<\xe7\xe2\xbe\xbd\x1dyd\xbb7\xd1UM\xb7\x97\xca\xe5\xf8\xcfV\x07\x06\xe1\xc00/\xea\xb7cE%\x19e\xb0\x04\x96\x0c\xdeB\xc7\xde\x89\xe6\x96XynX\x17I"
    b'i\xab\xc3>f\xbe\x9c\xcf\xd4\xb5\xb3\\t\xbc\x9eT\xce\xb0~V\xd3]V\x17c\x9d\xc9=\x9d^\xbe\xa0\xb3[\xf2#|\xd3p\x98\x94&\xc8v\xa7\xcc\xbf\xab\x19\xafg\xbfz\xb82\x85\xe2\xa4AQX\xf8\x88>'
    b'F@@5\x1dM`\xe9\x92k\x80\xdf\xa5\x8dz1A\x95\xca\x11G\xeb\x7f=\x8c\x88\xb3\xdd\xc3\xb1\x85!\x14\xfbS\xf7d\xf8\x814A\xfa\xab\xd5\xc4\x83M\x13\xbb\x07+cr\x11\x17\x18\x9avK\xaae\x06n\xad'
    b"%\xb1'\xab\xfa\x04\xffC\x04\xce\xc0\x8d\\\xfb\xd6\xd8\x01\xea\xd5\x8d\xe1\x84\xda&\x88\x13\xa1J\x843dP8Q\xff\xeeS\x02\xa5;\xd7P\x0cpg\xa9\x19\x0e\xceV\x04$\x08DE\xa0EE\x17\x12\x93\x9dKN"
    b'\x91\xa3\x05e\xb6\x8a,\xf2|\xfaY\xee\x0b\x81\xff\x98/u\xc7\\\xea\xa9\x06_\xca\xcc\xe3\x82\x1db\xe5\xfc\x0b\x8c[\xbc\x11\xd9\xd4\x81}\x16\xfd+\x9a\r\xe6\xdd\xe4\xb7\xbe\xc4n\xde\xb2\x9a\xbcO\x00+y\x15&\xa4'
    b'-\xe7H\xc4\xf5\xd5\xd05\xd5:\xc0\x16\x05\t\x911\x0e\xf4\xf6\x15\xdb\x11\xbc}\x97\xc5\xa4Hu\xbb\xfc\xa6\x0e\x9b\x1c\x1a\xc8\x1d\x82\t\x8f\xd1\xa6\x07{\r\xf3\x7f\xe9\xa4\xe3\x1b\xe7\x1f\x98;\xb2\xb0\xae\x8a\x1e\xc0\xebB'
    b'\xcdD\x8dU\xe9j\xfe\x83\xf1\xf0\x84\x1e\xeba\xdfty\xe1\xcbc\r\xee\xd0yG\xab\xc8u0\x97\xb0xa\xb0h\t\x934\x08\xca(J]\x8b\xa2\x7f\xff\xfcse\x97\xc9j\xa4a~:Y:\xca7\xef\xdb\xad'
    b'\xd3\xc5\xe2|\xf7\xce\x9d\xcb\xcb\xcb\xde\xe5No:;\xb9\xb3\xbd\xb5\xb5\x85\x081\x9cO\xfc#s\xf0\xe9\xa4\x92\xcfH#\xd5P\x8a\xb1jw\xc3\xff_V\x96\x90i(\xd9\xdfYVD\xa0\xd4V\x97\xe1\xd6G\x11\x0e'
    b'4\xc5\xdd\xd5K\xba\x108\x94g>\xa5X4\xcf\xc2c\xf8n;\xc4w\xdbY\x91\x8a&\xa2\xe6\t\x86_sX^\xcb@\xf4\xb2|5\r\x80\x7f\r\x81\xeaU4\x8c\xbb\xc5V\xef\xe1\xbf\xef\xfc\xf8@\xff\xedo\xe9'
    b'\x1f\x08{\xff\xb4\xdd\xdb\x0eo\xf4\x8f\xfe\x96\xfe\xb5\xa4\xd2\x1f\xc3\x87\xc5\xdd\x1fv\xf8\xef\x03\xfd\xb7\xbf\xf5\x03\xb0H\n\xa0ll\xe3\x8f\x07\xf6G\x7f\xeb\x94\xe8\x14\x7fp\x8cK@\r\x15\xdb\xd3\xce\xce\xa7\x93L\x004'
    b"\x12:'r\r\xed \x7f\x02~N`\x96\x93\xd9\xcdIt\x81\x91\x07'\xec\x98\xfd\xc8g2\xff\xdaL\xfcM\xe9\xeaB\x8c\x9a\x9f\xe5D\x96t3\x11\xa1Il50\x1eQ\xdd5\x99R\xd7\x1d\xf5\xedR\x89\x98\xdb"
    b'\x0c\x18(\xb6 \xe6:\xb5\x8d\x8c\x10T3\x13\xeb\x16\xc9B\xce\x9c\xa6d&\xd3g\xa8\xd3\x1d\xf3\x89(so\xbeB\xe8\xf8#N\xba\xe7\xd3\xd0\xa0\xb0\xa1\xad\xf2p>\x1d_(\x10\x98\x05\x90LU4\x8f\xed\n\xb0'
    b"R\xe0t\xbe\xc3\xfa\xb4\xd7\x8d'\x80<\xc7/\xd2-V\xf1\x0b\\~\xb9\xe0\xd2LF\xb4n\xb1\xdf\x12\x8b!R\xa8\x91\xac{\x03RG\x15\xd3LYY\xb7\xc0y\x16\x9c\xc6\x89u&\xac`\xd1\xfc\xda\xc5\x13\x87m"
    b'v\x93\xb9J\xab\xa8\x8c\xf9\xdbYybh\xceu\xb3e\xd8ZWDK\x829\xb8\x97\xcea\xbbj\x8bR\xaf\xf3\x82;"H\x92\xe7\x009N\xb2\x92\xfaA\xe0\xa6\xa1\x99O\x10p\xb9\x11\xc58-\x01W\xd14\xb5'
    b'[3v\xa1\xf2\x0fq\x1bk0\xe8*\xcb\x17\xbb@Y\xcb5~C\x10s\xab\xb9ss\xed\x9dw3\x97\xb9Tv\xa6:\xb1\x8f\x1bY\x0c\x94\xd20\x83j\xc6l\xba\xf4\xa9c^9\x97D\x8d:\xf0\xa8\xca>\x9e'
    b'\x8e\xc7\x82k\x1fA,\xa2r\xdcq\x19\xa8\xec9*Jb\x8c\xd3Z\xaav\xae\xc5\xdcT\x02\xbd\xc6/B\x0f\xcf\xdf\xc3\xcdO\x93~]W\x8c\xdc\xb1\x8f\xeaT\xa4=\x00/\x8c\x0e\xea\xcf0\xf4\xc0\xa8\x95\x85\xe4 '
    b"\xc3K\xb8\xea!\xea=O\x03\xc9\xda>\xa0&\x11\x80X\xa9h\xbb\xc3\x8b \xc3\xca\xe3\xdf\xf8|W^_\x8b\xe9\xda\xe9>\xceG\x8br<\x9a\x0f\x03\xf3\x16\xa6\xdeC\xdd\x85\x9f\xc8\x860\x0b\x02\xd6V'\xcf\xc8\x00"
    b'\xa5"^K\xba\x9b~\xb4\x87\xff|z\x15\x87\x99\xa8\xb1\xf8`F\xcd\x8b:-\x8a\xe4\x14OJ(\xbe\x1b\xbf\xb5\xa0B\xce\x1b\x1f\xcd7H\x94\x87\xb338\x9d\xcc\xeb\xb5\'\xb8\xfe@\xad\'SM\xd7\x12\xd3\x06T'
    b'\xd7v<\x85\xb4\xf2\xfc*\xad\xaf\xa5\xdc\xd1i4\xbc\xdaV\nfR\x87\xb7f\xdd\xf6\xb4\xa6\x18\x17\xea\x8c\xe1\xc0\x1e\x0f\xe4;\x8eU\x83\xa0x\xbfD\xa9\x17\xaf\xa1\x04\xeeDq5\x99\xb3\xa5\xe1fk\xb6_\xbf\x98'
    b"FG\x8e\xae\\`\xa6PN\xd6\x83\xf0.\xa2\x81.\x99\xc4\xca\x01\xd7\x0eTl\xb2\x13\x8fw\x8e\xfeK\n\x9f\x04\xf3\x9d\xach\xad^\xf1\x8e\xb2Z\xb5\xe6|lF\xff\xb0\x86$\x13\x00\xf6\xb0\xbcA\xc7<\xb1\xf0'"
    b'\x9b\r{-o\xa0\\\x18\xc1\xfe\xe3\x0b\xc3\x1f\xd9\xc2\x98v\xde/\x8cb1\xc6\xd4\xddl\xfei~\x96\x94\xec\xa6\xe5\xb8\x98\xebj\xe8+\xb7 MlY\x9c\xb1\xd1\xc2Fo\x87Cf@\x95\xf8*\xa7\xa8\xc7\xa4\x96'
    b'\x806\xedh<,g\xf3\xa8\x02\x8f\x89\xf6\x9c\x18\xd8\x8d\xa6\xbc\xb9`\xe1Hz\\\x1a*\xe9,Y\x89\x18\xd5t\x88\x8e\xac^L"@G\x0c\x86\xb7aM\x8f\x8f]\xca\xda\xd9\xf4\x1c\xb6\xe7\xf3t\xde\x82d\x19x'
    b'\x8b\xbf\x86v\x15S@\x98\xfa\xe4\xcf\x188\x82\xe74\xf6\xb4;\x8d\xf1S\xe3\x81g\x028\x80=1\xd84\x99v\xa8\x0bC\xa1\x1c\xc9\x04O\xa2\xca\x0ev\xb1\xc3q9\xf9\x15\x19\xf4"\xa1\xdfD\x16\x08\xf4\xef\xc0}'
    b"\xa2\xba\x9e\xa8[\xe2\xc3\xdc\xe1\x8e\x8f*\xbev\xd7:\xc8\x9cr\x8bK\x1a\xc7\xec\xdd\xe1\xccg\xce\xf9\xc3\x997\x9cs?\x82\xe7\x15aS\xa2\xf1\x82\xfa\x83\x06\xcd\xb4\xb8L\xaa'\x8f:S\xc3\xb5z:1\xbf\xd8\n"
    b'\x95\xfc6\xacZ;\x0b6\xfd\x82X\xa7eqN\xf5\x18\xa7\x18\xdetChS\x1e\xd6\xf4\x01A\xb3\xd4\xf3\xa7M?=\xae\xa99V\x052U\xb6\xe5\xe3,\x95&\xde9U\x12\xdb\x00\xb5TR\xa9\xfe\xe7\x12j\xc2'
    b' \x15;&\xb4\xc5\x9a\x1bnZ\x00\xd8!\x18\xe8\x0b\xf3-\x10\n\xa0U\xa2_\xfeUF\x8b\xab,:\xfb\x17x\xd06UW\xdc/f\xa9\xf8=\x0c\xb8j\xad\xf6[\xac7\xb2\xde\xad4\xb4\x96\xb1\xde\x12\x0f;\xd5'
    b'\x8d\xdepo\xda\r\xa5\x85\xfcq\xc4\xa8\xd6c\xc9C\xc9j\xc2\xe7\xd0\x90\xb5\x8bYj\xa5\x82\xd5\xd8M\x16jf\x14C\xf1\x8eO\xe0\xe1\xaf\x0c\xf8J\xac\xb7\x8bC\xc9\xa6M\x8c\xc7Y\xa7\xc3\x03\xf6;\xbe\xad,\x8a'
    b"xg\xd8f\x8d\xa5|\n\xe8\xdc\x0ee%V\xc5*\xd58\xc0YD\xce\xbd\x9c\xce~};qu\xd52\xc6V\xe7+4\xd6i\x12\x11_\x07\x1a\xf8\x87\x03\xcf\xc5\x14'\xca\x7fo\xd8\xcb\xd4\xc4\x95\x1a\xa4\xefN\xe7"
    b",0*m\xd9 \xf0\xb3\xe9\x16\xb7\x13\xc7\x16\r\x1e\x8e\x89\xb3k\x7f\xe59j\xda$\x16\xe1\xa1\x14UL\xb6\x80y\x11\xbf\xbap7A\x7fw\xe5cX\xa2\xeb\x1d\x95\xca'\xb0\xcb%\xcd\xb2\\\x8f\n\x87\xe7\x13\x0e"
    b'\x0b\xc1\x16\xd0\x8a\\\xd8\x95\xce5\x8c\x01R\x86_\x10\x97S\x04w\xfc^c\x98>\xcf\x91\xf3C\xc0\xef\x0eKf\x80\xf2x\xfa\xb8\x1a\x90\xdc\x1c\xf6\x1fvqgY\xc0\xf1z\xba\xecJ\xec\xf0\x1fSgkeY,'
    b'\x9bS\xa2v\xe5u\x05\x10G?\xca"\xb8\xb3\x8bO\x8e\x8bO}\xba\x8c\xe0~9\xc9\xad\x08\x99Fu\xaf3\x05Z\xd8\x93\xb8F\xc4\x9a4\x9d\xfc)\xda3\xd1\xa0y\x83\xe7E\xe8\x07h\x9b\xc1g\xc3\xd1\xbc<Z'
    b'\xb8\xb3\xce\xd7k\xd2LKa_\'\x9b\xfa&\'\xf7h^\xcb\xc0\xe3\x8e&\xd1J@z\xa3*\xbe4\xf7y\xf5\xfcP|\xeeK\xf2\xbd0EK\xb8\t\xa9.\x1c]M]xUL\xc3"\xa5\xde\xac2\x824\x14'
    b'Yf\xc8\x10^?\xfbj0x\xf9)\x94\x04\xf1\n\xdbt\x06\xad7\xf01dn\x9b\xb3v\x83H{o\x9c\n\x00\x88\xa9"r\xdd\xddc\xcb\x99\xca \x1ar)\x99G\x0c\xf4\x9b\xb4\xa9{t\x12\xf1S\xf0\xf4\x97'
    b'nQ\r\xe4\x16\x0b\x04\x0bJ\xd7\x0c\xcc\x9d\x84\x87\xa3\xf6p\xb3E\x8a\xe1h4Y\xc0\xca\xd7\x146j\xfe\xf8\x7f\xae\xe3\xc4\xab\xcc\x97g\x83\xf4Z\xae\x1c\xd1\xab\xd09nI\x83\xdd,\x10\x11A\xca\x93$\xc5\x80\xd2'
    b"O#\x1b'\t\r%\xa8\xcc{\xfd+\xee\x17\xa5 t\x87%R\xcaYEz\n\xfc\xb6\xe0\x17B]I_*\xca[\xb2\x87\xf1\xb5zk2\xa6\x01\xea\xe3\xe1\x10\xc0\xfe\x87\x8c\x9ef\xec\x86b\xc21\xa6`*\x08"
    b'\xea\x06%\xc6\x8fD\xeb\x91z\x8f\xe6\x04\xffS\xe2$\xc6#\xe6\xc0\xd2\xc4q\x93\xe1\xa5\xe6\x9f\xa1\xbdY\xdd|D\x89\xad\xcct%\xf9-l\xd2a\x01\xe9\x88\x11\xc3\xbcF\xc9\x07|\x04\xbb\xd5x\xa0\x90O\xef_\xbf'
    b'\xfa\xf6\xe5\xc7\x1f\xe1\x10tw{\xcb#>\xc5\xc9\x85\x96\\R\xdc\xd0w\x14\xb7et1\x8d\x8eY)[\xc9\x08~\x9b\xd3\xb1`WY\xa4\xe3\xad\xda\xf1\xf8B\xec\x11\xda\x0e[\xb21\xdfM/\x13\xe8\x08{\xb3B'
    b'\x15\xce\x02j\x8b\xc2\x9f\xde6]\x8f\xa9\x96".o\x08\x8eG\xdbb\x88\xc4\xa5M\x96\xbe\xeaA+\x1b\x16\x13oY\xd8\xbd]\x83\xe1\x8c\xf4\xcf\x99J\xa6 Q\xd2Z\x1eS\x97\xd8\x1a+\x87H\x1c\xaf\xed\xb7\x14\xd6'
    b'"\x9e\xca$4\xfb\x01\xc4p\x13\xfbD\x9c8\xd4i\x94\x1bi\x0eM\x96w\xad\xbe!\'\xb2\xa4\xd2\xfdux\xa5\xb5\xc1\t\x86\xaf\xaa\x8e\x85\xa8\xa6f\x935\x9bLhqsz\xbc)\xf35\xbb\x18\x0f\xd5\xb6Jo'
    b'$N\xbbm)\xf2\x0e\x92\xad\x8d\xea\r\xdd\xcc\xf2%Y\xb4\x89(\xe9\xe5Qe\xea\xde\x87\x9a\xdc\xcc\xc9\xb7{\xd9\xb4F\xa9\xe9\xea\xaf\x1c\xd4o\xd7:\xab\xc3\xc1\x8aY`\xe9}\x9b\x8b\x03\x9d\x8c\xca\x1c\xc4\x90M\xd6'
    b'\x16#4\xf9OE5\xc7\xb5p\xca\xb9T?&X\xde\x02\xf2\xa8s\xed\xe7T\x0f\xfe\x84\x8e.\x95\xa8(Qjgz\xf0*\xa4-U\xc1\x02h\xbb\xdc\xef\x83|R\xeb/a\xc5\xde]L\n:\xa6H\x16!\x8c'
    b'\xbb[\xfc\x05\x96\x83\x867\xadNE2\xc1k^\xba1%\xa4\xdf)\xda\xdb\xba*p\x12>q\xf3\x82\x9f1\xdb\nw\xe1\xde\x1e\x92L>\x16\x1d\x1f Q\xc4\x01\xc8\x94\x00 \xda\xdd\xe8\x10\x17u^\xa0\xddJ\xa5'
    b"\x8dD\xf30\nT\xb5\x8f\x8f\n\x0b\xf8\x9d\x14@\xcfa\x1dQy\n\xbf\x1avH\x1c\xdeJg\x9a\xbf\x98Y\xac\x88S&\t\x990&d\x83;ht\xad\xd1\xd9P\xed#'\xa3~\xf9c\xb7\x9dN!jM'"
    b"\x99;s\xf2\xb3\x01\xdb~\\\xce\x14|`\xa0\xc9\x123k\x0b\xd1\xf9`\xc9\xc8\x8c\xa0\xea\x88\xa3\xd1\xd2v\x01\x1d\x96\xb3\\\xf9\xa8b\x95\xbb6\x9c*%\x9dk\xd8i\x93\xef\x15\xab\x0c\xec\r=\xc7'r~\x03G"
    b'\xd0\xe4\xef\x87.\xe3]\xbe\xbfW\x19@?\xe0\x12\ns\x1a^=\x87\x15<\xb4\xf5b<\n%\xde\x85\x0e\xb6a+\tlL\xd2\xea\xdet\x81\xac\xaa\xa7I"\x7f\x11gb}\xb3m\xba\xdeV\xdam\x19K4\x1e'
    b'\xdc\\\x13\xbc\xc6\xe7\t3u\ne,\xae\xfe%\xeeYS\x15\xb8x\x8c\xf4>#2\x86E\x08\x95\xb4\x02\xc9m\x06\xab\x9aa>\xa8i?\xb0,$K\xc5\xcauQ\xdb\xf0\x92m<H\x0c,t\xfd\x02V!\xf5'
    b'\x7fLQ\xd9\x8a\x00+\xc5\x002\xd7PN\x0fM\xbe\xaf\xdc>\xaak\x14\xfe "\x1a\xdaI\xfb\xbf\xb5\xeeU\x9d\xac\xdaP\x94\xad\xd3r!EW\xb4\xeel\xe5\xe7\xa3\xc9|\xbdJQ\xb2^\'\x9e\xba\xea@\x03\x9d'
    b'\xfa\x9c[\x85\xa6\xe4<~R\x8c\xec\xd3\x891\xdd\xdd\x08\x8e\xaa,\x0f\xdd\x91\x834\x92\xd4"a\xa2\xa8a\xc8"\xc5P\xb5\xf6\xce\xf3.M\x1eoz\x9f\xba\xe8\x92\xf3\xd1dM\xf5f\x1c\x9b\xe3q\xa4\xc2\xc7\xd1\xeb'
    b'v\xd287\x94\x86Y\xd4\x92\xd2\xc7\xb06J\xc8t\xfa\x87\x90\xac\xe3\xc33\xf93\xb3\xb1K\x03\xd95\xc7K\xce\x01\xe6\xe7\x8d\x98_\xb0x<\xb3\xc2\x0e\xebh\x00\xd1\xd7\x84\xf7HF\xfb~?\xab\xe6\xc0\xb5>\xcf'
    b'\x04\xe8\xf0 v\x8d\xf7\x1ee\\\\uy\xb8\x8c\xec\xc4\xca\x97^=5\x91\xf9\xba\x01\xc8[\xa0\xbc+\xd4.\x10\x93\xd9\x02\xf3\xdd\xfe\x8dq!\x8cp\x16\x99n\x97j\xd4\xe5\x9d\xa05\xd0\xbf4\xfdU%\xbePt'
    b'\x19C\x8dOv\x93\x89\x85\xeaz\xc7\xf7\xe4Z\x91-\x1c\x0f\x006\x1a4_\xd3\xa9f\x06C\x10\xf0\xe8\xac\x00\xccY\xf5b\x14-\x87\xe8\x00(\x1f\xc2\x03j\xe1\x87QSH\x9cM/\xe6\xc3!\x12q\xb7\xaa\x19\xef'
    b'\x1a\xb8\x15\xd1/W\x17\xa8\xb9R\x1a\x0b\xd7\xa9T\x8d_)y^\x05\xab\x8a\xad8\xcf\xd0\xaa\x9a-\x94\xef<\xbe\xe5d6\xe3\xc9\x85_\x8f\x19;\xe7\x8b\xc0\xb0\xc2M\x9f\x7f\x84\xd3\x8e\xb2\xa2f\xe7\x93\xe5\x0cz\xda'
    b'pS\xd6\x1e\xb9Oc\xd9\x9d^U\x98\xaa\n3E<mi\xa5U\t\xdf\xba\xc1u\xf5|\x19\xac%\xa5A\x8fj\xe9=!u@b\xa4e\xd7\xc2\x96{r\xc8\xd4\x01\xd9;Z\xa6\x83pD\x0f\x960\x1d\x82N'
    b"\xe2^>\xb9s\xf8\x8d\xcf\xb4]\xd3\x0b\xb8\xdc\xbf5\x15Aw\x89z p\x8c\xf0\xaf\xe6\x7f\xcci\n\xa0\xd1n'\x87]\xeej>\rE\xa4\x18cnF\xb0\x7f\xdf\xd2\x10{\x15\x9c\xe5\xed<\x17\x9e-\xc2\x1d\xe2"
    b'\xd7\x9f\xd2h\xd3\xfe\x8b\x90\x9f\xcd\xea\x8d1\xd0\x87\xa1\xb1\xc9\xfc\xca\x1b\x98^\x9c\xf1_\x8b\xc3\xe1\xd5T\x9e\t\\\x94\xd4+6\xfa\xc0@O4rm`\x80Y\x89\xd55\xf3\xbc\x04\xed\xcb\x0ef\x18\x18\x00\xa5\xe4X'
    b'\t\x01\x0fw\xe3\xc9h\xf2\x81\x86\xdc\xc4\xf5\x91"\x12\xa0\xd015\xe9\xba\xd9\ns\xed_mV\xf9\x1d\xaa\x03Y\xc77\x08\xd3hn\xaeM(\x9c\xef\xc6\xd3r\xd1\x0e\xfc\xdb\x8b\xe9Y\xa0\x98\xa1F\x14\xe4AN\xa5'
    b'A?Y\x1f\xdd\'\xce?\xb7\xcc\xfcM\xce3\xd9\xc0\xbf\x8b\xea\xb4@K\x04\xe9\x00\xce\x8e\xbb\x0e2\x1d\xf0\x82\xc0G\x1fw\xbd\x86K6BZ}\xcb\xf8\xae\xc8\xea\xa2"\x88Z8\xc3\xcc\x0e\xa5f3q.\x15M'
    b'\x81\xe8[\xbd\xa7C\xecb\xe4\xcd\xcd\xfa\xb5\x06\xef\x1a\xbd\x8dfD\x9d\xe4\x97\xcb\xe4\x03\x1f\x02:\xff3<\xc3YQ\xa6\x0f\x136?\xbd[\xe2\xc4\x8d}1N\x12\x81W\x89\xfcq\xb2\x9a\xf8-\x99\x8d\xaa)J\xd9'
    b'\xa5\x8a\xec\x1bUK*\x00;/\x10\xb6\x07\xd6\x1e\x9cH\xe6\r"\x91\xe1\xd8\xa9\xa4\xe0+\xe6\xdd\x84\xae\x85\xa0\x83\x82=\xba\xb1\xf4|\xc1\xb8\x88\xe2\xb7\xcf\xbb\xfae\x8f\xbe\xc8_\xdb/\xba[\x17w\x8a\xedp\xbc\xb0'
    b'\x01\xf8\xba[\\\xc5\xe2\x14,\xe5U\xf8\xd3\xa1J\nj\x05*\x0e\xcf\xadV\xfc\xb9\xbcJ\xbc\xd5\xfe7V9\x1b1\x01t\x9b\xbd\xee]\x85B\xa1\x91\xdeU\x07\x95\xb9\x85\x81\x83\xfb\xef\xdfz\xf8<\n\t\x80s\xcd'
    b'7\x18\x03\x8b~\x14\xffJ\xf4\xe23/\xac\xf4\x9b\xab[\xbch(\xb0\xc4A\xd5\x8d\x06\xe3\xeb\xc4\xfa0\xb6T{\x9bC\x85\xeb\\S\xa1%u\xa72W~D9\xe7m\xdb\xd2\x0fY`\x96\xe9^o%j\x0c\x7f'
    b'\xd8\xae&\xbd\xb0@\x14ap\xb5\x87\x85honR\xac~\x1b\x84\xe9N\xebKr\x0c\xdd\x80a\x93q\xf8\xbeo\xca\xe0\x0b]\xc8\xb8\xf40(\xc7\xe5\xc8\xa1\xf5\x05\xf8I\xa7\x16(@w7A\xc9\xfc\xd3\xac\x9c\xb9'
    b'f\xfdlX\xce%\nLL\nb\x1d\x89Y$\xf0\x02V2\xd2^*#\xc6\x03\rZp&\x93\xa9:\xceY\n\x0f\xc0\x0b\x8e`b\x19\x1d\x93\xe1\x8e\xa9\x05\x02\x83\xa6\xa0\xa1\x00\xb4\xc2\xc6\xc0E\xed\x93\xda\x9d\x0c'
    b'5@\x16<\x19Y\r\x1a\xfd\x0c\xbb\n\x1eHv\xf3HT\x81f7p\xd7\xd8\xd9h\xb0\xc9\x0cx\xe4\x06\xc4\x96\x84&\xc2e\xbd\x18\x8dS;\xb8\xa6\x82\x04\xc4Km0\x1e\xa6\xac\x19\x92?/\x82\xe4\x8a.\x8d\xa7'
    b'\x04\xbd\x15\xd1X\xec9f>\xaa\xab\xd0\x0c2\xcc!\x82\xb1\xd6\xefB\xa5\x16\xe1\xc9w\x8cf\xed(\x14q\x0e3\xa6\xf0`\xc9g:\xe1{)J\xd1\xa8b\xe4\x93\x8d\x15QY\x99\xaeb~4\x9b\x86\xd3\x92\xcfg'
    b'\xa8\x87S\xb2\x9821\xb2\x84\xb8\x1b\x8b\xa4\xd0\x84\xd8\x03\xa5.v\xdc&\xaeU\xb9\xc2\x99\xde\xd0R\x1e\xa6\xf1\xf3\xb3W\x13^\xe1N\xad\x9a\xd4r7\xdd&_\xc8$\xac\xaa\xca\xcc\x05\xa0\xf3\xbbdVy\x1bl\xea'
    b't\t\xf9\x0f\x94^\xde\xc9\x85"\xaf\x84\xfc_W\xccQ\x1b\x1a\x13#\x9e\xdb\xc7jb\xc4^\xb2I\xd5\x1dD\xa3\'\xd6\xb7\x9b\x92\xd3dG\xc3\xa9\\\xe3\xe6\xd0\x12\xce\xaaB\x17J\xb1\x9b\xe4\xca\xfce\xfak|\xb2'
    b"_U\xe5\xc3\x88R_\x15\x132\xd3N\xfe-|\xbc\x8b\x1a\xba\xd6\xd9]\xfbCM7\x93\x018\xd9\xe1\xe2\xc3\xe8l\x18V\xa0\x82nW9\x13\xc5u70\xbf\xb9\xce\x16'\xed\xfd8\xd9\x8eD\xc1(\xdfU\xf3\x9a"
    b'\xc9\xe8\xf5%\xdcI\xed\x85\xcddz\xa9O\xd6\x9f\xa7xe+k\xd98m\x8eK\xe2Qm\xe0\x8e\x9ag6\xe5!\xc4~\x8f\x9cF\xd8\\\x8b)\xffr%\xae\xac\x84\xec\xbeP\x80\x8a\xee\x94\x97\x90\xc9Fn\x03\xd1'
    b'\xa5\x9at\xb0\xd1d\x137Q\x93\xd8}F\xc8\xc5\xa8\nB\t\xb9p\x03\x89\x98\xa4\xa0)\xc8\x0c\xad\xe62aF1_-\xfe\x18\x97\xe0K\x90\x82\xef\xb3\xc8%]\xfe\xb8\x92\x1f\x1d_\xc5J~piGR\x93\xf4'
    b'\x9a2\x1bz\xa8\xfel\x1e\xc4\xc6\xc3\xd1\xd1\xe6\xe1\xf0\xef\xa3\xe1\xac\xdd\xdb\xee\xf6\x1et\xc3\x7f\xfb\x9d\x1bzn\x0e\x94\xab7s\xb3!\xc8\x02\xbd\xf3y\\1\x00\xcb\xb4\xd8\xf5\x9d\xbf\xbbU1\x1a-C\xf9M\x06l'
    b'\x15\xd3\xce\r\x1d\xe28\xc6\x8a\x88\x1ex\x1e\xe4\xe5\x81zc\xe8\xa1\xa0\x8fDD{\xb7K\x9b\xce \xd8\xb1\x8f#2/\xbe\x17\x04a\xefpa\xd0\x98\x84\xdc\xa3*\xc1*C\xc5\xe1\xa6\xc5\xc5\xa9\xda\x0f\xf6Q.\x1f'
    b"\x89R\xd1\xeb\x18V)\xc0sZ\xd6\xd9\xc1T\x12b\xf1\xea\xa8`@\xc2\x191*\xea\x13M$&\x83KaG\xe5\xa2\xa3\t\xd1\x92\xebU\x97\xc2\x93\tJ\xc4u'\xe6\xd3\xe1\xe7\xb6\xb6\xfb[]\xb8\xb2o\x1f4"
    b"\x10\t\xad m\x83u\x1b\xd4?B\x9b\xa0)h.\xb3\x12\x12\xc3-GkUD\xdb\xdc\xae\xc5\x90\x91\x9b&C6\xc6\x9e\x1bHn\xf8\xae\x0c\xc2\x82R\xbfx$\xb2U\xcd~\xfc|\x1a\x06U&\xa7'Y\xfa<"
    b'\x1c\xe7\x0b\x97\x077\x8f%H\xe5=-u\x06\x9e\xe3\xe2(C\x98\xba8cz\x04\x8fJsq\x86\x98=\xc4\xdb\x80\xaa\xca\x8dS\xdc)|\xaf\xbaZ7\xaf\xf9\xdfS5\xe8qc\xcd)7\xee5y\r\x8f\x9e\x9b'
    b'\xd6\xf5\x0b\x9c\xd8\xbc-\x93\xd2B\xba-\x93\xf7\xd8\x87\x18\xa6\x02\x1b\xf2\xe1pq9$\x82>\xb1\xd1\x12\xd24\x82\xe9\xa1N\xe5\x94+\x94\x86\x9a\xa0\xf5\x9c_\x01\xbe[\xc9`]o\x1d\x18\xf6\xd1\xdf\xeb:\xeb\xcc\xd1'
    b"-&\xf7\xad:\xb6\xbd~\xf9\xad\xf1\x94\xf3\xae\x9eyvK\xc2\xfeOa\x06\x9f\xaa&\xaaX\x04\xfa[\xac\x0f\xf3\x17\x8d\xa4\x81IM\xf9\x0bL4@\xeb'\xc0\x1a\x98IB\x01\xc2\x05\tVP\xd8\x01\x12\xee\x01)"
    b"c\xbeppUs\x9f\xe0\xd0\xa2\x0f\x80\x84\xce>\xa3\xbbF'S\x87\xcf\xa2\xe32\xe9/%5\xfb\x05\x7fs\xb8\xd2P+i\x02\x8c\xf5*0\xf0\xc7tN\x12>\x9bn\xca\xa6E\x06\xf1\x9c+\xc2\x15\r\x1c\x92\x91"
    b'-\xc2&JNou)\x0b\x93\xfc\xf1\xa7gA\x1c\x85S\xd9~\xe2\x88#v\x9d\xa2LUP\xeb\x0ca\xca\xf6\xf9\xffC\xde\xdbn\xb7q\x1c\xeb\xc2\xffy\x15#\xf8d\x13\x88@\x10\x00?D\x91\xa6\xbc(Y\x8e'
    b"tb[\xda\xa2\x1c\x9f}h\x1e\xae!0 '\x0210\x06\x10\xc58\xbc\xf7\xb7\xeb\xa9\xea\xee\xea\x9e\x01H\xcar\x92\xb5\xde8\x89\x89\x99\x9e\xfe\xac\xae\xae\xaa\xaez\xaa\x82/u\xc0\xb8u\x8a!-&\xe5\x9b\x11"
    b'\x0b8*\xda\x02\x97e\xa9U\xcc\x95Dn\xab\xfe\xe1\xcd\x8fo\xce\xbe{\xfd\xee\xf8=ad\x92~\x8e\xbb\xd8\x12\xd8\xfb\x05\xdc\xd9\xe8\xa1\x8e\x1f{\x10T\x9e\x8d\x1e\xd4\x9dG_\xd0\xab\x03u\xc0\xbeWf`^*'
    b'\x87\xfc,!\xa7j\xc9\x08\xd9\x95\x81\xf5\xe5\xb8\x0c\x12\xbf+?(\x1dU\xe0dvI\x97R\x9d3\xcb1\x91\xe9\xc4F\xd41\xcaQK\xe0|B\xf9\x97\xba\xc5\x89Q$\xc6N\x8225\xec\x8fO\xdbV5!\xe8'
    b'M\x88#8=/\x93\xdfi?xc\xfd\x10\xc1BH\xa6\xe5\x95\xb0\xa6{\xa4\xc8\xb4\xcf\xa4I\x84\xba\xb2c\xa3\xda\x07\x9c\xe9F\xfa\x07L8N\tb7\x98\xbb\xd1+\x1c\xca\xbd[#V\xe0\xd9f-J.%'
    b"\x0b\xec$/(\xfb\x0b\x07\xff\x99\xa6y\x8f\x8a\xe9\xbavo\xae\xda\x98\xe0-TK)\xc1\x825{\xd2fQ\xb0\xb4\x05CB'9\x96$ H\x83+\x80\xa4\xa5b\x88\xbaUB\xf6\xe2\x9c\x17\x1c\x03,J\xe5\x15"
    b'\xe5-\xb5\xa4\x8bi\xf4\xee\xa1\xfasA1\xf3y\x06\x18\xec\x92\xbe\x10=\xdea,!\xd2\r\xa1\xee#\xe0\xa0\xa5WV}O\xf9^\xc0\xd7.y\x0ca\xdd\xb1g\x87\xbd\x12`\x08\xd3b\xc4\x0b\xc3\xbe\x87\xd2\x89\xb4'
    b'd\xe7Y\x16\x02\xb9\xa9D\xb03\x93c\x7f9\x138\x1e\xa3\x1a\xf6\xa8\xf7\x99\x80\x9ddi\xc7A\x153\xe42;\x06_\xed\xd7A\x052\x9dXWfo\xd7PTe)\x95\xe7\xd4,\x10\xb0\xe5\xe9\x94\xb0\xc0m\xf6'
    b'Hu{G9\x8a\x0b\xeb}\x7f\xf4\xfc\xec\xc7\xa3\x1f^\xc6\xf8~\xb2=\x08\xe2O\xd2\xbf \\{\x15\xd0\x9f\xabJ\x90\xfe,\xfae\x8c\xf5g\xfa\xeb\x0fZ\xc5\xcf\xdc\x12\x9a\x02m\xb7\xef\xe9\xce\x86\x97\x7fr#2'
    b'\xb9\x9c\xc0\x14\x9b\xd5\x89\xfc\x8e\xb8\x97|]\xc9!\xb2 l\xde\x0f\x92`\x97\xdc\x8di\xca8\xe1$<\xc9\xa7D\xe3\x12\xa7\xcf\x8fi-9n\xceM\x93;\xa1\xfcq%\x91\xf2f,\xc4\xd1\xf4D\x9d\xa1\x9a\x96\xfa'
    b'\x90\xc5%\xf5\xbb\xbc\xccGs\xf6\x14\xe6\xa8\x1c\xa2\xd4\xf7f\x9b\xea#hy\xcdA\xaa[\x97\xb6\xc5\xe21\xc6\x07O\xfda\t\x85\xea\xc0\xc7>s\\\xba\xab\xaf\x15tJ\xbd\x88\x82\xbdn+\xb8\x8d\xe1\x11%{\xe3'
    b".\x89\xc6%\xb0\x8d\x832\xe3\xcb8\xdb+\xc3\x13\xbf'\x88\xb6\xd0\xc5O-\x8f=\x9c\xdc0\xf8|2\xc7\xed\x9aN\x9d\xe1\xce7_\xae\x03\x9b\xeb\xca\x93\x9b\xb5Qr\xaba\xe4MuJ\xb3\x9d\xcdP\xd9z\xa9,"
    b'\x92\xc4}\xad$Kl\x98\xc5\xad\x94L\x92\xec\xb0\xcf!\r!\xdbJ\xc8\x91\xc3\xf2. )\xc2l\x97\xcbAH\x07F)l\x80q\xa9\x88\xa0\x07\xe1\xe9!H\xf1l\xe5\x14O\x12\xc9\xd3\xa8\x11\x14\x14\x12\x1e\xe6S'
    b'\xd1j\x1d^\x98R\xc9\xd4u\xdf\xea\xb0?e\xd0\x80\t@\xa7v\xc1SF\x84\nS\x8d,\xf1a5#s\xf8Q,\xbd\xd1Z\xf8%\xac\xfd\x18\xc6#\xf3\xe5y\x88ig\xb5\x11\x00\xfe\xe1\xb0SqE\xc4M '
    b'\xe0R\xc8\x8d\x18\x18\xe4\xc4\x05#\x19\x16 V\xb0\\w\xf2p\xa5\xec\xaf3k+\xcc\xdce[\x83\x0fP}z\xde#\x88gR\xa0\xcb\x142Y\xdd\x14\n2OH\x11\xe7}\xdb#\x15b\xc7\x818\x80e\xc4\x0c'
    b'\xd2\xd0\x07\xa6s\x8dQ\x18\xce\x8f%\x97\xb2\x18p=\xc1\xb8wM[\xb1\xc3ZU\x9fId`T&\x84\x16\tw\x8a\xc7\xaf\x008\xf4\x9d\x00#\x9d\xe4\xf5\x1c\x12Zr1#gC9dq\x05\xc0\xbc\xdd\xad\x97'
    b'j\x02y.\xae/o\x82\xf1H t,\n\xb3\x00[\x95\x84C\xc8\x08\x9d|\x19,\xec\x9bZT\x12\x87\xf0P\x8d\xc85d\x1b8\xff\xa6\xb3U7\x07c\xfe@\\\x7f\xd3Y\xad\xeb\xef\xc36\xf1\x1c\x9c\xfe~9'
    b'OM\xd9\xfa\x84\xa7a\x80yeV\xfd\xd7\x81\xeb\x93\x19\x8dy\xc6\xde\x91N\x17\xf3\xe7O\x10<\xc8\x99N\xb9\x05z!\x7f\x07~vA\x04;\xfa*\x0e}Ax9\xbd\xb0\x86g{U\xc3J\xd7\x97\xf0G\xf4"'
    b'\x91\x0e\x8f\xa56\x97\xb8\x1e\xe2B\x8e\xa5\xf2\xfb\xf9\xa1r\xe1(h}0\xe0\xc7\r\xd7^\xed>\xad\xef\r\x97\xd1/\x97\xc6;\xd6\xd9\x99\xb5\xc4\xa0&R\x82\xa0\xab<\xaa.\xa4=Fe\xad&Tu\xbe\x8a\x86\xea'
    b'\x03\xa4J\xe1\xfb\xb7\xdew\xf0"\x9d\xdek.M\xb9p\x1a\xcd\x83\x86\xddY\xba\r\xf3\\\x9f\x198\x02.HE\xc0\x19q9\xa3\xe4\xa8P\x92\x9c\x96\xc0\xf2%\x0ef\xd8\xa0\xbd*BG\x0b\x10\x99\xfdq\xc35K'
    b'b(e\xda\xa9\xe9\x89\x0e\xf1\xb5\xbe\xedf;|K\x97\x1ep\xa2\x1b\x92\xf9\x9b\xc4c\xef#\xdf^\x92\x1c\x95\xef\xa8\xa8\x85\x95a\x0bX\x1c\x0b\xa5\xfcH\x07\x8e\x86\x0bd/%\xa0\xd3\x1a\xce\xd7m\xdf\x83\x8f\xad\x8e'
    b'\xbc\xa0.\xb6\\2\x82\x08\x0c\xd6*\xdd\xa5\x88<\x12/;*\xc6\x94g\x96t\xea\xb6=\xb0E\xb7\xba\x84\xf8c\x91\x03=3&|\x977f\x8e\xe33\xe0\xde\xf2\r$\x8e\xea\xa6\xe1#\xbbv\xd78\xf7%\x08E'
    b"\xadZ\xf9H\x84K%\xdcZvn;lC\x0eaI\xb4\x9e\x82\xa5\xe0\x96\xd0\x19_\x02L\xdb\xa1\xc2$\x8c5PJ\xfeQ\x9f\x06\x08\x06\xc0j@\xa65,\xa2.\xba\xbc\xf7\xf6\x07V\x9b'\x16\xa1\xb1\x14\\N"
    b'F\x08\xb7Z\xb4,\x0b\xf3\x80\x8e\xb6\x80\xae[dd\xceTj\xdb`\xcd\x99\xd4\xb5\xebBB\x90\xaea\x0c.\xe7\xbe\xf15\x0ew,\xe7\xac\xb1\xbe\xc3IM&\xb9\x83{\x1a\xac1\xf9\x16\xe4\x9b\xb5\xa4\xb8:~k'
    b'\x15\xa4\xb0\xac\xc6q@\x00\x91\n%j\x875\xb9\x00\x12X\xc8\x99\xbbQa\xfe\xb3\xb6\xf4\xedC\x93n\x88\x00\x02QX\xba}g\x1a\x0e\xddyo\x85\xb4C\x98\xd5w\xdc\x17t\xdd\xb7%m\x80c \xd4\x88\xd9\xbf'
    b'6\xaa7\x92s\x96\x05\x9c\x10s\xaa\x11\x19J\xc7\xa5\xd9\xc5\xd1\xb2\x93\x03\xad \xdf\xdfM\x13\xc5\x97\xc6\xfc\x9eSF\x1c\xd6\xc0q\xc2XS>\xa7e1\x8aYV\xa3\xfa\xe5\x81\xde\xd7Q\\K\x992\xc4\xa9\x85j'
    b'*F\x02)b\xc4g\xba\xdfp@\xa6\xb4-\xd7\x9c\xd7\xe1\xfdb\x7fP0\x9c7\x9a4z\xda\xf0\xefy\xeaHRp/VO\x04>\xf3S\x91$5\x9ci\x89\xa0\xc9-\xd6\x82/\xd42U\x7f\xc7\xec\xe2\xaaa'
    b"\x1aN\x93c\xc4\xab\x10c\xd9\xf8\x82\xff\x81y\x98\x0c\xac\xe9Gmo\x13\x9d\\\xd0\xd4\xc4&ht\x0c\xc3\x96\xf8\xf6FnW`F\xbdL\xa7\xac4\xba\x0c\xd5f\xf5h'\xf3\x05\r#\x92\xb3\xbd\x04\xde\xe4\xc5T"
    b'\xb8\xad\xa9\x8f\xe0-@\x1b\xec\xe3l=\xcf\x02C\xaa\xcd\xb6\x9a\x96\x1f`\xc2D\xc0*\xdfKQ\xae\xa0\x05\x91\x8c\x88\x0f\xc3\x99\xe1\x02\xca\x12\xccv\xd5\xf8n\x00\xdft\xc2Hl\x86\xb4\x01m\xd3\xf1\xc1\xe0r\xd6\xec'
    b'XHF^\xc2\x1dE\xba\xa1\rV\xa1<&\x1dY\xec\xc4\x88+\x16f\xc9{4a"\xb7mw\x1c\xe0\xbeO\xfb\x82\xeeD\xe9\xa4\x97x\xc6\xb3\x8d\x0f\xca9\x92\xdd\x11q\xad\xadI\xba#\thb\xd76\xf5\xcc'
    b'\x88\x9fSoeP/\xfe\xca\x80s\x95\x0fl\x0c\x9bz\xf4z2*\xacR,\xf3\xe6\x08r\xbdtVc\xfe\xdaF\x15K\xff\xad\xb5K\x00\x80\xf0\x19\x9bdp%\xe8\xdc\xd3.8}\xf1\xcd\xb8\n F\xdf\x18F'
    b'w\xff`Q\xf4du\xa0\xe8\xeao\x8f\x816\x14}\xf8\x88g\x84\xd0\x05_\x99A\x8e3\x1b\x99\x02\x01\x86F\xf1\xdd\xffa\x1a\x84SY\x16\x93h>\xb7A\x1f\x8fl\x8a*\xbaU\x1f\x8a\xd4o*BF3A\xeb'
    b'@E\x9d\x8e\x0b\x14y\xd4\xd4kdC\\\xfe\xf9\xcfD\xaf\x7f\xf8\x93V\xb8\xe5k\xa7\x0c\xe4\xd5\xfd\x92\xdcd\xf3\x03\xc6\xc5K\xc1\x08\x8a\t\xfcN*}\xc5\x95\x80\xbaE\xe7\xa13\xf7h\xbbT\xact\xc9\xe6\x90J'
    b'$\xf0\xc6p\x03[\x9bK\xa3\xfbu\xd2\xf5\xb5\x88\xf3je\'\xf9m$\xdb\xc4o%\xeb"\xbc\xef\xbe\xb6\xcd\x120\nj\xc0\x9du\x1b7o\xb2\x8f\x9c-\x85!\xb4G\xa3\x86=\xda,t\x93\xdb\x8dR\xe9,\x15'
    b'Ko:q\xe8xr\xaf`AH\x01\x91\xecyW[\xd4\x1aq\x00\x15\x98B/s:)S\xc2\xba\xe0?{O,7*\x1bi\xc0\xf4\x08\xa6\x84x\xcb\x1b\xf1HSF\x05\x92\x88+\x8b\xb6\x06\xf6\xdc\xd4t\xa0'
    b'\xe1\x8bh\x887U\xa3\xaaC\xcc\r\xea\xa5\xdd\x19\xc7\x88\x18 \xfc0\x0c\x93\xb3\xdeP\n\x9d\xb6M\x85CK\xeai\xc7\x9c\x07i\x19b\xff\xcc\xe6\xa5\x8b\x95\xb2\xdcS\xd6\xc7&\xc6e\xfb4+B\x97\x12m]\x19'
    b'\xc62\x08\xc5*\xab|\x14=:\xf0N\x13.\x18\x0f\xcb}\x0f\x99\x04\x05\x83@"\x9afJR\xd0y2\xcb\xae\x1a\xbeL\x00eG=\xae\r\x16DY\xaf\xf2\x7fn<6\xf3\x81\x86\xcf\xda\xc7\xdc\xdc&y\xe4{'
    b"\xc6\xb9M\xfc\xc8|\xc2ej\x82\x032\xdb\x1c\r\xf3d\xaa&\xe9@\x00\xab\x9cD'kHn\xcd\xa3\x1c\x87\x82\xd6\xc9\x08(\xd50\xfd5oz*C\x1a*\xfd\x9d\x93Dg)r\xa6\xbc\xa5\xf4\x89\xbb\xf8P/"
    b'[\xc4\\Z\xf2\xde\x08"\xb8}\xd2\xefk*\xfc+\x03\xabF\xa1\x9b\xee\xd5\xfb\x9cR*\xb3\xd2\x8bjk\xbcT\x01\xb2\xfb[}\x1d\xf8\x1e%<4\xcc\xf2r\xe42\x16u\xd2\x1f:\xad\xda S\x02\xf0\x9c\xe1k'
    b' 5\xca\xfaZ?\xaa\xdf\x8cF90:\x13\xf5\xd4l\xa3c>\x05\xfc\x12A\x90\x01\xac\xd7\xc0\x0cv?\xf9\xad\x91.\x86y\xb1i8{c?9it\xe8\x8f\xd3\xdb[[\x9f\xa5\x9fv\xb2\xf9\x0b\xbd\xfb_\x9b'
    b"ykElk\x90\xff$\x9cRw\xa2\x13\x01\xdd\x93\rR\xd1\x1ar\x8e\xb9 \xf1\x1f\xceq\xaa3\xfb\xe0\xe3\x1a\x8eE]r\xef\xc3\xac\x1c\x94\xb6D2\x8c\x1c\xae#\xbfHw;\xd9\xea\xae'\xd3\x99\xd1Zf\x1f"
    b'\xb3\xa3rj\xb4\x9cw\xa9\x19\xa0$\xe4x\xe6Ryt\x97%\xaeH\x1a7\x87\xeb\xbdm\x97\xe3\xc3T\xea\xb3|\xf4\xa3,\x1f_\r\x9e\x0e\xb6\xce\x9f\xaeo>\xfb\x9a"\x8f\x9e9\x95\xcf\x8e\xe4\x0e\x9b-\x8a\xc5\xcc'
    b'\xfe\x88q\xf1\x99\r`\xdc\x81\x81\x91>Qa\xbe7\xe5}3\xd4\xdc\x94q\xb0z8\xcd\xb2\xaf\xbbm\xebU[i\xdb\xc18\xe2\xcdj\x04\xd1\xaa\xf0\x1b=\x0f\x05\xe0\x1a Q\x8b\x83\x9d\x8f3emCv\x10\xcb'
    b'\xd8$c\x9d\xdd\xa2"\xc0\xfaP\x18\x91N&\x81\xd7|>9\x0e\xf7\xbe\x8f\xa7\xb4\xe0\xcblq\xf7Q\xaa\x8f"\x1e\xf7(\x96\xd7\xf7\xc3\x11\x1fr\x15v\x95r\x96\xd3Q\xeb7I$\xc0\x9f\x00LZ%b\xfb\x82'
    b'\xdbN\x06\xf4\x8d\xdfl\xfe\xfaBz#{\xf1\xd7E\x9e\xcd}\x98\xa8\xc0\xd0\x1d&\xbe\x86\xaf\xba\xa3\xbd\xf4I\x1f\xc5\x85\xee\x1b\x96\x19\xa2.3/\x18\xa8\xfc\xbbs\x9e\xceJm\xe0\x1dd\xe3\xb1\x06\xe2p\x85j\xb8'
    b'\xf6\x1cQ\xb5y\x94z\xd5lB\xf3\xfd\x0f\x14\xdcv\x95~j\xf6\xdb|\xff\xfc\xe7\xa4\xbf\xeb\x8c\xf4h\x85\rm>q\x0f&#7\x05\xb7\x11t\x874>x\xd6\xdc\xea&\x1b\xa8\x18\xf1\x87\xf2V\xb6~\xbf\xb3\xbb'
    b'\x84K4,C\xa0J\xd0-|\x07\xde@9m\x98;\xd0K\x99Hz\xbd\xf9\xac\x11]\x1e|!\xa6\xb64,\x91\xe7\x82Q\xf3\x19\xf1^\xb1\xa9\x00}\xf4_\xc7^\x1f\xc6`+S\xa8\x07\xf0\xfby-\xe8\xd6('
    b'g\x8dc\xb6z\xfc\xe1,\xf7\x91\xdduV$\xe6#~\xad6D2\xd8M%A\xe5\x18\xe9\xe0\x9b\xf0\xa7\x99\x95r\xe9L\xdb\xfd\x1f\xea\x1c`\xbc\xc0\n\xf1j\x05\xb3\x85\xfan\x04\xb2\x9f\x95\xeb\x98q\x1a\x81N\x06'
    b'\x13\xe8\xae\r\x97\t\xf8\xcb\x1d!\xc2N=\xbfi%\xcb\x8c&\xfeF\xc3q\xf7;\xcf\x9edem\xb7u\xe7\x93f|+\xe6\x88\xfdQ+\x13q\x9eO\xe4\xe2\x8c\x8aQ\xac\xbb\x91\xe5Z\xad\xba\x83/\x14\xd2\x90\xae'
    b'\xdc\xe7\xa5\xc6-3\xf9f\xb0\x0c\xad\x03\x14XZ\xdc\x87\xf5\x80\x04Ud\x81\xfeuQ\xcc\xb3\xa1\xfe$J\x9d\xe1\xdfXB\x81u\xf0\x10\t\xd2\xbc\x9e\xea\x12\xe9\xd9\xd2,\xa9y\xe8\xb6+\xb2\x19\xc0\xfd\x04i\x01\xe4'
    b"\xdc.\x16s\x18\x15\x8dV\xc8N \x1c\xd9\x97M\x08\xe6N\x9cFIO\x84OVyU\x10|'\xab;p=\xca\x07\xa6\xd5\xac\\g\xf4\t\xa0\x81\xbe\xf9\xe9\xc7o\xcf\x8e\x8f~x\xfb=|\x08\x9f\xee*\x03m"
    b'dn,Ccc\xf2;\x91\x8ei\xeco\x91\xcd\x10\xc7\r\xad\xc6 \x9dR\x07\xf7\x93\xfa\x14\xe2~\xb6B\xf1\xeb z+\xf4\x19+\xbcQ)!\xd3\x1ai\x19\x1a\x01r>,\xeb\t\xf6\x87\xb5\xc81\x82\x8ay\x19'
    b'\x06\xc6\x85;\xd0\xb7\xbbL\x94\x0b\xfb_)%\xdd\x8d)Fz\x8b\xfc\x18\xf7\x9a7\xbf-+\x13\xa66te\x9a\\\xceUj\xed2-\x85)\xd74ii\xfb\xd1#5f\xfe\x8eeP"(\xb2\x8aZ\xa3\x14Q'
    b'\x15_\xf2 \xddS\x82TKyV\xc6u\xb79\xda$H\xf3+\x83\x8aV\x82\xc4\xc4h\xb3\xefG\xdcM6/\xc7\xc9;u\xda)\xd2A\xf6\xf4\xd2\r\x9cL\x99\xfb\xf8\x7f\x08\xc1>\x14fvcoa\xa7\x82"'
    b'LI/\x008L\xfdI\xdd&\xa6H\x83\x8f\xd6\x1aZX\x8b \xe5k\xc9\x04\r:\xfb\x94\x0e\xe6\xe3\x1bm/\x96\xe6h(\xb9\x9d\x00\xfe\xbbF\xf8\xab\xac\xfc\x07E9\xc8~\xb2*\x19\x8f\x8dz&\xd7\xeaCN'
    b'z\x85M\n\xd0,\xe4\xa2\xd2\x0e!\x8f\xb8\xa0\x91\x018/i)\xf8\x1f\xb8\xbfd\x06\xda\xf0o\xb3\xd1\x88\x04\x1c\xbc#~Mo\x14m\xfe\xf3\x9f\x8a\x93>zs\xfewJBKhTM\xfe\x1c.\xfdU\xcfN'
    b"F\xe3\xb4\xebe\xa3O\x1b\xc4\xb2\xd1\x82{B|\x98cJT\x02d{Z87F{\\)\x02\x93\xa0d\xfcMx;r\x08\xa8^\xc1\x92\xd1j'n7\xed'\xfa\xed\x18\xfb\xeb\xf0P\xf2d\xb6\x97\x00A\xb8"
    b'\xfd&\x11i\xc1L\xdb\x9e(\x9b\xb8#q\xfb\xae\x85\xb9u+U7\xb8\x90\x87\x06uV\x8bXF\x1a\x14\xf3\xdc\xc9&\xe16\nTqE\xf2[\xe9\xe2\xefP\x87\x11l\xb2\xf2\xc4v\xe74\xe1\xae\xd9\xb2\xb6\x0e\xe9'
    b'\xa4b>1\x94\xa9\x0b$\xa93\xf4\x7f\x19\xd8}\xb7\xd6\xe5w27\xa4g\xad\xa1\x89\xe8\x90:\xcf.\xf2\xc9~lo\x8d\xbfe~Ad\xb1ov\xff\xcdd\x90\x84F\xb5\xb6a\xa20|\xe9\x13\xc5\xd9\x9d\xcc\x84'
    b'\x95s1\xad\xd5L\x90j\x8d\xfb\xa5\\\xd0\xa6\xb3\x82Ze\x86\x11\xb4\x14\xf05\xe7\x97\xd2F\xa8:\x11v\x8d\x10\xa9\xda)\x8b\x99\x0b\x93\x8e\xee\xd5T1W%\xe1o\xc5\x93$M\xff\xef\xe37?v8\x05q>'
    b'\xba\t.\x80Zv\xde\x90\x85j?\xa9\x18"\xd1\xfc\xea\x14T\x9a\xff\xc5\x02\x9e\xb3-h\x16\xb0\xe4x\xbc\xeb\x88\xb4\x8c\xc2\xaa\xa3C\xc3\xfb\xe6Y\xbd}B2H\xc8iqD2\xe5z\x90\x05Q\x04\xbb\xb6\xc5\xd2'
    b'\xc0\x11\xc2\x81.\xf3HHc\xa1p-"\xaa\xe5\xcb\xce\xa1\xbb\xf4\x9cM\xad\xa5\x98L\x0e\xa5@\x8d\xddX\x19V\x88\xa1\x90S\xf4\xc8th\xa8\x05\x9c\xfa\xe2~\x02)[\xa2B7`\x8bLz\x9d\xe6si\x97\xee'
    b'(\xbf\x83\xb9\xd4\xfbN^\xd2\x88\x0f\x01\xe8\xf2m:O\xfff\x14\xe8&\x7fC\x15x\x13\xdb^\xefi\xbf\xd5!\xcc\xaf\x9b\xe7\x0bJ\xf9\xd4l)\xb7Q\xaa\x85j\xff\xc9L\xd4V\xbf\xd9e\xb6\xd8\xfd\xb4\xd3\xdf~'
    b'\xba\xbd\xbb\xbdK\xcc3*\xb3\xe7\xca<\xd9\xee\xed\xecn\xefXmn~I\xb7\x11\xd4\xa1\x97\xb3\x19\x01[!\xbc(\x81\xba\xe1\xfb\x9d\xd2\x01\xdbS\x00L\xe77\xf3\xcc\xe8\xf6\x99OE\x86\xa79N\xd5\xde\xae\x82]'
    b'0\xc3<\x9a\x87\xc5\xe8\xd9\xb1\x91\xd0\xfdS\xbe\x05l\xa6\x84\x1f\xb5\x97|}\xc8\xdd\xa7F\xbe\x0f\x02\x9e\xc5`6L\x0e\xe3\x01\xa6\xf3\x00\xf9\xb4\xe4\xea+\x85\x08\x14 \xc8X\xc43\x9a\xf3\xce\xe9~\xda\xdd\xdd\x1d>'
    b"\xd9\xeewi;\xd7\xff\xc7\xd0wct5O\xbcV\xae\xe6\xa2\xae\xbd\xden\xd4`b\xe7I\x97\xee\xedr\xe9~?*-\x86\x98\xb0\x97\xdb\xbb\xbd'\xe6\x7f5\xbd\xa4\xee\xd1\xfc\xfa\xee\xb9\x15\xe0\xd9=\x08^\xc82"
    b"\xb0\xd1,\x9f4i\xde\xdaB\x8c\xf4jC>\xd7\x9d\xa7\xc0\xfaX\x96\xa0\xba\x0f\xcd\xd2=\xe6\x99'\x9b>\xfd\xfbOI\xbf\xa5ud\x9c\x02n\xbe\x08\x0c\xcdv\xa2UG\x89V\x86\xc6-<\xdf\x9f9\x8f,m+"
    b'$\xc5\xb0\x89\xe7 )\xf3\xaf\xafC\xa6b\x1e=~\x1c\x12\x91\xe0\x91\xc8\xec<\xe6)\x18\x19If\xd6t\x13\xf3gS\xd3fXS@e@\x03W\xb3\xd7\xeb\xf6\ru\xb9*]=\x8ct\x16\x12(mu\xc71'
    b'\xd4\xeeg\x8d\x17\xbdC\xd6\xc6,\xe2\x03\xba\x92\xa9Y\t\xbf\x89\xe40\x00m\x1d\xd2.\xd4\x87\x00\xe7\x0e\x80\x8b(M\xf1k\xa28\x80\xe97\xd1l;1\\GM\x01\xe3\xea\xfb\r\x08\xf3\xa7"\x027\xe39\xcfx'
    b'nf\x9c\xaa\x17\x01\xc9<\xa0\xf9\x96\xfe9\x93,\xfd\x96f\xc8\xe9\x8e>8\xc9Ou\xbd\xf8b\xf30\xd9\xea?\xd9\xdd\x8b\xb6@8\x18`$\xf1`h\xff\xec\xa9\xc1\xd4\xf5\xf3\xef\xdc\xcf\xbf\x9b~\xd2\x97\xae\x9f\x7f'
    b'\xbfG?\xe9\x83\x93\xbf\x9fRJ\xc6\xfe^]o\xcd\xe3xC\xc0r\r\xd9\x85\n\x05\x9b`\xd9\xc9\xf2\x9bX\xed\xf6}Gz\xd2\x0b\x00\x1f{\xba\xdct<\xa7e\x84rjj\x1f\xff\x7f[\xb9)I\x06p\xd6o'
    b'f5v\xb3\xdac-\xc8\x03e\x18\xd4L2|\xfe~\x8bH\x15"-\xb5\xb73\xa1\xc4{\tm\x92L\x9f6\\U\xb2\xa4\x93\xc9\x0by\xcbf\x13\x8aYr\xd9d)\x14\x87\xba\x8a\xa8\xd9\xeb\x0c1g\xf0\xb9\xca'
    b'\xc8\x91\xf7\xcd\xc4\xe2\x8eE\xc1\xa9d\xa9.\xd9\xc7\x8c\xbd\r\x10\xc1c\xdd\x1a\xc4-\xb8MW\xde0\r)!Z\x04\rq\xae\x92\x83}&j\x14\xcd(+8\xa6\x196\xb1\xf1\x8f\xc5l\xec\x14\x1f\x9d\xf2\xb2\x98\xbe'
    b'\xe2\xaf\x95\xc7\xaf\xd4\xd7A\x05\xad$\xf8\xd9\x99\xa6\x8bR\xdd\xb0\xdb\x97\xa6\xfeV\xf2\xd3\xbb\xef;\xb3\xecc\xf1!c\x05\xd3\xfc\x0e\n\xd0G\x0f\xed\xac\xa1\x88H\x1a\xa3\x1a\xa2\xdb\xb1\xeb\xb4|\xe5\xea\xb5-Z\xbbl'
    b'0H\x87\x12\xa3\xbe8\xf4\xd6\xf6GUY\xcee\xa3P\x1e\xfca\xe6\xbcP\x1a3\x9d7\x9d\xa0\xa9`\xf3\xbb\x9f\nf\xb7\xd5\x16\xbc\xb0\xa6\xa5\x1e\x9a\x10\xe11G\xf4w\xd3\xce`\xdd\x1cB&\x959\xc4\xbfd\x12'
    b'\xcd\xff\xc9\xbe\xe4\xd53:\xe2d\x88{\xc4\xba\xf8\x94\xca\xe2cn\x84\x0c*\xd3X\x89;\xa9F:\xf0\x88\x85p\x0cm/g\x0c\x95\xba\xcf\xc9\xd1\xcd\x1c\xc4/\x80\x02H\x82!6%\xd9\x89m\xf0\xf4>\xa3O\xba'
    b"`\xeaN#\x10_\x14'\xaa\xbd\xa3\xb5!\xd5\x84]4/0\xa9\xb4\x1b\xd9\xf3\xdf\xc7$\xc2UO\x98C1F\x92\x1d\x9d%g~I\x1d\x17{9_\xfdz\xdat\xa6\xfe\xa5\xb4\x15\x18\xd4\xe5`\x15&\x10Rr"
    b"ps\xcbq\x8b\x88W've\x03\xeb9C\xa388q\n\xb8\x94\xaf\x95\xcd!\x86K \x9b\xba\x19q\xb4t\xbf\xd1f\x0f\xabR\x92\xea\xe6\xe5}\xb3\xdf\xf9\xe0\xa0\xba\x0cw\xd4s\x0b\xe6\x7f\xc3\xb9\xa2\x1bv`"
    b'\xcaR/\x9f\x86\x08\xa8\xb3\x02\xa1 \xb5\xf9\xf5\x82\x1b+U\xf7/\x8b\xfeN\xdaE\xcd\xf4\xe7\xf9\xae\xce\xbdgo\xe1tg\x8e)l\x06\xe5\xdf\x82\xacZ\x8a\xae@\x02\xba\x82\xba\xbb J\x9a\xe6\x12N\xe0G\x87\xa8'
    b'\xf8\xed\xac\x98\x1a~Ne\x9aj\xb7z#\xc2m\xed\xdd\x137\xd4Z\xe2[\x80\xf3\xd0z5\xdbH\x9d/\xe9\xd4\x1dn\x0e\xa7/\xd3E\xa7a\x16\xd9\xf0\x02\xfe\xa9\xf87\x1d^W9\t\xc9\x8c\xfc)>\xc9\x0c\x15'
    b'\xd6\xe1s\xf5\xaa\x00\xad\xc1\xf5\x92H\xca\xd4\xce7\xa5\x19\x12\xb9\xb1\xdb\xf7bh\x9d"\xcf\xc7\x8b\x8c\xc3ap\xd5\x0fa\x9c\xae\\>\xe6\x05\xe5\x13\xc2qI\x81c\xf0\xd1\x1brI\xfa\xdea\x92JA\xeb\xb6\xed\xfb'
    b'c\x01&(\xea\x03\xd9\xc1e_\xa3E\x87\x98)\xf5"\x7f\xe9\xd5b8\xbca\xe0\x9d7?}\xfb\xe3\xcbc\x86\xdd\xf9j+\xdd\x1d\r\xf7\x88,\xbf\xdaK\xb7G\xc3.\xfe\x1cv\xb7\xb7\x9f\xa6\xf83\xdb\xd9\xde\xde'
    b'J\x1b\xa7|$\xcb\x14\x96?\xa4C\xd14}*8\\\x193Z\x12\x8d\xc2\x94*Y\xe4\xeeROzm\x85\xf6\x94!\xbcgb:N\xd1\xebf0\xb6S*/\x94T\xf1z\xf2\xa1I\x7f\xfbC\x11z\xb3\x93\xe6'
    b'\xac\x88\rU\xa1\x8d\xcfZ-\xa3d4m\x95\xd6?\xd8\x08\x9a\x1ef\x1b\xce\x82J47\x9an;tv0\xd5\xd5\xd4\xd0\xc6\xa7F\xffl\xb59|\x1a\x1a\xe0\x06=E\xf8\x84\xb3\xac\xc0\xfc}\x99}\x8a\x00\xccN'
    b"L\r[\xedd'\x86;c\x84Fg\xed\x02\xb6\xbaQ'\xa8\x86N\xb987K*:L\xdf4l\x94\x90\x03\x05\xca\x16`\x8cS\xb3\xb6\xdf'\xa6W\xa7\xad\xb6\x00=\x86\xafh\xac\xa7z_6f\x17\xe7@C"
    b'\x04\x9cc\xd8\xbb\x8f\xa9\xa1+\x07}\x16\rI\xc9\xd2(G\xdcq^\x9cXha39xLkB}\x103\xad\xb8H\xb4\xd9G\xa2\xd5\xa8\xb9u}\xc3\xb4\xd6\xf4N-J\xdf\xeau\xbbn\xc1\xb6\xcd\x9f\xb2/'
    b'\x0e\xf9\x99Q\xac8\xb2\x8a\xc3\x1bK\xb5\x82\xceA\x88\xe3\x86\x84\xca8]\xa9"n\xa3\xc1\x04\x0b\x9a\xe2\x1c!:\xf1\xabD\xc6\x85M4C\x83\xa3\x8e\x1d\xf8\xb4\xd4\xe2\x16\x8b\xd6\xc3\xd9dG\x9b\xa0&U\xbb\x99\r'
    b'\xe0P6eD\x1b\xd6\xe1\x86\x7f\xbb\x95\xc7a\x961!\xff\xeeF\x1e\xafh\xc4\x1a\x16\xbf\x00(\xbdT\x15\x9d\x8b\xe2\xf1B%\xc9\xe7\x85\xfa\x85E\xb6P\xddp\x15Z\xfey\x8do\x0cU\x05\x14\xd0\x15\x9f9\xc0{'
    b'\xd0\x9a\x94\t?\x08\x9ds\x86\xd9\xa8|\xf65\xbdHg\x7f\x99\xa5C\nU5T\xc4\x0e3\x1c\x15\xb7\x9e|\xea\xc1\x11\xe7S\x9f\x1cj\x9c\x97\xd0\xea\xf5\t\xaf4\x1a_\xd3qK\x1e\xf9\xa6\xbf\\\xb9#3n\x83'
    b'\xdeo\x10\xbb\x9d\t<\xbe\xe2\x94Tm\xcb\xba>\xd9\x8b\x91\xc8\x1d)\x1c\xc2\xb3\xaf712\xdb\xd7\xc6\xd7\xd3b|sA<\x0c6c\xe9\x02\x1c\xb3\x05\x99\rdG\nQ6#\x95\xc9\xd6\xcf\xc2F\xc3\xfa\x11\x19'
    b'\x11\xbd\xf9\x95\x9f\x9b\x96\xed\x91\x8cS&Yc\x9cqD\x8c\x84\xc9\x890[\n41bB\xbdo6\xa0\xad\x11\xe0\x8b\xfb\xd2\xe5\x12o\xc4Sj<\x10\xc5\xef\xaf\xceK\xf1\xf3\x9d\t\xd9\xd1\xe2\x90\x05\xa2(\xcb\x81'
    b'\xdb\x0e0?\xc6\xee{\xf4\x03_\x8b\x03\x8b\xe0\x84+\xcfh\xcb\x17\xbd\xc7\x9f\xa0{\xd8\x08u\xf1\xac\x92\xf4\xc9.;\xb9\xf5c\xd7~P>\xcb2nHY\x8a\x80a\xa8\xf0\xd1H\xda\xf1\xe6Pe\x94\x92nj8'
    b'\x18\xae\xf9~0\x06R:\x14\xb0\xe5\xe1(\x1dX\x0c\xdf\xea,H\x19=\xea[OX\xcbU\x17Mk\x08L\xae\x06\\u8\xf3\xb2\x87"\x83\xab\xbf\xa0\x84\x97a\x84\xda\xac\xb8\x06\x91N\xdb\x14\x95\x03\xc3\x06\xd0\x12'
    b'M\xcd\xa4[I\x08\x10\xc1x\x91`O\x98\xb5\x8cF\xc2\xbf\x04\x1bH\x12\x1a\x8bRFq2\xb3,\xf1\xe1I\x92,\xcf\xc6\x130\x18\x1c\xb7Oz\xd1\xd8\x05|t\x92wp+c\xdd\x88\xe3\xce}\xbf)\x8f}\xdb'
    b'\xc6\x93\x08j\xe4z\x82\xeb\xa9\xdc#\x94\xd98D\x14\x02X\xdc\x80\xec?*\xd4Df\xcc\x81\xe0\xc5\x90g\xa9\xb8c\xd4\x85\xad\x05X\xa1>\x90\xed\xe0\xc1qlu\x1e\x81+B\xd7\x0e\x82\x00\x11r\xcb\x8f\xb3\x8e\x88'
    b'\x0b\xbf+\x99}\x023\xa0\x066\xff_S\xe2\xba\xfe\xc9aP\xadM\xbef\x8d\x1d\r\xdd\x86\xa6f\xcc\xde\xb0up$\x85\xf3\xb2\x8f\xbe\xa2\x04\x0c\xb3\xa3y\xb3Kp\x07?\x19\xbdi\xf6"%\x96\xba41Ex'
    b'\xf5\x1f\xd7\xc6\xc6\xee\x9e\xf7\x84t\xc8J\xb6;.\\\xc6\x06[\xd5\xcc\x87My\x8ex*7)r\xcb\xc6\xdf\x99\x01r(\x91\x8f\x14v\t\x17\xa9\xa0\xbe\xf3\xc3\x85\x0cCO\xab\xe3\x17\xbb\xad\xd1r\x05\xaa\xde\xd4\xf4'
    b'\xb8\xa107\x1c\xd92q[D#\xde4b\xa2\xe44\xf1dT\x91T\xdc\x16LV\xd1\xbdS\x01\x8a\xe9=\xdd\xbd\xa9h\x1d\xea\r\x9e\x87\x1d\x17\xc0\x87\xcf\x89BCm\x91?0\xa5gJgy\xba\xc1\x0by\xb8'
    b"Nf\xa0\xf5g\xff\xf5\xd5\xde\xee\xd6\xce\xc1\xd7\x9bT\xe0\x19\xf6\xb1\xef\x90\xa55\x15\x91\xe6\xde\xad\x08`\xc3\xfb{:\x87.\x8b\x0e\xabs\xd9\x94\xe5W\xec\x9bZj'6\xb0K\x96\x835\xe4\xc3D\xb6\x0fm\x9a\xda"
    b'm\xdaQ^\xf3 7\xfc\x8e\xc1G-\'\xbbO\xa8<\x17\r\xd7\x11|\xcf\x9ef\xec^LK\x8a\xb6\x14"\x97\xe1\xaas\xdaUF\x08\x95\xb8\x9a\xaa\xdf\xbfn\xc3.\r\xd7\xc3\xbf\xc8\x15\x1a\x16@\xcb\xf4\x1b\xfa\x8b'
    b"H\x04\xcd?&h\xfdp\x9d\x0e\xc8u\x92\xdd\xf2\x8f\xcf\xf4s:\xe8\xd6\x9f\x89\x04\xc0\xaf\x83\n\xfd\ns'\xe4\xb7[\xa9\xc0q\x98\xbfq1Z:\x0b,O{t\xa2:\xb81{DrH\xbcM\xd9\r\xbaw"
    b'\xd1\x8a\x85[\xa65\x85\x1c\xc6\xab\xfcVP\x99\x14\x96!#\x14\xb1_\x02\xe3\x1f\xd5\xc52\xaf\x84F\x92C\xd5\xc3$)\xd9.\xdc\x9a\xb1\x88\xa7~kI\x0f\x04H\x15\xb8=\xa2\x9a\xf7\xd0s\x18\xe6<Bo\xb2\xb4'
    b'\xd0(\x95\x1f|l\x81\x97\xb2\x95\xe0\xb8\xaa\x08he\xbf7\xd6\xbf\x9c\xbdBb\x91\x9a\xc1\x05%\x1a\x1dWB\xe0\x83V\x1222\xbdQ\xc6\xdcuP\xd5\xc9\x83\xb6\xb9\x96\xf8(9\xeb\x97\xd0\x0c\x13\xd4\xb4Z1\xec'
    b'\xed\x9a\xff\xae(\xee4:\x9e\x00*\x11\x94\x0e\xf7\x12\xb2]\x19\xed\xed\x87\xad\xe4I\xba\x93\xec$h"y\xba\xb1\xf5Co+y\xea\x1fm<M\\x\tB.V\x84Yp\xe6\xa7\xc3\xf5\xc1bF\xe7\xe2\x0bR'
    b'\xd2Ha\xa3\xa7\x1b6\xc4\xc5=\xa0%\x1c\xa4\xd3\xc3uXOH?ZZ\xb1\xefn\xaf\x9f\xf4>nuv^\xeduv~\xd8Nz;\x1f7\xcc\xafK\xf3\xbf\xb0\x93\xf5]\xb9\xab\xebwvR?&\xb5Ou'
    b'> oM\xb24\xfb5\xd0e~\x83\xf0\x82\x89\x04\xa6\xe8\xbe&8\xb1\xeed\xad\r\xac0\xac\x89\x8d\x93?9\\`\xe6P|\xa7D\xbf?\xe4,\xb7F\x8c\xc9B\x92\xce!\xf9Ql/\r\x94C\xb2]\xa0\xa8'
    b"\xa0rB\x82\x97\xe4\x11#\xbeI\x85\x9a$\xfc\xaf\xa2\xd1\x16$\x97)\xdc)\xd3\x03\xf4\x0f\xf9k\x95N\x1aB\xf2E'\xe1W\x82v\x93t\x18\x0c\x87\xd3\xe5\x017\xe5\xd0\xb3\xcfSuHR}\xe6\xa0!d\xb7\xf8"
    b'T5\xcf\xa8\xc7\x8dV|\x86\xd2\xd3\xe1\xbdT9\x94\xac\xa0\xcd\xa0V\xff:Bl\xab\x08\x9d\x12\x88\x81\x0c\xcb\xf9dx\xbfp\x1f*Yi\x18p\x9c\r\xf7zi\x00f\rD\x04\x91\x12\x9c\x8c\xf7C\xbe\\\x1d\x02'
    b'U\xcdA5f,\x01H\x0e\xca\xb6\xf1\x1c\x0e\xea(\xff\x80d\n\x11M\x1c\x84:\xd3jP\xa5J\xe2\xa9X\xea\xc9\x8c\xbc2\x96\x8d\xc6\xa9\xa2\x82\xd9\x9b\n\xb8\xaf}\x99{?\xf9\xb7\xd1\xab\x08\xaaL\xca\x87\xe2\xeb'
    b'\xe2\xcal\xfd\x9bg\xe8\xb8\x11V\xe5\xe72\x1ed\x98\x9c\x95b\xa0\xde\xf1im\xfeZ\x87\x99\xcd\xa9t$\xf6LW\xd4B\xd2\x90\xfb\xc0\xcaH\xee\xbcg\xc4\xa5\xe5\xaa\xa3\xc7\xce<Q0\x9a\xde~\xccFsY\xbf'
    b'%8I\x98\x8c\xb6\x14\xa2\xfcZ\xc7\xf9\xf9\x98\\\xad\x1d\x9c\x91\x03\x89\x0c\xe5\x1d\x8eG7}\x8d!\xa4\xf5\x1a\x98\xef\x1d^]\xf4\xbc\x82\xa0O\xa8O\xeb\xc2N\t\x83p\xfc{\xbd\x9f\x9d\x8f\x89\xd4\xeeE>\x0b0'
    b'?(\xa67\x16\x9d\xc4s>\xe4\xd4\xa1;\x13\xcee\xcd\xea\xd9hFt\xa73\xf3\xc0\xae\x87\xfb\x82Re\xc6#\x9b\x88\xfd\x92\xafA\xbc\x9b\n\xe3\x1c\x13\xaekY\\e\x02z\xe1\xbed\x98\xde\x8e\xbf\xa4*a!'
    b'!9\x96\xaf\xf2&\xd6\x94\x03)\xd5\xccVG]C\xd0l-A\xbb\xfd=b(U\xab\xa4\xd0*\xc4\xecj\xe86\x1d\xd8K\x88l\x18id^\x0e\xdd\xf2\xa8\xf4\xbds\xdc\xd7\x1c\xe0\xf4}+r\xbd\xa7gah'
    b'-\xaf\x90\xf5\xd0\xfa\xcdtm?A\x9a\x07\xbc\xd0~\xd90R\xdb\x0e\xe2\x8a\x16y\x9b\xacA\xd2*^\xe3l.j\x04\xba\xb4n\xd12\xac-\x13\xb7\xa9"\xc62\x08\x07\x17\xf4\x15s\xae\x16g/d;\x1b\xdb\r'
    b'\x86$\xb9\x12>\x97$\x06\x90\x04\x85\x84\xbeoN\xe9s\xa3\xae~\x08\xc2\x9bk\xf2,e\xb1\t_.LpYb\xc6x\x92\xceO\xbd_\x1b\x15\x17\xf8\x13\n\xd9\xb9\x98\x89\xf3\xf8#*o\x8e"\x92#\xec\xc8\xbf'
    b'\x91\xe4a\xcc`\x1a\x08L\xfdp4G\xcc\x8ds\x8a\xb3\xee)\xb7\n\x80/V.\x04\x10\xbf\xd4\x89\xbf-f\xd9\xa4\xb8n,\xc3\x97\xac\xa2\xb8\xd5\xc0;S\x86S\xb7C"x\x7f\x8b\x1fM\r^\xd1e1\xf3\xdd'
    b" \xc3\x8fli\xecf\xbd\xc5'\xb4\x1b\x91\xc6\xfa\x9a\x97)eNQ\x7f~\xe2\xab#\x10h\xc0\xfe\x14\x04\x9aM@c\xa1t\xe8tA\xd8\xd4\xe7p\xbf\xe3\xf4\xa3N\xf7M\xf4\xb3\x81\xca(x\x8b\xfc\x07\xca\xce\xfc"
    b'\xd3|_r\x81\xd3\x81\xe8\xca\x96\xfc)\xafE\xdb|z\x95Q:uaYT\xb9\xeet\x9aK\x823\xdf\xf5N\xf2F,\xcb\xa9\x85\xd7\x02\\\x1b\xad0;\xc8K~\x0e\xdf+\xbas\xa5\x9a-\xa0\x16\x15\xe5\x98*'
    b'\xf4\xd3\x10\x16\xa7\xa4\xc0\xb2P\x0e\x12\xc3_\xd9\x1b\xe2%\xb9E\x90}\xba\xed \x9c\xb0t\xd690\x85\xc7U\x8aLm\x04\xb9\x8a\x8c\x82\x08J\xa3<\x80\xec\xd9w\xfc\xf6\xcd\xfb\xb3\xe3\xf7/\xdfR\xee8\xf2\xe9\xec'
    b'J\xe6\x83\xe3\xa3\xbf\xbd\xfe\xf1/g\xef\x8f^\x7f\xcf\xaf\x9e\xbaW\xe5\xb4@V\xbbYMzR\xba\xfb:6\xefK\xe5\xd6\xe7\xcb?\x92\xcb\x89\x16;E\xbc&vd\x0e\x13_\x82\xf7H\xa5\xfe\xe0\xea\x19k\xd4\xe4'
    b'X(\x84\xee\xb0\xc3\x16=0\xba%\xb9J\xc56\xe5\xbb\xf9j\x15u\x88\xc6\xc0\x88\x8b5N\xbfO\xc4\xd57\x86\xb6Y\xd6P.\xc2\xf3Rs8\x8f\xa1\xd1R\x12i\r8\x8dr\xaf\xe8\xc6\x13e\xf8\xa2\x9b\xce\xea'
    b'1S7\x08\x8c\x99j7,,\xf0`\xb6\xe7\x88z\x7f\x92\x9f\x06\xf3\x93\xb3\x83\x1e\xe4\xf1q>\xf7\xc1\xed\twO\x82\x00Z\xc9\x9fj\x9bY\xe3\x9c\x85\x8a\xf6"\xe8\x9d`M\xaf\xd3\x999\xa4X4\x96\x93\xddS'
    b"\xd9=\xaf'\xec\x04\xaf\xc2\xd9cML\xc5\xd89M\xab\x98\xdf\xcbTIXj\xa6\xaf\x80\x91J\xc7\x86i\x9a]\xc8\x04\xc9\x9b>%fBl(M\x0c\xef5{\x9f\x0fEs\x06\x13\xcb\x00J\xf1<4t\xa2:"
    b'\xc4\x18\xa2\x1a\x9anaY\xfc{\x9fK\xf8\xc7\xf4\x13\xab!\x03>\xb0\xb5\x86\x03\xa6_v\xc8zbEK\x99\xad\x1a\xaey\xeb\xd2\x88\xcf\xe2\x8a\xb92w\x7f\x18:\x9b\x99\xe2>Sa\x04\xbfD\x85+\x99\n\x99\xfd'
    b"~K\x8c\xb4\xa9\x03\x9fB\xc7W\xd1t\x001\x90\r\xbf}\x0e\xd5\xa7\xd9\x18}\xda vH\x16\xa7\x9e\xf4\x97^t\x8a\xc9bz13G\xde$\xcbj\\R\xb9\xd0,+\x17\xe3y\xe0I{<'\xd5\xa1!l"
    b'\xbca1\xd6\\\xad\xe5b0 \x97\xaaz\x17W\xdfe\xf7\x89\xb4\x01A"\xc5\x07\xbe\xf66#,\x82[G \x14\x9d\xa2\xb6;\xe6\xb0\x9d\xcb$\x99\x8f\x19sB\xc5\xd3(\xcf\xd7[\x95Y0|^7\xfbfF'
    b'1\xffA:\x17r\x0e~k\x0e\xa2\xbc\x0c\xf2\x1cf\xf3\xb9\x0f~\xd4#~\xd82\xfdQ\x0b\xe5\xea\x85\x18P\x85\xd7C\xf7%\rf\xe5\x9b\xd5\xcb\x1b/\xb0\xb0\xea\x92\x8c\xafw.vk\xd9\x92\x1a.\xd6\x8c\x97\x12'
    b'<\xb6\xfc\xb0\xbcGv\x1cT\x88[%\xe95\x1e\x95\xaf\xe6A\x93\x11\x91L\\\xcc\x92\x9bH\xbew\x14\x95`\xe08\xe81\x1f|`\x92\x1b\x99\xee_z\xe3\x89\x84\xbc\xb3ow\x85<-;C)\xc2\xa3R_\x87'
    b'\xab\x03\xbcpT\x82\xc0\xf9Y\xf6\xab\xd1f\xe7o\xb3\x99!\xe7\x92\x16\xe6\xb7\xabb\x98\xed\xeb\x1dx\xdbb.l\xc8\x91$\xe0\x86^xU\x95\xf8\xd3\xb3\xabu\xb3\xa1\xc48\xbd~.\xa8}:\x8f\x82N\xe3]z'
    b'\x1b\x80p\x85\x01\x98\x0e\x98\x8b\xdb\xb7\xd8\xfeF&\xff6\x9f\xc1hw\xf3\x96\x8a\xcc\x9a\xae\xe1\x0flA\xab\x0e\xaf\xcd\xe8\x95\xaf\x8dBHen\xcd\x01R7\x07\xf5>\xf44\x9d\x99w\x15o\x1c\x9d\x17\xb39\xa2\xd9'
    b"\x1a6\xbeM\x82k\xef\xdf\xe5\xa5\xad\x83\x05\xe9c\xc1\xa5't\xf3j'\xeb\x96\xa5U\xa4\xe9:;~\xf9\xfe\xfd\xf7/Y\x92\xdd\xedv\xad(\xcb/\x7f>z\xfd^\xe4\xdf\x9d\xf8\xdd\xd1\xcfG\xff#\xef\xba\xf1\xbb"
    b'\xb7o\xbe\x17\xe1\xb8\xbf\xd3=\x88\xf2\x90\x97\xaf\xe7e6\x1e)AU\xfa\xb7\xf9\xcb\xf9,\x1b\x17\xe9\xf0\x97\xf2\xcf\x87\xe6\x7f\xe9b^\xfcrn\xc3\xc3\x05\x8dA:\xff\xe2\xd5\xcb\x17\x7f5r8\xc9(\x1e\x02\x9at'
    b'3\xbaC\x87j\xec\x900o\xb2y\x87@b\xa3\xedD\xc6\xfd\x17$m\xf8X\x9b\xf0\xf8dv\xe3V\x85-\xae\xc3|\xf6*\x08\xe8u4\xed4(C5\xbf1\xdb\xdd\x87\x95\xf1V\x05\x91\xd0\x9a\xd1Ev\x1c\x1d'
    b'\xcc\xe5\x7f\x96\xb7a\xb4\x86\xfd\xa6\x83\x05o\xba\xa1?N\x1a\xbf8\xf3GT\x14\xa9;\x9aK\x82\xe0+\x94\x1a\xc7\xdc\xdf\xd6p\x1fp\xdb\xa3Iy\x9d\xcd\xca\xcat\xc1y\x1a=\x800\r \r\\PDs\xc6\x06'
    b'\xb2f\xab\x06\xac\xe1\x8bt\x92\x16\x1e;\xac\xfc\xb2+\x1aN\xa40\xc9f}|7CN\xe3\xdf\xb3\xfc\xaay7s\x00B\xc8\x8f\xc5\x1c\x90\x02\x96?Ta\x10\xc2\xc6\xc3\xe5\xa0\xeb{8\xb7\xed\xaf\x9e\x1f\xfa\xf4\xbb'
    b'b\xf6\x9cvK\xf3\x1c6\xdf\xb6\xb52\xfdO\xa6\xf2\xf4\r\xcdD\x8a\xf3\xec\xb74I\x93\xe2\x9a\x9c{B\xbe\xe0\x9c\x16p\x80\r\xeb\xcb:\x06\xe3\xb2\x89\x1b\xea8"\x87G\x85/\x80\xab#\x82\xa4U\xcf$\n\\'
    b'U\xf9\xb5\xeb\x96\xc3F\xc0\\\xdc!t%*\xd9<?l\x87|\xcay\r[\xad\xe6Z\x9d\xa6\x9e\xa0\x14\xa4\x18\x95\xb0\xa9\xf4\xc2h\xadGvx-=\x87\xce\xe9\xdf>k\xd7M\x95\xb0Tw"\xaa\x99\xd2\xa0&'
    b"\xe4\xbc\x91O\xec\xef\xdb\xa0WDK\xbc\xae\x8e\x84&\xec\xe1/Qv\xaewuo\x1fa\r\x8c\x8c\xa0:\xf7\xcc.\xaf\x1f\xa7'\x18\x1fw&\xab\xe7\xfby\x1b:7r\xa7b\x8b\xc5\r9-\xbe\x82\xba\x93\x11\xde"
    b"[>lCAT6\x92T\xe2\xdc-\xdbk\x05\xc1h?\x16I\x8aM\xe0\x8c\xf1r\x14\x10\xd3O^\x92\xf0\x18\xa0\xbasP'\x85z&\xcf\x0bsRD\x971\r\xba+m\x0b\xfc\xbdM+\xfbz\xa4\x81\xd0%"
    b'\xa6K\x92\xc7 \xe4\x85\xf2\xc4\x14WF\xcd\xe0T3q\x9d\xd6l\xe9L\x88\xe9$\xa1\xd9\xb2\xf7\r\xce\xe6\xb7/=SY\x04\x92w\x19\x19v\xe3*%\x18L \xea\xc5Vj\xb8?)\x96:\xe6\xce\x81\x05\xd04'
    b'\x863\xe7O\xcd\xeb\xb4\x9c\xac\x13\x1f\x9b\x9a\xfe\xc0\xf3\x92.$\xf8&d_jk\x03\xe2\xc4\xd5\x19\xd4\xf4\xd6\xc3\xc6+{\x9fY\x99\xe9\xac0g\xd1UI\xf7\xdbF\xf4\xc9\x86\x1d8#\xc1\x02@\xdeC\x8dV\xad'
    b'\x9cKjAE\xce\xf5\x8c\x9c7\xe6\x80s\xb6K\x910B\xb1\xf19\x02\x99\x063\x8b\x0b\x1a\xe6|4\xf9\xee\xd3\xb7\xacp\xb8}\xe0\xa72\x9d[K"\x8b \xdaPi\xef|\x1c\xf66\xe0\xea\xc6\xf9\x07\x10\x82!'
    b'\xcc\xca\x85 k6\x9d\x84d>\x15\t\x9dCnj;,-\xbe\xe7\xfe\xee\xffDQ\x96I0\x94\xdb%\xb1\x9b.\xdf\x81P^\x14\xb8\x99\xbc\x06\xb0\xb0\x90\xee7\x15\x02<2\xc3Y\x90\x1c\xc3\x14kh\x05\xdbI'
    b'\xb0\xfe)\x91\x17%\xb6\xd0\x1d\x0b\x95hj\xfe;Z:\xa7\xb0\xf2\x8as\xf1\xc4JyG?\x9e\xbd{y\xf4\xe2\xd5\xd9\xd1\xd9\xb7\xef^\xff\xed%q\x98\x9bif\x9a[.#\x0b \x96\xb4D\x82\xdf\x1a;\xb6\xe7'
    b'\x88k\xf9\xcd\x9d\xf76\xb8\xd9\xe3r\xfb\x80l\x9dYd\xbd\xb4<\x06\xfe\x98y\xe9\xf3\xd3\xd3P\xf7y\xffyi!\x11>\xa6\xd1\xd8iw\xa6%\x87\xe7!\xa9\n\xdd\x1c$\x16\xdd\x90DQ\xe4\x87\x82K\xb5\xcd\xbc'
    b'\xc0\xad\xc0\x12&\x88i\x92O\x9b\xee\x1a1&\xee\x16N\xde\xdf\x18\x82Hb\xb7\xa9\x99`0\xe2\x1cn\xfb\xceY\xa9\x88]\x10?$\x86\x86\xfa~~\xf7\xe6\xfd\xcb\xb3\xbf\xbe\xfc\x1f\x12\xab\xc9\xfe\x80\t\xdd@\xc1\x86'
    b'\xaa(%cs\xc6\xe9\\|\\.\x06\xaa\x99\x006\x83\xf0I\xf1p\xf5]\x80\x8c\xae#w\x8b\x8f\xd9\x0c\xe3\xfco\xd2:\x11\xae\xa9\xb5\x83\xc6\xfb\xcfm\x823\xb1\xf0\r\x86\xf8sFL\xba1G>f\xc9\x07\xd6'
    b'\xa1\x9b\x92\x0c\xfd1_\x7f\xa3R\x06\xcbe\x0c\xc3\xc0q\x0c\xd3\x8c\xf3\x1f\x8c\xdc\xbd\x06\xbcm\xd8\xd7\x9d\xc8Z\xe2<\xc0\xb48=\x06\xb6\xefl\xe8\xee\x94\xa8.s|\xf0\x8a\n[\xc3]\x91\x85\xe5\x8a\xd8c\xc8\xf9'
    b'\xbc\xc4\x96\xcf\x9c\xd4\x12[\n|r)v\xa9U\x82\xbbF*2U\xdc\xa9\xa9\xdf\xcdUcIV\x9b\xbaf\xd9\x08YR\x0f#d\x97Z\x83\x80\x14\x96\xaa#.|\x10 \x16IQ\xcd\xf2\x94\x82M\x0f\x98\xa5\xba'
    b"\xbdO\x16\xd9|v\xe0^x\x1e\x80\xdc\xd1\xe3L\xf9ocn\x02\xa2\xa3E/\x15g\xb6\xf1\xb1AP\x86\x11\xa1\x1cpT]\xbb\xcb,\xf2\xb0\x807Z\xda\xe5\xd9\xc9\xc4\xe4'\t\xa2\xf2m\x8b(\x80XY\xf6E"
    b'F~\xbb\xd4\xcc\xed5\x00+\xf8pv\xa0\x19Sq\x13\x933\xc5Ri\x8a\x84\x1fpd`\xc0F\\\xcf\xcd}|\xac\xf8\xa2\x93SH\xe22t\x0cm\x82/\xaa\xe4y%B\xbd\x92\xbb\xcc\x94\x92H5W>\xbc'
    b'^jD/\xa3\xeb\x88\x17\xd8\xa1\x02\x1c\x1c\x17\xb5W\xc7/x\x83\x98\x993=\x84\xc4A\x84m\xd1w\xed\xdf\xd63\xe6Y\xd23\xca\x93+\xb1O\xcc\xc0\xcb\x8b\x8d\xa5\x11\r\r\xbe\xd2\xa4}\x9f\x13\x16\x0f;eT'
    b'z\xe5\xdd\x96\xdd\x91\xe7CA>fw\xcf\x19\x95\xb2\x10\xd1\xb6|\xe4\xfbd\xd4\xcctv\xd3\x88\xca,\xa1\x1f\xa2hr\x98\xcef\x86J\x99x\xe8\n\xf6c\xe6\xd8(<)\xad7\xe10\x1bp.C\x9f\xff\x8b\xd1'
    b'qI\x02\x11\x04S\xef8\xef\xae\xd3\xe4..A\x96 \xcd\xd4\xdc\x85Z:\xa7\x8b\xc2@\x98C\x01\xf2=h:\xfflu\xaa27\xb7\x97\xbe\x88w\xa5\xdep.\x8f\x84\x8cE\xa3O\x0cW()\xceD\xfc\xa4\x8b'
    b"8\xd3\xd7\x1fI\x94\xa5\xad\x91Nn@\xbfH\xe3\x88\xbb}S\xcbb\x9aH\xc5 \xf0\xdc\xa6\x96\xe6*\x90\xcdkAl\x1c\xf8\r\xb3\xe2b\x96^\x91W\xe4\xcc\x9c%$\xe9\xacid:\xc8\xbc\xaf',s;\xfe"
    b"<\x12\xaf\x89\xdfn\x83\xfbJ\xeb\x91\xcd\x8a\x0eK\xc5\x9dr:\xce\xe7MXwj\x1c\x1b\xb4\x02\xac\xfd\x1d\x11\xfay\x05\xa7\x9f\xcd\xff\x8717\x7f\x19>n\xed'\xdf4;\x7fn\xfd\xaf\xcdV\x88\x89\xad\x14:\xf4"
    b'\xe4\xc7\x05\x19\x0f\xf9\xd5\x89x\x8b\x01\xe4\x19=\xa7e!Jr\x7f\x9b\xae\x9e\x9c\xb6< \xe3\xf0\xa4o\xbfQ e\xe9\xdc\xddm\xd3\xe6C\x17\xd9,\xe2[wure\xba\x8cR%\xb5%s\xc4\xb1\x1f\xe2\xc2\xef'
    b'8U,\xadE\x02\x18\x11P\x9b\x03\xd0H\xe0*\xabt4\xd4\xe9\xb5?\x88y\xc5\xaa\xa5$Sq\xa7\xabb\x97]\xbc@\xfc\xc2\xbfn\xbd\x1b\xe4[vRo\x06\xc1\x07\xe8\x9c\xf0V\x08-N\xd4\xa3\xcc\x8bXE'
    b'\x7f\xee\xf0J{\x81\xd1\xcb^\x15YQ"\xee\x82LLN\x1e\xd2\x93umd\x91\xd2m\x848\x00\xce\xf5\xd9{jZ\xa5\xeeP\xd3\xba\x9d\x92\x8eS\x13\x11\xaa\x84\xc9=L\xc4\x95\xfb=\xecb\x9a\xba\x9d;\x02\xc7'
    b'h\xf9j\x18\xc7\xa2\xba\x1d\x0e|B\xc9\xb1C\x0cd\x07Rv\xc19\x14\x90\xe3\xd0\xab\x8cM.\xde\xe3\x89\xd9/\x9cD\xed N\xf8f\xfeTYCx\x03;d\x83\x9c\x12\xe4N2\xde\x7f\xbe\x18\xf5\x1d;\x82\x08'
    b']\xef\xcd\x84{\xf9\xf8q\xe4\x80V[\xd3\xedZ\x18JM\x01T\xd6\xa7t\xc3\xb2!\xf2\x1d\x8d?\x97L\r\x14O\x15+iQ-4\x9c\xf5g\t\xabz\xe5 \x9df\xaf\xe6Wc\x90\xb7\x0f\x84\x0e\xea\xf3\xeeY'
    b'\x01>\xb1\xccX\x1do\xf2SLS#,\x85\x1e>\x93u\xb1\x90\xb9jjnW\xbb\x80Hl\x87\xa1\x03\xed\xa4+\xeb-\x1d\xd7\xa4\x11;%,\xa9\xefG\xd2i\xdc\xe5\x18n\xd9\xa5\xe7\xb8\x9ew\x01\x88\x8f\xd0S'
    b'uq_q\xcb\x1e\xb3\xe0KbD\xe3\x8d\x9c\x8a\x95M[\xd5SD%$\xf2\xe94\xee\x135\xb9/\x8d\x11\xbc\x00\xef\xacj#\xea\x18G+\x9d\x86\xd3\xbd\xef\x900\x94\xa4\x12#\xf8\xaa\x9c\x8dV\\!%\xcb\xe5'
    b'\x7f\x81\xcb\xc6\xe1\x9d\x12m\xa8y`\x87\xc5\xc2w$\x108\xe8\xa9\x8aD\xe3\xed\x8c\xa8\xbc\xfe\x15\xfb4\xc2\xd8\xedt\x1cm>W\rW\xcd\xf7\xbe\nR\x96\xe9ff\x0ez\xf0\x90\xb9\x18K\xf4v\\\x0c\xd2\xf11'
    b'\xa7E\xa3:_\xcf\xb3\xab\xa6S\xab\xc9\xb2Qu8`Xi\xee&x\x88\xaa\xd1\x9c\x99\xf2J\x8eD\xbe-h\xe0"\xd7\xcc\xd2(\x9f]5k4\xe7V\xab\xc6\x16\x04+;\x897\x11G\x96\x08\x17\xf6\x1fk\x88'
    b'\x9b\xa0\x88Cl\xcd\xebt4\xfe+\x0be\xec2.\xa8O\xf6RO:K\xf7\x11U\x03z\xb2\xef\xc1u\x95\xa1M\xd7\x16\x00\xf0"Z\x17\xb5\x84wu\xad\xb8\x07\xd66\xbc\xe2\x9e\xad\xb2\xe0\x0f\xb8qS@\xf0\xab'
    b"\xae\xd9\x18\x8a\x94w\xd0\xe7\xd0\x1a\xf0:\xe9{\x9a\x04\xbe\x1d\xad\xa0\xa0:y\x06'&J;\xf5c|c\x17I(S\xd3b\x19\xd3b\x9b\x9b\xa8\xa5H\x91MXJ\xba\x86\x07\xa5\xc3\x95\x1aY\xf3\x94\xb5\xbf\x0c\xad"
    b'\xaa\x00\xc3K\x01$g6\xb2p_\xbc \xc5\xd2Qe6?\xe3\xfa&t\xc2T\xf77ps\xa5\xe4\xd5\xb0\xe3[\xf9\x88\xd2\x89\xa6\x1f]p\x13\xa7_ \xbc\rBkq\xaa\xb4\xbf&\x84\xc6sH\x17\xd2xq'
    b'x\x95N\x16\xe9\xf8\x97\xf3Mu\x15\x8d\x1d\xb8\xac\x84\xdd\x06>=\xaa\xe4A&\x9d\x9b\xf1\x13\xe4\x80\xf1:\xb5\x19b%k\xe6\xbe\x98Y7\x96\\Y4\xc8\xe3{&\xa8\x95lr\xf59U\x1bnJ\x8e\xac\xceb'
    b']\xeaD\x87\xf3\xcd\x9d/J\x86\xa9\x9bd9\xf4<#8d\xb8=\x99\x00\x17\x8b\xdb\x9f\x91^\xc5I\x8c-\xc1\x9a\x19\x90\xba\x0f\xa3\xb1W\xed\xe4o\xd8\x06q\x9d\xdetT\xde\xe6\xbct\xbdr\xba\x15\xba\xc2m\xd2'
    b'\x17|\t\xe2/=,\xf0`d6\xb7\x04\xd8a\xf0\x1d\xb3\x88+L\xe2\x98\x16\xebV\xfdQ\xee/l\xca\x17(\x7f\xa6\xb2\x0b\xb3^\x13\xdf\xad\x84P\xbf`\xb0#\x84\xb2\xc5\xc4\x1a\x17U\xf2R[\xb7\xe8 \xe4X'
    b'\x0cH\xdfbvO\x86W\x9dP\x90\xdb}g3\xee!G\xc7\xca\xa4\xca>\x85\xc2\x94&#\xb3\xef\x04d\xb6S\x99\xcc\xbb\xa6\xaf2\x90\xc3\x10:}Uo\x1d\x0ea\xe0\n\x12\xb6o\xb6\xcc\xdd\xb7w\xbc\xcb-A'
    b'\xb8\xe5\xaf\x0b\x16m|G\xf7\x83p\xd0\x9fX\xfb\xb5\r\x83t\xa9\xbd#1l\xbf\xae\x0fl\tTW~\xde\xd2\xaf\x12qB\x7f\xfbV\xef\xdd\xba>a\x10n\x0b+\x9b\x1e\xb2\xd5CS\xe5\x8f\xd7q\xf8\x89\xce\xd6'
    b"\x01\\\xd1]\x0bd'\x9el\xd9\xc3N\xf2\xb38\xe5\x93\x85\xc6\xf7\x95\xa6\x8ed>X@\xe8\x94\x0f\x1c\xc5\x1d\x94+\xe1p\xc4k\r\x9b\x92w;\xd0\xef\x0fb\x1dKNM\xed|`jm\xd7:\x0c\xae\xbeU\xb4"
    b'B\x00\xc6a\x15\x91\x9a\x8e\xdf:\xa1\xa6\xee\x8aY\xcf\x9d\xbbd~\xa4/\x99\xab\xfa\xbf;\xb6\xbe\xe0\xbd\xe2\x7f/\x8ay\xfa\xf2\xd3\x00n\x9c\xb1\xbd\\_\xd4:\xe23t7\xc2)\xea\xb8\xce5_8\xce\n\xba\xfe'
    b'\xc6=\x87\xd9\x00\xdfrv\x86\xb4\x86IJZ,\xc4\xa9\xc0$\x85\x8b\xf3\x9c\xcd\xc6$80\xfc\xc6\xddw\x8a5\x86s/\x1bW\xcd\xed*\x13\x93\xbe6\x1d\xe6C\xba|\xc6\xc9\xe2\x17\xba\xf6>2\xd8\x85\xbf\xeff'
    b'\xf2\x807W\xfdpo)\xd5q:\x1e[M\xa5\xaa}T\xf4\x96%\xaaHm\xb9\xdb5u\xc1\xb8\xc4T\x95\xcbU!\xa2\x8b\xd8\x9b\xad\xb8\xc8\x18\x81Z\xcb^8\xb7Lo\xf3\xf2\x12\x86\xdb9e`\x9a_\xae\xdd'
    b"y\xb9p\x97\xb2g\xd7\xe8\xa8t\xe8\xb4N\x13\x08\xb6\xdag\x8bp[;]'\xb7\x85^Z<\xf2\xdf\xa1\xb0\x05\\\xa7\xde\x83\xc7\xb9\x95\x88\x0b\x0f\x0b\xda\x02\xdeL7M\xef\xccg\xb4\x8c\x8d\xdb\x9a\x8f<\x9b\xa8\xdb"
    b'\xacw\xf9"\xaevK\xa9\xeeXw\xd4U\xb8\xdc\xb2\x83\x99\rW\xbf\xdb\xd3C\xfcG\x1c-P\xb2\xf0\xa2\x18\x86\xe2\x86\x1e\x1d\x911\xdb\xb9m<\xe0\xf5\xac\x98\\8\xe5q\x89Q\xb5\x9e\xab\x06>\x0b\xd4m\xf2\x9b'
    b'X\xca\x18B\xae\x109\x1e\x1c\xac\xb0~\xf0\x9d\xd4\xd2\xd4\xf2\xca\x19\x05\x94\x02\x97\xef5\x18/*\xde\t\xdc\xf3\xbbZ\xaa1U\xf8\x95RW\xd7\x90\xb4\xfd\xd0\xe0\x1c\x90Ol\x9c\x9b\xa1\x17\ns\xc3\xd4Fy\xa3\xac'
    b'e\x171\xa7\x0c\x99R&_\x04\xa3\xff\xfd\xe5,\xcb|\x9dt\x03\x1eY\n\x98\x93\x15\xc0\x04\xe2\x10\xea}wu\x14H]D}`p\xa2gP\xf5Mv\xff=\xa4\xbb\x9cV\xdb}7\xaf\xd7\x9c\xd29+II'
    b'S\xab`-\xb9\xe4\xd1\x1a\x8f\x996A\xbd\x188L\x1f\xb9qN\x9aV\xd8\xe6\xcff\x17\xe5a\x0b\x04~\x03\xde\xab\xe6\x93\xd5\xa3"H\x11i^_\xa14\xea\xa7h\rsZ\xe4\xe3\xb9\x13\x12I\x1d\xe6\xcb(V'
    b"\x9f\xaf\xb0\xe3$\x9c\xd7*\xee\xedd\x81\xcc\x03\xd7\xa2u\xd0\xdb\xce\x9a\n\xd9\x8c'K\xb4CJV\xcd!^\xa6\x83\xc7@\xa1\xfa\x8d\xa7p_\xb62f\xe6\x15\xe6K<C\xdbvb\x9c\xaf\x88\x19\xf2\xbeQ\xfc\xd5"
    b'\xa1$%\xc2\xd4c\x08W>a\x0c\x12\x8b\x12\xc8i\xadN):\xbf\x9cg\xacu;G\x08\xb9Z\xeex\xed\x93\xea\xa7\x100\x8ay\xb7>k\x8c\xcd\x07\x01<\xa8T\xa2\xa3-\xc669O\x114\xb8\xf4\xbd!.'
    b'z\x16\x14E\\i\n\xac\xb3\xad\x9a\xbe1\x0c\xf3\x88\x06\xd8\xa0\x82~\x8e\xe7\xac\x041\xad4\xde\xb2H\xe4\x0b\xa5\x89\x93\x92t*\n\xc14\x94\xab\x95\xf3\x1b\xce&\x01]\x11\x91\xb9\x13\x8f7(\x13r~#\xf9\x1e'
    b'\xc7\xec\xae\x85\xe5\x02\xaf8{\xfb\xee\xcd_\xde\x1d\xc1I\x1e^\x1e2\xf7\xd9\xa7\xf4j:\xb6\x88\x97\xe4\x17\xc2\x8c\xda\x11b\x9by\xaeHm\xa5\xff@\x1c\xd0\x00\xc6\xed\xae\x84r!\xc8}\\\xa6\x12!\x16HG\t'
    b'T\x1e-Z\xb7\xb9\xa3\xa8C\xfb.\x91\xa5\xc4!?\n8B\xb8R\xca\xef\xff\xe5\xffq\xa9UO\xd6\xc0\x0c\x1b\xd4\x10\xe5\x05\xb0\xdd\xdc\x9c\xde\x18Z\x9el"\x05\xc1\xe6(\xcdgg\x8b2;3\xd5\x9bs\x83\x83'
    b'\xf0o\x902\xb0\xc1}\xa1o9\xb3"\x1e\xd2\x9a6,F<m\x87\x8f\x8597hq\xae\xcc\x1e\x1a\xa4\xe3\xe4\xcal\x80\xa1\x9cn\xe9\x80\x94\xb4tr\xe3\x83\x97i\xd0\xef\xf3\xc9\r\xdc\xe6\xa8F\x8a\xa1B\x95\x86'
    b'=Qr\x16\xd3$\x9e\x9b^\xd1\xe3\x935\xb8\x85.\xe6f\x03\x97\x9c\xcb\x90\x00\xa7\xe5/\xc6=3\x7f\x9e\xae!\x95\xdb=\x86<\xbd,\x8c4yV\xd2\xbd\xdb\x03\xc6ja5\x89*\xe8p\x80\xdexU\xb8\x9c\x07'
    b'\x86f\xbf\xf4\xb0\xf8\xef_\xaf\xcb\xb9\xfc)\x08\x82\x0f\x1a.\xdd\x90\x9f\x81]\xdd\x7f\xb0\x80E\xc8\xa92C\x9b\x04\xb9\x17\xfc\x7ff8o\x02j\x19\xfa\xec\xbc\x92l\x13\xc4\x7fS,B#\x01\xcf\xcc\xa7/=3\x9f'
    b"3\x1d\xd7\xe9\xc73\xe0q\xce\x1eB\xe7\xc9\xcfG\x7fc&B'\xe8\x90-\xbb\xe3\x1b{\xf2\xd2\xf0H\x94$\xfe\xf1\xee/\xcf\x13\xee<\xf3$6\xf9\xc0\x0bI\x9d\xd2\xe0\xba\xfb\xa6\xe2_\x17fe\xc05(\xfa\x9d"
    b'}\x0fEU\x17\xeexA\xd8\x93\xf2&\xe5N\xb0_\xf4\x03f\xf3K\xcc\x1f%\xd2,7\x87\xe6\x88?\x1b}\xaa\x99<\xbc\xaf\x99\xbckx*\x9a\x81\xcc\x8c\x9ewn\x84\xfct\x92_!\x1dD)\xc0\xe26\x0b!'
    b'-8\x8b\x07fzx3\x89\xc3\x08 r\xed\xa3\x81s/2\xdc\xfdu\xff\x05Wn-\x98\xe4}@O\xdf\xa7\x94\xd31\x9a$\x9c\xb8\xf7\xa0\xb5\x07M\xc9\xd5b<\xcf\xff\xd5s\x82Fi\x83\xea\xa9\x01\xfc\xde\x7f'
    b'\xca\xe4\x88\x80\xb7\xc9\xeek\x9b\x04c\xf4\xa1f\x8a\xc2b\xb5\x9b\x0f\x9f\xe2\xbc\xa3\x80H:\x07\x85\xdb\xb8\xa3\x84\xfc\xf4\xdd\xbe\xfb\x97\x0e\xebrA\xdc5\x9b~\xde\xc8\xe8\xcb)\xdd\x1b/\xfe\x93\xc6$D\xf9yC\xb2'
    b'\x14\xfd\x9f4\x9c\xc9\xb0\xb8\xfa\xdc\xd1\xd0\xb7c\x896!\x1a<G\x8ee\xa4(\xa1\xad%\xce\x99\xff9\xa3\xa5\x93&\x1f\x9c]\x96\x1f\x1f8\xe2c\x02\xcdI\x13\xfe\xde\x8e\xab~@V_zu\xfc\xb7\x7f\xc7\xd8L'
    b'\x05\x7f\xdc\xd8\xfe5\x03\xba*&\xc5\xe6y>Ig7g"x\xaf\x18\x12\x95\xae\x17\xbf\xf3\xc9`\x06\x0b\x07H\x13\xf5%R_0>\xe9\xf0\x83\x06\xf7YC"V}F\xc7\xdbg\x0c\x87\x8fEs\xd8\xa1\x96\xf2'
    b'\xdf2\x80\xd18-I\x87<\xb3g\xcd\xe7\x8c\xc3V\xe2\x0f,9\xd4\xff\xe5\xc3\x99fc\xa3\x94M\xce\xd0<\xa5L\xf8\x8c\xd1H\x1d\x89\xad\x83\xd6e\x94\xf3J\xfd\xeb\x07\xb4\x18\x1bm\xf5\xf7\x12\x18j\xf9\xf7\x10\x18'
    b"\xcd\xe08;\xbbK\x1cZ:\x04'\x0c\xf9#\x87l\\\xff\x8e\xb5\x90\xa1Xj\xff];\xe5?h4\x88\xb9\xfa\xbc\xc1\xe0\xd3\xff\xa8\xe1\x80\xd2?k\xd7\x9b\x0f\xff\xa3Fr\xa7\x18\xb7t(+\x85\xb8\xff\x80\xf1\xb1"
    b'T\xe3\xfb\xf4\xa01\x86\xa2\x8d\x1a\xd8\xbfsD\xd7\xd9J\x8d\xa8f\x14\xf4\x05\xac\xc8\x94~\x10nu|\x975\x83\x15\xf1\xdfsxb\x18g\x94\x13q\xfc\x87\x0f\xa6\x9d\x8c3\x81\x87L\xd0br\x9e]\xe6\xb0\xb1\xff'
    b'\xe1\xe34\xed\x8dF\x86\x02\xd1\xdf\xcf\xd9`R\x81\x0c\xd8\t=\xff\xa2\xe3\xd5\xde\x17nB\xf0=\x9b\xa7\xd3\xba\x1d\xe4\xe2\x91\x83\x01\xbc\xa0O\x12\xfa$\xd8(\xec\xb1\x00\xf3X\x9bd\xec\xf1bho\xe1\x8b\x89\xbd\x1b'
    b'\xb8\x84O\x8b\x8a\x17v\xa6=v\xe6\xa35\x07\x12)\x07\xf1-\x184\x98\xec\xf74\x91\x9f5#\x9fc\xb7s\xd3C\xd7\x16g\xe2Kq\xdf\xf99\xb6\xfdg\x03\xe6\x929\xb2\xe3z\xa0\x16\xf5\x00\xbd\xc9\r\xa2\xcc&'
    b'e1;\xbb\xca\xea5\xa6\xfaQ\xfcTf\xbe\xdfz\xf2\xf9\x8e\xeb<\x9d]\xcc\xd2\xe9\xa5\xbd_\xc2\x80?\x16\xe39]\xe0\\ei\x894\xad\xb8\xf0AN\xae\x92<2\xe7s\xba \x1eZ\x13\xb0<\x16\xf3[1'
    b"\xfb\x8ceM'\xe9\xb8\xb8x\xf0\x8cHG\xff\x85Sb\x9d3\xa7\x14\xe0\x1az\xa7\xfc\x01\xdb;\x9f\x8cf\xa9Y\x00k\x04 \xf4\x95Y1&\x0b\xc7\xd9\x10\xc8\x035\x83\x8e>\x8a\x88:\x9b\xeb\xc0Z!\xea\x84\xf9"
    b'\xd4\x84w1\x912\x01\x95\xb3\xa1\x03N\xc2\x88\xa5q\x11\x9brw\xf76\xbf*f\xc5$O\x8en\xb2\xe4h6K\xdeeW\xc5\\ L8\x12\x841v\xd9\xb1c\xbe\x98\xc1\xcc\xcb\xef9\xeb\xa9o\x82\x87c^'
    b'\xa7c\xdb\xce\xbd7\x92\x98"\xd0\xfa\x97\x98\xdaZ{\xf6\xff\xbf\xa6u\xd9\x1d\xd4\x97\x99\xe4\xe5V\xd6\x95\xb3\xfc\x103\xab\xdb\xa9\xd2\xe6\x18\x11\x19\xe77\xcbf\x85]s\x97\xcc\xfd\x7f\xc2\x94]\x9c\xff\xe7n\xf9\x7f\xcb'
    b'N\xa5\x19\xf9\x8f\xdc\xa9\xff\x0ej\x810kgF\xb2H\x97\xab\xe6\xa6*\xd0\xbe\xa7\xe8Ov\xd3\xd0\x93\x12\x1c\x90\xb4I&\x8c9b\xb6\x12.\xba\x7f\x073#wB:e\xd3\xe1\xdf\x17\xe5\\\xd2\xd5*]\xf03'
    b'\xe6\xf1\x0b\xcc\xdeJ3\xdb\x8a\xf9\xbb\xb7\x9d\xed\xdf\xce\x9a~\xc7$q\xaa\xc63\x8b\x99\xf2\xf0\t\xb2\xbeo\xe4C\x0fb\xfb\xa51-\xca9\xe5\x0e\xfc\xa5a\xa9\xe6}JNEoF\x9c\xe0xJ\xaesG\x17p'
    b'\xfe\x13\xf7 \xa05\x92G\xdb\x97"\xc8?|\x1a\xc9\x95e\x13J\xe2\xd98\xfb\x98\xd5i\xd5\xce\xdb\xc5\xcd\xd8s\x88\x98\x8e~\xc4\x8bh1\xf5\x8eVp\xbd\xbf\xa0\x94\x1f\x94\xf3A\xfbg\xa5N%\x85tn\x86\xff'
    b'\xdf\xd7\x9b\xc7\xef?c\xa0\xe8\xd7C\x86YN\xf3Y\xfe\x90q\xde!\x91s}\t\xea\x0b\x86H\xe9\xd9\x07\xd98#\xafT\xb9\xf6\xf9\xdcAz\x0e\xfc\xe0\xe1^g)9"\x9cI\xb2\x88{\x8d\xd8)\x97\xf3\xecj'
    b'\x9a\xcdR\xeb\xf0W{\xe3\xa8\x17U\x1a\xfb\xace\xfd\xbc1\x92\x0e4H\xcb\xcc(\xd1\xe5`\x91\x9d}\xcc.\xf3\xc1\xb8\x8e9\xda\x92\xf5\xf7u\xe9\xd8,\xd1$\xe5H\xa0\xca-\x11m\xcf\xeb\xa2\xcedG\xe3G\xc0'
    b'\xac\xdd\xd8V\xee\x1b%\xdc\xa3Dz\x94\x9c\x1b\x86\xf2P\x01\xf7\xa1\x93 J\xf8\x92\xe3a\xd5\x0c\xdc\xe3d \xbf\xe3\x82\x00\x9c\xa6\x19cm\xd8\x13\x82}Z\xac\x06\xfe\x87+\xd8~\xb4\x97\xf9\xf4l~93\xc7s'
    b'\xbd{\xe4\xca\x01S\xe0\xa4\x19\xaf\xba\x1b\xb0U\xb9c\x00G\x1b\xe1J\x8f\xcd\xa0)n\xf7\x922\x83\xb3S\xe1\x04\x9b\x80\xb9\x18\x90\xbb\x10w5N\'\x86\xdd]\x92\xcb-r\xd6]\x8c\x8d"\xf1\x87^\\\xfb\xd9\xa0'
    b'\x1e\x9e\x11\x0e\xc2\x03\xa7\xa2r\xe8\xa1&\x9c`fX\xfa\x04\xfcci\xd7\xf7\xff\x8c\xa6\xf8\xcc\xf0\xd5?j |D\x91\xc39\xa7\x02\x1f\x7f \xc7\xdf\xf2\xb3,\xbak\xa7\x1a\xffo\x12\xf9\x00\xb3\xaf!\x12x8\xf7'
    b"\xf2\x94\x13J\xb2\xaf\xbb9:(\x96\x16\x0e\xf1\xed\xc8C[2\x08\xa5\xb3\x0b\xc4MxT'\xe7\x86l\xbd\xb1\xd9_\x9c\xe6fb\xf6\xa2@\xeb!\x00\xd1\xb5\xc2\x1fR&\xd1\x00\x93\x89\xbaD\x81\xe1\x94\x89\x86\xbb\xec"
    b'A-,J\x8d\x7fW\x8b\xc3\x94\x13\xef\xac\xc20Y\xcc\x16\x05[d\xc3\x9aT,\x92D\x16\xb1\xcb\xbd8\xb37\xac\xf3=?\x95A:\xd8\xc6D\x10S>\x13\x00\xca\xba\xca\xffR\xfe\xb9\xd9y\xec\xe1\x9f8K\xe7'
    b'\x07\x8c8\xf8\x00~\xf2u\xa5y\xbe\xe3\xea\xa5\xb7\xf1\x07\n]\n\xc02\x02\xdegQ\xa5\x14&\xb6B\xa7E\x7f\xe4\x03\x9a\x12\n\x8d\xa1G\xf4\x81\xacA\xdb,A\x88\xe9c\n\xaa\xe97\xbf\xa2\xd9\xd7\xe8\xb74\x02'
    b'\xa9\xdf\xd2\xd2!\x8fki\x9f\x80\xfe\xd3\xa1\xa5\x92\x0f\x81\xdfz\x18\xacs\x8cKE\xe5B\x88c!=\x82j\x1b6\x899x\xb2\xbb\x12x\xed \x1a\xa0JfE@e\xe6\xd7I\xf7\x14AhT\x1b\x8d\xd5\xfc\xb6'
    b'(6W \x0c)*\x90=\xa9\x91\xc6/&\xcd\xdf\xa8\xf8>>\xa2\x94\xb3\xdf2\xea+\xe0\xe9\xdb\xc1\x06\xa1:\x08\xfe\xcbQ\xb0\xb02\xd3\xd5\xd0\xc9\xff\x1e]\xed \xcc\xa0\xa6\xb3R\xc4V\xfdMR\xdf=\x89X'
    b'\xa9\xee\x1d\xf9\x10k\xd2\xae\xc5\xce\xe1\x9de\xcb\x81\xa8\x80Xfj#\xb6\xe7_\xe1\xe7\xedZ\r\xda\x8eK\xb1\xa5\x11\x14\x08^\xcc1\xaa\xb4T\x90\x18\x16\x86\xec\xaa\xed\x02-\x92_\x17\xc5\xdc\xe1t\xa5\xc2\xa9\x01\xa8'
    b'@\xb6\x8fIrM\xb1mT?\xdch\xaf\xf3\x92\x94\xcf\x8f\x84J\x91\xcf-Z]b\xa4\xd3\xf9\r\xe3\xede\xa39\xc9)\x88\xa9\xc9\xa7\xb6\xb0m\x16\xf1I\x13\xcesfN\x80\xd9\rG\xc3\x1f!*\xc6\xce5C'
    b'\x1a\x08\xd4\xac\xe0F\x03\x15\x98\x06@\xe0x\x048\xee\xa0\x0f\\\x06B`\x18\x97\x1cf\xc3aX)8\xf1LA\x86\xd1,\x0bpMD\xeb6\x18\xeb\xb0fCX\xe2\xb5e\x08WC\xfe\xee\x08%\xd03\xfb\x88\x1a'
    b'\xe9 \x0bg\xc8\x0b\xb0$1\xc6\x17\x9bb\rk\xb7!R\xf8\xfc\x84\xda\xb5\x08v>\xd7\xa1\x10\xa5|\x13\xe02\x98\xa2\xfe\xb1m\xacc\xde\xa6\x8b\xf1\x9c\xd9\x80\xdbw\r\x97\xb1\x95\xa7pe\xeb\xb5<M\xf7\x86\xf8'
    b'\x9a\xe0\xa947O\xfe\xd98\xdd4\x8bAg\x93fAv+>/\x8aq\x96N4KB\x1fVr\xce\xcd\x93_\xca\xfdS\xc1\x9a\xc0\xabo\x92\xf5\xc6z\xf2\x98\xda6\xffO\x7f\xef\xd3\xdf\xb4\x7f\xa3}"\xf0['
    b"\xff\xf4Q\x88?K\xd0\x9e5b\xe1\xce\x92\x9e\x94t\x95E\xfe\xe5\x02\xbf\xd8V1z\x14L\x17\\\xe4\xe0\n\xd3\x87#P\xa2\xd18\xd1\xdd\x0fT\xdb\xb1\xcd\x9c\xdaT\x03z\xe4\xa6[\xea'<\xe90\x8f\xc5\x03?"
    b'^\xc3C\xc2\\[\x91\x04\xd9\x9f\xca\x9c\xcd\xe0\x83\xd1\x13$\xb8K\xb0}\xa2\x9a]\n\x1e\x14\x95t\xb96\x1c\x91\xc2\\+\x1f\xf83YNI\xbd\xe3\x96\x94\x06\n\xa3)\xd6\n\xdbA\xa4c\x83\x17\xb9t)d\x82'
    b'n\xaa\xe0\xc1\xe8c\x1dp\xe91\xd4\xdc\x87\x1c\x83\x18}\xa3b;u~o.bQ\xe1\x94,\xe5\xa1\x01\xcb\xb9=v\xddF\xf8\x7f\x82\x12\xf0\xcdf;\x11\xb8w\xbb\xfb\x14~\x80T\xee\xb0\xed\x08v\x04\xd5\x11j'
    b'\x00\x15\xc0\x0f\x9bt]\xa7\xe1Lk\xd9\xfd\xc6\x17\xf8\x8fO4:@`M\x99\xff#S;\x81\xf0\x1d\x10s\x87}\xcb\xb98Q\x84\xf48\x92\xf8\xe5\xb3\xa36K*\n\xde\x85#~\xd561\x9f\xbdA\x84\xe9\xd0'
    b'\xf1GO\x9fR\x8f\xcb+\x8e\x9f%1\xda\xe0A\xe7H\x8b7\xfc\r\x95\xc1_\x1dF\xa0\xf0\xbf\xd1\xd3o\x82_\xfb5\xec\xd2\xa3_J\xe2\xa3\x9a\xc9\xa6c\xcb\x9dY|\xb6\x06g\x16 \x98\x89\x87\xe8y\x1c\x10\x8c'
    b'\xf7\x04f\x1aj\x81Q\xbd%\x8e\xf1\xea\x9a\xe2y?L\x8a\xebR\x85\xa4\x86\x01\x9e0\xe2\xa5H\x99\xe8\xb4\xabj\xc0#\xeb\x18@qge8\x9f\x88[\x06\x99\xd1%\x04\x1a\x87\xa99J\xc3\xd3\xf1\xbbb\xd6d\x19'
    b'g\\ =\xd3\xbdOH}\x9e,9Nj\x8f\x19b@\xcbrA.K\xd7H)\x08#\x84\xe1\xe2\x82\xea\xf4\xd9 \xa3\x03\xda\xb2\xb2\xe0\x90\xaeA\x87\xac9\xa6\xb9B\x0c\x8d1fC\x1c!\xf5\xa2\x9e\xa2\x0f\x14'
    b'\xbc\xf88=_\x99E\x1e\xef=x\x02~Fx\x8e\x8eZi\x91u\xdd\x86\xb6\xf2\xc1\xaa\xf4\x8fe66\xf2\xb6\xaf\x9d?\x08\xe0@\x1e\xf1\xaa\xdb\x12\xc7/\xde\xbd|\xf9\xe3\xd9\xf1\xeb\xff\xfb\xb2.\x81q>!\x08'
    b'\x80J\x92\xe6)\xde.\xef\x07\x17\xd0y\xd5\xf8I\xc7\nC\\o\xe5u8\x0f\\\x089\xa6\x1a\x8dJY\x1e+\x06\x15\xae\\\\\xb7L\x82Nh\xc9UT\xb2A\xbb\xb2\xc5D.\xd8\x97%\x14\xd4$!\xdf`h'
    b'\xbeU\x0fH\xad\x92\xee\xd9\xf5\x0e\xf2\x83\xe3sW2\xce\xbd\x89\x0f"D!\x9b\xcf\xa6\xf8t\xa0\x12\xd1Y\x15\xfc\xd1#\xbd\x05\x0e\xd4\xdb\xd2om\xa7\x8e,\x11\xced{\xb8#\xedHh\x92\x81\xb3$\x83\xacUs'
    b"\x19\xff\xbaJ=\x12\x18\x1f\x88\xc3\x0f\xda\x1fu\xbb\xc3o\nN'\x90!\xe9\xcf\xd2\xec\xbe\x93\xe9\xc2m\x08\x14v4\xe8\xd7\x10\xa6\x16]d\xe9\x86\xe1\xd7\xc5\x04\xd5.\xa1\x0eM\x1b\xaaE\x0f\x97\x12\x011+\xfa\xb0"
    b'\xd5\xd7S\x9f\xa5)[\xbaJK\xf8\xde\xc3\x10\x1eM\x1c/\xa1S\x81\xad\xc7\x97\xf0\x1f\xe14\xd4tDLpF0\x06\x91\xcd\x7fm\x0e\xff\xab\x02\xae\x98\x8b\xa9GJ\x8d\x10\xbbq\x1cp\xbe\xf6e\xb3/nz\x8e'
    b'\xb8\xa9x\x87\xb2\xa7\x10G\x97\x97\xc1\xbb\n\xcb\x1fge\x19\x16\xd1\x08\xbc\x8d\xff"\xc8\xc2\xf2 ,\xe1P\xf8\t\x96\x9b\xc3F\xfd4\x98\xb1\x86\xa5W0G\xbc_\x82\xca\x12\xb2\x02\x98\x88\x8cT\x98\xceu\xa6\xd4\x07'
    b'p\x81\x8b"\x82a^\xce\x07n\xbd\xe8\x1a\xac\x08\x0c:\xc5\xec\xfe\xebA\x85\xebW\x03o*kAOu\x81(1\xc2c\xdc\xee\xc8D\xebrKg\x98k\xb1\xab\xe5t!@\xc2\xa5\x12\x00\x1c\x01\x07Z\xb1\x8b\xef'
    b'\xc1\xca\x9b\x92\x18\xd9G\xdd\xda\xea\xf5\xe2\xd5bu\xc0\xd3\xa5^&Y\xa4x\xfe\xa9n\x95\xe6\xd23\xe0\x08\xf9FL\xe3m\x17\xae\xae@`>_|\x0f\x92\x01qUJ`\x9f\x88\xcf\x044\x13\x8b\xcbvCR\xf4'
    b'D\x00Z\x05\x9e\x01\xb8\xd4\x92\x8d\x03R,\xb4Z\xc2\x12\x99\x94s\x02\x81\xf6\xa83\x94k\xb4mC\xa7\x99;\x10\xcd\xa9%\x01\x08|.\xf1P3\xe4\xfd.k\xcc\x8e\xa6I\x85\xde|72\xb6\xfbJ\xa9h14'
    b'\xf6}$H\x81\xca\x86\xe9;\xa8V\xbd\xac\x90\xb8)3\xf1e\x88\x85\x9e\x17\x1fY~\xbfH\xc7\xe3lv\x03\x98\xac\x14O\xaf9\x0f\x11@N\x08j\xcb\xcc7T\t\xba"\x98\xf8\x03\xaf(>\x94\xab\x86\x8c\x02\xc7'
    b'\xf4\xadQ\x0f\xcdQ\xb4\xba\xa0;\x1a\xe9Gg\x9a\x12x\xcf\x8f\xc5\x90\xf8b\x99\xcd\xe6\x8c~\x08,\xf16\x97qD\x1ba\x8aW\x8c\x0cv\xb2\xab6\x820\xe3\xfa\x125\xa1V\xf7\xafA+o\xf8\xbc\xe7z\x7f\xe1'
    b"\xf3\xd7\x03\x00G\xd7\x16\x88\x16\x9c`\xa3i\xdc\x9cA\xb7\x11m\x0e\x86\xf7\xf4\xd6<+\xf5\xe0*\xe0\x9b\xf0'a\x997\xebl\x1d\xf4\xa6u/X\xf4\xd8l[\x9dB\x06Tk\xd0^\xad\xc3\x80\xaa\xddx@\x14\xcd"
    b'Gr\xe5\x14o\xb56_\xadY\xac\xb6F\x90\xfc\x0b\xa8\x1b7\x1d\x9b\xdd\x8e\xf8\xdb\n\xb3Q\x04\x1av^\x0coxk|\x9f\x97\xf3\x0e\xfb\xfa\xb8\xadi\xd6\xba\xd16\x8c\xbcv\xbd\x83M_1h\x00\xb6*B\x05'
    b'k\xdb|T\xa2\xed\xaf\x9b\xd1\xdd\x18\xc6\xf9@\xc68+\xae]"\x899\x1f\xfb\xaaJ\x16:iN\x17\x13$]5-\x08\xb6\x88F\xf8\xb2\xfd\x93E\xa1\xba\x91\xccE\xd8\x1f\xe3C\x12Fr\xce\xb0H\xa5i\x96\x90'
    b'_H\xc0Hx\x9a\x98\xd3\x92\xc2\x9e\x0f\xe0\x8c[\x86=\xf9\xbe(\xa6Htd\xea~K\xcb9%\xf82\xb3\xee\x9d\xe45;\x83\xa5\xb8\xe6\x7f\xc7\x18\xbam\xb6!p\xba\x1cS\\&\x8f\xc6\x89\xba\x95\x893\x9f\x95'
    b'\x1e\\zl\x86\xd1Y\x8b3i\x1c\xd3\xf8\x8ee\xe2]j3\xf7\xe6]!\x87 \xf1\xbd\xf1\xb5\x00\xd3J6A\x87\xb8f\x01\x98\xae\'\xce"O\xb8\x85Bs\x0eQ\xcb\xb0\xa1\xb6\xe6\x9b\xb0\xd8\x13T\x13\xaaww'
    b"\xa5\xc8H\xc7\xbd\x9e\xa7\xe7%v@i\xe6\x90\x02\x0b\x08\xdbj|\xc3\x88^l\xe6\xc1[\xea*_=\xe7\x8c\\+\x1e\x006['lGH\xfa\xd3\xd5\xb6\xa4L\xa7~P\x17\x97\x0f;N\x82\x13\x83+\xa5tW"
    b"\x98\xadIt\xbaD|\xcfO)\xc3\xcf\xa1\xd3\t\xae\x11xPd\x13bd7\xc6\xf3\xca\xe6\xa5\xcb\xb5'N_\xed:\x0c_\x9f\xe5\x93\xedP\x0eV\xd5\xdf\x07q&9g\xccF\xde\xc0\x8e?\xe5l\xca\x08G\xaf"
    b"\xb4\xa2\x9c\x9d\x98\x10\x9f\xf2\tO7_\x94\x93s\xcaX\x80\xb8\xec\xe6\xe5\x9c^\x99\xbb\x1f\x1f,\xe6j\x1eD\xc2\x8b'E`Z\x97\xe6\x84\xd0\xd4\xdah\x05\x87\x01\x04\x02\xad\x0ckEx\x86\xe4\xb9\xae\xde_\x17f"
    b'\x86\x8fa- \xf8\xfa\xaf\x82z\x93\x8e]D%nP\x05\xe6 \xd6\x94\x14\x1f\x82\xbcN\x87\x01u\x9d\xd8\x0fN]\x9ea\xf0\xa3C\xeaQ\xd8\x8d\xa3\xf1\xb8\xd9\xd8/\x07\x85\x11\xbe\x9f\xd1\x9d\xdc\xc47\x8f\x8fN\xba'
    b'\xa7\xad\xc4\xfe\x15Q\x1d\xa4\xfeFX\xbc\xe7\x8a\xf7\xe2\xe2\xc4\xf2\xdc}\xd0\xdc\xa6y\xaft)P\xbd\xd90\xce\xe9\xdb\xd5\xc8\xe9#1\x80\xf3:\xd8\xb3\xe1\xbf\xbe\xda\xdb\xdd\xea\x1e\x108\xa8p.\xca[\x0f\xa2\x9eY'
    b'N\xb6\xfc\xc0\xd4\xd7\xb7\x80j\xd5\x1fR\xda\xb2\xc9\x01\xdc[\x96\xfe\xa7\xf1z\xee\xb8v\xc8\xb2\xb1\xbb\x1c\xae=\xaf\x9ab\xdd+\xf7\x13U,\x821Q;\xae3%\xf8\xdfe=\xba\x91\x0b\xd1\xd1\xa8\xd1\xaa\xed\xa1L'
    b"b\xa0'X\xa7?\x01\xc0\x16,t\xc2\xd5j[c0`*%\xb4\xec\xe1\xaa\xc2\xcf\xf7\x81\xbb\xac\x9e\x7f+\x10.\xdb\xe0\xbd\xc0J]s\x19\xfa\xbc\xaa\x01\xc6\x9c\xcdU6(\x07\xc0\xc8pa\xf3\x82\xbcq\xcc~"
    b'\\\x08\xf8\xf9\x959\x16\x12d\x08L\xe8rD\x85\x91\x99\xf28y9L/\xf9Q\xb2\x01\x00\x0f\x0c|\xe8\xe5\x90\xa0\x0f\x191\xd0\xe6\n8\xcfhe\xc2\x89\xb5\xc0\x83A\xbag\xbax\x9b,\x94F\x82>\xdd\x91\xfc'
    b'\x8e>\xe1\x8dA\xa5k\x05Z\x9f\x1b\x13\xf6<\xde\x96\x04\xf3M\xa6f\x92\x04Fcri\x93,\x91\xbf\xd3"\x16np\xd3An\xb4\xc1\xb7K\x9c\xdf\x92.\x98\xe4\xef\x86\xbd`r)BV\x1a\xe1\x03\x9b\x19\xe9\xc1'
    b'\xd6F\x00\xe4f\xf3\xa0\xe1_\xe1\x11\x18J1\xf1O\x03\x8d?H\x8cIo\xef\xb0\xae\xd2D5U\xdd\xab\xb4\xf4\xaa!\xc5|X\x85a^j/w\x8c7a\x07\x1bm\\b\xe6M\xa9\xa8@\xac\xcf\x82\xd95\xc7'
    b'\x03-\xadMU\xc5\x05\x96\xf5I\xa1\x19\x83~\x96\xd8u\xd6\xac\xfd\xb9)x\x8b)y\xab\xc5\xdb\xb6\xd1\x0e\x92\xc6\n\xab\x80\xc4 IE\x0c\xb3.-\xf4\xab$d\x83\x87\trC\xaa\xaf\xa3\xcb\xd2v\x85\x0fG\x05'
    b'j8\xf1\x92{p\x07\xc9\xdf\x08/\xd8\xe3t\x1f6\xdb8\'\xd7\xb0I\x14\xd2;\x98r\xcc\xa3\x99\x9ax\x1d\xed\x04\xfe\x95\xe2\xcf=\x1f\x8a\xb8\x19\x9dS\xd5\xac&q"\x93\xda\xb9R7\xd2+&L\x95\xaa\x99\xb5'
    b"\xfa\xfb\x7f?i\xec\xed&~0uv$\xf1uh\xd6\xe5\xc7\x029\xdc+\x99'_\xe2G\xd2\xd2\n\x8b!\xca\xd6\x19\x0c\xf9\x05[Z\xa8\xfa#\xfa\xad\xdeT\xd8U\x1a\x15\x88\x18\xea/\x8b\xfe\xcey\xa6\xdf[\x1b"
    b'\xe1\xab\xa5\'\xa7K=\xba\xd4&\x82\xaa\xda\\\x86\xd2\xdd\x1c\xe7\x04$s\xe1\xa6">\x08\x96i\x02\xd8\xc2~\xb08\x1b\xdc\xf3\xcaP\xaf\x82\xd7\xce\xfcba\xb7\x97I\xa9\x9c\x1e5\x92z\xa9\x8a\x96\xca\xc1\x9b\rE'
    b"\x89\xb09cd\x88\xd0\xc9\xe0/\x9d\r\r\x9b\x95\x94\xd1x\xb9^JJ\xa2\x8fr\xe6sC\xd0\xf2\xe8J\x03iux\xd2W\x19R\xc3\xc1<R?\xbd\xc7\x87z\xd8\xaa\xe4\x00#\xae\x96\xd3\xb7(e\xc4'\xc3\x00"
    b'\xdeb\xe1\x88`\x9f\x93lf\xd6\xe6\xc587O\xde\xa94l\xf4-\x8f\xf9P\xba\xb9\xb28j\x87\xba\xdf\x81\x9cvH\x08\xa7\xf3\xa2Qy\xcb\xd3uh\xc4itL~op[\xfc\x0b\xbc~\xfa\xa9\xfa\xed\xdc\xa8'
    b"\xf4\xe6K.z^\x98mqe\xbe\x94\x8a\xe8\xe5\xe3dW\x7f|\x1b,|:\x1c\xbe\xfc\x98Q:E#i\x02\x82\x1d\xd3\xde\xd0\xdc%\xfb\xe8\x1c'D6\xd7\x0b@\xdejL|f\x0b\x19\xa9\xb7\xe4\xf2\x9d9 "
    b'.\x91%J?@\x96\x11\xcc]k\tQ\x92\xd9\xe6\x16v\xb8z\xcb\x91%{m\xdd\xd1\x80\xe6d\x11e;\xa9\xe3Z0\x92~\xbe\xed\x1b\x86\x80*L\xba\xe4\xecH\xeb\xd3\x0by]U\x84E\x96V\x1d*5c'
    b'\xc3\xc0\xc2r]\xec\x87\xd6\xfb\x14.\xe0\xe4tQF#a0wmq\xefh\xc4r\x8b\x9d/9\xde\xc5\xb1\xdc\xce\x0c\xdd\xf9q\x9f\xda\xd6\x90\x81\xc1 \x9d\nR2N\x04\xb1\x86R\xa8\x8f\x05=\xb7\xc2\xff;\x16'
    b'\x95],I\xfe\xa0K=`\xb8R!(\x9c\x8aV\xda\x94\xad\x02\xac\xb37\x83@\xcd\xb3\xb7\n%E)\xe0\xb5/\x172jq\x07\xe9\x84rJ\xd8\x9b\x01\x8eW\xbc*\xb3\xb1\x11V\xf6mgl\xec@B\x8e\xbf'
    b'\x04[\xcf\x96\x89i\x9e\r\xbc\xe1\r\xd6\xf3\x99\r\x04\x95\xa0\x16\xfc\xc5(\xbe<\xef\xe6u1\x93\xdc)\x1d\x07Q\xce\x9dY\x07\xd7\x1b\x9a*\x8c\x9a\xc6\xf1\xef\xc4\xdf\xd2\xf1\x07I\x87^Z;\xab\x05q\x1f\xe7\xe73'
    b'B\x08\xe4KP\xfc\x12\xcc\xd9\x19\xfb\xb6\xc2\xa5\x86\xdc[\xe9.\x1bl\xd1*+\xf3\xcb\xc5\xd5\xf9\x84pi\xd0q\x1e\x12E\xe9\\\xa6S\x86\xb2\x1d#\r|Y\x8c\x17\x9cu MF3:\n\x06\xe9t\x0e\x00\r'
    b'\x8aOL\xa1\xdcXS\xf5D\xe4\r\xa78\xcd,i\xb6\xd1\xe7I\xc2\x19v\xc2\xd7f\x01:k\xc1\x9d\xd0\xba_H\x87\xc6n\x96F\x12 \x88;p\xca\xa9\xcc\xe0\x11\xcdL\xd4:R\x9f\xbd{\xf3\xe6\xbd\x04\xe3\x92'
    b'\xe5\xa7\xe4\x85\xb4\x036M\xa23m\xc8&\xf3\x86\xa8[9\xc8A\xc6\x86\xa1v88\x03\xadQ(\x072\xab\x05X\xf1e\xb1\x98\r0\xa0\x89%\x96\x00%\x1eP\xeeo\xbe\xfb\xee\xe5\xbb\x97\xdf\x12W\x85\xc3w\xc7'
    b'\x8e\xad\xd6c\xb5\xcc\xb4\xab\xc2\x89\xf9\xd9q\xe3\xa6\x1fvBN\xd9_A\x14d\x9dYA\t\xa7n\xf6\xf29\xcfh\xb9\xcf\xa4\xca7\xe3\xd3\xa2\xcc\r=\xde h\xd9\xd9\xf0l\xa4\xcd\xd7\xa8\xed\x196YI\xa3\x95'
    b'\xeft:\x8c\x99\x1151\xc8p\xee\xc5\xb5\xddu\xd6\x88\x83\xe1\x03\x1b\x85\xb0IA!\xb8l\xee\xb7\xc4\xafp\x13~\x85\xe6_\x92r\xcf\x05\xc9`\x1d.\xccN\x98\xae\x97\xd6\x84\xcc\x96Z\x9bl\xd9e/\x90T\xd4'
    b'tc\xb4\xce\x9f\x985/\xd0\xd1\xbf\xbc{\xf3\xd3\xdb\xb3\xe3\xa3\xff!P\xfd\xdf(\x8d\x9a\xe37\x14\x11t\x83\x00\xfakw\xe3WR\xbe\x9a\xfau\xab\xba\x88\xc8\xda\xf9&\xf4\xf2\xc1\xe1\x8a~\x9a\x1e\xfb\xb5{\xaf\xa2'
    b'q\xb4\x8b/:Dy\x05,gc\x97\x97%\xa9\x1dfl\xd5\x19\xe9\xec\x12\xe77\x8e$\x9d7`\x9c2\xe1\xf5\x8b\xf7?\xbdCz\x81\xdf$]\xc5;\xd8Z\x89\xa7\xc3\xee\x99\x08\xeba\xa4rR\x82\xc1 \xda8'
    b'n\xec\x9aL\x0b\xd8\x058\x97\xbb\xd9\x8e\xf6RdqN\xbf\x94\xa31\xaam\xa28E@\x9a\x15\\\x94\xd6p\xcf\x99\x9c\xf1*v\xe0\x99G.\xdc\x8d\x1f\xc4o\x87"76\\=\x8f\xc5\t\xd5<\xef\x9d\xd2\xaf\x14'
    b'.\xa9x\xeb^\xaa\x9f\xdd\xa4g\xfe\x17ig\xf2\xfe\xcfI\x9f\xcb\xdc\xb7\x8ed#\xfeR\x92=\x0bUk\x87n\xbeh\x95\x13\x90\x9cW\x16\x94\x14(\xbb)t\xda;\xe1r\xee\x06\x86)[\x8e\xa3\x19\x07\x063f'
    b'\xca\xe02\x9f\xca!N\xf5\xb3\xeb\xba\xce\xc7\xe1\xb3~\xc0Z\xd5\xdf6[\x82\x92\x05\x89\xb9\xbb\x98\rY|\x16\xcb\x17\xe9k\xf0\xe8${%T\x00\xb3\xec\x8dQ\xc3p5\xa9\xdf\xd0\x81a\x9e\xa3\xb2a\x89\x02\xe1\xea'
    b'\x8b9Y\xdd\x87>\xd9\x05\\o\xfcc#\xb0`H\xec\xf2\xc0gQ>\xbe,\x16\xd9|\x0eb\xea\xedM?\x81:\xbf{yd\xe9\x92b\xe7N|\x98#\x1b\t\xd4\xcf0\x00\xf2\xebA>\xa3\xa0YI\xd1=Z'
    b'O\x06\x9f\x0e\xd7\xb7:{\xe6\x8f\x9b\xc3\xf5^w=\x99\x99\xdf\xeb\x9b\xcf\xeaK\xf6\xfa\x95\x82B\x1fK\xaa\xeew;\xd5O\xbe\xc6\x994<\\\xff\xa1\xd7\xd91\xa3\xba\xec\xf7\xe8"pV|\xc86\xae\xf3\xe1\xfc\xd2'
    b'|g>3u\x9f\xb6\xd7$9,\xe5\x01\xb2\t5\x8c636\x9a\x92M\xda\x82+\t\x14\xb0\x18\x18\xc4$h\xf5}<5f\t\xa1\xd0<C\xfe\r\xac\xd8\x7fy\xber\x82\xec\xb0\xf70\x84\x1d==\x9f\xf0\x14'
    b'\x03\xdc\x91\xb7\xf1P\xea&\x89*\xdd\xbd\xc7wv\x02\xe8\xcef\x9a\x9a\xb19\xf2\xa2\xc0\xe9\x14$8b\x895\xcd\xe5\x0e\x8eSl:\xc2\n\xaej\xd8\x172\x85\x00\xfaI\xbe\xbc\\\x9cczX\xc6\xa1\xf9\xb0\xf2\x0e'
    b"\xfd\xed\xff\xfa\x9a@*\xd4\xcc\x10\xe5\xac'7\xe8\xba\xf4\xb9g\xe6\xc2\x88\xcaf\x99\xcc\xdf\xdbf\\\x9f\xf48N\x1al\xbf\x05]N\x9cG:%\x88\xbc.\xe8a\x8f\xfe\xee\xdb\xfbS\xbb$\xd5f\xbb\x9d\x1d4\xbc"
    b'\xeb\x1a~JO\\\xcb}n\xb9\xd7\xd9\xd5s\x8fz>\xf1\x84\x9b\x8f\x9f\xb8\x8f\x9f\x04\x1fw\xed\xc7\xfd\xe5+r\xd2\xa0\xe9\x061]\x17\xbe\xbfI\xe3\x8f\xed|P\x0f\xcd\xef\xbd\xab\x91^\x9b\xa5\xd6\xeb\x9b\xc8o\xfc'
    b'ki;hf\xdb5\xb3\xdb\xd9\xf2\xcd<\xf1\x93\xb5\xb2\xb3{\x9d\xbd\x9d/QOo\xb7\xf3\xe4\x8b\xd4\x83Jz[_hT\xbf\xb7"7\xac\xfbU\xe4\xd9b\x06\x11g\xcay\x94\xc4\xfd\x8b\xc1\t\xb3\xf1\xc8pG'
    b'\xce\x97F\x0c\x12\xa9l\x00\xcd\xe9\x9e]\xe5\xc3\xa1$\xd1\x83\xcd\xd9\xbd\x18\x19\xa9U\x9a\x10\xfe\xaa\x95}\x9c\x968\x9d\xa8i6@}\xff\xf2[\x96\x87\xa8"(\xb4\xccR\xa8\x04(n\x02p%\xf7[\xfe\xe0\xf9\xc0'
    b'q\xe0\xe7\x838\xdc\xc6l1\xce\x0e\xd7\xc9\x92Q\x0c\x87\xeb|X$\xfd\xce\xce\xab\x9e\xd9\xadG\xbb\xc9\xae\x11+H\xb8\xa0\x9fIo\xdb\xbc\xd85\xcf{\x107\xe8\x1f\xf3\xcb\x8a.\r3\xbb;\xaf\xfa[\x7f\xeb\xf7'
    b'\xa4\x98\xff\x9c\x8a=\xb5\xb5\xfa\xafQ\xeb\x13z\xfe\x7f\xa5\x12\x16\xcdNNLK\xedd\xe7\xb4\x9d\x9c<\x95\x7f\xf7\xb6\xfc#\xfa\xab\xd7\xc7\xd3m\xf7W\x17O\x9f\xe2o\xff\xd7Syz\xaaL\xc5\xbd\xce\xd6\x0e\xe44'
    b"\xb5e%\x81M\x90\xef\xc6\xcc\x9fJ}cf\xf0\x82 I'\xa5\xe1\xe7W\x87\xeb\xa5Qu\xb3\xa6\x19k+f`D>\xcf\xc2\xe9.yn\xfb\xc9\xee\xe5\xd6x{c\xebc\xaf;\xde0\xff~\xd5\xff\x87&Y"
    b'\x7fb\xf7\x92\x9d\xce\xce\xaf}Z\x0b3Q;?\xf4\xfa\x9d\xbd\xc4H\x10\xbfnu\xb6\x93\xedN\xdf<\xdc\xebl\xd3\x11\xb9y\x11R*\xf9"\xc3\xf2O\x02\x989\xc1 \xcc\xe2\x10wB\x1c\x19\x10\xd2\xb1\x83\x86\x15'
    b'g\x03>\xbc\x19yG\xce\xef\xd7\xef\x12\xff\xc0\xfeU3\x17\xb3\x82n\xe9\x9b\x1b[\x86H\xfa\xe6\xbf\xadx\xfc\xcb\xc9\xed)\x91\xc0\xe5NJ\x03\xe5\xc1\xda\xd9 \xc2\x91\xa7\x1f{=U\xc0\xbc\xd8\x90_\x97\x1b;G'
    b'\xc1\x8b\xe4Ib\x84\xa1\x9d\x8f\x1b\xbd^\xf4\x02\r\xfd#\xa2\xb3^\xdfPG\xcfP\x87!\x8a]K\x13~\x19\x9e&\xdb\xbfnm\xf4\x89\x8e\x7fxb\x8a\xf4\x7f\xdd\xd9\xd8Jz\xa6\xc2\xbaC\xab\xb2\x14\x0e\xb6\x934'
    b'\xa8\xf1\xe2\xc2&c3\xba\x9d\x11\xab\xc4L\xc5\x82\xb4\xa9nq\xce7\xe2\xe7\xe3\x0cK\xc1\xc86D\x91\x80\xa1\x11[\x0e=\xc1\xef\x07nk3\x15\x97\xbd\xed\xd4P\x94\xcc\x87\xf9\x0b\xd3j\x1f\x98a\xf6_\xed\xb8\xdf'
    b"nWo\xf47\xfa\x7f\x0b>\xdc\xe8\xff\xc3Tg\xe8\xf3\xb2\xffq\xef\xd5\xce?\xcc4\xd9\x1fO\xff\xf1Co\xcb\xfe\xba\xa4\x82\xbd'\xfa\xe7\x1d\xfc\xb9\xcb\xdc\xd9\xcb\x0c\xdb\x9e7\x9bZ4S>JF)r\xda\xb1"
    b"\x89/M.\xd2\x05'\xd8\x1c\x96\x11;]O\x8e\x01\xfa\xc2\xd3\xcdI\x92Jv\xe7\xc1D\x0b\x80\x0b\xf3O\xfe\xa1&\xdb\xbe\x8dv\xa8!\x033\xa1{U\x89\x1a\x9b\xb2fl\xfdH\x8e\xa0\xf1\xb8Y\xae\xca\x13\xdb\x8a"
    b'9\xc1\\G}\xc1\x1f\xa5\xfek\xe9T\x8a\xf8\xa3\x84\xc6\x9d\xaa\xd0\xb8\xc5s\xba\xf2\xc4\x94\xa3\x17\xf2\x94=3}M[\xd2\xdfpi\xcal\xf6\xb1`\xfb\x14G:\x0e\xb3\xb6@\x14/8\xa9\x08;\xa6I\xb2\xc7t'
    b'v\xd5\x96\xeb\x14\xca\xe5\x9e\xd0\t\t]0\xb5\x99\x0c\x877\xcc\xa5\xa9^0f\xfa\xa3\xd4\x7f-\x1b\xc1\xb6t\xdf\xcf\x83\xea}\xafg\xa7{\xe7\x81\x82L\xbf_?\x07\xcb\xab`\xc9cWM\xa3"\xee\xed\x88\xed\xec'
    b"\xc8a\x19\x93\xd7VGK\xc7\xd7\xf9(\xa79\xf89\xdf\xf8N\xff\xf1\xb9\xa7\x95\xd5\x15M'\xd3\xa7\xc9S{\xf6o\x19\xee\xb7\x9d<MM\xa7\xa8c\x11\x8b\xde3\xcc\xb0\xaa\xc8\x96\xeb\x81\xd2\xd6\x87\xf2\xd5\x8bN\xac"
    b'\x13{\xe1)\xc7\x8d\xc2~\xa6G\xc1\xcfP\xb9`\x8dh\xab^#\xda\x13\xe2\xbe[\xbf\xe6nm\x0bg\x01\x16\x8e3\xf8\x8c2 \x87\xb1#\xf6\x87\xec&\xb0\x10Y\xd3\xc0\x03p=L\x15\x0e)\xe3\xb6\xda\x0e\xdc\xb4'
    b']3\x08\xc3\xe2\x17tW\x18w\xc5^\xaf\x92?\xec\xd2\xeb\xd5\x1f\x8f\x9b\x8d\xcb\xf9|\xba\xbf\xb9y}}\xdd\xb9\xde\xea\x14\xb3\x8b\xcd~\xb7\xdb\xdd,?\x82\xdd\xd1\xbf\xd85m\x80\xe0\xbf\xf9\xd1\xdc\x08\x8cf\xc6\xb3'
    b'f\x83nU\x9e\x17\x9f\xa8\x18\x91A\x7f\xdb\xfcwiaL/\x15\x95\x9eR\x91\xa5\x85\xd3Y\x9en\xf0\xfd\x18\x16~\xb6\xc8TY\xed-"\xb5\x9dlip\x11*\x15\x1a\xb1|@1\x99\xc7\xdb\xb5\xc6\xf1\xa5\xb1\xc1'
    b'A\x86W\x16\xa9\xdd\xd2PuoF\x11\xe6\xc5\xbf\x047\xc5\xa2\x98\xc0\xde\xbf\x0f\xb0\x01\x1e\xf1w3\x18`\xc3\xdb\x8f\xe8\xea\x03\xe6-\xa9\xa1M\x9ey\xd3\xa2d_0\xf1%.\xc5\xc8A669\x17\xc1\x1f\xf8\xde'
    b'\xab\x10S\x8f\\T\xd0mL\xfe\x0fXr\xb51\x7f]\xa5\xbfm\xc3\x8f/\xa70\r\x95\xa36%\xe0\xc4y\x9a\xfc\xf4\xee\xfb\xb2#\xb7\x03\x84\xdf\x04\xd0\x92\xbcd@\xa8\xbc\x0c[k\xbb\x9b%\xce3\x01oY\xdc'
    b"\x8b\x08\xb8\t\x19S\xae\x19'\x9f\x13\xb1\x9f\x93\x86m\xe7\x03v\xbb\xf7\xaf~\xfa\xe1\xb9\xb3&\xbb\xf5\x10\xbb\xf9\xd1\\-(\xd5\xd6D\xd0\x9d)\xde=0\xff\xfa\xda^\x94\x88_\xb3y\xf6\xf8\xb1\xb5\xfc\xba\xe29\x17"
    b'\xcf}\xf1\x93\x8bSr\x13\xb5\x1f\xe5\xfe#\xbe]\x0eo&\x1e\x87\x9f\x9d\xe4\xa7\x1a\xfe\xc7c\xfdD\x85|0\x9b\x8a\x98\xd2x6?\xc3\xbf*\xf5KC\xda\xccx\xcc>~\x8c\xcd;\x94T\xf0l\xfa\x9c\xb1\xab\x02'
    b'\x03\xd6`\xf2^\xbf\xff\xfe\xe5\xd9\xcfo\xde}\x8b\x19\x1c\xcc\xe6\x94\xcf\xe0\x9d\x117\x8d\xbe@\x00\x0cF\xc1l\xb4\x81s3C*J\xe0\x00\x8b\xd9\xfe(2\xf2[\x9c\xf7}\xe7MQ\x07\x1b\xc6\xd8L\x92Oy\x9d'
    b'\xa3\x17\xe0(V\t|zO>+\xbf\x0f\x83F\x87\xa9\xb8y\xd6\x0fc?c\xaaH\xdf\x13M\x8bi\xb3\xe5!+~\xe9Lo\xfe\x17\xc3U\xd8Rg\x15L+\xaa+\xba=P\xf3|B\xaf\x111K\x7f\x04\xf6'
    b'\xfa$\x00\xc1@\x97:\x83\xcbtf\x88\xb8\xdb\xea\xcc\x8b\x9f\xa6\xd3l\xf6"-)\x1c\xec\xb1\xbc\xe7\x8b\xac^\x9c@^6\xd8\x97\x81\xbb\xa8z\x13\x1cU.o\xe7\xa0\xc3\xd1\xfc\x92\x01\xe4\x8c\x02\xdb`\xbeC\xdaP'
    b'\xfe\xc9\xac\xba\xbd\x8e=\xa7\x00\xc6\x1bx\xf1/f\xc4\xac\\d\xa2!\xd1q\xc9|\x0bXr\xd1\xd5\xa8\xb0\xad\x04\x19\x83\xe1\x9d7J\x85\x98q\xed\x96\x8c\xf3\x0f\xd9\x9ag\ng?\x9b\x05\xdd\xddn\xcb\xafW\xe6\xd7'
    b'\xf6\xde\x01\xdec\x82^_!\xd7{\xcc9\xf0\xeeE:\xf9\x98\x96\xcd\x0f9y8\x97\x19\xa9\xd6\xc4\x9d=!\x0eP`\x85\xb7\x13\x17\x10\x9f:\xfc\xdd\x81\xf8b>\x91\xde\xa97,\xcd\xb8W\xaf\xd4\xabJ\x84\x1d\xfa'
    b'\x87\x8b\x9eij\x94\xfd\xf7\xf4\xb3)\x85/2\xf6\x02\xfbd:\xd0\x1f6Z\xed\xc4\x8f\x80H\xae\xd7\x96jy8r\xab\xa8\x88\x8e\xdfjt\x0f\x07 \xabv\xfb\xd8\x1c\n|\xe1\xcfK:"\xee@7\xfc|\x91h'
    b'\xe4\xfbs\xb2}9lp\x06\x92O\xaf\xc8\x16\xc6\xa8\xb4\x93\x0c\xf7:\x82\x06b\xaf\x92\xed\xce\xe5\x8bou6\xa3\xc1o\xa9\xadf\xb8\x0cW\x86\xb4\x86\xee\xea\xd7\xa6C!\xbf\x0b}4\xe3\xb1>\x9d9\xbf\x08\xcd\r'
    b'\xd8p\x03\x18\xcb\x07!\x0e\\Xe\xf5\xbc\xb7\x95\xea}\xfe\x88\xfbc\xa6\xb5\xbe\tzC\x030\x82\xcf0\xfbd\xa4\r\xdc\x9f\xb4\x92gt\xc0X\xbf!a\xae4f$\xe3\xb5\x89&S\x8d\xe8\xdb\x86rk4('
    b'N\xfalH\x91\xf1\xbe\xad6\xcc\x9f\xd1\xbdX\xb2\x98\x8c\t\xf4\xd7Tg\xfedW\xcf\xa1\x9fZ\xaa\xf3\xf5\xe4C3\x9f|\xe0\xc1\x10\x0b5?\xb8\xd7_m\xa5[\xa3m#\x0b:\x81l\xf2\xc1\xf2L\xc0\x08\x93\x87'
    b"\xc14\x9d\x95\xd9kC\xf4\x94\x8eN\x18R;\xd92\xd4\xd7\xdbm%\x7fN\xba\x9d~\xaf\xbfkXVM\xc1\xadv\xb2\xa3\n>\xe9\xed\xf4\xab\xae\xab5\xdf\xed\xb4\x93'\xea\xbb\xee\x93~\xbf\x95l&\xfd\x9d\x1d\x80"
    b'.J\xd7~ v~\x95~jv;[m~\x1a\xe0\x0c\x99\xd9G\xe0"\xca!\x9e\xa1ij05rQ2\x11\xb5\xe3\xf7\xbd\'\x95\xf7\xbe\xbf\xaa`o\xb7\x1b\x14l5\xfc\xda\x9a\x03\xc50\x0b\xc0\x95\x1b\xa66'
    b'\x9f\xc3\xb4QP\x0c\x9c\xf6\x18q\xa1K*\x08\x83\xa5(l;\xe5\x94\xcfu4i\x9b+?V\xa4\xdb9\xe4\xcd\xff\xe7\xe4\xe9V\xb7g\xfa\xb1\xfd\xb4\xff\xf4\x89\x9a\x83\xaak\xa2\xfd\x8e\x03\xc1\xa2/[\xc9\x9f\x92\xfe'
    b"\xd6V\x7f\xaf\x1b ip\xd1M\xf5\xea6\xc2P\xf4\xbc\xeaBs\xa5\x90!\xf9\xce\xff\xec\xf9d;y\xe59c;\xf9\xd4Nn\x8c\xd4`\xa9\x90\x08\x1a\x90.\xc1$\x04\x01\x05d%\x13\xfaN.h'\x8f\x8f\x11"
    b'!y\x08j\x96Gpz\xec\xb6\x13\xf3_j\x91@"t\x1d\xc3bN\xd1}\xe6\x836\xdb\xfd\x91\x8c\xa9-\xd2\xf2E:\xb5\xb3Wm\xc0\x0b\x93J\x90\xc4\xe7"9\xaa\x0el\x99y\xce\xcd\x947\x01\x85\xf4\x18\x15'
    b"K\x83\xdc\x12\xfd\xbfsvg!,\xcd\xc9\xe4H\x97f\xe1yY\xc2\x14\x03'&\x98d\xf8n\x1f\xee|\xe2\xd2q\x99\xe2BC\xa4\xf2\xeb\x82O\xec\x92\xe5pa\x05\xb4T\x9e]Qc\xfb\x86\x1b\x10s\xe8:A"
    b'\x99\xe6\xb7\xf1U\xaf\xd7\xb3\xa1\x00\',\x95\x9f\xe0c\xd9\xb0\xadS9\x89\xa3\xc7\xb476\xfa\x8d\xd3\xd3:\xe7\x96\xd9\xa0\x8d\xde\x87\xa0\x19\xac\xd0\x1c\xeac\xfc\xc4\x14==P"\xf8#\x14\xd28\x13\xcb\xbe\xa2\xc0\xba'
    b'\xec:\xc1\x93\xa6\x82\x9e@\xf9\x8e)A\xc45\x1b8\x0c\n\xdd\x11\x12\x0b\x87K\x91-\xa8\x08\xcd\xb1)\xf03m\x8ed#\xe9\x1d\x04oG\xf9\xdc\xb1)#\x02\xa2\xf0\xa6\xb4\x0cq\x81\x88\xdf>`)A\xf5\xf0\xa2'
    b'\x93S\xa7\x8f\xaf\nVi_Nl\xd0\x88uD\xb5\xe5\x88a\xf0\x00Q\x15O*\xd1\x19Z|\x9c\xf4\x81\xab\x86\x1f\x1b\xbayS\xc4t\x11\x9c\xb5>|\xac\xf9\xca} B\x8c\xfa\xa2ZS\xbb\xael\x05\xdd\x03R'
    b'<\xca\x91>;\xce\xe6\x0c\x1e\xe9+k\xc9\xcc\xfb\xe5\x82Z\xc1%\xaa\xfe\xc0\x14{a\xd4\x18\xfe\xa6\x16\n(\xd8Q\x91\xd8Y\xa3\xee\xc2\xa3U\x83\x1a\xa7\xf5\xf6\x068P\xd5n$\xf2\x02t\x1b\x89\xc4\x82h\x9f\t'
    b'2\xef\xdd[\r\x9c\x1e4\xba\xaa\x81oj\xb7\xdei\xb2\x1fye\xe9\xf7{\xadS\xdf\x04\x08m\xe9\x96\xc3\x86C\x11\xa5\x07/\xf9\xa2~\xbb\xa1t\xbc\xd9n]\xf3,g\xd6\xef3\x8e&M\xc1o\xdd\x81O\xfb\x8d'
    b"\xebT\xdb\x88\x1fD\xdb\xe8~\x9bHo!\x94o'\xa6\x8d\r\xdd\x86\xa1ftCh\x1f;C\xb7\x18\xbe\xaf\xd9M5u\xb5\xebk\x08B\xb8 \xb0\xa1\x94\xde-\xaa\xb2\x16O_\x88\x8e\x8c\xd7K\xb7\n>\xa8\xdd"
    b"!UR\x86p^\xa1Tk\xb0S\xbeS\xe6\x10\x15\x8f=\x08\xa3\x0e\x9d\xaf\x98\x04>\x9e\x9c\x80\xa3\x9c\xc2\xb2'\xa9.K\xba\xdeb5@\xcc\xc0\xc1v\x18\xf4F\xfd\xbe\xde\x11\xc8\xfdm4;Iq\xb5\x9f\x9c4"
    b'\xbe\x1a\x8d\xfa\xc3^JVH\xf3\xe7\xd3\xae\xf9\x80\xff\x1c\xf6{#\xfc\xd9\xef\x0fvw\xb8@\x7f/\xebf]\xfe\xf3|g0\xe2\x02O\xd3\xed]\xf3\xe7iu\xf1H\x14\x97F\xce\xbb\xbb]\xa9y\xd0\x7fR\xd3\xde'
    b'\xfd\n\xd44B\xa2\xba42|\x9ar\x1d"\x9f\xcbH\xec\xd3;\x0b\xc8\xd3\x9aF\x90T!ne\xf04M\x9f\x0c\xf0\xe7^\xfa\xc4N\xd2\xf6p{kk7~\xaa\xcaJ\r5\xad\x0c\x17\xe5\x07i$\xdb=\xb7'
    b'\x9d\xae\xfb\xf3\xce\xa6\x97\x0f\x05\xb27ZQ\x93\xa0\xfe\xd4\xeb\xed\xff\xac/\xbb\xbc\x95\xf3t\x866\x14\x9dh\xea\xf1\x15+J{h\x1bW\xd9\xb8\x18\xde\xa0\x19\xa1\xc1\xca\xd2n\xed\x0e\xf64\x91\xc6c\xf5\xbd\x93\xb25'
    b'\xcd@(%\xf3Ju\xbf\xd4\xfd\xf9;&\xad\x18\x8dV,\xccg\xfcyz\xeb7?\x07\xe4\x11\x0b\xd0\xc7\xd9n\x0bV7z\xdc\xa1\x9dt\xa0\xe2\x87\xc9\x9cqX\xb12\xd8hT\xf3\xb4F6uz\xf8<<\x8a'
    b'\xa0;S\x1fN\x9cXG\xa0f\x14i\xc5\xf6b\x92\x02[\xa7\xfe`\xd1\xfa\xc2\x12\xb3\xc17\xa1\x9a\xbe\xef\xf5\n\xaa\x00\xf1\xfaoMcMu\xa8\xa5\xb3A\x93\xbb.\xad>Kz\xa6\x9e]8+\x9b\x83d\xaf\xb3'
    b'k\xfe\x7f\xd7\x9cEa1\xea\x9ci\xe0g>\xc4^\xf1\xbf\xb6:}\xd2\x8c\x82e\xc4\xe8\xde\xbe&\xe7\xe3V8\x98\xe6J\x11\x8b\xc1I\xf8\x10\xe1\x99C\x9cK\x83\xa2\x96\x8d\x96\xd5\xd8\x0f8{\x97\xfeq\xf0\x83\xa4'
    b"D\xdd\xb0\x12uc\x94\xa8'\xe6_\xa4@\xe1\xf9'~\xfe\xc9<\xef\xd3\xbf\xb5M>\x9cdV\x19\x8d\x04\xf1u\xd2\xedl\xf7)\xd0\xfb\xab\xd1\xcep\xbb\xdb\x85\xff\xffW\xfd]\xfa\xa7\x11\x0e\n\xea\x19\xb9Y\x7f2"
    b'#\xdej\xd3E\xe9c\xd3\t\xfcm&\xa7\x1fb\xcf\x99\xb3\xeb\xc3\x81\x1aZ:\x8d\xc6\xb5K\xff\x04\xe3R\xca\xe1vt\xa5\x10v\xdftp@\xff\xd4up[\xf4\xc7\x1e\xfda\xaa\xe4E\xdf6\xc3\xea\x92\xb5\xa4\xcf'
    b'\xff\xebo\xb7\x0e\x96T\xdd\x1d\xd0?\x0f\xaf\xba\xbf%\xd5/\xad9\xcb2]m\xc1\x91\xaa\xe7\x94\xba\xae\xb7;\xfd\x04\n\x07\xb6~\xd4\xf8{X3{O\xb7\xfb\rk\r\xcfM\x83\xbb+\xbb\xb3\xd5\xbdk= m'
    b'\xdc\xb9(\x8a\xd8v\x96\x10\xdb\xd3\x95\xb4f\x16+\xa5\x7fVQ\xd3ng\xaf\x9d\xec\x089\x99?w\xc9\xb6up7\xe9>\x01\xe5f{\xf4\x0fS\xeehg@T\\\xd3\xd6VgG\xb7\xf6\xc4\xb7\xb6E\xa6\xba\x15'
    b'\x935\xc9?\xe5\x19&\x8a\x7f\x8f\xddo\x998\xcf\xac\xb8(z\xd5\xdb\xee\xa6\xdd]\xee\x95\x11g\xf6\xba#;\xaf\xd1\xdaou\xcd\xda\x97\xd9,\x1f5\xec\xfb\xf225\x87\xd0\x0b\xbat\x12\xb5\xa6R\xfdh\xf4$5'
    b'\xa7\x10\xaa\xdfM\xcf\xbb\xa3\xf8\xeb\xe7\xe3\x05}\xbcwPc\x94YR#\xc4.\xd4x>\xcat\x8d\x9e\n\x9f4\x98\xd2\xb7v[\xb5\xcd\x89Q,\x9aAOj\xf2{Q\xd6\xcf\x1f\xbd@g\xba\xe7\xbdtkKf'
    b'/\xa5\x7f\xee\xa2\xcaz\xea\xab\xa9z\x84\xff\x08\xb9\x981\xd7\x93\xcb6o0!\x91=\xf3\xa7\xa3<\xb3\xe5\xba\x9edB\x82\xde\x0b>\xc3\xd6\xd4\xdf\xf5\xab\xdf\xad\xec)\xe4\xa5;zJJ\x18U\xac\xbb{\x07E\xa7'
    b'\x94\xcfP\xad\xc7\xcc\xe8<\xd7\xc5\xecC\x19\xb2\x83\xee\xd0\xb0\xc2\xa5\x13\xbf\xb7\xec\xec\xe9E\xfc\x00x\xcf\x93`\x88\xbeA3P\xaa\xd4<\xdc"\xe1\x84\xff\xdc\x06\x10\xf8\'\xc3\xd2\xf6H\x93\xa3Z{\xfdVk\xed~'
    b'\xd0y\x01\x8b\xd8Z"fLd\x86\xd3\x1d\xbb\x8b\x0c\x93\xea\xf7\xf6\xee:\xf4\xfa\xf7?\xf4.\xd2\xc9|v\x13Mi\x95\x96\xd5\xb1\xb7u\xc7\xb1\xd7\xcb\xe8\x9fZ\xee&\x87A\xbf\xd7\x06u\xf6\x0c\t\xf4\xf7\x14\xa9\xb1'
    b'\x17\x94\xb3\xca:\xab\x88\x93g\x85\xca\xb07\xfcg\x14\xec\xf1\xb3\xdc\xda\xf5W\n\\P\xc2C\r\x98\xcb^\x15\x1f\xb3\xf7E\xf3\t\xee*\x0e\xa4N\xf3\xa0g\x9el\xf5\xf1D\x8a\xf4*e\xa4\x885\x8f\xb1\xe6^S'
    b'9\x96\x85\xc7ov\xc3S\xdayAS\xf1\xeb\xad\xad\xc0\x88X[\x0b9[\xd3\x14\xae\xaaf;\xa8\xa6\xb6\xd8v\xb0\x10\xb7\xd1\x824W\x11\xd0`\x16\t\x83\xdd\xad\x1e\x9d)\xad:\x9en\x14\x81\xa7\xa3\xd1\xae=g'
    b'\xe3\xdd\xba+\xbb5dq\xf6\xcc\xa5\x89\xef\x86\xbcj[\xf1\xb8H\x08\xea\xf7\xf9K\x92\x9f\x9f\x98!>\xc1\x19j\xe7"\x1a\xc4|\x96\x7f\xccK\xc2r\x0f\x86\xd2\xf7\xe6\x8ax\x17\xf4\xba+\xb7\x01\x14\xb3\x9dT\x94_'
    b'm\xbd`\r\xef\xf4$O\xfed\xb8\x89\xa5\xf0.i\x0btP\x98\xbf{\xe6\xef\xfei\xcd\xfe\xc9!\x17\x98\x19\xa1I\xe9\x18\xf9c{\xa5\xfc\x94\x97E8\x9c\xbd\xd1\x90\x0e\xcc\xd6\xea\xc9\x8fY\xe5\xeeJ\xc9\xc9\x944'
    b"\xab\xd3\xc2`h\xa3n\x0f\xd2\xd1\x8e\x95\xd0\xb3'\xc3\xad~c\xe5\x8e\xc4\xe5\x10\xb5\xb6E\x04ij\xdb\xa0\xda\xfeL\xd2\xd5\x80:\xb7\xc7O\x1f\xf3\xd3\xad\xce\xb6\xafM6\xc4\xe0\x13\x15\xd5[`@\xe5\xb9\x82\xc7\xf4"
    b"I\xf8N\x9e\x1b\x01+\xfaf#\xfc\xa6^Y\xaa\x9bh\xc2\xda\x89O\xa5~wk9\x0b\xdd\x8d\x89\x07\x97\x0c\xe9L\x89\x8e\xf5'\x02\x95\xa1\x03c\x0fs\xbd\x97>\xdd:\xdf[\xc2\x14\x1d\xd5@\x03\x1c\x8d\x8bb\xd6"
    b'T;\xe7g#~\xd7\xbfye\xde\xd8v\x9eZr\xf4*C\xed\x0c\\_f\xd98\x9a\x81nw\xd9\xf0\xfbwhN\x97\xe5\x18\xf7\xbdP\x1cvp}\xdb\xebv\xff\xd4\xde\xd9\xf9S\xabq\x87B-D\xb1\x15\xeb'
    b'O\xa4h\xf3C\x8a=i\x9b\xba7\xc9\x81\xf2\xcfZAnS/\t\xf0\xbf\xe6\x9dy\xde\xedt\xfb\x0f!\x8b\xab\xd4\xb0\x95O\xd1\xac\xec\xd1?\xcb\xb6 1\x95\xda=\xd8\xdb\xae\x11W\xc6\xfeV\xea\xf2fZ\xcc\xb1'
    b'yv)\xb8\xc6\xd4ixzg\x07\xe2\\g\x8b\x84\x8c\xedN\xbf\x9e\xa4\xa8\x16>a\xb7H\x01\x12)\xc3HUi\xe3\x1e\xb6\x0b\xab\xaelw\xfa\x9eQ\xe3G\x8f:\xd2m\xdf\xc7\x00Q7y\x1f\xd2q\x96\x0f\x8b'
    b'\xd8\xce\xd0\xdd\xed-\xddU\xbd\xfe\xdd,\xd9\xd9\xdf\x94\xf1Oqgk:\x06w\xde>\xfd\x02\xb4F\xb2\x0e\xd1\x9a9o\xebh\xad\xdb\xd9\xd9i\xd5\xbc~\xc8T\x8d\x8b\x8bx\x9ev\xfa[[\xe9\xb2#Xf\xa1r'
    b"jnm\xb3X\xd6'\xd1\xac\xbf\xe4c\xa9\xba\xfa1i\x12b]\xd8\xad?d\x07\xe9l\x9aE\xc2\xc2\xeeyo\xd4O\x1fz$\xed\xdd\xf3Hb\xa3\xd1\xd0\xac\xeav\x8f)\xbb7\xda\x1e\xee\x9e\xdf\x87\xb2\xb7\x85\xb2"
    b'\xcd\xb8\xb6\xbd\xd2\xd2\xa7\xe3\xf7\xf3\xa9Z\xc0$\x1c\xea\xba\xbf\x8fd\x80\x86\x85Q\xb1\x05#\x01\xe846\xc5\xaa\xbd\xc1lK\x86\xd0T<\xbd\xae\xa6s\x00F"\xc9\xb4\x99$r%]~\xe5\x12\xaf%\x9d\x1fi\xb7'
    b'Q\xab\xf0\xd7\x1a{\xb4\x92\xfd\xec\x8c\xb4\xec\xbe2\xe2\xc4\xa7"\x02C\xbc\xfe\xc6\x113\xc1\xeagO\xb3\xdd\xac\xeb\xbb\x17\xca\xff\x8d\xafvv\x9ft\xf7B\r\x7f\xe9K\xad\x04l\xf9+7\xaf\xceq\x7fb\xa2\x01\xf1'
    b'B\x11\xa1\r\xbb\xc7\xb2}-uD\x1b\xbe\xaf\xa5\x87mC\x15,ND\x12s\xa8\x0cT*\x0cN\xa5\xad*eU*\xac\x91%"\xa6wG\xb7k\x95\x01\xc8^hxP\x94\xcd\x1c\xc7\x06\xe9\x8e\xdb\xf6q\x99O'
    b'\xec\xe3\xdaN\xdd\xd6\x91\xbc$!\x0bV|8\x1c6\xc41\xa6&w+{\x1e\x85\xbe\xc4\x16Z\xe50v\x16\xb7\xaeE\xf0\xab~\x88O\xb0\xfd\x90I\xc35`tx\xb9}G\x8d\xe2\xefB\x1c\x84\xddi\xcc\x13z'
    b'\xb1\x16\xa8\xf1\xf5\x1f\xe3+\xbe\xda_\xf9\xd57\xf6/\x82%\xa9\\\xf2sV1j\xdf\xba\x19\xc09\xcfP\xf8\xbe\xe5$\xcaC\xac\xea\x10\x8b\x19\xe1\xfb\x82v\x107\xd1\xaad\xf3\xf8\x02\xf0eu\xf9\xf7\x94/\xf8\xdf'
    b'\x08\x11\xecP\x1c\xe35v\xafn~\x9e\x9e3TC6\xd1\xc1!\x04\xb4\xcd\xe9\xe6\xe0\x89z~\x83dv\x8cZ\xe2\xf2\x80\xe0c\xc9\xf7C\x15P\x1b\x88\xae\xe5<\xad\xf8\xde\x03\x90`\x89\x11g\xe2\xd0\xd6\n\x07\xc2'
    b'\x0e\xf8\x94r\x8dMB\x92\xdc\xf9-\xbbI Mn\xe4X\xcf\xdcx\x90\nV\xbd\xc3\x17"\xd7[\x0e\xb1\xf3\xfe\x82\xc0\'WpD\x16 ,\x9f\xb3;-\x07\x00\x14\xd7p\xbb\x1d\t"\x97`\xb4\x94Q\x9c\xba='
    b'4\\\xed\x95\xfd\xf4\xc2\xf4)\xdaN\xd4\xcd{\xe2`R\xd1:\x18L<\xaf8<\xd3S\x80\xefT\xd2K\xd8\x10\n@\xf5r\x1aB\x85\xd4\x8b\xda((\x85\x10\x908\x18\x87Cq\xec;\x8d\x0cY\xe5\x13n7c'
    b'\xfa\x0e\x03:\xb7\xa1\x06\xf0\xe5\xadB\xe2\xafF\x04\xd5\x98\xb9\x15pO\xea\x07R\xb8\xf3{4P\xbd{\xe4\xd01|\x1dd\xaf\x8a\xa2\xcbT\x1a\xed\xca\x80\t\xbd0N~v\xafNS\xc1j\x9f\xe9i\xc3\xbd\x0e\xe1'
    b'H\xab\xf1\x1c\xb5K\x80 \rO\x1e\x82X\xdal\xd6\xa4\xdf\xfe\xe7?\x93\xdfn[\x9c\xcd\x9b\xd3\xbc\x13}\xa8\xd5 \x8a\xf8e\xf2\x13\xad\x9c\xf5\xcf\xc5\xdb0R\xc3N\xa3x\xc2\xc6\x81w\x86w\x1e\xf8\xe8\x8c6%'
    b'\x1fu\xc4\x85\xec\x13\x00nVy\xbf\x14[!\x87w\x82\x86h\xbb\xc0{\xc5-\xec\x18W\x01\x84V\x89=YE\xff\x82|k\xe9{Y\xb2Z\xf7\xc4\xac\xdf\xfc\xad\x0f\xa6q\x9fy\x88\xe8\xdb ,`6\xd4A\x01'
    b'K\xf3\x9e\xb2\x10YH\xd2SF\x8br\x89\xa8%\xf8\xc7f?\xa5\xe0\x1f<\xe0p\x910\xe9\xe91U\xf4\x80\xe0\x1f&\t\x07\xca\x0b$\xd28\x01\xf57\xc9\t\x1d\x86q\x02\xbf\xda\x0c\xce*\xd3\xaaN\xe3\xcc{\x83'
    b'NA\x89\xdc\xf1\xfev\xa6\xd3\x8dJ\x96O\xd3\x91gl\x87\xbb#{\xb5KU\xfe\xf9\x99]\xb9M\xba:\xb8W\x8eWLY\x83f\xde\xae\xec\x9bI\x16\xfb>J\xd8\xc1p1v(\xb8>\x0cDQA\x1b\xa0\xd9'
    b'\xd9\xd0\x1eS\xee\xdc\x05\x94\xb6\x0e\xe5@\xbd\xc3\xb7\xe4\xa9)YT\x17\xb3\xb1_\xe3:\xafAS\xc0%\x84XL-\xd0,\x97t\x9en\xe2!\xf7L;\xbe\xa9\xc9\x81k\xa8\xcd\x19\xf8\x1buy?\xa63\x1e\xc3\xbe'
    b"k\x82m\xa7O\xbbK\xf3&\xa4\x14.\xf7\x9b\xe9\xdd>\x8d\xa1\x9d\\\xebo\xfb\xdb\xf4\xf5\x16\xa9\xbc\x97\xfa\xb9yBf\xaf\xedn{\xf5}\x0e\x82\xa6\xccR\x0f\xf7\xe1\x87x\xebCCjs\xeeZI\xce'\xd3\xf5"
    b'\xef\xaak\xca~\xac\xe4\x0e\xed2\xc7\x038\xbc\x98 _\x8e,\xe2\xb1P\x1d\xc9?\x8cO\x03\xa9h\xf5J\xdb\x8c\xf7\x9c \xdc\x87\xfbyY\xc240&\x1c]\x12\xc4\xb8Gsd\xb8a\x08\x80krL\xa6\xa46'
    b'\x9cZ\x11\x91\xbd\xa9tVf\xb1"\x8d\xbc\xe5\xc1G\xec\xe2\xb3\xc5\xf7brl\xb7\x9f>\xf4\xe3\xb0"\x17\xbf\xed\x88L\xe3}yX.\x0bkE\x88P\xa7\x8ea\xe0k\x1d\xf7\xc3,\xdb\xb5\x1d\xc9\xfd\xca\xad\xd2\xb9'
    b'\xfc\x0b(\x19\xcf\xe1E\x81\x08K\xc0\xc0\xe2\xb18z[\xd7~\xf6\xa0\x85\xd8GS]Hr;\x1d"\xe0]yk\xd4\x15\x17\x01T\xdd\xc0A?u\x8e\x04\x88\\\xf7H\x0cD%C\x91\xc2\xf4\x98c\x11\x1a\xaaD'
    b' \xea\xac\xeeE\xebs>sC\x8d\xb3\xc42\'\xb1\x92\xd2y~\xa1\x84\x1a/0"\xebr~\xa1\x12\x7f\xa5\xc3\xa1\x11|\xf3\x8b \xae\xd3\xfc\x8ev2<\xc8\xcf\x81\xb1\x1e\x9e\xa6,-\xec#\xe8\xfdj:\xbf\t'
    b"\xb7\x81\xcb\x1e\xc5\xc1\xab\xca]\x16\xee\xe9\xc5\x84\x83(9\\\xdc&A\xb0'\t}\xc7~o\x08\x0f\xf3[\n\r\xd9\r\xe5#\xc2$\xcd\xf1\xdb7\xef\xde\x1f\xc7\x99\xde\xebx+\x0e\x16\xcbQ\xbb\xb7>{5&O"
    b'\xab\x94\xe2?\\\xc0;\xb1\xf7\x99\xb3H\xe6\x06\xa5\xc4L\xb93\x14\x16\x83\xd0\x19\x95\xb0q\x1e\xe4\xb9\x13\x9c$\x00]\x1b\xfeg\xb6\x85\x99s\x82p&iM\x81\x88f\xb3\x02)\xd9B\x0es\xdf\xd4Ww\xa7J\xbc'
    b'3\x9b\xdf\x83rq \x13G$\x83\xa7\xe22\xfdMm\xaa\xbfZ&\tL\xd1\x87\xe4\xdb\xf3\xa1p\x8d{\xa5\xde\xab\xcd\xb8\xb7\xc6\x96\x8c\xc6\x8f\x85\xc7+\x15\x1d[\xf4q\xee;\x83{\x07]"\x89\x1cB\xe7yF'
    b"H\xd2f5\x815>\x8f\xe1\xc6\xeb\xa7\xdc%\x19\xe1\xf0\x938\xcb\xd9\x03\xf2\xf4N\x96f\xe9\x9d\xd4\xe6\xe8e\x9a\xa3w\xbaX\x94\xd3\xe1\x85'L]ju\xb6\xd6\x1a-\xc2\x8a\x99K\x12\xc2T\xa6eb\x13\xebj"
    b"\x14\x02Sh\xb98\xc2\xc7\xbbl-k\x84 ]\xad\xed~q:\x15m\xa4\x00vl'\xf9\xd9\x19V\xb8N\x8b'L\tw\x18c\x9a1\xcd\xfe\x01\x1bG\xc0\x16m|\x0e\xf3.\xa0p\xd9l\xae\x98`1\xebP"
    b'b\xe6\xcc\xa1\x80Td\x89Wf\xabG\xdb\x9cv\xff}\xb69\x95\xab..=\xe5l\x9ab\xa9\x80\x89\x02\xa1\xb8\xb4\xe8\xeaS=\xeb!\xc7\xf1\xec\xb3\x18\xde\xdc\xa7+>\x03\xa5\xed\nUHO\x1b\xb5\xcd\xd1\x1b\xd7'
    b'\x88=\x92\xee\xd1\x8e\x14\xad\x8eZ^4t\xa1\xc0\xde\xc2\x93Q+\xc0\xedG\x87\x90\x1fQP\x03\xbf\xf6\xd9\xd6\xe2-k\xaf/\xee%\x82H\xe1\xea@p\xb86\xbcT\xc3b\xe9\xa1\x02\x08V1P\xb5\xa7$\xbe\xe0'
    b'\xbc\x0f5\xef\xc5q\xb5a1N\x91\xbe\x86\xa5\xc8\x96\xaf\x98\x83\xd1\x81b\x16T(P\x86\xd1 \x82\x0c\xdf__n=\x13\xde\xe1\x84\x8b\xaf7\xcd\xc3\xaf\xa7\xcf\x00\xd1\xbf$\xd7\x03\xed\xb3Ui\x84\xcaia\xba\xd1'
    b'Dg8\x12\xda\xa7GD\x8a\x85\xaf7\xa7\xcf\x9c\xf8\x16-\x9e\xf44\x14\xb4\x88*\xb5\xa0eA9\xee\\>\x81\xcaX\xbet\xf7\xb7\x1epU\x95\t\xa4\r\x9c\x95F\x91\xca^\xcd\xaf\xc6\xcd\xaaEK\xf2Xq\xd1'
    b'\xda9k\x98\xf9\xae\xaf\xc6\xdb\xb1\x8e5>\x11r\xc5\t\xech\xa7!\rLW\xd5o\x91\xaf0xR\xf9\xd7+-b\xb4\xf5\x15\xd4\xd8K\x1a\xed \x9e\x11\xc4\xd9\x96\xf4\x7fNpb\xf7V\xdf?1\x8f\xfd\xac\xac'
    b'\xcf\x12|\xcc:\x08q}d`tFm\x81\x0f\xe7S\x9bo&\tF"\xb4\xbf\xdeI\x050\xf0Ux\x9e3\xa6\x06\xaa\xdc2\x93\xea\x9a\xf7\xd8\xcc\xeei\xc2\xa5Cx\xb5\x11\xb6\xb6\xd8\xb2l\xccuVH[\x07'
    b'F\xa8+qGsh\x91\x1e\xd0\xcb\x99\xe1\x11\x96\x051U\xeb/]\x80K\xf5\x15\xd9\xa7\xbe+f\xa2\x1f\xe1^b\t\x0b\xc6\xb7Z*\xe7\x1d|[\xc9\x9b\xfb\xd6_\xd5\x88p\xa2.oj\xb3\x01\x82\xa3\x07w$'
    b':\x05\x92\xfe\xba\xc6\x8a\x8f3\xbcb\xfcl\xad\xfaR\xa6\xfd;\x86\xf9P27\x0c\x9a\xa2\xa6\xbbQ!\xbdC\x13&j\xbe\r+5\xed\x90@,"\xb7\x03\x0e\x99\x12\xa4}\xc9\xd5+\xbe\xfe\x88\xcaF\xfa\x94d\xd3'
    b'C\xc3\x8f\x0f\x13U\xc2\x9fB6\x15\xc5\xbd\xce6)\x1c\xee\r\xc9*\xbcA/\x1ba\xb9\xfb\x90)\xc6\xdeR#Q\t(\xf0\xee4\n\xd0%\xcev\xbf\r\x95\xa0p\x9c\x08\xec\xa6l\x04\xafC\xa2\xa9\xb4n\xcb\xd6'
    b'\x8d\x89\xbe\x0f|)\x96\x11\x85|\xacl\x1a\x94\xc4\xe0~\x93N%\xabG\x12=\x95q`]\xab|H\xa4\x18\xfe\xbe\x86\xb6\xfd\xcd\x9b\xba\xddY6\x00\xaa\xc4\xc9\xeeL\xb4a\xf6\x91\xb6\xbd\x1a~\xf7\xe6/\xef\x8e~'
    b'8\x8e\x0c\xe1u\xf8\x86\xd4*\xea\xb4\xd0i\xcbr\x92\xc84P\xa3\xe6\x81\xf9\x12\xc9d\x087-l$#?q\xd5L\x0c\x9e\x86\xf7\xbaa\xcf\xed\x1ea\x97<@O\x9b\x06*Z\xf5\x16k\xb5\n\xf6\x128,V'
    b'\x90\x80M\x9d\x15\x19\x9f\xe8\x89@\xea8c\xad\xcd\x0e\xbdlm\x94^\xa5\xee\xcc\x9d\xa6r~#\xaa\x11\xd90\x80\xf3\x9c|\x19\xe4.\xa4\xeep\xb1\xd7"j8\xc0\xbc8GH\x9bq\x9d&\x9c\'\x9c\xf2\x02\xd3\xb9'
    b'\xdf\xb1\xf5\x88-\x98\x80\t9SG4\x13\xdcs\xce\xc3\x11L\x1e\xcd\x9bdn\xba(|\xd2\x10\xfb\x9aS\xe8\n<\x14\xd2w\x8d\xc9VM-\xd8\xacH\x94\xda\xf6M\x9c\xf1\x80^\\\xa6l\xeeJ$\xb3m\x1a\x16'
    b'\x11\xb3\x99M\xcb\x8ea\xa8\x94\xec0\x9a\x99\xbepw\xd9\xd4p)y\x9f\x1c\x16\x96@\xd9*\xccRk\xf6VY0<\xfc\x1d}/\x0e\x05T\xbd\xcdP\xc6\xc9\xc2\xe4%\xfb4\xbcx\xf5\x9aH\x1fYHtf\x07'
    b'\x9f|D\x12n\x88U\x81@L9\xa3\xdf%\xd2\x8b\x9e\x04\xa8\xa6\xe6Yt\xc7\x89r\xa1\r\xfak\xf2\xf7\t\xa1z\xfcQ\xa54a[\x83\x16\xa30I+M\xe2\xe6\t;I\xc9`\x8cPI\xbdr*\x0e\xf2\xc0'
    b'\xd2\x03X\xc9I\xf7\xb3\x9d\x0e\xf1\xb0\xde\xc3\x1d\x01\xbe\n.\x89W\xeah\xb9-sI\xd4W\xa1d\xea\xf1\x9a\xca.\x9cO\xbf\xe3\xc3\xbel\xaep\x06"\'\xa7\xb2\xa9\x85\x9b\xe50\xb0"<DC\xb7k\xe9\xa6\xdb'
    b'"\x9cRfr3\xebd\xe2\x97\xc6\xe2\xab\x05\xad\xca\xd6\xcf|]\x9d\xcf\\\x00\xda\xad\x9e\xbd\x18\x13SFV3\xf4\xcf:\x0b\xee}\x14\x08\xf3\xaf\x96q\x07\x80\x9d\r\xa8\xb6\xcb\x8e\x01w\xec\x05hm\xf2i-\xda'
    b'\xae\x15\xea\xdc\x88W\xfbg\xb8C\xbc\xe2\x9c!\xf5\xf1\xfa7\xbe\x84Y\xb6\xf1v\xbc\xb8\xb8\x00\xb8\xcc~\xc3\xb6Yk\x94d\xac\xab\x1c\x81\xea!\rs\xd6\xde\xbc6H=\xa2L[\xc9\xbd-\x99T\xb8\xde\x92\x897'
    b'u\xb3C/\x1a\x8c&4\x0c\xc8\x93\x9ct\xcc\xe7:\x956*\xb1.:\x15\x08d\xc1\xcb\xb5\xbd\x10\x87\x90\x9aj\xe9\x12\x97\x0e\x13\x97\xb8\x0c.\xae\x94\xe1\n^rR\xb8w\xbav\x8f\xf0\xb9\xc6\xab|X\xad\x8b\x8e'
    b'\xab\xa82\xd5\xb5e\xea\x9f\xeafkI\xf1;\xd4\xc0\x93~\xf8\xe9jk\xafs}\x08\xd9\xbc\xea\x86\x0eW\x13\xdf\x84\x96\x94&\xeb\xff \x03VA/\x84U\xe2\xf7\xd8\x945U\xd5\xd8\x90c"\xa6\xae\xab-k\xd8'
    b'9KR|\xf6Np]\x95\xa9\'F\x9a\x00\x84\xad\xf8\xe2Er\x10a\x89\x9f4\x8c@\x10dx\xd5\t\x0c\x89/1\xe8\xc4I\x03"\xdd\x92\x82\xbckB6\xe7wL\xe4\x17d\xd9\x9d\xa9\x9a\t\xa9\x0e\x13b\x12'
    b'!\x95q6\xed{o7\x9b~\xbb~\xcb\xb9\xb7\xb5\xdbn\x9c\xa5\xb3\xb8`\xc8l\x84g\x87EVST\xe2$\x0b\xfa\xb8w\xaa\xf1\xd1\xf4\xc2+\xf0\xae\xea\xe2S;\x01$\x84L\xac)\x19\xf8\x8b^\x15p\x94:'
    b'\xcf\xe6\xd7$\xaeyP:\x82i\xfd\x02\xb2\xef{S\x19R\x11\xe0\xa2KRO\xfa\x14\xce\xed +\x0f9=P\x8aJ\x9b3\x85\xae\x07\xf3\t\xdd\x9bs\xd6YJm0\x16Y\x04)\xec\xcc\t\x8e\xa1<\xa7\x84@'
    b'\x82\xab\xed\xb2\xe1:\xcfP\x0b\xdbM\xf6-v\x1dS\xc8\xb3\xc5K./\x0b\xb0\xc4Et\xe5\xad\x8e]\x14\xf1\xe8\xf9\xc8w\xfds\x9d\xaf\xb6\xea\xbb\xcaca\xe7T{\xef\xa2z%\xbdX\xd2+\x97\x88;hY\xe5'
    b'\x98M\xca\xc5\xd5\x15e\xda\x9e\xb2\xfb\x01\xf9\xa8\x8c\x81\xc6~\x9d\xce}\xf6I\x91q\xadQ0\xe7\x94\x98f\x19\xd6I\xdco3\x82d&\x829\x92\x02\xc2\xef\x01\x0e"\xeef\x97\xaf\xb4\xe9j\xd0\x8a\xf9\x13$\xea\xc6'
    b'\xad#\xa91\x80\x1a\xc6#\xfe\x9c@\xb1\xa9\xe7F\xdfY\x04\xae%\xd2\xf9\xef\xd2A\xa6$\x87Q:\xb8\x9f]\x90\n\x86\xfbT*\x1c\xd9\xa0\x07\x88\x0e<\x03\xf7\x12\x1eP4\xac2\x1d\x0c\xf81*4Su\x8c_'
    b'M~\xc8z\x03|\x1dT\x9f\x02\xe1\x02\xe5\xf4\x96\xa4"\xb5\x06<BH\x03p\x8b\x9a\x8c|\xf2\x8a\x01\xc5U\xff/\xb2\xb9t\xfe\xf9\xcd\xeb!\xa7a\xe7\x0f\x05\xf6_\xbe\xa95\xfa\x85f\xfa\n\x95\x1bU\xa1\xce\x7f'
    b'Q\x8e\x94\xe3\x15\x9b\x9a\x13\x908\xbcb\x8bxIO\xa1\xba"Q\x0f\xe5d\x9ee\xba\x8f\x9119\x1d\nv\r\xfeDs\xf4\x17Uc\x8d\xde\x96\xc5\xc8M\'\xee\xd7yC\x89\t\xbc\x14Q\xc5^{\xb2\xf3\x95)'
    b"\xd7\x16\x97l\xb9\xc5\x94\xac\xf2\x0e\x1b\x99\xab'Vh\xd1\xd6iO\xcc\xd3\x0f\xacjSR\xdc+\x9f\x83\x85\xca\xf11)TG*\xa3\xda\x92\r{:\xca\xd4\xd2k\xe7uNH\x892\xe3\xdfD\xbe\xbb\xd6\x8d\x94D"
    b"\xb8Z\xc0Nu\x00\xc2\xd8`\xb9\xa8\x80\xd9\x82u\xae\x87*\xb3\xfc\xb2i\xb1\xa9\xb4yQ\x10g\xb5\xa0\xb8\xec\xbc\x9f\xd2\xbe\xce'\xb6\xf2\x8c\xc9\xcc\xce\x01@\x8fq\x92YO|\xa3D\x82\\\xbc\xe4\x0b\x1f\xf9{Y"
    b'\xefP4Je1+\xc6\x99R\xbd\x83\x92\xa6\x8b\xafI\xda\xf2\x18 \xfc\xbc\x98\x98^\x0c\x8b\x08\xbb0\xc8F\xcf\xc2\x18\xe7\x97w\xda\xf2\xcb\ti\x18D\xf1\xd1\x0brB\xb6Uc\xb8\x91\xe8\xc5\xef\x02\xc2\xc5#H'
    b'\xe4M\x95\xa1\xc4-=\xe3\xf6\x85\\\xbdNTG\xc5\xde\x9d\xfe"\x8b$\n\xba\xf2\xe1\x93%\xf2\xdb`\xf7?\xb3\x86D\xfb\x9c\xe3.\x9d\x8d\xf2l<t0\x9a\xcc\xb6iC\xc1\x83\xad\xd6ei\xcd\x873\x0f|\xdb'
    b'b\\\x10\xb2\xa6d\x1a\x9ao\xafE\xc2}\x95\xae\xd9}K\xe8:.\xae\xdd\x94\xea\xaen\xbf\xb1\x11\xda4Q\xec\xc6$\x80\x83\r\x8f\x1e\xe0O\x02\xef\xcd\x84\xc9\xc4I\x10\xccn\xa0G\xa4Nh\xba\xcf]\xa86\xa0'
    b'\xc3\x95w|\x13@\xb6\x0b\xcb`e\x95\x99\xa4,\x0b\xdf\x1c\xd7\\{\x9e\xe3\xf2\x90\xe5>\xbe\xdc;\x7f\xb6\xfcB\x18\xb4\xd5GT\xd1\xd7\xe0d\xf1\xd5#\xbf\x97kB[\xa2B`\xf5\xd7KIH\xf3\xcbW\xdf\x89'
    b'P\xb4z\x85: \x14W\x0f\x84S\xaaV\x1bK\x9a\xb1\x14l&\xf3u\xc0\x929\xf1\xb7\xe5\xb22\xb5\x92\xb6}T\x8c\xc7D\xe3\xf4\xd6\xce\xf8E\n!q\xc8\xd2#\tY\xb0\x893o\xe3\x06\xe0\xf3*\xd5\x93\xdd'
    b'\x952\xfaI\xeee\x9b9\x0b\xdf\x88\x7f\xa7awcvy[\xf3\xb7A|\xc8\xde\x8bB|\xf1\x0e,\x17\xfa\x90\x8e\xde/9\x01\xddi\x8d{\\\xdd\xe8\xaf\x0b#\x9d\x1d\x1b\xdeL\x99\xf0\xf8\xf87\x83\xba\xecy\xef'
    b'\xda\x14\xd3{?Z\x96\xb2\xaa\x9bG\xfc\xa4\xa1\xdfV:\x99\xaaBl>Fp\xc9\xb031B\xc7q~>\xa6K\x1d\xf7y\x1c\x83\x12\x16\xb31-F\x016\xd2\xc1\x04\xday\xe5\x92\x88g\xeb\xee\xb2\xd2d|\x13'
    b"y/O\x1bu\x8d\xc0\xd3\xa1\x9e4\xe2\x12u\xce\x86\x1fm\xc1:G\xa2Xn\xc3Q\xfd\x9c\xfc\x85\xfc\xd5\xaf\x1aT>)\xb3\xd9\xfc9|V\x9b\xaa\xe16\x97\x0c'\xf0\x16\xf7\xa9k${\x1d\xcf3\xa3qc\x0b"
    b'\x89A!\xdan\xaeC\xde\x83\tls^\\\x18\xa2o\xda\xb1\xd0\xd6\x83s\x82\xbe >\xa8|\xaf\x8f+R\xe0,\x11\x93\xec&!\x8e\xb1t\xab\x9e\xeaKk\x88\xe0\x10_\x8eJ\xba\x82+\xf5\xa3\xd7\x13#[\xbd'
    b"O\xcf\x9bn{e\xb37\x937\x93\xec{\xb3G\x9b\xd6\xe6\xf1^')\xd4\n\x90\x88|\xd8\xeb\xe4,i>\x8f\xb8\x8cU~\xacRCj\x9a\xa8C\x93\xe2\xda\xa6\x029\xe2\x18q\xe2dk\x1c\x9f\x04\x0b\xa1\xa4\x03"
    b'\xb2)a\xda\xc90\xa3hn#eQOI\xfd:\xcfH\x82\xc2]Z]\x1e\x02\x16\x9a\xd99\x88\x15\xd9Y\x89\xab\x18d$\x80;\x07kT9%\x1f\xca\t\xa7w\x9e\xd1\xe5\xcc\x80\xefmH\xf0v!R4\x1a'
    b"W'\x14`N\x99=1\xe7\xd5\x98|\x98o\xac\x8c\xac\xd2\x7f\x14\xe9\x10'u\xd9\xe4\x04_*Q\x80\xf7\xf2\x82\xe0%\xef\xeb\xb1\xe4\xad\xc8E\x02W\x0cK\x1d\xde\xbe\xaf\x82\xbc\xae\x03\xb0\x96^<~,g\rb"
    b"P\x8a\tu\xdc\x86\xaa\x98\x9f\xf0w]bi\x91\x1a66\x02\x10{\xeb'Uge\xab\x81\xcc\x96CL\xcd\xd7\x9b\xf3\xbf\x1b\x82#\xf9\xb1l\xb2\xab{\x1c\xec\xc4\xb9\x91\x9c\xb5K\xfc\xe1\xe9\xa9\xbdq\xf5Q_\xb0"
    b'|\xd0r\xa6\xe3k\xba\xa0K\xf9B\x1c\x99L\xcd\x9eh\x87\x96\x12\x91\xe2q\xe6\xd1\x0b*\x8b\xec1%\x12\xd6f:\x81E\xb0\xb3\xdc\xe2\x9e\xa7+\x95Kh^\xcc\x9f\xd2Y,c]\xcf\x88\xf3\x8ao\x1cM\xa6\x8d'
    b"\x9c\xa2\xa6\x9c\xcb\xc5}\x18`\\\xf3\x98\x9c\xe9\x1a\xce\xd4q\xa7\xe2\xc9\x91\x16P>\x94\xd80(\xc6\x8b\xab\x89\xcd\x95\x86\x89\xcb'FU\xa0\xddA\x02\x01R\xa7M\x8a\xc5\xc5\xa5\xcb\xe7e\xb3lQ\xd6\x80q6\x92"
    b'8]#wp]N\xf31\x9b\xde\xe8\x9e\x088\xc2\xcd&_\xe2\xce/\x8d\x1cM\xf9\x9a|j6\x92!\xda\xc9U\x96\x96\x14\x1fd\xd3\xabB7\x1d\x91x8\xcc\xe8\xec*\xad\x13\x18\xda\xc7X\xc4\x90"\xba\x1b\xc7'
    b'\xfd\xf1\x05\xe6\x9b\xef\x7f\xfa\xe1\xc7\xb3w/\x7f0\x0b\xb7\xf3\x84\xb0a\xb4\x1b}\xc4\x19\x95\x8bmlH\xa8\x15$\x1a\x8a\xc1\xaaU\xa1d\xc5\x1f\xcd\xe1`FE#\xf2\xb2\x86y\x01G\x9cY\x99}g6\xc5\xbc\x89'
    b'\x04IWS\xa3\xcf\r\x81\xf7\xe0\xed\xef\xf6\x0f!\x82\x16@+\x8em\xb6\r\xce\xa7\xc2\x00\x11\x95:\xb8?>O#I\xd1tQa\xbb\x99\x9b\xfa\x18@bC\xf7\x05\xf5\x99\xa3iH6\xc6\xef\xcdr\xb6V\xbc\x7f'
    b'\xe70\xeb\xe1\x86\x92\xd2\x15\x8e\x19\x9d\xeb\x1bI\x90\x87\x94\xb8\x87\xda\xde\xd0\xcb\xf0g*\xd7\x92\xf4\x13\xe6\xc3\x83%\x01\xbf\xcb%7\x8a64\x82\xed\xcf6\xa4N\xd8\x01D\xd2\xf5\x92\xe1\xd8\x13\\\x91\x9b~\x90\x05\x0f'
    b'\x07\x84x0\x19r\xa5\r/\xe7\x8a\xe8\xfa\x14Q\xcbI\n-\x8f\x00\xf4t\x89(\xf9\x8e\xf6\x1f$v\x91G\x9b\xc7\xd4\xb5\x18\xa0E\xf2[0\x14j(x\xb2h\x8b#\xab5\x86\xc8\xa9\xaa\xc4d\xeb\xcbu4\x9b'
    b'\xa57dU\x9a\x17dg\x97\xfb\xdc\xce\xc0l\x92\xe6JC\x96\x15>[\xce\xc3\x8e\x83\xf8\x96\\\x00\xa8\\\x90\xc5hd\xe4\x10&\x82\xff\xfa\xaf*\t\xd1w\x9dia\xa6\x8f\xaayDZ\x8d\xe1\x1cfW\xcf\xad?'
    b'\xca\xad"\xea\x92Lf\x18\x8d\xd7D\xf1\xf3$x\xb8\x91\xf4Ni\x1c\xcf\xc9G\xd8\xd0\xd0\x0bP"pIZ\x1df\x0f\x1b+\xaf\xc4\xb8\xce\xee\xf2J\xc0\x84\xf6\xf9\xe4\xb5\x87\x04\xa1\xba\xd8\x00\x0c\xf2\x0e\x15\x0eqE'
    b'\xa2\x8e\xf8\x193mqtN"\x04\xee\xd9\x10\x91\x85x[\x98E\xcf\x86\x17d\\\xe7\x06\xe8\xf1ya*\xbc2\xff\x9a\r\x1d\xddx\xf8\x050\xdc\x19Lm\xce\x1a&]XGs\xb0\x86\x1b\xca\xa2z;\xecV`'
    b">\xe1\xea)\xc0\x80\xdfJ4)\xf1\xbdk\xa2'\xd2\xe9\nv\x1d\x89n)\xe8pC\xe3\x94\x7f\x07\xc9\xb5|l\x81(<\xe7\x86zC6\x14l\xed\xf7\xc5T\xf9\xf7\xcf\x98\x0fV\n\xf3\x9b\xe7\x18\xfc\xcf\x9c\xd5\xe1"
    b'\x9f\xfft3\xff\xdaLL\xf6\xc9\xa8\x17\xd2s\xa4\x07#\x81m\x03q\xa4\xe8\xa5\xce\x00O\xabD\x7f#\xe3K\x9aH\xa1\xc5\xdcv\x83\xb7\xe9\x8a\xa3\x97\xb6\x9d\xd9\x07\xcb\x08\x83{\xa1\x985\x0f\xc2\xec\x01#UO\x8d'
    b'\xeap\xd3ll\xc0\xf7\xd0p$#\xc87y\x926d\x02`%\x98~\n\xd8}m\r\xdcQn\xad\xd1\xb6\xfd\xbe\xe7\xc7f\xe1\xdd\x97M\xf7)z\x12t\x80\xd3\xb1\xe5s\xba\x7f\xa6\x0b\xa0)\xe07\xc4\x88l\xb9'
    b' w\xbct\x84\x98\x1aY\x8f\x02\xd0\x88\xd5%\xc8\x08\x96,\xa6"\x89\x80\xf5~}\xc8\\\xdb\xb0\x03\xec\xe8\xc7\xc9\x9e}\xd6\xaa\x1eq\x10<\xd4\xf9fD\x0f\x16\x17jrx\x98\xea(\x18\xbd\x1d\x9f\xb7"\xca\xb1\xd6'
    b'\xa6\xaf\xae \x12E\xc2\x1b.\xa8\xf22\xbe\x13c\x0c)B\xbd\xc7f\xcc\xc4\xb9\x0bL\xf7Z|\xc0\xe0\xff\xca\x0b\x8a\x19bOSH1\xf9\\\xf4\x82\xb8u\xb9\xf2q\x86z\xecBS\xa5\x9d\xe7\x9b\xe4\xda|\x10K'
    b'\x8c^\xf1R\x97\x12s\n\xd6yT#\xed\xd1T\x87>\xc5\xe6I\xc8\x00\x97\x9d\x86_)\x13K\x07F\xa3\x13\xd2-7\xe88:\x94\xe99m\xd4h\xa0U\r\x96\xbbd\xba\x99\x92#\xd7\xa3G\xd4a\xef\xd0\x88_'
    b'J\x15\xe1,S\x8br\xc5I\xfd\x15&\xadC\xa5\x1a*\x1a\xc6\xfc\x0c\\\xa6\xcd\xef\x1aZ\x81=-\xb8\x1f\xb7\xc6i\xb1<\xd3\xcd\x19m\x1a\xa3\xaa\xd1\xfb\xa6s\xbf\xa1\x9e\x86\x0e\xaa\xd4b\x05\x00\x88\x01kr\xf1\x99'
    b'\xfe\x12\tI\xad:b\xe9\n\x15\x9bc\xe3\xfc&\xb9\x94CgL\xbb\x9a\xef\x01\xcd\x8e\xbd\xc8\xf82\x01\xa7\x02\x1b\xd2\x00\x85\x83T\xa5s\xc3\xd0K\x12w?f\xd8\x01\x8c\xee\x03\x89\xc6\x96\x81nC~z|^@'
    b'=\xa5\x1dKq\x10,\xeb0\xdc\xc5|\x96~\xcc\xc6d\xf4\xe0Q\xb7\x93wl\r\x96\xd4\x97\x88i0\xd5\xb3\xba\x1dE\xa3\x12C\xe5\x1e\xe30\x9c_\xca\r8T\xe2\r\xd8\x04\x8a\x89\x8b\xa40\x92\x14A\x9f!\xed'
    b'i9\xcd\x06y:\xceK\x8e\x96\xa3\x18KR\xc7S\x97\x8eSM\x81\xab\x16W)4\x08\xcb\xaf0\x0b\xaa*\x1e+\x0f=\x95;(\xbat5\xba\xbd\x9dy\xcb\x0bH\xf8\x1e:\xae\x91\xcf\xecR\xb3\x13&]\xd7\xb2'
    b'G(\xb6\xf1\xb0\x10Q\x10}7|\x03\x85\xe1\x16\xc99\xeb\x8cf\xc8\xc9\xaa97pjM\x9f\xceE\xd3\x02Q\x18\xc2\xeb$?J\xb0L\x0e\xc1\x0fu\xd2\xaaNn\x94\x95\x95\xfdFs\x8b\xa5\xc4\x06\x16\xbem\xf3'
    b'U\xd9kh\x96]\xc5\xf3\xbb\xed/\xe0\xc4\xe5\x90\xf5^\xbemc~\xc6\x0e\x98\xdf\xbfy\xf3\xd73x\xa1\xc3w\xd3\xec\x8f\xdfh<\xfbI\xe3\xc8E%3U6\x10\x8f\\\xee\x136\xb0\xa3\x17\xc8*tHSO'
    b"\xe4\xc2\xbe`\xefObP 'J\x98\xf2\xce]/4~N\xe1\xbf\xdd8\xa6\x8b3v\x13}ah\x14\xcf~Hg\x86Id\x8d\xd3\xdb\xb6\xea\xc9;GJ\xbe\x0f\x98\x0b')\xb1,\x8e\xd6\xa2\x86_\xa4WS"
    b"35\xa8\xfd\xe5U6\xbb\xc8&\x83\x1b\xfa\xf165\xa7i\xd4\xd0\x11i\x9bBs\xbe)\xf6\xf0\xc1$\xb8\xd4\x96Q+\xc7\xc58\x1fb$\x9c\xf5tp3\xe0;7\xf9]\x92\xf9\x90~?'+\xe9%^=7"
    b'\x13\xf8!\xea\x00\xe2\xda\x84\\\xea; \x1b\r\xd0\x12\xb3\xb9\xa2\xae\xb8G\xe6\xf5\x07\xdb\x87\x05n\xe5\xe8*u\x96\x8eF\xf9\x80\xeb\xc2,\x98\x83\x99,\xf7\x08\xbf7\xf5\x9a\xfe\xac\x9dz\xcb\x89\xdf0\xbc\xa1\xdc\x9d\x80'
    b'\xb7\x1a\xf0\x9eY\xb7\x94\xc7\xc4\xaf_@\xbeX\x0bCP\xfe\xc2\xf5j\x07\x851\x1c\xc0\x96\x9e\x15\xcc\x8e;\xd2!u^\xd0\x87\xf1\xc1\xc3\x9d=T\xc0:V<=q\x80,6Z\xcd\xbb\xa0\xc4\xea\x15\xd2\xef\xb0v'
    b'E\x8d8\xdd\xa9.\n\x8bZ\xd4V:\x8f\x08\x863t`tr\xb3\x03\xcafC\x9am\xb4\xbc\xba\xe5{\xc2pEZ\t\x8b\xf3\xc9\x89\xf2\x8b\xea\xa3)B^p#\xda*\x07\x05\x0f\xa1U\xb2a,h\x03s\xc2'
    b'\xd6l\x07a\x05\x1blxErrJ\xdd\x1f\x98\t0\x87\xe6\xf8\xa6yr\xda\xd6\\#\xb2\xcaay\x95Y\x0e\xbf;X=\x17\x07\xc1\x01)`\xb5\x87\xf7\xa8J\xfb&\xcbF\xe1Z\xf9\xaa\x897\t?\xa1\xbfC'
    b'|\x1a\xd9\x10\xaa\x1bU7\xe8\xc8\x92\xa8\xe6\x8b\xba|\xeb\x1d\x00\x95\x16\xcb\x93wWU|\xa9b\xfd\x19\xf9%\xfb\xad;\x02\xa6\xfa\x9cU\x8fg\x85\xd7\xc4\xf2\x84\x1f\x8a\x99\xe2{\x94\xe1\x9e\x87D\x1fr5n.\xe5'
    b'\xf3J\xafV,\x8a\x8d\xd0\xd2+O\xae\x0c\xf7s8\xe0\x92Q\x80\x16\x8b5\xcc\x8c}\xf7j6\x8d\x9ct>\x11\x95\xb5\xa8\xdd?<\xec^\xb1a\xf7r\\\xf5$\xa5\xa3\xc3<Y\xfdK\xc3\xc2|\xb3:\x1elu'
    b'0\x98\xb8\xc62~\xbe\xd1\x18\x84\xadT\xf8L\xac\x9cA\xa0\xf0\x9d\xad4d\xeb\xd1m\xc9\xba\xc7\xd7\x89\xad\x83{B\t\xaaU\xac8\xab[\x16\xef_\xdb\xdb0\x16\xa8\x0e\xd5\xee?\xf0\xb1ZvsW\xa8\xccm\xc9'
    b'\xd8\xbf\xd3os\x15\x91V32\x878\xc8\xceht\x14\xa8\x1bE\x01d\x92I\xc0\xd7m\x14\xaa\xaa\x14\xa3\xfc\x82\x11s\xa0?\xb3[\x95\x91\x1b\xc8\xf0\xf9;T\x8a\x97\xaa\x1e\\\xc2\x932!m\xe4,\xb1|L\xc7'
    b"\x8b\xcc\xfbr^\xcf\xf2yf!dH|XL\xc8\xd6\x9e\xb3\x0b\xcb'\xd6aa\x94\xe4\\\xf7\xe6\xd3\x9b)$e#\\\xe3/\xfaR\x8eyny]\x8cWm\xf5L\x00+`\x15;\x90*\xa6)Dw\xe8\xdf"
    b'\x16"CJ\x93\t\x96\xe5Z\xb2r!(i\xa8zo\x84X\xd6\xcfK\xae\xca\xa1\xaa\xa8!\xb1)i|\x03\xf1VD\x18\x9e\xf4R.\xf3\xcc\x08\xe9F*\x9bY\t\xda\xdd6\xf8\x9e\x94\x84)\xbd\x98[\xefRC'
    b'\x08\xd4\x1aM\x83\xdcg@\xd5\xc2\xad\xa2`U\xb1?\x18\xddSc&pW83\xa4N\xf9zJ\xb9q\x00L\x0f)\x12\xb0=r\x07\xd7\x9cG\xb9\x90\xc6,\x17\xc8S\x80\x85\xf0\xbc\x00 K\x80\x93\xc4vc6'
    b'\x03\xee\x0e)\xfe\xbe\x93\x1c\x93Vb4 3\xbd\xe4\x80\x91\x96\x1c\nF\x8aM63\x93\xe7L~\x90B=\xda\xa1\xa9\x8cH\xe5\x8a\x94\x0e\xba\x11-\x1d\x06\x97\x1dQ\x99_L\xd2\xf1zi\x8b\x8eR\xbe?\x15\xa4'
    b'\x04\xbe\x06\xa5\x05\xa5\xc5\x87\xb1\x8e\x02\xec\xfc\xea\xe3vVt:\xe9s)\xdeT^e\x11\x11\x96n\xfaD\xe3\x11sd\xdb\xdf\t\xb1\x7f\n\xc7\xddQ\x13\xd7F\x87  1\x0c\xda\r\xc8:^1\xd2\xca\xc5\xa4\xad'
    b"\xa6^\xba\xec\xd5\xd8w\xd4\xaf2\x831\x97X\xb0\xd1\x87\x96Y@\xc0&\x85\x8e\x1a\xfa^\xd1\x0e)uc6-\x9dg\xd2\x9d\xf3\x1b'\x0b\xb3\xf89\xb7\xc8C\xc4\xaa\x08\xd6\xae\x98A\x07\xfb\xee\xf5_~z\xf7\xf2"
    b'\xec\xaf/\xff\x87t0D\x99\x1b\x8eBR<\x06Hr\xba]K\xfa\xfb\x82\xdc\xca\xce\xf4\x93s\x90\xc7\xd9U\xfa\x89\x1d$\xaf\x8abH\x9f\xf3\xd9N%\xca\x14\xe2\xbe\xd3C\x86\xf9\x95\xd1\xa2\xf9\xcf\xc5\x1c\n\x91\xe1'
    b'Y\xe5e\x86G\x99\xa8c#R\xb9N\xd7n-\xbc/V\xd9\x11\x05\xfa\xe1\xa8\xccN\xb6\xa2\x9ahy\x84Z0\xe4\xe3\xd7\x7f\xf9\xf1\xe8{#\xf7\xbd|\xf9#\x8d9\xd2L\xf6\x81\x9a_\xd5N\xf6\x93~Wz\xf3'
    b'\x8a\xcc\x13v\tLc\x8eK\x88;\x80b\xb8fWAe*5\xbb\x19\xba\xe8MFF!\xd0S\x15\x81\x85/\x7fNo(\xa4\x8fE.\xaf\xab\xf0f1\xbd&\xbeid\xb2M\xe8\xc6\x97\x94\xae\xd7\x1f;\x1f\x95'
    b"\xbc\xd5K6\x93\x8f\xe6\x8c\xa9@'R\xd3\xfa\xa3Q\xf4\xd1\xc8|t\xeb\xe3\xb5p@\xfa\xd2\xd4|,\x1fs\x97\x98\xa1\xaf\xea\x12\xba\xb3\xb2}\xd7\xb6\xeb\xc04\x9b\rX>\xb1#\xff\xd3\x1d\x03\xff\x88\xack\xdd\xba"
    b'\xa1\xaf\x1e<e\x93\xe7\x0fo\xad\xa0\xec\\IyS8\x147\x9a\x96&\xadA\xabR\xd2\xed\x11$*\xb7O\xd5nq\x95`I+\xdfG;-\x80J\xa6\xadp\x18\xd0\xf1\tQI\x87\xf5,\xd3^\xaf\x7fP\xb3'
    b'2\x8d_\x16\xdd\xee\xf0\xc9\x1d\xf3\x86\xda\xebhf\xd5\x9c\xc9G~\xdd\xe2\xe1\x08;\x88fN\xac;\xd5\xd9\x03\x17\x08f\x0e\xfc \xfa\\}yb\xd9L\xcc]j\xd0#=\x08\x1f\x13\x95\xf2\xe5\xe7z\xbd\x9f\x82\xc6'
    b'E\x97\xc3[ \xd1=\xcf\t\xcf^\x06\xdc\xb2\xc7\x1e\xe5\xb1\x9a\x97\x8a\xd3\x1e\x1bV\xfb\xf6=b\x90>m\xc0\xcb}\xb6!\xec}\x03\xf7C\x07k\x8c\xc3\x89Go\xa6\xc0M\x92 \x96\xb99\xac\x89\n\xc2\x97r\xa5'
    b'1.\x06\xe9\xf8\xd8h\xe3\xe4\xe0r\x91\xcd_\xcf\xb3\xab\xa6n\x93}\x96\x1b=\x82\xae5\xc2\x1a\xf2\xc9\xca\xc5kmk*\x86\x18\xe2\x13\x98\\\xe9\xc4\x95\xb9\x991:\xdf\x10CL7,,\xe6\x88\x9d\xd6\x88Ds'
    b'?Gx\xfd\x1dy,\x19->\xcfx> /\xfdX\x848\xf4\xcf\t\xffR\xdcd\xa4\t\xf2~q\xd5\xa7\xa5\x1c^\xa4)\xcfn\xd8\x1fWu\xef\xff+\xeek\xbb\x9bH\x925\xbf\xf3+\x8a\xea\xdec\xa9-d'
    b"\xbb\x99\x97\xbb2\xc2\x07hf\x9am\x1aX`\xb6w\x8f,\xfa\x94\xad\xc2\xaeAVyT\x12\xe0\xa5\xfd\xdf7\xe3\x89\x88\xcc\xc8\xac\x92lz\xfa\xde\xeds\xef`Ue\xe5{F\xc6\xeb\x13\xa3\xc0\x96)\x0b'\xb8\x86"
    b'\x81\xbe\xd2U\xfd\x94\x1a\xef\xa1\x0b\x03f\xe0\x8c_\x05\x84@\xed\x1em\x0e\xd3U6\x18\xba\x8d\xa9\x9a\x1b]\x14\xbf\x85P\x9b\xc0A\xbb\x9e\xb8\xebh\xae%L=\xae\x11\x8bc\xf0\xa8}\x9b,\xdaS0\xe8`3\xdc'
    b'T\x00\xc7\x9a\x95\xae\x08Qb\xa50\xb8\x15\xa8\x9fI]Y)\xd8%\xf3wn\x8d\xe7\xea\\\xb6\\\x89\xe7\x1c,\xc5\xc5RW\x8d|j\x88\x1f.HI\x0f\xaf6cJ\xe2\xde>[\xf4\xa4c>\x8a\x1d\xb7\x85\xf0'
    b'\x88\xec\xf4\xf5\xba<{\xfa\xf9\xb2\x97\xf7\xde\xfdv|\xdc\xf4\xc9\xc5\x99N\xf5n\x96\x8f{G\xa3\xc9\xf1\xf1l8\xdd=>\xfe\xad\x7f\xd4\xbbw$?\xfb\x12}C\xe95|\x84\xa6#\xc9\xee\xdf\x07<\x17^yP'
    b'\xacB\xc2\r\x1c\x1d\xd8\r\xc7\\\x8a`\xa2\x87\x17\x1c\xe0\xc3\x9d2\x02\xf6{\x86\x06\x93uCj\x8d\xe2\xa4\xe9\xbdX\x13\xef\xcco},\xa9\x05\xf2\xc3\xca\x1b`\xefd\x9fB\xb4\xa1u\x90\xdb\x1eS\xc8\x8b\n\xbf?'
    b'Q\xb9a\xdb\x1a\x7f=\xfa\xf6\xd1\xaa\xc7a-%\x1e\xf2\xe5?\x90\x8a\x06\\I\x98fL\x8a8\xab9~\xd1m\x87\xde\x97k\xf3\xf1\x17\xec7\x06\xc9f\x01\xb2XM\xb8.\xd2\xc6\xa16K\xfb\xf8;\xb2z6\xdc'
    b'\r\x8ak\x05\xfb\x11\rW\x16\xb7\x88D\xad\xc1\x06\xae\x9a\xe9\x83l\xe9\x95\xb2\xd7)\xb3\xf3Sy\xb5e\xe0a\xc4s\x9c\x9d\xdbL\xd5\xbeW\x9a\x9d\xbb;\xe6\x96\x1f\x1dD\xd0\x05\x813\xd6Ikk\xb7\xda\xe0\r\xe6'
    b"d\x90%\x16\x05\xc87\x05\x87\x94\xd0\xc47\xbc\x0f\xcf\xa9\xc3\xfc\x82%\x7f\xf2\xd9\xf7\x04'\n\xd5\xc7\xdc\xbd)\xaaY\xcf\xec\x0c\xe9\xc7\x9b\xd5\xd2U\xc7\xf9\xe6`J\xe72\xcc\x14\xf5\x99\xc5\x89\xd7U\x85i\x86.\x85"
    b'(,\xa2\xed\xa2, \n\xc96\x1e\x18!B\x00d\x01\xa9\x0b\xb1\x14\xa2\xf80{E\xc26]}\xae\xf6\xa5\xa0\xa6t\x88\xdb%\xd7\xbdd\xa38\xc52\xc9c\xdeI\xa6+\x18\x83H\xf4\x06w\x83\n\x10\xf0\xd6\xb6'
    b'e\x05\x1b\x9d\x9c\x9d\x13V\xa5\xee\x0f\xfc\xe0\xc6\xd9\xb3\x85#\xd7\xd5\xea*\xa2<$\xb60\xed\xc1_\x0f\xc6N\x0c\x90\x1f1\xdd\xe1\xbe\x8e\xb9\xd8\x1eJ\x05\x08\xa4\xea#\xb8\xf6\x84l\xde\xb0\x1dQc?l\x05Q\x0b'
    b'\xa2.\xbb\xa5<\xe5\xe2W\xf7t\xac\x0ftlF\x0f\xe7\x07\xbb\xe1#U\xc5\xc9\xfc\xa0\x0bA\xfb\xa6l\x9dV\xf30;(\xef\xfd\xc5\xce\x02\x9f\xd0\xaf\x1b\xe7~4Fsf\xbf\xae\x9a\x83\xa8\x9a\x93d\x98\xd413'
    b'3\xfe9\x9a\xf2/\x18\xbf\xfe \xa1\xf8_0\r#\xd49\xa0\xe8\xc7\x91N\xe4\xf5\xa1\xbf\xc0/\x8b\xb9\xeb\xaex\xa9\xd6kR\xe5\x14\xea\xad\xee\xa1\x83\x00!\x8d[\x82\r\x08\xe2\xd2\xfd\xde\xd5u\x9e\xe8^@V-'
    b'\xc2\x8c\x93\x05^q\x1b\x12\x84JT\x17\x95\xf1\x02\xe8\xc3\xce0Q\x9eAI\xcb\x91\xe5}\xb9\x14\xf7\xb8\xaf\xe3\xc9\xbb\xe3f4\xdd\xdd;\xebkv\x87\x0egp\x82\xd5\xb8=(\x86\xd5C\xb7\x81/\x96\xe5eI='
    b'\xa8.-6\x86\xb8m9q\xf8l)\xd7x\xb5\xf8\xe0xw\xc0\x80\xc0(\xd6\xfbk\x04\xee\xa0\x08\x17Q\x01A\x83\xd3\xf9\xd8\x08\xab\x10\x88\x1f\xa9\x1e\x0b\x95\xd9\xab\xc6+\x1d=l\x11K\xb5\xe2GpZ\xce\xe7\x89'
    b"\xden\x07\x9e\xda)m~\xe2\n6\xe8\xfc@j\x10\xfc;\x92\xa5\x0c1\xaa?o\x99\xc8jq\xb9^iH\xc9g\x0fs@\xab\x9c\xebC\x94\xf9\xb9\x86Ck>+O\xab\x0b'3\xea\xcb\x18\xfa\x00\x1ds\x8f\xfd"
    b'k\xbe\x17x\n}#2\xad\xf8W\x1f\xd6\x0b\xbe\xbe;\xbd\xf1\xa1\x9c\xc0\xacE\x8ex\xbe\x01\x9f= \x1f\x90l6\xcc\xad\xa9\xe3n\x8f?}\xe8h\x81\x05bnw\xae\xdb<I\xd3\xc9U\xf4;S\xb20\xdc\x13'
    b'\xad\xe3m\xf6+Jv\xcd\x1a\xbd\xc8C\x89\xf8\x9c\xd13\xc3>L\\\xefy\xd1\x9b)v\x1a\x07vr0O\x12\xc6\x03\xde}@J\xc2\x8d{"\xf1%\xc4\x17\xc1\xcb\x9a\t"\xb97\xaf\x91\x05\xc1\xfd3\x94\x87\xcd'
    b'\x84~p<\xb57@\xc3\xe7c\xec\xbfs_\xd0\x13\xc6\xcf\x94\x87Ca\xfcde\xd7\x0bf\xe8\xa9[\xae8-Mj\x03\x96\xc8\xd5!\x975fr\xf9\xd8\x11\x96\xbb\xac\xcc\n\x0bh\xd8\xdf\x8f\xa5\x85\x19\xd98\x02'
    b'\xac8\xd7\xd8\xe1(&\x92,$\xe9\x81\x95k\x83\x85q\xc9\xfe\xa6\xe3m6w\xa9?\x1a!E\n\xf1Y\x9cP\xf11\xea\x99\xe6\x16g\xfa3\xeae;?7\xd3AF\xf1\xc2\x9e\x1a\xa1\xf7cy\x15\xb0}\xdc\xda'
    b'k\xaa&\xc5\x99\xbf\xa78\xf3\xe1\xae$bD\x92!B\xb5\x88%\x18\xb0\xd2D\xfe\xa6\xb0\x08\xdc\x84\xf7\r\x1esu\xc1\xab\x197\xc8\x8f\xc3\xa9\xe4\xdf\xe1<\xb2\x9c\xaa\x1aV\xa9\xa4\x92K\x0b\xca\xfbF\xe3\x91\x06\xd6'
    b'\xe6\x12\x99j\x10\x1b\xc1\x8e\xefU\xa3q<\xdaG\xdc\xca\x17\xc5\xe7\x9ep\xaf\xdc?\xd7N\xdf\xa7\xce\x8b\xdf\x14\x9f\xfb\xde\x80\xbd\x1b\xd2\xcdcN\x88L\x19*l\xb8e\x91\xf0\xb8\x0e\xbe\xf9\xfb\xa4\xa1\xce\xb7\xe5\x97\xc9'
    b"e\x88:4\xb1\xf7\x0c6\x8dqU\xd7\x91\x8f \x93'\x83\x12C+qQ-8\xed\xef\xc7\xd2\xc2\xc4\xd0cY\x8e\xa6S\xc6\xb3\x056|7\xe1\x7f\xa7:\xad,\x04p\xdf\xad\x10\xe0\xc1h\xe2,\x99\x88\xfe\x91\x9d"
    b"Iz#\xd2\xeb\xe7J)\x86\xf4\x8b\x9f\x0bK\x92'\xdbD\xb8!\xdd\x1e\x9e%\x02\x8b\xef\xb6&-\x80O\xc6\xd1\xcc\xebU\xb0\xcd\\X[\xb7\xdc\xe1\xb7\xb7w\xeb\xa5\xdf}\xe9i\xbf\xb4\x987\x84o`\xaf\xda2"
    b'q\xc4|\xf6}\xbb4h\x98\n<\xf2>q\x0eD\xfe%\xd0\x88B<\x18vEC\x97\x98^P0\xbc\xe3\x0bDoV\xcd4\xa7\x0f\xcc\xa1\xe9\xa0\x98?"N\xe3\tG/A%\xedJ\x87\xbc\xee\xba\xf5\'a'
    b'\x10D\x08\xa6[\x17w^~,\xe7y\xecfp\xa2I\xa3\xfc\x85@\x85P\x9e<\xb0\xde#\x1a\x85\x13\x92G%\xb6\x9d\xc1\xb6P*\xad\xf0\x86\xa4C\xf8\xdf\xb6\x1fB\x18\x98\xc5"\xc9{\x99\xb3\xef\xb2&\x97#\\'
    b'\xb7\x9c9>h:\x94@o\xf6\x87\xfb\x07\x92\xed\xd5\x1d\x9a\xde\x81V\xcebr\xff\x96g\x04\xc9y\x89b\xb7\x0eN\xe8\x03\xd3\xe6[\xa9=lT\xa3Q4p\xe4c\xa8%\xb6\x14\x05b@[\x92\xc3\xe2\xd4\xfc$'
    b'tV\xd8\\#\x90\x93\xa1Kl\xe8\r\xd2\x1e\x9d\x9d\t\xd0(G\xa9\xb2w<\x8e\xb2\xad\xde\x84\xd0\x89=\xdfT\xea\x0bN\x9c\x90\xbdO\xf9\xc7;\x81\x0cY\xc85C\xf36\x0eD\xe6\x1b\xaa\xed\xc6<$"\xd1\xfb'
    b"]R\xf4\xcd8v\xed\xff\x00Enf\xb4\xeb\xa6\xe2'\x03\xd1{\xc8]\x14>\xb96\x7f{\x16\xf9\xc7\x12\x90}zlX\xa7\x0c\xdd\x90y\xa0J\xa7\xf8{\xe5\x87C=G\xe1o\xe1\x96GFp\xbe\x89\x80Y\x91"
    b"\xf9\x167\xa7_\x03\x7fk\xd2\x13\x886['8W\xb5\xfc\x0e\xe7\xce\x11\x05\xf0W\xdd\xa5[\x1b\xd8r\xe65\xe6\x19\xa1\xdfct\xb8%/\xdcx#\xc7\xba\xe5X\xedt\x81\x88\xd0\x0e\x9d\x13\xb7\x19\xd5Be\x8d\x0e"
    b'\x16\x15\x0e\x8d\x96\xc5\xdc\xe3\xbc-6\xde\xfex\x1d\xd5\xedu\xda\x14:\x97\xe8f\xda5\x9b^|q\xbd\x1d\x195\xd9\xc8r\x0c2q\xa0\xd0\xca3\xec_\xdbv\x93\xbc\xda\x12\x15\xe2\xd8fw\xff\xb7\xdb\x8b\xbe\xec8'
    b'\'\xd7]\xb9\xba\xdb"\x1f3\xa3L\xbe\x04\x9d\x8d\xfdd\x98\xb8\x85\xbc7\x1cR$\\2\x92\xa4x\xf7\x1d\xb9\x99\x81\x9c\xcc\xea\xcb \x91\xe2\x830{\xfeZ\xdd\xce\x86\x0cn`S\xa6\xd1\xedHa\x82[\x84\xf3P'
    b'\xee`\xbaU\x1c\x8d\xe6D\xa9\xfbf\xfe{\x10\xf1\x19\x0bvP!\xf2\xc5\x16\xa6\x19\xe7:\x93\xa0\xe9\xe0V\xac=v\xb7,\xf7\x83n\xb7g/^\xfd\xe3m\x1e\xc9\xec\xa5:\x91\xba\xbfG~\xa0\x03\xd2\xfd/\x9bQ'
    b'\x9br\nS\xe0\xebg"&r\x8f\x10\xd4\xeb\x96\xbb\xa1NL_\x84\x98M@\x1bZn \xe5R\x9c\x92\xecV\xdf\xefo\xf8^\xa7\xfdg\n\xe7\x88\x1c\xd0\xaa\xd8]J2\xde\xaa:I\x16I\xb1od\x9aA\x7f'
    b'\x10\x18\xa2\xa2Y\xbd\x80\xc4i;*\x8f\xb6\xc0\x99v\x920\x9a3CV\xdcm\xd3>\x9a\x96X\xfc\x1e\x12t\xe3\x99\xbf\xb6\x9d\xa1\x81\xf6y\xbc,u\xb3dl;\x1c\x9f\x92\xc4\x9d=e\xe5\xfb\xb6\xfb\x11?\x1f\xd6'
    b'\xb0}\x1d\x06\xe2mozKo\xe2n\xb7\x8e\xc1]{\x0c\xe2\xef\xac\x10\x9dl\xef\x88\xb3\xe9\x92G#4\xd9M\xfcz\xab\xd26\x83\xddQ\xb7r\xdbQ\x13\xdb\xfa\xd7\xc1ym\x9d\xc8A\xc49]\x1b\xe7~\xeft'
    b'H\x12Re\x93\xaa\x16]\xac\xaaR\xea+NVHAh\xb0\xa0\xfa\x8cd\xacHP\xab\xa2\xea\xa5\x1d\x9daU\x95#E\xcbr\xb6>\xb58\xe1\x14\xb4\x05\x97J\xa3m\xf24\xc9\xbf\x1c\xa2\x96><\x95\xee\xab\xee'
    b"\xb5S\x9f#5\xd17\xa4\x15c\x11\x8d\xa3\xe1\xc6n\xbb\xa03\xbb\xc4\x00#>\x96p\xa0\xccd\xbc\xf5~%;\r\x80zI9\x0c\xec\xbb\xcd\x0e\xa2l\x9d\xe7\xd87\xa4#='|\xfd\xd2\xf8rzG\x06\xaa\xef"
    b"\x96@\xba\\\xb8\x0bDW\xdet\\@\xfc\xc6\x16\x8aU\xa2\xd6\xaf\x84\x92\x8b\xaf\xbf\xdf\xbf_\x00\xc0\x0c\x7f\xfe\xf7\xe8K\xd18'\xdf\x9c\xd3\x9e\x08\xfet\x92\xeb\x8b\xa4@\xf6a\xf6^\x13\xfc~\x80@0\x1a\x03\x90"
    b'Y\xa3\x01\xc4\xc8\x84\xc5\xb2*\xee\x95\x9f\xdd\xe6\x9b\xc1\xcd1i\x97\x10Z\xd1\x16\xbca\xa2)\nB\xf8k\x18\xbbr\xf2\x96\x83\x14N\x9c\xad\xe8\xfdB\xf2\x19\xf9j\x1bfp\xec\x7fs\xd7\xfc\xe4\x13\x14|L\xb2N'
    b'w\x9f\xa6\xc3\xdd\xa75\xa2\x03\x0cg?\xf7"l\xec\x03$\x17\xd9O\xe4\xe7\x8c\x1c\x12\xecp\xec\xae1\xf80\x19\xbd\x05\xdc\x9c\xc8\xdb\x94t9\x08\xff\xd7\xcc\xc5\xe6\x8aN\x14\xf0\xa2P\x8d\x9c\xf61/\x06{\xc9\xfb'
    b'\xaa#\xcd\n\x96t^\xfe\x11\xc1\xaf\xad(X\xaeX\x00Z\xfe\xf6\xbf\xb9A\x82\xd8\xfdT\xcc?\xe8y\xc3C\xf1\x08\xa7\xadF\x8e2\x1c\xbd)\xdf\x17\xb8\xc0I \xc0\xcd\x0e\\\x02\xf8\xdb\xe0-\x0c\xd5\x1a%Hy'
    b'i\x19\xbbb\x89#\x8b\x8b\xd2C\x1a\xa3\x10\xa2"9\x00\x9b*\xf8Q\xcf.\x9b\xfd52\x9b\xc2\x16g\xc1G\xeb\x0e\xe7=/\x16\x8f\xd7\xcd\x95y\\4W\x8b\xd3\xcc\x04~\x17\x8b\x9f\xcbYU\xf4f\xd5\xd2C\xf4'
    b'Q"\x10\x0c\x98}|*\xb2G\x9e\xac\xab9\xb9q\x83\x12\xbb\x8e\xceq<\x987\x96\x18T\xc1\xfe\xbd\xa8f\xf7\xa8^\x05\x0b.\xcbF\x90\x11\xb8v\x9e>Ey\xa0v\x9a,\x14\x17\xbb>\x05\xbe\xbe\xaf\x00\x85\xd0'
    b"\xf8\xe8G\x85\x1e\x92a\xd9K\xd5\x0c5@(\xbbv(\xa0\xb2\xe9L\x0c\xb4DX6g']\xae\x86H\xc7\xd2\xcf\xc2\xdf!6;\x1c2\xb85\x10\x8a\x14{\x00P\x96\r\xda\x14n\xee\x86\x94P\xa1\xa2\x04\x021"
    b'\xc7%\xa1qT\x12l\x86\xa7\xbcxr0\xb5\x0c\x81\xd0\x83\x0fn\xd8\xcc;\xd0rC\xb3\xba\xf0\\\xf5\x9b\xab\xc6\x9d\xe7\xec\x7f\x91|R\x92_B\xbd\xbc@(9\x90L\x17n\xeb\xac\xbd\xbc\xd8\xed#e\xa6\xa5\xcb'
    b'Q\xca;-\x90\xf7\xd7\xd8\x94&\x87\xa9Dc\xe1de8\xac\x85n\x8fC\xb7\x8fx.\xe1q7\x92\xbf\x11\x88\x12*\x01\x17D\x95\xb8!\xf2\xb4B\xfcf\x03\xb8P\x81~v\xe2\xae\xa6\x0f\x89\x0c\xd8\xe1B\xd7\xde'
    b'\xec\\\xee\xeb\xb6\x01mk\xd9\x05\xf4g\xd8\x04\xe99\xe3]f\x9dn\xd0\x10\xb8\xa2\xc8\xdd\xe6\x7f\xbcy\xf9\xc2\xdd\x0c\xc4}U\xef\xafz\xa6;q`\xa1v\xc5\xa7\x81v]\x00\xbe\xe8Q\xf8\xbb\xc7`\xc1\x12\xb3x'
    b'\xdd:\xce\xcb2\x1c\xe8\x90mZ\xd0\x1b\xdc.\x15\xdaAz\xc8\x8e3\xc4\xca\x90FW\x9d\x87\x12\x1f\x00^\xa5\xd0HR\xb3\xf86\xa6\xf7GhB\xddD\xec\\\xd1Vw\xcd\xf6-\xe6\xb9\x1f\x91#\x9e\xe5\xf2\xad\xdb'
    b'C\xbdyqBQ-\xb4\xcd\x04\x10Z0\x8a\xac\x0b\xfc\xad\x99\x1a*\x9a\xc0\x7fSK\xb9\x7f\x17\xa3\xb76\x1f\xcf\x18\xc7`\xbcsp\x7fG`a\xf8or!}\\\x7f\x1e\xef\xecg\xfb\xd9\xc1\x81\xfb\xbf\x9d\x87\x0f'
    b'\x90\x90u6\xde\xf9\xf9\xcf\xc3?g\x07\x9b2\x7f\xe6\xcf\xf1z?\xfb\xf9 \xa3\xbf\x9e\xbb?\xdd\xbf;\xe48X\x7f(\xc7;\xa7\xeb%\xc9\x9e\x14\xaf\xbd\xd4\xa7\xf7\xb4\x1f\xc3\xff\xd8\xd9X\xb1\x14%\xde\xf8\xb4\xb8\x1c'
    b"\xef\x80\xe3\xdf\xd9{\xf8`\xcf\x8d\x04X\xb2\x98N?Z\xe5\xb1\xf2'\xf5\xe5\x95\xdcS\x1d7T-\xa8\x04\xfej\x0c\xf3\xb5\x81\x8b\xa1\x05\xfc\x1bU\xd7\xebX\xb8Cf\x01\xbc\xb7\xfb<9Q'\x95\xdb\xa3\xb4fB"
    b'\x12\xa8\n\xb3\xad\x9f<"L\xaeGO~\xfc\xf5\xd1\xafH\xb6\xe3=67\x85S\xe6\xb9I\x9d\xbe\xb8\x95\xe9\xc8\x95\x8b\xf7\xc9\x89\xf0\x8e\xf4"\xf1\xa7\x11/z\xffV\'\xf5\x07\x96~i\xdaA\xc9)\x13\xb8G\t'
    b'\x88\xa6\x92>\xeb\x9aI\x7f\x94\xca\x0e\x08\x119c$\xf7\xfc\xcd\xd5\x8at\xa3v\xc6<\xaf\xe5\xb3\xbd/\xba\x88\xc7\xb6\x95\xf2G\x8c\x8d\xed1Q\x90|\xd5c\xa1\x0e\xc2\x87\x12+N\x1c&\xd5\xf9\n\xee\xec\xbd/\x17'
    b"\xeb\xf9\xaa\xba\x9c;\x8e\x8a\xc8'\xebx\t\x18\x00-N\xbfV\x13_~>\x9d\xafg\xe5\xa3\xd3S\xc7\x9a>\x9a\xcf_^\xd28\xb8\xee\xeb\r\xa4\x08\x8a\xb0Y\xd5P\x0eu\xd7gG\xc3\xe6\xf5\x19\x07\xcej$j"
    b'\xf6H\x98V\x91\xb0\xc5pG\xb0U0x\xbc_7\n\xfc\x84\x83\xe2\x15O%\xc2,\xf8\xea~tR/WO\t\xa12W \xec\x13 K\xf48a\xbc\xd4\xc6\x80\xf5\xc4.\x03y\x8d\xf3n\xf1\xf1\xeb\x01\xf1y'
    b'xQ6\r\xb1\xd5\xbb\xe4\x9a\x95\xe1x\n\nI\xfb\xf0\xe7\x8a\xff\xf6^">\x15\xd9\xed\x07\xc7\x9b\x12\x8c\xa5f\x86\x9b\xcd\x0c\x7f\t\xf0\x84!i\xdc\x97\xde\xcd/\xa6\xd8p\x0ca~O\x80A\xc1U,i\xa3\xcd'
    b'"\xfc\x02\xcc\x8ey\xe6Y\x90\x8a9\x90\xca1 \xbc]<\xf3Q%N\xda\xd5\xbcl\xcb6*\x10\xf3r\xb1\xb3\xad\xc7)\xa3,u@\xc5gI\x04\xc8\xf6+b\x8c\x1cS\x8ed\xc0nV\x88\x87\xa7]\x16\xea\x0b'
    b'`1\x82\x95\x0f|\x1b\xb5j\x15\x1e^\r\x87\xd3\xa2\x88rn\xf5U\xd9\xacz<\x94I5\x95\x10m\xc3C\xc9L\xb0\xc23.\x87\xf3\xdfc{7\xb8\xa6\xd0\x15\xeaC\xd3\xcf\xad\xd9%a\xeaT\xe3\xf4\x9e\xef:'
    b">r\xa1~\xc7(\xd3\x81\x0b\xda=\x0e\xa8\xa8\x9aU\x0c+\xe1'\xd8\xbe\x94\xdb=\xbe\xd3\xb5J\xfe\xd5\xa3vy\xb4\x87\xf1\xf1\xb2\xaa0_'aD\xb9\x11\xbc\xaf\x96\x17\xe1K\x8c\xbf\xf2\x1e!QR\xe4a\xf6\x9a"
    b"\xbd\xc1\x9c\xd8s\x94\xf7\xfb\x1b\xe7!Rc|U\xc7\x07\xd9\x17\xa6\xf6\x96Rxc\xd0\xb2Z\x15'\xa6R\xd5q\xe0\x8b_\xe4m\x98^!y\xf2|\xc8!\x1e\xd4\xd4\xa6\x12\xa7sw\xc4\xc3\xf7|\xac\x14\xe96\xd3"
    b'C%~`a\xae7J\xe6\xd1>\xc3\xa68\xca\xc2L;n\xb1\xc0\xcf<\xd2\x9e\xca[p\xeb\xffs]\xaf\x8a\xa7\x9fO\xcb\xd2uD(V{\x1f\x03 \x93[b\xdc\r\xd9\xd3\xe2YY\xb95=H\xb1p-'
    b'\xb8\x83D\xc6+\xd8F\x9b"\xea5\x08\xdcc\xe4\xb7\x19e\xcc\xa7\x80\xee\xd0\x96\xa1\x9f\x88;\xa1\x1f\xa7\xf5eU\xc23<\xe0\x07upC\xdaivo\x1dd\x9cY{\x98\xc9\x95\x1c\x12l\x8a\xa8\xcd$\xc5\x1d\x0c'
    b'\xa8\xe5\x13\xaa\x88>o\x90F\xf4F\xbc\x99En\x1f\x1b\\J\xaf\xdc\xa5S\xb3\x06\x01\x91d\x92GP\xb2vr\xeeK\x0e0C\x003\x04\x8a\xec\x02 \x9d\xd4mp\xcf\x01&q\xbd\x08\x89\x08uOm\xc2\x05\xb1'
    b'A\n{\xc7\xc3\xcb\xabo\xf7*\xa6o\\\x80\x0e\xf1\x05\x8d\x85\xdd\x00#X\x16\x85\x0b\xe1Y\x0e\xc8p\xbcl||e\x99\xcdJ\xf2\xe2\x1d\xd2\xb1o\x88\xaa\xf3\x15\xc8\xfd\xe4eo\xaf\x9bY\t\xaf\xf9\x8e\xdb\x8dZ'
    b'\xcb\x15\xcbJF\xff5\xd5\xfa\xc9\xeb\xaa8\xbc\x8c\xf7\x94\xdf\x91N\xcc\xe0U\xf3kb\xd7\x93\x1d:9\x92=\xd9\xaf\xb9\x14\xdfi-3\\\x81$~\xe8\x07.4\xf2\x16#dL\xc8\xbb\xc6\xb1}\x11:\x8e\x93\x82'
    b'e1)\x16\x04\xbe \x95\xb5\xa4\xcd\x8d,g\x08\xf8\xe2t\x8eF9\x00\xd6$G\x9f\x8e<k\x0cf\x8a\x01^".9\xe4\x8e\xbdd\xfcu2\r\x04\xedY \x1bG\\\xe3\xe8\x96\xcc\xf6QH\x8b\xae\xd7\x13\x9c'
    b"\xd8\xad8\xdc\x92z\x93\xeb\x85\x87\xff\x94\x12i\xca\xd0\xbf,K'\xb15\xd8\xc4\xad\x11o\xe2Hu\xbf>\xf1\xac\xe0\xac=\x02\xde\xbd\xe1\xfa\x1cf\xcf\x0cw\xa2\x18\xefG\xdb\x988'7,\xe5\xe2\xb9\x8dJ$\xd8"
    b'\xbbEu\xb3<+W\xb1\x19\xcb\xbc\xe8\x99[\x8a\x01\x99\xc8s\xef\xd1J\xa8_\xb1\xea\x03\xbe\xc0\x90\x8d\xdfM,\x83\xfe\xf8\xeb4;g0\xc7\xf8?{\xca\xc3D\xde\xfe\xa0\xber\xda\xb0nl\xba]\x96\n\xabO'
    b'\xc6\x83O\xe7\xb5\x18Y\xaaU;\xc5\x892\xb1\xdb\xf0^%\xf2\x14`\xe8\x8e\x1dh\x08|\xa6\\Q>\x81\xe0\x1c\r&\x82\xaf\xf2:\x0e\xbf\xe5\x04\x10n\xdf:\xe1~e\xdc\xc6\x93\xe3)\xfd\xe9\xd0\x1c\xf3\xf1\x0e\x8f'
    b"\x0e\xa3iM\xd7\x84K\xc7:\x1eO\x14\xa8'dd\x90h\xf4\x9e\xd1@\r\xb2?\xef#\x92,R\xe1\xfb\xc4y\x96\xeb\xfb\x83p,_\n\xd5\x0c\xf5\xce\x1d\x1f\xda\xc4\xedV\x9c\x15\xcb\x89\x9dLX\xec\xbd+8\xac"
    b'\x84l\x0cC\xaa\xc4u\xcc\xdc\xa0\x96\xd5\t#B\x9e\\u]\xc4b\x9c,?\x17\x17\x97b\x02\x18\xc2\xe5b^J\xa4c7I\xcf\x95\x9c3G|\x07\xfaq\xbe4\xb0\xe3$_\x93\xba\xc7\xca(L\xe6\nF\xae'
    b'_\x03\x80$\x97$\x15\xae2XE9\xdc\xb7\xf0\xb4\x93\xa7\xfc\x8e\xd7\xc1\xaf\x144S39yT\x8c\x13B\x1eI\xd9\x92\xd6\xbd\x14\x85v.J\r\xee\x86\xf9vIr~\xf6/\xc7\\\x92\xef\x081gy\x9c\xc2'
    b'\x9bl\xb5&\x9b2W,Vj\xce;a\xce\x93xW\xf1s\x8dP\xea\xe5y\xfe\xdb\xce\xceN\xbf79n\x8e\xdfL\xbf;\xea\x1f\x1f\xecE\t\xf8\xf0\xddQ\xa6\x11\xbbCW\xfd\x85*Q;n4\xa6(\xb2S'
    b'\x82I\xc4v!\xc8\xb5\xb75\x04\xdc\xde\x0c\xb0\xc5\x08@!\x12\x1d\xbcY\xaa\xf47Wn\x9e\xb7\xc5hy\x15O\xb6\x8c#\x12w\xbc\x18\xc9\xc8}\xbd\xfe\x16\t$i/8\xe2\xec\xbd\xd3\xcd\xbd\xc7]\x96+6\xee'
    b'\xb28\xba\x11\x01\x9b(v^5\x9b\xa6\xb1\xd5\\\xac\xa9\x97+Cq\x1d\x8d91BFA\x01\xb1\x0f\xb2\x13\xfa\xe7(\xbbw\x80\x80=C\xe1\x01J\x15g\xf1\x9a\xe9\xe1\x18p\x14<\xf9\xc7\x19a\xf4\xe5BN\t'
    b'e\x92\xa9\x00\xf7B{\xf9\x13\xa1\xaa\xd2\x89\xc47\x04\x05\xce\xa8T\xf6,\xe9A\x02\xb5\x00@,\xa7\xe9\xe8\xdcr\x92\\\x86\xb6\x9c\xcf\x17(Z7\x9bsDR\x8a?{\x82\xd4\xe9\xfd-\xb8b\xffx\xfd\xdc1('
    b'\x1f\xeb\x0f%\x7f\xef~\'_\' c\xf1K\x0fS\xd9\xa9\xc0\x91\xfemR\xe1(\xb9\x19kI(\xfa\xf5\xabI5%\xe7\xac\xa1\x942\xa1^\xf2$\xdd v\x03\x9b\xcb5\xda\xb6t\xf0bq_+\xeb\xb7U"'
    b'\xc9<\xd8\x8e\xedO\xc9\xeb\x91&\x8f\x05\xfe0yF\xa6\xef:\x04q\x97U"\xdc\x90:&]\xc6\xad)d\xbaV-\x18\x80n\xcb\x05\xc4\xc9\xe8\xfd\xf4%\x04\xaf\xe3\xa6\xb7\xe5\xfc.\x8d\xcb\r\x92\xda\x03\xcc\xbb\x9e'
    b'\x05\xef\x1c@\x08\x1a\x12\r&\x97\x0f\xb2\x17\xd1e\xa4\x9a:\xceY\xa9\x08\xc4\x8b3\xc6XY\x02,~\xb9^\x08w\xd4JgJB\xaa\xfc\xcdbjZ\x82,\x89\x9b3\xfdFu\x9at\xa8[\xea5\xa5l\xdd\xf6'
    b'\xe3\x8eL\xc2\x96\x1fZ2:m\xd0\xff\x89k\x03`\x9f\xb2?\x9a\x17\xa2\xd6\x1aE\x9f\x1f\xae>\xaf<\xc84\xd6f(\xfeW\xe0\x1c\xdc\xf4\x97\x15T\xc9\xa0pQ\xc1\x1d\x06\xe0\xfb\xb4\x08Pc\x8eH\x00\x06\x8fr'
    b"\x0c\x82d\xe0\x8f\x8a\x93U\x02\xa2]\\\x040:B\xfanx\x8c\x8aZ2\xa7\xf8\x98\x1e\xfaZ\x92'\xa1@L\xbb\x1a^?}\xf4\xc3\xe3GO~\x1a^\xcc\xfa\x84\xa2]5\x9a\x10\x85\xa2\xe9yLA\x7f\x8a\xce"
    b'+\xbe\x8b"\xf1\xd3o\xf6\xfa\xf5\xd9\x8e\xe9\x92\xbe:\x14\xbc\x1az\xa38\'<^I\x92I\x9d^\x1b\xcc?\x01B\xa7\x0e\x8b+\x08F\xcd\x01\xd4^\x86\xe0(n\xecl\xecy\x81J\xb0\x90\xdb\xa7\xa7n~\x02N'
    b'\x10\xe7\xb2\xa6\x861)\xfe$P\xa7\xe1\xc8\xf1\xea\xd1\xdf\x9f\xfe\xfa\xfc\xd9\x0b\x10\xe6\x1f\xdd\x8c<}\xadq\x7f\xc7\x948B4;\x8f\xeb\xda\xddE\x8b\xbe\xaa\xe8&\xf97\x16\xd2[Q\x9a\xaf\xdc.\xcd\xa7\x062\x8e'
    b'\xe7\xce\xaff\xe8:\xab\xd5]\xb7\xcb\xf9{\xdd\x1flaX\xd5\x1f\x90\xae#\x9d{\x01D\xbc\xc3a\x8f\xee\xf1k\xc2|\x84\xdb qN\xfe\xf1\x93\xfa\x82\xc4!\x8d\x8a\xd4\x9e`>\x85\x83\xf2\xeem\xb4\x8c\xd4\x14\xdd'
    b'\xa8\x83\x10-O\x8c\x89_\x9aS\xadOyP\xce\x98\x80lM\x8b\x99\xde\xcd\xbe\x94T\xcdK%\xab>\xa0\xcbZ\x9f\xb2o!\xb97\xa1"t\x9c:\xc7\x18=:\x94\x05q\xb7\xfc\xe8\x8b \xc0\xfd"6\x08p\xbe'
    b'\x86\xa81\xf0\xa5\xe5\x98)\xf2\xcd\x03!\xcd\xaa\x8f\xe4\xd7\xc8(\x94+\x80[\xcbn\x13\xc5\xa4\x9e\xdc\xc02\xaf\x17h\x83\x02\xbej\x0ex\t\xdc*\xb7\x1e\xc8\xcff\xb8\x9c\x8dh9\xb5\xb8\n\x8b\xc7\xa3\x93\xe5\x8b\x95'
    b'\t\xccF\x0bq\xd6]|\xe1XVy\x95\xf6!\n\x8e\xd2\xb2\xf9q\x0e\xe6\xd6\xff\xde1\xdag\xad\xc1\xbd\xdc\\\xc1(o\xe5\x08*V\xf15,\x8f\xef\x1d\x04L\x86\xb0e\t\x12Pv\xfe@\x96aF\xd3\x83\xd4'
    b';M\xc7J\xba3aL\xd4T\xcf[:\x0cM\x8f6\xa4qF\xc0\xc3\xc8:\x06\xaah\xd3s\xa7SD5\xe8\xc1\xce\xfb\xdb3Bw,\x02\xea\xdf5\xf3\xf5\x9f\xb4.\x1d\xedl[\xaa\xbd\xe3F\x04\x00\xea~\xbc'
    b'g\xa8\xaa\xbe\xcc\x15\xf3/xrh[2\xb2E\x1c\xfb\xd1\xea\xc7u\xa4\x95\xdeR\xb7\xba\x1c\xe0]\xd8\x15Lj|\xba\x02\n \\\xaf\xea\xf7\x9f\xe5\x9e\x01\x94\xa8\x1ep\xbe\xe2\x08\x02\x87/Jv\x94s[\x84\xd1'
    b'\xb8\x11\xbb\xa9\xe9\x99\xc4\xff\xcf\xa0\xc5z\x1c4I\x12\xb7\xe4\xbc\x8bDo\x90\xc5\x91\r\xc3\xa4\x1c\x8aPm\xa8\x1f?r\x85\xc9\x89\xd7<i8\xb0l\x949\x18\xb8-\xef\x1d\x1e@n\x00\x9b\xe1\nz\xe8;:>'
    b'I\x0e\xb3\x1e\x97|\x90\xed;!\x8a\xab\x1d\xc9W\\\xef\xfe\x80+#\xe1\x10\xf2\xf4\xa1\xc9;\xc7\x96D\x81\t\x17y\x8e\xc3\xa3G\x12w.\xb33b}\xd6@\xa7b\x84\xae\x07l\xfc\xd9\xcczrE\x9d\xca\xf3\xa4'
    b'G\xfc\x92LP\x1a\x0f\xef\xf6\xdc\xee^\xd7\t\xe2Ma\xd4\x9b\xfc\xc0\xea59\xd7:-f\xb5\xf0\xe1\xeb\x94\x9ebA\xae\xeck(4\xce\xcb9\x02L\xe5\xf50\xfb\x99\xdf\xc0\xf7\xb3\xb5\xc8&\x8b<\xa7(\x96\xe5'
    b'\xf6\x81\xe3\x8c\xea\xebo;\x0e\xa2\xc7m\xca\x1e\xec3\x1b\xa1O\x8bD\xbdV=\xc8\xbb\xde\xf1l\xb7w4:\x1e\xba\x7f\xfbG\xfd\xde\xa4\xb9\x98\xf6\xbf\xdd\xab\xfaQ\xc4\xbe!\x14\xb2PC\x1d\xdc8\x93`\x00*\x86'
    b'\xd0\x99\xef\xf8\x13\xe8L\xea\xe7\xf5\xa7r\xf9\xa4 \xbb\xa5D\xae\x92{\xdf_\x00\x88\xd3OB\x1a6\x7f\xd2\x975U\xff\xcc\x88F`<\x1d\x9f\xc9f\xc9\xfb\xbe\xcf\xf2$\xaa\x08\xd5\xc4\xb5\x072p\xd7\xbd\x08\x9f+'
    b"\x7f\x10\xe8\x9f\xd0\x02)\xd0\xd2\x06W\xec\x8b'\x00\x82\xd1\xbd!$\xbe\xc5\x83\x04\xde\x03\x19b\xd8\x1f\x9d\xd7\xd5gt\x12&\x87\xf7\x06'B\xb9W{\xa85f\x11\x86\xc8\x94E\x8a5\tc\xe3}\xce\xbc\xaar\n"
    b'\xc0;\xacJ\x85)&\x96\xa2\x83n\xa9\xc9I\xfa\xc8\xf8\xcd\xa8\x963\xb6PEu8\xc1\x9cq.\xa5<\x92\r<\xb9\xe8\x80\xe9BS\xff\x85\xe7c\x94Q2\x06\x9d\x0c\xfeE\xd6\x00\xfa\xf3\x8b4\xa0\xb4 .E'
    b'\x13C\x7f]O\xaf\x03\xd5\x8a\xf8D\xf1g@w=:\xa4\xdc\x9b\n#\xb3w\xbc\xdcs\xc4\xdb`c0\x8f\xdc\x81\xb7\xf1)\x02\xa8\xe2\xe0(\xf7\xd4\x905\x05\xe2\xa8W\x8a^C&o7\x98\x89\xfdas\x04\x1a'
    b'\x85\x06Sh%-\xfe\xb9\xe5\xa9\xf6e\x9f\x7f\x93\xc7\xf7"\xca(\x91\xfe\xe5\xd9\xeb\xa7?p\xc1\xfd\xbe\xf6\xe2S\xb5dZk(>\n\xaa\xd12\x1a\x85\xb1\n\x06a\xc27\xc0\x1d}@\xb5\xeb\x84\xf3\x85I\x93\x11'
    b'\xe6\xb5\xd9\xfdv\x0f\x13\xdb\xef\x06\xdc\xd9:\xc2\tcD\x84\xce\xba\xbb\x89\xdfL\xcd\xd8\xa3Y\xe5`A\xbfeZ\x97\x9f\xdd?\xfa\x97\xd9E\xbe\x97\xadM\x84\xf9\x886\xd1\xd6\xe1\xec\xbd\xc3\xb1?n\xbe\x1b\xa9\xf6\x15'
    b"\xed\xb7\xbam\x1aJ\x9e\xa8H\xa6\xbf\xb7\xf7M>\xf6,d\xf4[\xab\xb2\xac'\xa6\xd5/\x94\xed.\xafW?\x1d\xf5\x17\x14\x11\x0f\x98\x1b\x86\xcf\xdf\xb8\xc5\xeb\x928\xb0i\xec\xceE\xe9!\xaa\xef\xff\xbe\x81$\xf1g"
    b'\\!\xa4\xbd]bL\x17\x1cL\xd3\xb91\xb7\x8c\xc4\x8f\x9cj\x1am\xaa\xa0kK\xc9\xfct\xac\x14m\xd3!\xed7\xde\xaah\xa2\x1f\x07\xb5yAWL-\x90\xa1)\x91\x00B\x8b\xdb\x19\xb3\x90\xcf\x19\x97\x85\\_'
    b'~\x07)\x9a\xcd\x97;\xe9A\xd9H\x8bL\xdfd\xd8)\xd9\xf5cL\xf5\xed\\e\xec\x8f{Z_^Q\x18P\x8f\xaa\x8d\x9c\xdc\xf1D\x01\xe2bu\xa6\x11Y\x144\x8f\xbbB\xdc4\xfde\xbb\x83\xf8:\x1d0\x93'
    b'\x89\x90\xea&\\\xcc\xc5\xf2l-\xb3\xba\xa0\x1f\xcd\x98\x81\x14#\x01\xee\xb2\xba\xdc$\xbf\r$\xc2\x84\xcdS\x82\xb5^\xbf\x7fo\xfc\xce]\xa5\x94\xe1\xab\x97\xa0C\x82\x15\xc0\x0e\x18h\x88\x04e\xbf\xe1sa\x19V\x86'
    b'6\xfb\nY\xceJ^\xfdP\xe1]\xfe\xcb\xf09Q\xe1\xdf@U\xa5PD\x8f\x94~\xc2\x10n\x08\xcb\xaa-O\xe1i\x90\xa3x/tUab\x13\x1a\xbb\x1e\xaaOUU\xd6\x9atg\xb5\xd1@zEpq\xe2'
    b'\x01AX\x0f<H\xe3\xc7>,\x04\xed\x87*\xf7\x15\x13\x90\x08\xeb\xd1\x80\x10\xea\xd7\x1f\n\xb3\xa2\t\xe0\xce\xe7\xfc\xe3b\x98\xbd$\xb1\xecS\xd5\x10\xd3\xe6Z\xc4y\xb3\n+M\xd9\x1dq\xea\x1e\x1b\x9a\xba\xc2F~'
    b'\xf9F\x14\xa71G$\x8a^\xe8\xec)A\x85\xeb\x97.\xc3\x16es\x9c5\xd3l\x1ap\r\xa8\xcb\xee\x0c\xad\xd5\xea\xd3D\xd7\xcfo6\xf9\xec"\na,\xf9\x9e\xf84\xe5\xd2\x9bqn\x11I\x14\x89t\x01o1'
    b'\xaa\xd3\xf1\xf7\xfe\x08\xf0\x13\xad\x00\xc7\xcd\x7fM\xb6\xd4\xc0\x98\x81\n\x8c\xc3\xd0\xa9\xec\x84z1=\xb43\x12\x1eg|p\x17:\xf8H\xd3N%\xe0}F\xe5\x7f\xe1\x15\x92\x87\xb4\xf7{\xb6\xa7\x1b;\x08[\xaf\xbf\xa9'
    b';\x16\x85*<\x8c_\xc6*\xfcP ]\xb7 \x80\xc4s\xdf=P\x9a\x1c?\r\xd12\xf2\x8a\xeb\x1c\xdcb\xb9\xe5\xe4Q\xe8T\xa1R\x8a\xd1\xd0\xa7\xa2\xca\xa0\xa5\x0e/\xe5\x1a\xa2+\x11\x8bfu\xf5\x86\n\x9e4'
    b'\xf5\xf2\x04\xd6\xb3\r<\x7fK,\xa0Q0k\xfa\x9asf\xc5\xec\xaa\x87+\xb6\xd3\xb4,\xc9Pf\x0f\x82\x7f\x05\xd3\xc5\x8f\xd5lf=`\xb2.\xd5r\x9c\x1f\x8e\xef9\xd9!\xe1\xe4\xc5\xfcG\x9b&\xe3E\x82Z'
    b'+^\x94x\x15\x8b\xa8\x81\xd5\xf7\xc5Xf\xa5\xe1\x8cI\x04\xcb\xfb\x1d\xa3L\xe4\xd6M\xdf_\x14\x8b5\xf2;l\x99\xa7MU`\xda:j\x88\xa7\xb3\xa3#{\xef\x94@(\xa7+SB\xb7\x8cP&\x9dc\xbci'
    b'}\x8f\xe3\xd7\xf1\xb1nk\xbf&\xe9\xe7\xed\xfd\xce_\x87+i3\xc5\xf5{\xe2\xc9F\x0e\x1c[\xce\xe8mg\x8e\x95)/I\x96\x08\xdc\x8c\xc25\xce\x88Q<\x99\x17\x8b\x0f\x8f\xdd\xdf\xba\xd0H\xc0#$.f\x85'
    b'\xa2\x9c\x1aT\x8c)\x81\xf7\xbeb\xf9~\xa8\x15\x9b\xb6#6n\x9f\x19\xb6(\xde\x10\xe9\x9cc\xd1S\xd5{)\xa7E/\xd3\xa4u,"\x82O\xf5\n\x8ev\xe6BU\x8e$\xfa\xbaTMD\xf9C\xf6\xe3(\x1d\xb2'
    b"\x0ew\x94\x1c\x8f\xc7\xa9\xb6/\xd1\xdf\xc4\xd5\x04\x0e\x10]\r\xc2\x1c-\xf9(hdi\xeaF\xd1\x04z\x16<M\x89\xe8\nU\x8c\xba\xd9Z\x03\xcd\x1d\xd9\x8b\xd2Z'\x93I\x0f\x8d\x19\x1e\xbf\xf1\xb5wb\xe7\x16:"
    b'\xa8\x08\\\x1d\xdd\xa7\xd80\xb0\x11\xc9\xaa\xcb\x0f7\x8f_\xae\xd5\xf1\x82\x9e\xdf\xda\x89\x91\xa6\xe3\xb1\x17\xad\xcc\xef\x10\xa8\xfa\xd5\xf5\x99\xaaz<$_\x17={\x0e3\x94\x7f\x13\xf64\x1d\x83{\x00\xc4\x16\x8f\xcft\x9a'
    b'\x83\x1f\x00\xae\xa8\xf7\x95O\x0f@\xdea\x9a\rN<*\x1d\x01X\x95\xcb\x0b\n\xe9e\x8c!x\xb6#\x1e&$\xd3\xf5\xb9\xc6\x98\x81\xe3pr\xa4L\x02\x1aH\xd50\xb8\x83\xe7\xe8\xd7\xab\x90N\x0e\xb6>\x1a\xd3z'
    b'\xd1\x91\x8c\xd2#\xecf\x11\xce,:*\xb0\xb9\xec\x85\xc0?\xdc\x19\xac/,v\x08\xba\xd72D\xe1i\xa8\x85\x7f\xdaz\x86\x1cL\xa4z\x18.\xc0\x0e \x0f%\xd4J\xf7\xf4u\x90!f\xcb\xfa\x92\x9c\xb7.S\x07'
    b'\xed\xc8\xd1\x92\xf6\xc0\x0e\xec\xcdl\xe6\xec4[g\xbf7\xb7\x9f\xaf\x02\xd3\xbd\xac\x14oQa\x8d\xa4%\x88\x16\x84\x16H\xae\x88\xcc{\xb0\x9fU\x08k\x80#H\xc0P\xb8#\xfaq\xf6\xfbX\x08B>\xf8|M\xa4'
    b"\xa7FZ\xcd2'M\xa2\xe2O\xcbzq6\xbf\x12\xa7\xac`\xcf\xa5\xfe\x0e8\xbc+ds\x9b\r9\x7f\x98\xd7\xe8\x06\x15\xee\xb2l\x99\x92\xd54s\x0e\x86k\xc5Q\x83\x9a{\x99-H\xc1zK\xd8\x06\xb4\xbfE"
    b'\xc3+\xc6\\\x11/\xaae\xb0\xb6\x9f\x00MJQ\xc7j\xb1\x16\xb0\xb4\xe1}\xfc\xa1\xf2\r|\x19\x1a\xc1!7|\x19\x14\xf0\xa4%Q\xe2Kt\x06\x9aQo\xec!Eh\x9c\xe8H\x19#k!\x8a\xd5<\x9e\xabc'
    b'e\x84Xa:+\x80/\xea\xb8e\x13m\x99\x8d|\xb4\xa0\xe0\x88n\xf8\xc0Xu\xbcpDM\xa8\x86\x83|"Q\x85\xe7\xf5\x93>\xa5Ii\x1a\xe6(\x9a\xf8\x92\x9c\xcf\xbc\xb7[\x96\xdd\x8e3\x145\xf4\xbf\xd6\x05'
    b'\xa0\xdf\x985\xf4\xb3<N\x82\xad\xb8\x18&\x8dZ\x9b\xe4\xf94f\x7f\x84\x01\xc2K\xae\xcb\xcf\x18\x7f\xdc\x8f\xf9N\xff\xb9\x94\x93\x16v\xbd5\xe6:\xe6H\xa8\xe24qA#\xe0\xd5#\xac\x1a`\xabl\x13\x03<\x1e'
    b'\x85\x99\xc3\xc4+\xe3\xe1^\xf3\x06\x1d\xf1\x1a\xb6?7\xb7;J\x98\x9ax\xc9|U\xd7\xb1\x8eI7_G\xe2\x12\xc6\x9fr\x84s\xef]o\x92\xefL\xfb\xc3\xef\x8e\x0f\xbe\x15\xd3\xb2O\xd3 \x8a\x17c\x01u"\xa0'
    b'd\xb4IH\xa4\x1c\xca{\x7f\xec\x7flJf\xb9\x8bSsj\x9a*FW\x17=\x86\x82\x9a\x0cl\x06\xa6\xc2\xa4\xcf"\xdaH\xb7\x8c\xe0G\x86\x04\x100"5\xf5\x9c\x82oA\x17}x\x0b7\x9a\xa4\x1d]\xd9D'
    b'\\\xa0`H:\x91\xbc\xa5\x99 \xff*\xa8]\xa4\x1dPAi\xc8\xebX8q\xa9\xa4<\xc3K\xea6\x83\n*\xd4\x92f5\xe2\xc4\xaa\x11\xc4 U\xaf\xc6S|D\x16uJ\x0f\xe3\xae\xa7\xcb\xb5\x90H\xdc\x98\xdc'
    b'<\xcd\xcc!\xc8\xf5\xc2\x1d\x12\n\x9c\x96\x9b}`\x93:\x02\x17\x8b\xd1\xad9\xcf(\xd9\xba\x90\xcb\x1e\xee\x1d\x9c\xecS\xa0\xa6Y\x13\x84\xfb\x8b&bQ\x7f\n\xae[\xc5\xc5%\x9c\x83\n\xe0\xe5\x17\xc1A\x84\x0f\x8b^'
    b'cQ\x02M\xbd\xdd\xa0v\xf2i\xb7L\xfe&\xaa\x945\x1a\x02\xb3\xca\x95\x05i\x1av\\\x1fK\xa7|\x87U\x01\xe97\x1d&R*o\x03\xf9"\x06\x06m\'\x9c-=\x93\xfc\xd6\xc6a&\x8b\x81\x14\xd1% \xd1'
    b'J\xc3lk\xb6Y\xbb\xdeA\x0f/\xadSPR\xef\xf8xFY\xba\x06\xc7\xc7\xf7\xa6\xdf\xf5\xbfE\x8a\xd08\x9b\x03ji\xd1\xe94\xb5\xfb\xa1q%.O\xc1=\xe3CB\xbb\x14\x8d\xea@i\xac\xf7l\x92\\<'
    b'\x97\x880\xa7\xaf\xbcg\xd3\xa5E\xb7a\xd1`\xcdVo.8\xb9\x9cF\xa6\xf4~\xefht\x0f\x7f\xf4\x8f\xbe\xdd\x8bh\xf9]\xfe\xb4c\x04\xea\x9b\xbc\x04\x08\xb0\x98\xd3\xb94\x19\xd4m!\xa8\xf8\xc7\xd2\x8b\xc9\xf7\xd3'
    b'\x16r6\xd72Jj\xf9>\xaeE\xd2\x0f\xa1\xb2\x87c\xf9\x86Q\xb7\x99+\x8ffg\xce\xdai*t\x88\x1f\x14[\x80owQ\x13?\xdc\xe5$E6\xfe\x17\xaa\x05\xf7\xea\x81\xab\xd9]\xb8s\xe4\xe2\x08[k\xc3'
    b"\xcd+9\x85\xa0x\x84(O\xdf\xdd3\xde\x02\xd7f\xaf\xd9\xb4\xf4\x91\xfar^\xf0\xe2\xf3\x1f\x9a\x84BN\x8fg\t\xf8m7C\x82\xf3\xdc\x02#\xf8'o\x95\x7f\xd2V\xc1\xc7~\xab\xfc\xb3;s\x93Nh\x18w"
    b'\x9bA0\xc7\xca\xdaq\xdd\xd3!q\xde\xb4\xc6\xdc\xd8\xe4\x9fS<A\x94\xac{\xcbd\x89U\x9a\xa1\x84P<\xcf\xcc\x91\x12\xc5\\\xaa=\xfb)\xad\x0b~\x9aoZ5\xf5\xfb~8\xde?\xce\x1cM~\xd7\xc5\xd9e'
    b"<\x8db\n\x00fv\xc2L\xe0}\x14dQ\x11H\x15\xe8\xa8'\x9dr\x81\xc8\xa2z\xa2\t\xed\xba\xbb\x01\xc1\x03\x0eT\x0f\t\xca\xdard\xe0,\xcf!\xb3!\xc7\xe4qc\xae6\x92\x01\x16\x9c\xee9<d\x9fJ"
    b"\xbe\\\xc8\xc1\x93U\x1c\x08\xad\x02 \x1f\xf5RS#\xb2{\x06\xa7 \x00\x00\n\xee%A\x11.\xf4\x12\xa2'\xc3\xef\xd08\xdcP\xcf\x97%\xae<\xae\xee\xb4&_\x1e\xa4\xc1\xfe\xb4\x08\xbf\xc4\x9e\xe1\xef1Fr\xac"
    b'k\x12@.jB(\xe6\x1eJV\x04\xea\x11\xeed?\x16J\xbf\xb6t\x14\xe2\xb3\xf7\xf7\xa0\x99#\xf1\xe7\xc4]\x93\xa1\xdf\xde\x939\\@\xf4yzz\x82&\x97+m\xb9\xc3t\xdf8\x86\xfc&\xb7J\x90C\xc4'
    b"\x1f\x8d\xe6\x7f\xcc\xf2\x87'\xae\x93\xe2\xde\xffu7\x03h\xeb\x91\xa1\xb2p^\xeaM\x96g'\xdfM-\xd1\xc5\xf9FMn\x8b\xf3_\x8e\x98\x8aO>\xf5\x1bI\xa9zx~\x7f\n\x9a\x16\xe8\xa8+\x85\x17)\x81\xed"
    b'\xb7nJ\xe3\t\xc9\xb6U\x9d\x13m\xd05\xc2\xcf\xc2\xcdT\xaf#K0\xf5\xb4\xbb5\xdf\x98|\xf1\xf2\x1fo_\xfd\xe3\xed\x9b\xd4J\x8a\xe5\x1fP!s/\xf3\xd3\x00\xd6 \x1d;\x82,\x0f:\xef\xce\xb0\xa7\nm'
    b'\xadF\xab6\xd6*\xa4\xd9\n\xa2\xe8\x1a\xe2%\xfd\x05&C\x8a.\x1e\xb7\xe9df\xeew\\]\xf4\xf9(\xfa\xfc~\xe7\xbd\xe5j\xa1[\x8b\x8ao\xbc\xb4dGs\xb1C\xfdI\xab\xec\xbe\xd6{K\x9ev\\]6'
    b'l\xef6\xb3ne\x96h\xfeu?\x84\x15 e\x8e\xac\x8d\xf4\x11d\x1a\x7f\x9a\xd51 \xe6_\xbf8\xfe\x00p\xe8\xdb\xd6\x9b\x96\xf6\x96@\x80 \xd4q\x7f\xday\xd3\xb2;\xdcz\xb5\xe5\xde\x16\x9c\\\xa6R\xb2\xce'
    b'\x7fj\xaf\xf3\x04\xa9C\xda\x80M\xa3\xe8\x8b\xfc;r\x14\xecq~D\xb8nN\xbe\x1fdN*\xdb\x9f\x92\xddp\x1f\x7f\xbb\xed\xd5U\xcf\xe4\xc9\x8f\x8f^\xbcx\xfa<x)I\xcd}\xcb\x1f*\x8b\xa0\xe7\xb0\xdb\xd1'
    b'\xdd\x0c9E;dd\xedE\x1d\xf6\xc8\x84J\x13\xda\xa1\xe3\n\xdd\x8b\x08&\x9b\n*]\xf9SBp:\x97\xc6\xf7\xe7\x94\xbbs\xeaz\xa3\xd3\xeb{t\x1a\xc3/\nO\xc2n\x1b\xae3\xa3L{4\xd0oG\xdc'
    b'gNJ\xa8\xf5MN\xa7\xd7\xdb\x18,\xae\xb7\xedM!\x93X\xb4\xc4\x9c8\x830\xe3\xc1\xfb[5\x8e\xdf\xedd\xd1\x82s2\xdd@\xb2\x9b6\xf1qx\x97\xaaU\x95\xb7\xf3\xc7D\xb8=\xe8\xe0\xd3\xf9\xd6\xfcj\xaa'
    b'\xde\x1f\xb2^\x9a\\5Py4\xe8 n^\x19]&\x0f\xcd\xb1\t2\xa7\x1a\x9e\x11\xb9\x17\x04\x19\xd4\xc4/su\x8f\xf1\xea\xe5z\xa5\xfa\xf2\x90\xb5\x8d?RM\xd3M\xb6\x83\xd8\xe0\xb4\xdd{$\xf6L1\xbaA'
    b'\xf5\xb0\x89E\x18\x14l\x01\x92\x87\x95a\xc7\x0f\xbf>\x9b2\xb34v\xcb\xca\xa3\xcd)";\x92\xb9x\xae\xd3\xf3\xad6u\xe9]=\x8d\\\xc4\xcd/\x1f\xc7\xbe\xcc\xa4y\x1eY2\x93\x94\x11\xfdX\x85nQ\xf0\x96'
    b'\xac\x80\x0b[BL\xd4~\xad\xab\x0b\xe4$gk\xba\xee\x17\xcf\xb8\x86M\x12)%\x14\xba\x1c\x01\xbf`cm~\xf1e\xf9\x88}*\xf8\x13\x9e\x10\xef\xc9\xc9\x7f\xb4\xfd\xa7\xa2\x0bJ\x15x\\\xc3\xc8R-\x9e!\xe8'
    b"E\xef\xca,\xd1Sc\x18c\x8d\xc5\x98\xbb\xf7\x92~\x04\xcb\x81\x84\xff9^\x9e\x06!\x97\x992\xe2\x81\x85\xf6c\xd5\xac\xa4K\xb2\xc3\x9eQ\xc0\x1c\xf4.'\xf3uL\x17|C\x81\xe7\xc4\xe4(\xd1\x96Qwnq"
    b"\xcf\x10\xe9'\xf8\xd7CPa\xd3\x91\xdd\xc4\x152F+\xa5v\xd5\xa2\xa5\xf2\xe3\xc6\x06\x9cD]\x9d\xa1\xbd\xad\xe2\xac\x14]\xd2\xbf\x05 \xed\xf3}\x0b\xb0\\S\\e\x84K\xbe\xf2\x1a&X\x17\xdcf\x98\x8d6\xc8"
    b'\r\x95U\x05.I\x7f\xd50\xfaD\xadB->\x97\\\xcc\xae~\x00|\xb2}\x05\xdeN\xd0\x01z\xe3D\xb0\x96\x04g+Q^\xb1S\x1c&\xcb\x08\x11\xfc\xd2;B\xc1\xd2Q\xadZ\xb3&\x01\x8d>\x92\x91e\xb5'
    b"\xcb\xa2iH>\xf9\xc8;g&^\xe8\xec\x9f\x0e\x85\xa5\xd8<\x88\xf6\xca \x19\xb0\x1a\xfe\xcb\xe4\x9f\xf6M\xf6\x0b\xc6\x17)\xda\xf2\x10'\x18\xfa\xc7\x88-\x04A@(k\x85NL\xc5n\xf0\x1c\xd7\xa7*9\xc4`"
    b'Y\xdf\x14qE\xb1\x07\xd4\xbd\xa4\xd4\x05\x1d\xbb5>3\x8a\xb5\x80h\x0ctG\xcd\x12"}W\x0b\x03\x87\xc5\x05\xe0u\x93\x12E\xab3\xb0\x17\xb5\xd5\x1aT\x0b\xa4\xab\x17\xadAL4\xe3"\xf24\x8e\x80h\xa0\x1e'
    b'\xec\xbe-y\xcaw3\x02\xb3*g\x04\x16\xef\xee\r\xf46\x01s\xb3\x04\\\x04 N6\xd2&\xd4-NRu8-\xad\x06B\xcc\x98\x91\x16\x86\x06\xb1=\xf9\x90t\x8b\xca\x00N\xa2o\xa7\xb1\x03\x03\xf8#\xdf4'
    b'\xfb\x1b\x8c\x94\xb3\x8f\xb9s\xd7\x9c\xd4/\xc8\x17Q\xa1>\xa1xI\x1bB1\xfb!2Lh46\x1a\xf4\xf4\xd8w\xa2\xc2\xe0\xab\x81\xd5\x15\x8b\xf4\xec \x866\xe5\xa5(\xa4^\x1cRq\xeah\x1b\xb1O\x96L\xab'
    b'\xaa\xe7\x1d\xa1\x03\xfe\xbc\xd1\x11\xec\x18\xf5\x80h2D\x0f$\xdfz\xbd\x05\x13h\x0e~u\xf490\x9e\xc0\xb5\x80\x1b\x06\xe7\x16\x84z\x83\xf4\x08z\xfe+\x1f"+\xe8.\xda2\xf5\xd4p=4T\xa0;\x84\x14\xd0'
    b'\x9e-\x9f%\x9a\xbb\xbdw\xc73\x0b\x04\xe2\x16C\xb7\xce\xfeTe\xac]\x9e\xe2\x11\xfeIt|\xb3N\x1d_S\x1a\xb6\xaaS\x1b\x8co\xbb\xb4\xc1\xec\xb2x\xa5\xfd\x9c\x91"\x98\xce\xd8\xael\xc0\xf0\xd4\x1c+U\xc8'
    b'\xbb\xcb\xd5};\xed\xe0\xfa\xfd;\x1b\x8ed;Ws\xe7j\xd79\xb9\xfc\xb4su\xe8\x1c\xb5\xe2\xefv\xe5}\xacj\xf1.\xda\xa9\xd1\xdb\xfd|\xda)~\xb4a)$\x12\x15[d\x9c\x99*\xe8\xb3|\xda)\x04z'
    b'A\xad-\xc4\x9eZ\x17\x99P\x19\xcd\xde)`*L\xbe\x0b\x89\xcaD\xd3G\xa1\xfe \xc0\x80\x01\xbc\xdf\x1a\xc8\xf5\x9d\x982\xce\xf4Xj(\xa6\xe7\xcc\xdd\x19\x91\x83*\x97\xd4@l8\xaa\x1e\xfc\x14\x99\x9a\xc4#"'
    b'\xba\xf3(\x13\x01\x9c\x13\xce\x8b\x8fP\xab\x9d\xd0\xfeRW\x80\xf7\x1b\xee_\x9f8,Dr\x81\x05\xe8\x88\x00\x1b\x80\x1f\xf0\xb7\x1at\x9a\xf6\x96C\xe09\x08\x02\xdb\x93,\xf3\xc9\to\xc8\xb3\x01}\xe7$Q\x88\x1b\x8d'
    b'\x19\xb6\xe4\x84>\x03#;k\xc9$\xb1\xc5\x05O\x80\x02\x1a{Z\xfe\xff\x10Tb\xf5?>\xd0\x8b\xaf[J\x89%\x1c/\x8c\x88(\xdd%U\xc6 \xa7\xe6\xde\xfd\x1ai$\xc8\x19\xa9@\x15\xae\xc8`\xc1\xd8p\xa5'
    b'\xb6\xaf\xfd]\xc5-2ysa;\xc6~\x9b\x95\xec#\xd5X@\n\xbe\x8a\xce(\x8f\n\xa0\x1c\x1a\x0f\xfe|0\xf8\xd3\xe0\xaf\xca\xa25\x9c\x9d\xe5\x9c]tb4d\xe5\x8d\x9bZ\xf1+\t>\xcd\x07\x1f\xba\xba\x1b'
    b'fS\xc5\x91\x87n\xa1\xb3\x1a\xe1\x82\xc4rJ\x0e&\xf0\xaf\xb4\x8f|\xf2\xb2\xa0\xf7\xa3\xa9\x90I\xd9\xe4\xc4\xc8\x96\xddT3vO?C\x16\n35\xa0\xc5\x00\xbfI\xd6X\x94\x81Q\x1e\xa7\xe2\xa4\x91\xe7\xb4\xb6\x98'
    b"\xe2\xd8\xaar\xf7VuA\x9d\xf5\x90Uu\xf1\xf7Yv\xeb\xef\x1f\xf0\xf7\xfd\xae\xcc`\xff^'\xbe\xba\x0b\xe1\xd4[1Z\xd7\xa9\xe3D\xaf\xbd\x13![\xf8\xbc\xfb\x1a\xbd\x80\t\xc9X\xfe\xe8\xe1a\xa7 \xce\xd1\x0e"
    b"h\xbb\xed\xba\xe3\xefJ\xf0\x98n\xad\xe8\x8f\x07\xe3\xd6\x85\xb9\x866\xefk\xfar'\xb68\xb6\xf7_*i\xab\n\x8e\x0c\x98F\x03g\x04o\x0e\xb62*9\x1aF\x12\xb7\xe4.+\xc1\tp\xa7\x93\xae\x1d\xbeG\xc4"
    b'g\x91\xdc\r\xa0\x0c\xa7P\xb0U-\xc9\x18\xe9\xc8\x02\x90\x9cD<\x91o\xd0\xe9@\xe0)S\x01EpRe\x06v\xb5^r\xf8\x10\x9b\xee$\x92\xea&\xf847\x8c\x13]\xaa\x08\xf8\xeb\x80\x81\xbf\xb8\xd6.\xd8/'
    b'\xecZ\xbc\x9dT\xac\x16\xd5_\x98\x1a\xb8&m\xb9\xd6\xbf\xd0\xd0G\xfa\r\x01\xe4\xadj\xff3j\x15\xd5]\x1b\xc4\x06\x91\x91\xf9"\x06h\x82\x17}\xd5\xeb%e\xbe\x01,U3\xce\x8e\x99H\xae\xe9\x17\x0e\xcdgW'
    b'\r\xba\x93\xe8\xc2vs\xdc\x0e\x01K\x9c\xf0\x1aU\xba\xab+\x1d\xd9tc\xff\xbau\xb3\x82q\xc5\x04\x89-3J\x18\xf9\xa1\xb1X-\xda\xa3\xf3\xf23e\x92\xb5\x88\x05\x82\x87\xd1\x8e\x96\x8f\x84\xa2\xfc\x1b\xe2\xbfz\\'
    b"\x98\xd4\xf0'\xeef\xf9@\xaa\xf8|\x1f\xff\x91\x0c\xf4\xcb\xcb\xd7?\xbc\x99P\x19\x02\xcb;\xe7@\xe3\xf0\x8c\xbc\xa6<\\\x86\xa6m\xb9\x94\xb4A\xefWbz\xb6\x9c\xb4\xf4\xadU\xa6\xab\xa3~~\xec\x18\xe5\x95\xce\xd2"
    b']\xd3\x1b\xed\x84[\xf37\x897\x0f\xdb;\xbd\xfb$t+\xd6\xf7\x87R\xa8\xd3\x0fpk\xcbz}v\x0e~\xcb\xcdS4(\xf6J\x93~\x11\xaf\xd1z\x1a\x1c\xfc~\xf3^\x94\xc2\xfe\xe8\x12~\x91N\x8d\xba>\x17'
    b'\xd3\xe9ob:\xe5\x91\xf7\xe9\xb2\x1be\xfb\xd7\xc9\xbcp\x95\xf2)m\xadtrhZh\xe6d\x1d\xa2T\r\x92\xc3\xdc\xac\x04?:\xe20\x82\xbf\xcdkR\x9e%o%\x81/0\x13\xef\xdc\xb1L\x07\x18\x00\x9dn'
    b'\xab\xf5q\xd4\x88\xf6\xff\x15\xcfs\xc3\xb2\xe8\n.\xd8\xdeY\r\xb9\t\x1a\xef\x94\x86\xb4\x13T!\xb7 \x98\x06\xeb\xa5\x8f\x06t\xcc\x07\xb8e\xb4\xec]\x8b=R\x81\xf7\xd3\xc5G\xe2N\xbbP\x1ee\xa1\t\x0e\xe9k'
    b'\x9cQ\x92\xa9\x9f\xbb\x1fAe\xc3\xd8R\xca\xf4Nd\xc9FR\xe5@\xa6x$\xff^\x0f2_Bbg\xe5=\x0e\xf1uW\xe2r\x1e\x8an\x8e\x89\xc0\x9c\xd0\xdd\xdaU\x9a\x14b\x81\x17E\xc7\xbb\xbcK({\xa6'
    b'#\xd5\xe8\xbd\x98\x86\xe8\xd9H\xbc\x03\xb9\xcd\x91\x9fF\xaau\x84\xff\xbd\xdep\xfbz\x02/\x862\xb2\x93q\xedJ\xdf\x13@(\xac\xc8\x98\xcbL\x1c\xffK\xbf\rD\x82\x00W\x8c=1wDsH\x7f\n1\xa7\x9f'
    b'\xab\x9a\xf3\x80"\xa54\xddZ\x9c\x13\x94\x90\x96F\x9c\t\xfe\xa2\xaeg\xfcgW2\x18]\t\xdf\x07\x1e\xee0]\xbb\xd6{<\xef\xacR\x95\xab\xe6#\x9a\xb5\x01\x9f\xa2\x91\xe0\x00w}\xc9Gt\xa4\xa7\x9f\xdcy\xdc'
    b"p\x82\xb1\xfe\xf1\xf3g/~rg\x0e\t\xc0p\xf0zI.0\xfe\x121\x94\xd8[w:\x93\xdc\x14\xa7>n[\\\x1cG\xe2\xf8\xf8\x96\x7f\xf6x\x0b\xe0\x12\xea_\x1b\xcf\t'\xcb\xbe\x9a\x17W\xfa\xbe \xa4n"
    b'\x9f\x9b\\\x16\xac\xdf\x02d\x85O\xe7\x1b\xf6\x00\xedH\x0c\xaf\r\x85\xa5\x0f\x90*7\xe5\x947\xfa\x137K\\,\x80\xe4\xa0\xda~\xd0&\xe0\xcb\xf8\x937\xe7\xc5e\x99~\x82X\n\xd8`o\xeeuW\xf5\x86\x11\xe1'
    b';\xd83\x17\xea^*\xf3\xae\x16\x0f\xd6\xee\x9f1\x842\xc9\xe8\x1e\x93\xce\xa0"\xa6nJ\x8a\x9cG\xbd1\\\xc7\xc6\x85\x0cy\xae\xde<\xfb\xfb\x8bG\xcf\x7f}\xfb\xec\xe7g/\xfe\xfef\xe2w\xd9\xb4S\x1f\xa6}'
    b'U\x95\xd8\xc6\xafo\xc0~7P\xc2\xcc\xdfH\xbe\x83\x0c\xf7W\xea\x0c\xda{\xf7\xdb\xf1q\xd3\x87\xd6\xccUB\x08\xbc\xbbY>\xee\x91?\xe8p\xba\xdb\xa7\x10\\6\x0eN\xbe\x9f\xda5\xadf\xa9\x15]\x060\x91z'
    b'\xa6\xc1\x1b\xc5\xeb\x04#C\x8f\x94\x8f\xdd\xc87\xee/\xebP.\xaf\xac\xe2\x9eG\x1a\x14\xf7Z$U\xdd\xb3\xa7uKs\xcf\x182Z\x8f\xa6Ll\x0b\x01\xbc\x83f\x15%\x85`a\x9bu@\xd5\x92=\xa7\x9b\x00\x0e'
    b'\xa9\xd7(\xabT/\xc8nB\x13\xe5>\xa1L\xab\xc0\x8fg\xcd3\xe2\xe59\xaf\xb5\xbf!\xd9\xd4\x84B3\xc5"\xe6\n\xe3\xa9\xea>W_\xa2\x18\n\x14\x11\xd01;\xde\x00\xa31\x9e\xbc;nF\xd3]\xc0\xef\x8c'
    b"\xbf\xc9\xe9\xe6\xf9\xcf\x9cm\xdb%\xaa\x8e\x7f\xfb\xa9\xef\xc7s\xffH\xa7\xf2\xa2\xfe\x08;/E\xe8h\x14\xce\x92]\x82\xa3\x83l\xf5z\x9a\x93\xc8'h\xe7\xb0$\xd2\x16B\x1f\xa7\x08\x93\xb5\xcax$`\x03\x96\x1d\xfe"
    b"\x90\x9a\xfa\x9d\x19O\xe0\xb6\xbbsHn\xf5\x04q\x8bzY5\x89\xccS\x02\xfd\xcemBf\x01fi\x80g\xbd\xe0\xc4\xe6\x16\x8b\xe0v\xe4/\x08\x88\xe2\xe1\xef\xf8\xa0\x9c\xae_\xf2\xd5\xa6\xbb7\x8f=e\xc9\x94'"
    b'\x9at\xfa\xebA\xf6=\xff\x158\x03_T\xcaQ!\xa9\xdc3\x12M\xeap\xa3\x19\xcb\xb5\xe4\xa4\x89\x12\xa1J\xd7CB\xfa\xe8A\xc8I\xbf1\xe1\xa9\xf8\x98Qw\xa0\xe8\x18g\xdf\xef\xcb\x8fv\xa6Sw\x1d\x17\xf3'
    b'\xceT\xf6zE\x06\xcf\x02\x94\xd5\x0ed\xecr\xe6\xf8f\xaa=\xf2\xd9\n\xe4\xa7}%\xa2\x0e\x9f\x0f]\xaf%\xeb\x19!\xdf\x98v\xa2v\x0f\xdb\x8ej\x89\xffCgz"\x05R\x97,\x12\xc1YWV\x83\xd4\x12+'
    b'\xbb\xdbY\xa6\xf6|;\x13\xad\x1d\t\xedx/\xa1-\x1a|W\xad8\xf1\xba\x0f\xfe`r\xd4\xac\xc4G\x80\x1a\x8a\xe2>\x0c\x01\xba\x1d\xc3\x81)Jwk\xc7%\xc6\xc3i\xdbx\xf8\xe0\xfeT^u\xb6!_\x19\xee'
    b'\x892\xd5\xa7\xb8\x80\xaf%N\xa7+\x14\xe6\x9cpK\x008\xeb(\x07\xd2T7\x97\xa5\xc8.\xa4#\x02\xed%lc\xed\x16O\xe4X\xa7\xf0\x19\xc7\xda\x01\xc1\xea\xcatD\x8ay?p\xdb%\xeb\xe2\x88EK\xd9\xbb'
    b"xx\xa8z\xc0\r\xf7\xd5X\x95\xee5\x01\xe4\xa7\xdaB'\xf8!\xa1\xe3?\xcc\x0e\xca{\x7f1\xf0\xff\xd1a\xddr\x8c\xb8\x84?L\x9dg\x9a\xb8\x16\xd7\xc5\x91\xe9\xa7\x04o]\xc7\x08\x9f\xc1k\xe7\xcc\x91n\x0e\xda"
    b'1Q\xadP\xa5\x91 jv\xf2)\xb4C\'\x1cq,\xda\x1e\x12\xfb\x16\xae\'\xeb\x15g\x0b\xa1o\xd9T\xc4XzP\xccy,\xde\x81\x0f\xda";\xefz!\xbe0\xa4\xbbS%9\n\x8aae\xf5\xa9"\xf3\xfe'
    b'\xa9\xbb \x96\x1e\xcc\x98\xdb\xe5t\x01\x9a\x00\x8f\xfe\x17\xb1W\xee\x085~\x08dx\x15\xd8\xec\x1bt\xff5\xe7\xd9f\xbd\x88Wy\xf9@Z.\xef\x040\xa4\x00)\xc1\xc6.\xe0\\\xa3\x91gr\xf7\x14\x0c\xed|N'
    b'\xa0J\x8d\\vK\xe9\x10n*c\xfa\xe5i\xa7\xe4O\xbdb\xc5q\xfa\x9b\x92ep\xc4u\x1b~o\x1d#mD\xb1\x1a\x86\x98\x7f`\x05$\x12U} Z.8\xcc\xfez\xf9\x90^/\x1d\x1a:\xf9f"\xb5'
    b"@_\xdb\xb28!\xda\xce\xd8\x9b\xd2\xc8\xadm6'\xfa6\xc9U\xad#b\x1d\xacB\x0e\xd4\x17e\xdc\xa8\x13\x8c\x89\x08X=n\\3\x15\xa0\x94\xcd,A\xbb\xbe{\xd1\x9a\xf4\xaa\x12\xc9c\x83q\xbar%\xf2."
    b'\x1cgwi\xa5&\x1a\xb65m\xc5\xb1/\xba\x0ccd\x9fC{\x0f\xc6\xbe\x1bt-\xfb~<\x183\x9cW\x9d:\xdeI\xd805\xde\xb7\xa9>\xbe\xb8\x1e\x8c2\xcc*i\x03X\xc7\xcaZ\x02\x1b\x88v\xdd\xca\xe6'
    b'r\x83\x0e\xfbdH\x8b[\x0c?\xf8\xbc\x1f\x11^S\x0cf\xa0\xf9\xee\x1fq\xc0!\x9dsfE\xab\xc6b\xf2Kj\x10\x0f\xc4\x8d\xd0[\xeb\x19ja\xde\x19,\x1d~\x1b\\y\xf0\xe3\n$\xa0\xba\xd4\xa3\xe7Uv'
    b'\xd4nc\xdcC\r\x16\xca-`j"H\x16\x13\xcc\xf6i\xb7?\xd6\x90\xb6\xe3\xdfz\xc7o8\xa6\xad2\xd2;Q/\xc1\x88\xc2\x9aR\xefB\xa2\xbfY\x08^\xc3f\xc4\xa1M.\xc5_\x880\xb1-Z\x18\x05\x8c'
    b'\xc6\x835DP\xf2\x83(\xdb\x01R\xa4\x94\xc4?(o\xa0\xc6\xc9\xa6N\xc1r\x1d\x87\x01\xe71\x0e\xdd7\xf9z9I\x8b\xb4\xe3q\xde\x90p\x0f\xb1\x9eM\x84\xf0%\x8c\x8b\xd6\xce(I\x14H\xb3h\xdc5\x1e_'
    b"\xce\x8d \x1c\x01l\xe1mQ\xcd\x99\x0e\xf0\xc4\xdcG\\\x88\x07\x1d\xc4\xf4\xf0W\xe9\x1dM\xcf\xdc\xe1\xb4@\xbb\\\x85\x8f\xac\x08(\x19N\xaeP'T\xde(\x85n\xcas\xd0d\xc0h\x943N\xcf\x0c\xdb\x90\x81\xeb"
    b'/f\x92\x94of[f\xc0\tk\xdd\x93\xed\x16\xc8\x80Go\x1d\xe9\xee\xe6o\xe5\xf2m\x8c\x0b\xe9\xcd\xd4<\x8ab\x05\x1dM\x9b\xeb\xf3\xd8\xde\x94+\x9e\xd0V\x81\xa1Ldh6\xcc\x90\xb8r\x88\xf3 \x1f\xa5\x80'
    b'wE\xfe\xd9\xebj\xbe\xf2\x92\x9b\xc4\x12{\xbf\xddbY\xca\x1cB}LnU4A\x8dh[l\x9e\x16\xe9V?\x81^\xbcy\x06:\xe6\xe0\xee\x8d\x93\xf0\x05\xeb\xa4\x8a\xe5Xc\xabR\x1b\xc6"\xce\x8b_<H'
    b'\xae\xf7-\xdf\xe4\x85~\x18gc4>\x90\xea\x9b\x08\'\xae\xf0\xbc/\x00]\xb7\xf0\xfd`\'{\x8f\xf7\xe2s5\x1boj\xf1!\xad\xdc\xaeE\xbc\x11\x04e9\xb4\x92\x82\xe1\xc2U"o#G\x16\xab(2\x00\xf4'
    b'_\xe51\xdd\xe55M\xf5\xdd\xe8\x16\xb2\xc1!\xb3\xd3\rS\xbdE\xac\x17\xfau\xfb6T\x07l\xb4\xbf\xdd\x1d\xa4\xe5\xda\xe8-\xcfQ\xcb\xd7\x1b\xc3\xb9\xda\xee\xe6\x96!`\xefv@L\xda=/%S\xdf\xd5\xc4\x85'
    b'\xc8^\xeeRQ\xdf\x8fM\x1eX\x9f\xb3\xadG\x86\xa1vX\x1c\x10\x0e\xd0\x0f\x89d\xa3\x90\xbb\x89S\x8c\x17\x16\xb0\xe3\x86\x9a#f\xc7\xd4\xed\xab\x938!\xb6\xae\x02\xd9\xa5\x87\x90\xa1\x98\xc9L\xe2\x85\xa0~I\x80\xd8'
    b'\x84\xcdr4\xa5\x9a\x15\x0c\xf9\xd4\xc5#o\r\x0c\xf2\x1f\x9b\xe9\xbf+\xad\xb5\xc2\x84B\x92\x8e\xf0\xdd\xe4\xd4h\x07\x80\xeaH]\xc8\x02\xcf\xcc\x9e\x00\x05|l\x1c\xf7HL\xdb\x87~\xfc\t\x84P\xed}\xb2G\x05*'
    b'M\xb7(\\\xbe\xa8|\x1c\xb5\x16\xdb\x83\x12\xc3:5i\x8d\xeb\xf4\x1b\x06\xf6$\xeaM\x95/-n\x96a\xa9&R\x8f\xdc\x17`*\xdb\xfa\x1a\xc1J\x1d\x1aP\x85@C\xe3*ZQ$<\xfe\xf6\xd6\xb2pq\xa1'
    b'\x15LE\x0b\xabW\x13\xc4L\xfcL)\x12\xa4\xc1\xa5k\x87\xadda\xbd.\xfd\x82\xa5k\x15v\xa1\xed\xb7M\xc3\xae[\xa7\x8f\x98\xb7\x08\r\xd9\x11i\xe6\x85\x91@\x1b9\x8f\x84K=%i\x92\x91\xb7\x94\xc5\x1ah'
    b"R\xeej!\xf9\x8b9k\x05\x0e'\xdc*!ZC\xcd\x9c\x15Z\xffYqI*g\xa9\xd705hFB\x00\xc4E\xec6Wj\xe4\xd7\xd2\x92b\xb6:\xb6\xb0\x90r\xcfI\x07\x1cI\x1a\xe7|\x97\xc1Y\x00n"
    b"\xf6\x85\xfclhC\xa6\xde/\x1d\n'\xdd\xa91j\x82*8\xd0\xf6CT\xd7\x97\xb6x\xbb\x02`\xb0\xb7\x00\x04rT\x18~F4v\xb3\xda\xf6\xc3\xf6>\x97\xbej-\x08\x8f=\xe8\x96\xc5P\xf4A\x07\x84\xc3\xa6"
    b'\xae\xa5%;\xba\x97\x10p\xae)\xc6\x18h\x13\xf2\xd3\xe2\x92\xd2\xc9\xcd@\xc0\xf0\xa7\xbe\xb5\xf7\x91\x96\xeaw\x9eD\x0f\xb3\xa7\xfe\xd6Z\x1c\xbf\x0f\x8d\xc1;\xc9\xa4\x18\xa8\xc0\x96,\x8a\x01\x15VE19\x8e\xd13\x0f'
    b'\xa2/\x0c\x1e\xefH\x16\xd1\x06\x02yq\x1d\xe3\xb3Ei\xaeV\xcb\x82\x9c3\xd4\xc5\x81\xb0\xc1\x90\x86\xe6\xf7\x81\x0f\xdd\t\xf8\x7f,h\xbb\xd6eRF\xd9\r\xde\xbb)\xae\xa5#@\x16\xfaR\x91\x0c7\x1b\xb4\x95\xdc'
    b"\xf1\xce\xb8\x1e(6\xe0\xa6\x96CF-\xdf\xae\xef\x8c\xb4lRlm1\xa4'\xd8\x8a\xa6}\xc9\xf64\xbbR\x15\x9d\xa4CC\x1aq\xce\n\xa7\xcf8\x91O$Y%\xd9\xc78\xb7Y\xc6\xd0\xa0\xb7\x99N\xa5(\xd1"
    b'\xfc1\xeb\xa2\xbd\xfb\xc9\xee\x85S\xe0=Ak\xbe\xb0\x9bAL\xcc\x1e\xcc\xb0\x95j\xc4\xa7\n\xf1\xf9\xfa\xeex\xbf^\x91\r\x9b\xee/ST;\xa3\xf0\x07\xae]\xa6\x9dK\xc7\xeb3\xf7D\x8a\x88Mh\x97Q\x9a\r'
    b'\xab\xe7S\x9b_\x87\xcfKe\x95Q\xfa\x1dg\xdb\x13m\x1aZ\x98\xd0\xa3\xa9\x98\x97\x0fmq\xc1\x9e\xa1zbj\x14\xb6\xd9\xe6\x90\xd5\xfa\xc6\xd6-Z}?\xc9\xb8\xc5\t\x0b\xeez\xad\xbd\xe9O\xe2\xed\x9e\x80\xb5\xa1'
    b' \x0b}Q\xb2HU\x83\xc0\x83\xea\xdfL\x10\x99\xd2\x0c\x11\xd9T\xe1\xa0:\x91\x0f\x1e~\xb1\xf0:\x1d\xf5*GY\xf6m\xe0?\xc7\xf7\xf7;\xc0\xaf\xf0\xee\xe5{\x80\xfbY\xb5\xd5MJ\xab\xbd4+\x95WP\xa9'
    b'V\xaa\xedV(\x13\xf8\xe6\xed\xebg\xaf\xde\xb4\x1d\xa0\x19R+x@\xbb\xdf\xc1Y\x87\xfe\x80+\xf5\x1178\x8a\\A\xc2\xe4\xd0p\x91\x1c2\xbbt\xec@2W\xe4\x04\xb7}\x86\xc2\xf7\x05\xbd\x00\xd6\x1a\xff\x1c\x7f'
    b'?\xfc\x8f\x8e\xf9#\xb5\xd8\x7f\xd1\xf4\x194D\x99\xc2\x04\x11w\xe3\x0cz\x14\x12=\x18o\x9e\xbc~\xfa\xf4\xc5\xaf\xaf^\xbenAn\xd0\xb4\xd9\x98\x07\xf7sX\xcd<\xa6\xaeA,\xf4\x17k\xc0C\xdd\xbc:]y'
    b'\x99\x82b,I\xfe\xa0\x109\x8c7\x8aO\xc9>\xcbIt\xf1R\xb04:HQP\x17\x9b\xbd\xc0\xf8\xb5j\n\xdd\xa0\x12\x16DRDN/\x0c\x00\x1d\xe9D\xa1K\xe6\xda\x1dA\xa1J\xe6\x05\xf5\xf1\x93\xda\xac\xac'
    b'\xcaD\xb6\x1c!\xc7\xde1(\xe5\xe4\xa8\x83+\x80\xb5\x92\xdd\x0bl\x11\xfa\xbd~9\r\xea\xeaT/\xc3Y7\xdd\x8c\x11\xe5\x02>8\xa2\xcf\xadg\xd0\xf1\xf1\ty\x05)H\xdc\x98z\x86\x0c:\xd4\xb9$\x1a\x00\x82'
    b"\x91\xf2\xa3\x92\x8f)\x8c\x89S\xd6\xe4\x14\xa7\x99gT'\x8a{\xaf$\xb3}\xe8\x93\x90k\xf7\x1f\x0b\r\xc8$\x1ci\xba\xe1C\xb4K\x88\xc7\x94H\xe88\xee\x1d\xce\xa5\x1d\xb9\xbdb|\xfd;\xa4\x97\xa4\xccDCr"
    b'cjm\x9epd9hl\x1c\xc5\x19\x9bn\xf3\xeb\xa3l\x82?\xa6\x92Z\x81\x86\xe1\x1b@\xf3\x1d\r\x04\xf0q\x03\x82.\xaa\x0e\xbdA\x88\x83\xf17\xc8\x1f\x0byi\xad,4\x05`\xe5\x0c\xf8EMhJ\xb3\xfa'
    b'\x14Y;(#\xf7\xd3yI\x7f>\xbez6\xeb\xe5\xb4\x8ep\x90\xc8C\\\x88\xfb$0T\xd1\xd7\x9c\x99[*\xe8\xe5\xb3\xeac\xee\xb9\xd4\xcfC\xceE\x1fj\x0coN\x1d_\x05k\x9e\x16\x98\x9b\x02t\xac\xfd\xca'
    b'J\x10?\x8c\x13\xf5g\xafIf\x1e\x00| sK\x01)\xa2!\xfb\xc7\xcc\xa4\xe9\xbb\\\x96\x1f\xab\xf2\xd3\xb6QK\x91\xdc\x88D\x92\xda\\\xde\x0c!P74\xc6rUTs7=\x82DEo\xc5J\xea\xbe '
    b"\x9e\xd8\xd5\xfa\xa2\x9e\x910\xd2\x94\xcb\xd5c\x08\xd7=t\xde'.\xf7Jd$\xa6\x0f*\xa160Q\xe4\xe2\xd5\xe2e\x02\xd0\xf8\xe7\xe1\xb9\xa6\x12\xb8\x8bZM\xb0'\xbd\xa5\xcf\x9e\xd4\x8b\x15\xa1\x05h\xd2\x19\xd6\xed"
    b'\x98\xc2Q\x824\x85\xad\xbf\xcdzS\xb9\xf6\xa26\xc5U\xee\xdf&\x1dx4w+\x89\xd0\x88\x08\xf8]\xc4\xda\xa3,\xaf\x04\x8c\x0e/\x10\x88.\xa1\x994\x89Dx\xba<t\xb3,\x1f\xa4)\x1fG\xb9\xce\x01\x05\xe4'
    b'-fO\xdc~\x99\xf5\xceU\x01\xe8\xa7\xbe\x1b\xf3"8\xbaE\xcc\xe4f\x17\x90e\xfd\xe9v\'\xc4\x15lO\x99{\x98\x1b\xb1\xdcm\xa3-\x95\xd1\xeb\xdcGq\xcc\xcad\x8e\xb5\xb3\xa19;\x01\xf4\x81\xd9\xee\x84c'
    b'\xbe\xa5\xa9\x93\xf5jU/\xb41*\xdc\xee;=\xcdM\x81d\xc5\x8f\xd7\xfb\xfb\xb3\xbfF\x05\xaa\x15\xceX\x8e\xec)Xm\\0\x06\x1d\x1d\x8bm>q<\x8d\x93\xfa\xc9\r!\xa5\xe9\x1b4u\x01\xe6R\xb1\xd9\xc1'
    b'\xe7w\xcf\t5a\xe8\x97}\xb5\x14\xf9;vxQ\xc7\x0fE\xa9\xb5YC\x8d\x0b\x0c\x03\x1d\x16\x8dG\\\xe4\x92P\xbdF\xe1\x14\xea\xf1\x02\x113\x10r&\xa10\x97{5\x9ce;Y\xa6\xdb\xba\x93#(\xcd\x1b'
    b'\xa3~\xad\x13\xc8\xd7\xb9`\xb0\xd7\xc4fI\x8e\xc3I\xc5\xe6Z@\x05\x1b\xfe\x96\xafT2\xeb\x1fv\x81\x05\t6)/\x82(N\x0b\x83\x1b\xc5y\n\xc8\xb4\x88\xcc\x03\x83\xec\xa2X\x92{g\xed\']"f5\xfb'
    b"\xc1\x0eA\xda\x1b'\\*\xffS\x98qqS\xbe\x95\xe3\x8c.H\xb2`\x87m[l\x82\x82\x0b\x7f\x90M\xd7\x13}\xe4\xeeR\xc7j=.\x96y\x02\x82K\xce\x1cq\xd8\xaa{4\xfc\xd7\xba\\^\xbd\x91\xa5y4"
    b'\x9f\xf7rR\nv\xe6>;-\x91\x9eg\x95\xda3\x82\xd5\xc0\xaa\x14\xd5\x8f\xba\xcb:\x10w\xc3"\xde\x12\x90\xd18R\xac\x1e\xf2\xc3\x07VQ\xca\xcfb\xcbJ\x16\xe2I\'\xf4v\x1a\xbft\x84\xcfu\x9fi\xd1\xf3'
    b'\xaaY\r\x8b\x9901T8\xef\x1f\xb6\xcbz\xaaC\x1b\x85]\xb1\x8b\x90\x97\xc0^\x1c\x992\xcb\xd24\xa0\xd5=A\x8d\xed\x92\xf6\xd9u\xdb\xfbsC6\xc4\x80\x82\xfcy\xfb\xfa\xab\xb1\xb3\xa1\xab\xd1\xfd\xfbz\xbd\xc0'
    b'\x9dHq\xae\xf4\xb7u|\x00\xbbf\xdb!Z\xd6\xb1!x\x86n\r\x9f{\xd7\x9f\xd3t\xa5\x19\xf0\xf6\xa6%@\xa9\xdf5\xf9\xae\xc9x\xea\xaf-)&\xba\xbeE\\\xd4(\x83\xc0\n\xd3\xb7\xe9\x19\x0f\x12\x8aJ\x94'
    b'\xe2\xbc!\xc9O4Q\x1e;~w\x90x\xce\x9c1\xe7\xbcv\xf0<\x95t\x11\xcc\xd1\xc0\xc5\xd0x\xbe\xd4\x02.\xc1B%\xe9>E#\xb8X0\xec_\xbd\x08\x04\xc9\xad\x90\xdb\x11\xd4]q)M\xc2\x01\xc8\xd2\x0c'
    b'\xd9\xe9\xbf\x92\xd0\xab\xa0)\x04_?\xb3\xa9\xec\xae\xefX\xb5r\xc2\xe3\xfaN\xa3h1\x9f?\x869\xbb\xd7\xb5!I\xd8\xa5k\x03\xaa\x08\x11\x9b{\xe1\x87^6\xad\x8a=w\x1ce(\xbb\x9d\xc0\x1d\xa9V\x12\xb5\xcf'
    b']\x83\xf5~\x98\x1a\x14>\xa9\x9c\x8a\x04_\x08*wl\x04an\xff!\xcaA\xf1\xbc\t\n\x95OK\xca\xa9\xc9\xf9\x11]g\x0bx\xbdV\x0bB+\xd68\xa7\xa2\xf9\x10\x9cX\x8b+\x96\xb5}\x90\xf6\t\x1f\xbe;'
    b'\xb2\xf9\xf8,q\x92\xbb\xe6jq\x9auI\xcf\xcc\x04g\x05\xe5\x9cr\x97:\xfe\xc1x\x87\x10\x8f\xdd\xe6w\xb2\x10\x85\xb8Q\xbe:JN\xef\xca\xf7\x82D\t(b\xce\x89\xdc\x929\x10*3\x8e\xb3\xa5\xfc\xf8\xf4\xd1'
    b'\x0fO_K\xda\xe5\x90L\xdc\x95\x8c}\xcb\xb13Zy\xf0$U\x97\x93\xe3\xd7\xa7V\x0f\t\x00\rN\x88\xdd\xc2!\xc6;\x82@\xf2ie\x7f\x8fl\x16!\xee\\\x0f\xb2}s\xech\xc5`mY\xb8\x95\xb9\xe8\xe5'
    b"oiE\xb1\xb6\x9f\xd8\xf7\xce\x07\xf3\x9d\\\x85\xe5\x1ef//\xa1\xe5*\x18|*\xa8?\x8e\x88bv\x0bE\x99$\x85\xa5\xe9;\xa0\x1b\xe4\xe5\x82\xf9M\xbaC\xf0\x86\xd48,\x83\xb3J'\xda\x19D\xb9\xb6\xd4\x9d"
    b'\xab\xd9 {R,\xdc\x15\xcbhV\xe4\xf8]6\xe7L\x08\x9bB=\xe9H+!\\\xb0\xf2\xf7\xc3\xe8\xf6\xa2i\xb1\xabqQ\x92\x12\x08\x9e3\x91\x93pz\x91\xd2\xff\xa79\x12\x99kl\xd7\xa0\xb4\x1enW5\x87'
    b'\xd6\x10\x87H\x86&`I\xd6\xf0\x16\xb7:\x05\xbf\x00\xd0i\xd2\x80J.\xaf!\x05\xee\x8c\xc1\x15\x8e,8V\x05\x93\xb6\x8e\xa1Q\xae\xc7/\xd9\xbc>-\xe6o\x1cI\xa5um\xca\x15!\xbe\xf5~y\xfd\xf2\xed\xd3'
    b'_\x7fz\xfa\x7f\xd8+\x83\x88Xv\x8a\x0c\x10=\xdan\xd7\xed\xdcRg\xe4\x04@S\xfeG\xd0\x98$\xbd\x14\xae;N\x1c\x05\xb1E`\xf2Z\x08K\x94LVn\xcasN\xa4|\x05\x05o\x9c\xc4\xb5\xe2\x08\x8d\x05'
    b'\\r\x07\x12\xa7\xb5\x88\x922-\xa1\xbbe,\x1b\\\x93P\x83\xd78_nG\x91\xb8\xc9j\xc2\x8b\x9a\x01\xd5\x1b\x84q\x95\x0cvs\xe7NW\x92?c\xd2\xfeT/?\xbc\\HX\xf8\xdb\xe2\xc4="\x05\xc8\x13'
    b'\xfc\xa6\x02*%\xd2^\xfc\xf1\xe5\xf3\x1f\x9e\xbd\xf8\xfb\xafo\xde>{\xfe\x1c\xd6\xed\x92]\x94\x86\xf7\xffJ\xb1W\xd5bE\x9c\x14\x96\x88\xbd\xbd\x10\x84\x84\x07w\x1e\xec5\xa7\xee\xe6X=t\x7fQ?\xe8\xdf\xf3\xd5'
    b'\xc5\xfc\xe1\x9d\xff\x07\xf0\x03[X'
), b'<!doctype html>\n<html>\n<head>\n<meta charset="utf-8">\n<title>Tiny FX Picker</title>\n</head>\n<body>\n<p id="opening">Opening the page...</p>\n<script id="packed" type="application/octet-stream">', b'</script>\n<script>\n(function () {\n  var said = document.getElementById("opening");\n  if (typeof DecompressionStream === "undefined") {\n    said.textContent = "This browser is too old to open this page. A current Chrome or Edge opens it.";\n    return;\n  }\n  var text = atob(document.getElementById("packed").textContent);\n  var bytes = new Uint8Array(text.length);\n  for (var i = 0; i < text.length; i++) bytes[i] = text.charCodeAt(i);\n  var page = new Blob([bytes]).stream().pipeThrough(new DecompressionStream("deflate"));\n  new Response(page).text().then(function (html) {\n    document.open();\n    document.write(html);\n    document.close();\n  }, function (e) { said.textContent = "This page could not be opened: " + e; });\n})();\n</script>\n</body>\n</html>\n')

EDITOR = (23755, '<!doctype html>\n<html>\n<head>\n<meta charset="utf-8">\n<title>FX Editor</title>\n</head>\n<body>\n<p id="opening">Opening the page...</p>\n<script id="packed" type="application/octet-stream">eNrNfWt301iy6Pf8CqHu022DrTxoaMYmsAKEae7QwCXp4ZwbMizZlhNNZMlHkgmZkP9+67kfkpwEes5dl1nTsaT9rF27Xruq9uM7s2JaXyyT4LReZE82HuufJJ7Bn0VSx8H0NC6rpN4NV/V8+CiE13VaZ8mTl/8Z7M/Suigfb/KLjcfVtEyXdVCV091wGtdxVpyskuifVfjk8SZ/w0L1BRYelUVRX24Ew+HkZPTD/MH8fjIfw9MyzpMMXszpKc3PRj/sPNzZ2U7wcZYuRj88ih/d//URPmZpnox+SHZms9kvY2wqnk6TvB79sLX16MGvs7F5w+1', 'urn;\n  }\n  var text = atob(document.getElementById("packed").textContent);\n  var bytes = new Uint8Array(text.length);\n  for (var i = 0; i < text.length; i++) bytes[i] = text.charCodeAt(i);\n  var page = new Blob([bytes]).stream().pipeThrough(new DecompressionStream("deflate"));\n  new Response(page).text().then(function (html) {\n    document.open();\n    document.write(html);\n    document.close();\n  }, function (e) { said.textContent = "This page could not be opened: " + e; });\n})();\n</script>\n</body>\n</html>\n', (
    b'x\xda\xcd}kw\xd3X\xb2\xe8\xf7\xfc\n\xa1\xee\xd3m\x83\xad<hh\xc6&\xb0\x02\x84i\xee\xd0\xc0%\xe9\xe1\x9c\x1b2,\xd9\x96\x13Md\xc9G\x92\t\x99\x90\xff~\xeb\xb9\x1f\x92\x9c\x04z\xce]\x97Y\xd3\xb1'
    b'\xa4\xfd\xac]\xbb^\xbb\xaa\xf6\xe3;\xb3bZ_,\x93\xe0\xb4^dO6\x1e\xeb\x9f$\x9e\xc1\x9fER\xc7\xc1\xf44.\xab\xa4\xde\rW\xf5|\xf8(\x84\xd7uZg\xc9\x93\x97\xff\x19\xec\xcf\xd2\xba(\x1fo\xf2'
    b'\x8b\x8d\xc7\xd5\xb4L\x97uP\x95\xd3\xddp\x1a\xd7qV\x9c\xac\x92\xe8\x9fU\xf8\xe4\xf1&\x7f\xc3B\xf5\x05\x16\x1e\x95EQ_n\x04\xc3\xe1\xe4d\xf4\xc3\xfc\xc1\xfc~2\x1f\xc3\xd32\xce\x93\x0c^\xcc\xe9)\xcd\xcf'
    b'F?\xec<\xdc\xd9\xd9N\xf0q\x96.F?<\x8a\x1f\xdd\xff\xf5\x11>fi\x9e\x8c~Hvf\xb3\xd9/cl*\x9eN\x93\xbc\x1e\xfd\xb0\xb5\xf5\xe8\xc1\xaf\xb3\xb1y\xc3\xedH\x9b\xe7q\x99\x8f~\x98\xdc\xbf\xaf'
    b"\x0f<\x82I\x12'1\xb5R\xc7\xe5I\x02\xadl\xcf\x1f\xce\x93\t\x96J\xe6\xf3d\x8a\xed\xc6\xbf\xce\xb9\xeb\xcfq\xb6\x82\xbe\xe3G\x0f\xb6\xb6b|QA?\xf0\xe2\xd7\xc9\xfd\xf9\xe4\x1153-\x16\x0b\x1a\x8d\x1d\xf0"
    b'<N\xf1\xc5\x83\xd9\xc3\x07\x0f\x93\xf1\xc6\xd5\xc6\xdd\xcbI\xf1eX\xa5\xffJ\xf3\x93\xd1\xa4(gI9\x847W\x1b\x93bvq9/\xa0\xf4\xf6\xc3\xe5\x97\xcd\xed\xe8AP]Tu\xb2\x18\xae\xd2A\x15\xe7\xd5\xb0'
    b'J\xcat>^\xc0X\xd3|\xb45\x9e\xc4\xd3\xb3\x93\xb2X\xe5\xb3\xd1\xe7\xb8\xec!X\xfb\xe3i\x91\x15\xa5<\x03\x08\xfaW\x1b\xb8\xb2Iy9K\xabe\x16_\x8c\xe6Y\xf2e\x1cg\xe9I>L\xa1\xf1j\x84\xd0'
    b'J\xca\xf1I\xbc\x1cE\x8f\xcad1^\xc6\xb3\x19\x0e\x8e\x9e\x82\xed\xe8\x17|\xd9\xea\x8cV\xad\x0f\xd36s\xa8\xebb1\xda^~\t\xaa"Kg\x01\x17\xc3\x05\xeb\x8f\x97E\x95\xd6i\x91\x8f\xaa:\x9d\x9e]\x8c\xeb'
    b'b\t\x13\xf8\x17\x8cp\x96|\x19=\xd0A\x06\xa7\xdb\x04\x01\x04O2\xda\x8e\xb6\xb1g\x9do\x10\xaf\xea"\xd8\n\xb6\x00T+\xe8+g`\xa5\xf9)\x80\xa5\xb6\xa3~@\xa3\xa61\xd3\xc8\xd6\x0cI\x86]\xc6\xb3t'
    b'U\x8d\x1e-\xbf\xe0T\xd6Lr\xba*+\x80\xea\xb2H\x11T\xda\x7f\xb4,S\x18\xdc\xc5e\xab\x1a\xa3\xa0\xbf\x18\x16-M\xdf\xed\xcf\xfd1M\xff<ION\xeb\xd1\xc3-3\xd7\x11,_<\xc9\x92\xd9e\xb1\x8c'
    b'\xa7i}1\x8a~\xd1a\xcd\x92y\xbc\xca\xea\xab\x8d\x05\xe0\xda\xe5"\xfe2<Og\xf5\xe9\xe8\xc1\x8e\x03\xbem\x86\x0b\xc2\xd0\x80jK\x16\xf7j\xe3\x87\xaa\x8e\xebU\xe5\x00?z\x84\xe5\xbd\x19\xc0V\x04t\x8a&'
    b'q\x9e\x03>5\xb1\xc4\x81\xb8\x02u{\x0b\xa0\xaa\xfdc)\x0fg\x7fH~\x9d\xef\xcc\xb7M\x8b\x11n\xcc6,e\xbb\xfa\xc0\xc4\x97v,\xd1i\x91\xcd\xdc\x9a?\xccg@\\\xb6\xa4\n\xec\xc6\x87\xbfl?0\xc5'
    b'\x83e\x99\\\xca\xb0h\xfe\x88T\xe3\xf3S\xd8\x0e\xc3\n\xa0\x9b\x8c\xa0\xc0\xf0\xbc\x8c\x97\xe3&<\xae66\xef\x06\x87\xa7\t }\\\xce~\xae\x82\x0c\x17\xaa\n\xe2*Hk}\xa8O\xa1Ih.K\x828\xa8\xe2'
    b"\xcfI\x90V\xc19\xe0h\x9d\xe4\xc1\xdd\xcd\x8d\xa8Z\x16ue6d\x9a#B\x0ei_\xd2&\xbco\x97m\x98%\xf3z\x14\xfd\x8ao>'%l\x9e8\x1b\xd2\xe6\x1d-\xd2\xd9,K\xae\xa4\xb5 5\xedM\xb2"
    b"bz6f\x14\x90U<e|\x92'\x7f\x91\xee\xc3\x1a\xb56Jy2\x89{\xdb\xf7\x1f\r\xb6\xb7\xb6\x06;\xdb\x83\xe8\x97\x07}\x7f\x7f\xb4Jl\xef\xf4\xed`\xa2,\xad\xfd\x05\x01B\xeca\xbd,\xca\x98\x88\xe1i"
    b'<+\xce\x01\x1d\xb7\x02\xa0|\x01\x0e\x83\x9a\xdfy\xf0`\xa0\xff\x8f\xfe\x02\xcdoD\t\xf1\x9fKCO\xca$\x8b\xeb\xf4s\xb2\x96>]K\x03\x0c\xf1R\x84\xfd\x05\x80Q\x00\xa0\xe7\x19\x8c\xe7\x14 \x9c\xe4\n\xbc\x1d'
    b"\xde)2\x02\xc4\xa1A\xa0\x0fu\xf2\x058H\x12\x03s3#\x8b'\xd0\xdf\xaaN\xc6i\x0e\xbc\x14\xa8\x9d\xa1\xdb\xbas\xb6y\xe3\xec8\xa4j\x0b\x86\xc4,\xe0\x17b\x01\x0f\x83U:\\\x14yAx9x^\xe4"
    b'\xd0h\\\r\xc2\xe7q5\x851\xc7\xc1\xef\xf01\x1c\x98"P\xbf\x81\xc8v>\xb4\xf7\xebx\xc2\x08\xfd\x0b2#g6\x97B\xdd\x86\xc9g D\xd5(/r\x0f\xaau\t,h\t\xb3\xcc\xeb\x16\x931\x94|\x1b'
    b'\xfa\x07\xb6_d\xd9$.\x85\x0caC^O\xa3\x11\x10\xb8\xc9Y\n;K\x8b\x1a\xe4\xf5\x0b\x1b\xb8^;\x0e\xef\r\xfc\xa9\x87\xad\xf1m\x04eB\xb3\xa6Y\x15\xab\x9a\xe4\x08z\xd0\xa1\xef\xb4\xbb\x1d\x8d\xaa$\x03)'
    b'\x00\x96\xf3\xb2\x89\xfa[\x83\xed\xfb\xf7\x07\xdb;\x80\x99\xdb\x8f\x085+\x91".\xdd\xde\xf9\x15\xed\x0c\x11)\xbc\xcf\xfc\xaa\x83\xeaCq\x927\xbc\xd2\xf4\x86\xdb"\xd9\xc3\xfbHo\xba[\xca\xe3\x85_\x96\x05\x03\xf8\xb2'
    b'\\\xe5S\xef\x0b\x89+\xfc\r_\xe7\xadj^\x07\xbfJ\x07"\xf7x\x85\xe5\x9dT \x11p\x94\x82\x80\x98N\xa9\xca$\x9e]"\x9c\x87\xb3dZ\x941m\x19\x00nR\xe2\xca\x04\xe7\xf1\xe7\x8b\xc0!\xf5\xe3F\xd1'
    b"au\x96.I\xc4c\x84\x81\x16W''IU[\xca0O\xbf$3\xb3\xba\x0f\xffM\x04b\x8b\xa8\xa5C\xb2\x88`=R\x8a\xb55\xc0\xff!-\x1c/\x80z\xf3\x06\xd8\x16>\xac|\x99(\t4\x8do\x84\xb8"
    b'l\xd3+\x7f\xa7\xba[b\xccD\xe1\xbe\xc8\x85\xddD\xc1\xbc\xba2\xe0\x88\xaa\xd3\xe2<\xf7Y\x83\xfd\x1a\xcc\xd2\xcf\x96\x8f\xef\x90\x80\xc0"\xa0/\xf0\x8c=\xd9\xd1\n\x8a\xae\x149\x89a\xaf\xa4y\xe2\xb7\x1eT\x8b8'
    b'\xcb.\x9bR\x84Lg\x87\xa6\xf3\xcbub.3@\x82\x87O\xd9\xf2\x82\x18t\x93X\x13\x9e\x98\x97I\x96\xa5\xcb*\xad\xfcA5\x99\xd3\xadd\xb6v\x13\x1ds[_\xbe\\e\xc9\xa5\xe0\x12\n\xbf\xdd\xe8\xa6B\t'
    b'/\x85\xe5\x14[-Qo#:\x85\xa5\xb9Y^3M>\xa4\xc5eL\x04\xb0*\xde\x91\xb0\x01c\x9d\xa3jv\xeb\xd6\x98iqsR9\x88; \x01P\x005\x90\xb5\xbf\xc7\x9b\xa2b\xa2\x9e#\ngR\xe2\x8f'
    b"mW\xb1\x84'P\x18ao\x06\xe9l7d\xb14|\x92\x175\xcc\xf7$(\x96 B]$5\xb4\nE\xb01\x92\x8e\xa9,~\x0b\x83)\xec\x84j7\x14\xd1<|\xf2\x16k\x80D\x16@\x1f\xb3\x12$\x85\xc7"
    b'\x9b\\\xc7\xaf\x8cbZ\x18\xa8\x90\xfd\xe4\xdd\xaaF\x81\xae\xe0\xaa$\xecu\xd7\x9b\x9e&\xd33\xa7\xe2\x0bXQ\xa8x^\x94gO\x9d\x1a\x9bf\xb6(\xa3\xc3\x1f\xdc\x1bX\x9f%RR\x97\xe1\x95|\x90907B'
    b'\xf5\x1b\x98&\x95^"u\x86\xb2\xd3b\xe6\xbcHfX\x1d\xdf\xc1\x1f(\x8a\xfa\xbap0*\x04\x0b\x01\x90\x08\xaa%l\x07\x1a\xefn8\x8f\xb3\n\xe6\x8b\xfbj\x1a/\x89,\xff+\x01\x10\xce\xe7\xf2\xb2X,\xb3\xa4'
    b'\xd6W\xb8\xd5\xf8\'\xf4\xa0m;\xb3\x10L7\xd0\xd7g3+grX\x1eq\xd7\x14>\xe59I\x91\xa5\xbeF\xa4\x82\xe5\x03f@\xe3\x0f\x96 \xb8\x13\xd7F20=\x15a{\x00"61\xaa\x01\xae\x14/\x17'
    b'3\xd5h\xc3\xc8\xe9\x01\xcd\x9a\x04\xf3`\x8eb\xf9\xb9\x16%\x8c\x08\x92\x7fByl*\x9f\x05\xa1\xbb\x82!\x88\r\xf1\x0c\x84\xf7\xd3\x98\xf0a\x01\x8b\xb8Q\xcc\x83$\xa6\x01\xe4I\x14\xbc\x8f\xa1\x1d\x10k@\xad\r\xe6'
    b'e\xb1\x08@\x02\x99UO\x83\xc7qpZ&\xf3\xdd\xf0\xdd\xab\xe7\x7f\xdb\x7f\x1f\xa1\x99%|\xe2<<\xde\x8c\x9f0\x82\xa5\xd5\x06\x8f\x03u\x84\xc4\x19\xe6\x1cd\x91\x8bb\x15\xc1\xaa"\x0c\x05u\xd4\xac\x12\xae\xaa$'
    b'\xa8\xea2\x9d\xd6\xe1xccs\x93\x14\x93e|\x82o\xd3,\x0b\x089`\xf0i}\n\x12\x0f5kL4\xc1\x04\xe4!D\xa2zL\x1fp\x11hF\xa0\xb0\\\xe0\x84/\xb0A\xddvS\xd8\x8e\x93$\x00\x04H'
    b'\xcad\xb6\x91\xce\x83\x1e\x9a\x90\x00\x12\xcf\xf7\x0e\xf7^\xbf\xfd\xeb\x1f\xfb\xc1\xee\xeen\x10"\x07\x9fC+\xb3\xb0\x0f\xfd\xe6\xc0"#\xa7D\x90\xaf\xb2\x8c\x87:\x84\x7f\x0cV3\xdbE|\x81\x9d\x0f\x18\x8c\xf8\xba\x02\xb9'
    b'%\xa8qcUv\x1f\xca\x92\x0c\xfd\x7f\x1b\x1b@w\x82\xc3\xffz\xb7\xff\xe9\xb7Wo\x0e\x0f\xa03\x10\xc6\xa1\xa9\x98\xc4\xb7Q\x10n\x05u\x11l\x0f\x02\x80i\x8c\xc8\x84\xf4)\xa8V\xb0\x90\xa0\xbc=\xd8\xfa\x8fp'
    b'\x00\xe5+\x900\xf2Y\x05\xc5\xe3\xa0N\xa1\xf74\xd7w\xf4=_-& ,\xe0g\xfeIo\xa7\xc0Fjzy\x0e\x9ah\xe2~B2\x05_\x80\x0b\xc3\xfc\xf2\x0bU\x11\x91{,y"\xc8\xac\xa8(\xd5\xedn'
    b"erQ':\x05P\x86\xe8]\x9c\x9fP\xf1YrR&\t`/}\xbd\xffpK\x86\x94\x15+\x19(BQ'\n\xd2\xd4\x82`P\xa5_\x80\xa4\x9f\xc0@N\x93/\x84#\xb0\xda\xc1\x0f\xdc]\x01\xfd\xd3\xb8\xeb"
    b'\x12P\x05J3\xbd\xc0o\xff\xbd\x8a\xcb\x9a@\xb05\x08\xfe\x02\xff\xdf~\xb4\x85%v~\xe5\x8e\xb17\xea\x96\xd6T\xf0\x9b\xf7Y\xb8qe\xf1\x14\xf9z\x80(\x08J4\x88(\x00\xe5\xba\x06T\xab\x82ST\x98A'
    b'\xbcZ\xca\xa2\x93\xad\x92\x90 \x98\x15\xf0\x0ep\x12\xf7XyA+\xfe\xfc\xb7\xbd7o\xf6_{\x8b\xfe\xa7\xe6\x0e8\x8e\xeaZ\x10\x02\x8d\x00\xaa\x8b#\x80\xbd]\xaf\xe0\xf7I\x81`\x86\x86\xbe|\x05,\xbd\x1b \x06'
    b'\x95\xb8=j\xc4c\x9c\x0bC\xcfJ\x16\x00@\xdct4\x9e \xa6wn\x8b\\\xfc\xe4V\xc5`G#\\\xcbd\x99@g0\x89EZ\x96\xa8\xab\x14\x08\xe9\x8c\xf7\xcb\x140!\xe7\tM\x8be*\xc3\x8dA\xcb\xaa'
    b'\xaa\xaf\xb0\x19so\t\xd4\x86\x81\xe0\x07\xf5\tt>\xc0Kx\\\xd5\xcb\x95\xd0\rl6-\x833\xd8\xcaL\x1e\x89\xf2!\xd1Y\xd2\xa3\xf4\xb8,\xca\x9az\xa2U\xc7\xf6\x85\x94!!\x95f`D\xc0\xea\xa6\xa8_'
    b'\xc1[\xc0\x89"\x8f\x82\x0f\x9d\xb4\xc9\xee\xf5\xd3\x18\x17<Oh\xad\xdf~x\x03+l\xe9\xc9S\xfb;\xa2\xe2\x00\xa6\xf6\xbfQp)3\x1a\x05G\xc7\x03\x8b\x1d\xe1\x80\'"\xefy*\xf2p\xba\x9a\x8c\x18\xe9\xe1\x03'
    b'/%=9\xd0S0\t\xa6#\xa6U\xb0Qe\xdb\x0e\xf0\xfb6\xcc\xf1\x1c\xd9\x01\xc3\x0e\xa7U \xb7 \xb8\xd8\n\xf0c`\x90\x14\xd4\x08\x9a\xec\x9b?~\x7f\xb6\xff~\xff\x05\xcc\x18\xe6\x1dIo\x11\xf4\x05\xbb\xaf'
    b'7\x07\xbd\r\xe9Z\xd0\xe3\x0f\xfd\xe0\x12\xe8" K\x1el\xfe\x03^\x1dm\r\xffr|\xef\xc7\xcd\x08\x16\xa1\x962G[\xc7\xfdqp\x05J\r\xb5\xbf\xf7\xfbw4~\xe7\x16\xad#\x80>\x9c&\xc4\x16q\xca\x0c'
    b'\x90df \x86:\x89,\xc3\x80\x11j\x02\xa4\xf0\x0cw\x12p\xa1"\x88\xca :\t"\x1f\x0e\x9f\x9e\xbf}\xfd\xf6\x8f\xf70b}\x13eI~\x02\xb8\xf5\x04(\xdfO?u\xae}`\x0b\'@f/\xae\x9b\x9a'
    b'Lc\xfb\x989\x19\x8f/\xb4Sz+\xa3\xffg\x81\xfc\x8d\x16\xb4\x04\x1a\x8c?\r\x12X\x06\xbe y\x84K\x80\x003#\xe1\xd5\x91&\xd1t\x18\x83n\xc0\xbd\xd2L\xff\xd7\xdbWo`\x9e\xfb\xff\xb9\xf7\xfb\xbb\xd7'
    b'\xfb\x9d\x13}\x008\x1f"b\r\xee\x0f\x1e\x0c\xc3\xe0^\xab\xccH\xbe\xef\xa0H@\x04\xf2\xed\x1fo\x0e?}x\xfb\xfe\x05\x92\xc7\xa3\x10w\x13`~(\x7f\xea\xf3\x82\xfe\x80\xacB\xcfs\x9c4\xfeEz\r\x7f\x81'
    b'T\xd2\x1f4\n\xe1\x0fR\x1b\xf0G\x9e\xe6L\x98Z\xff\xc2Z\x8afZ\xa9>O2h\xeeX\x86t\xb8\xf7\xfe\xaf\xfbD\xad\x8f\xe0\x15\n\x13\xed\x99n\xf7\xa1i)\x18-W\xd5i\xef\x88&\xd65i\xe8\x01\x14'
    b'\xb1\x00\xbf8\xb3=j\x94:\x86\xcf\xa1\xe2`\x08\xc8\xbaA[\x00\x94\x97r\x1fp\xb0\x135\xfc\x01\x18D\x1f0\xc1\xc6\x0eq\xfb0\xaa(\xfa\xe3\x1b\xa1%\x1dm#\xa5l\xb7\x8co\xb9\xddXI*\x14\xc6\xf6\xe9'
    b'\xcb\xf6\xb16\x8e\xc0\xc2\x0e\x80>u\x00\x08\xde\xee\x85\x8dF\xe2\xe0\x80\x7f\xff\xb6\x9a\x88h\x85\xc5\x90o\xc0\xdf\x97\x96\xf0\xe0\xdb\xe1s\x02\x0cM\x81Hc\xc7\x0c\xe8C{\n\xf4Z\xe6\x90\x07\xaf\x81\xb60\x97\x90y'
    b'\xf0\xe7\xf6D\x88\xb8\xf6\x1bmY\xb2\x1e\xaffi\xc13"\xae\x88V\x08\xd8q"\xbcZa\x9f\x17\xb4\x01\x0e\xdah\x8c\xbd"[\xa0@m\x99\x0b0\xbb$\x9b\x87\xc7\r,>\n\x8f\x14\x88\t\xc8\xc3\xa8\xb9A\xe5'
    b'Ap\xf4\x86D\x9b\xed\xad\xeaxL:\t\xf0\xd7 \x9e\x80\xfc&2l\t\xfb\x19\x14\xa3 \xce\xceQ\x86.r\x1a\x14\xa1\xfc\xb3\xb7{\xef_xB\nID\xb0[A*\\\xc5Yp\x96$\xcb\xcaQI\xd8\x9c'
    b'\x11\x80\\\x99f\xb0:g0i\x18<m\xb82\xc9\x8a\x18e\x0b:\x0fC\x888*\x03\xfeX\x14hx\x13.\x8b\x8a-\xf0n\x90oH\xcb\t\xf2$\x99\x81x\x8e\r-\xcb\xe2\xa4\x8c\x17$(\xbd\xbb\x00F\x9c'
    b'K\x1bEP\xae@\xbd\xcd\xab\x1a\xe6\x0e\x12\x91\x07h\x92=\xcb\x93\x8aD$\x94\xdfa\x0c\xa0\xb0\xb1\x10$M\x0e\xd0\xe6\x01+4C\xfe\xf6\x95\x84\x8e[m\x0bh\xda\x81\x94n\x8b\xa8.^\x17\xe7I\xf9<\xae\x92'
    b'^\x1f\xe8\xb3\xf4\x8c\x96\n\x1c\x9d ;\x89\x14\xee\xa6\t\xee\xada\n\xad\x7f\xba\xa7\x90\xbc\x92\x84\x88\xbf\xe7\xa4)\xd8\xdd\x13"q\raE\xafn\xb5E\x06\x01Y\x1e\xdb\xb3\xd2\x9d\xd2\x9e\x16U\xc01\x18\xe5\x07\xc7'
    b'\xe0n\x9f\xdbN\xc8\xc8>V\xf3\x80-Y\x11z\x12Q\xe0\xcd\xb9\xccPQ\x9f1\xdbu\xfb\xe1I\xaa\xa8C\x96\x03\xe4`\xa8k\x93a\x00\xa7\x89\xe7\x1a%\xaa\xcdVR&\xf4a\xb5f\x82\x96/\xd0\x9e\x16h\x86'
    b'\x05\xd9\xaeJ\x9c\x8d\xf0|\xef\x00\x19\xdce\x03/@B\x04!\xb0ga\xdb\xefB\x95\x98)\xa8m\xe9\x08_u\x02T>X&\xfe\x1c\r\x01\x01\x10\x9f\x18\x15\xfc\x19\xe3L\xa2(\xde\x12\x88\x01\xfeY\x06M\x12\x1e'
    b'\x1bmu\x19\xd7 &\x013\x8f\xcfP\xc2\x16\x02\x8a\xcd\xd3\xa8_\xb3%b{\xb8\xbd\x15\x05{\xa6\xf4"\xae\xa7\xa4L\xabR\r\xad!\xdb\xa2V\xb8{\\\x1d\x94\x067\xccla$\xef` =\x1c\xec\x80\xc74'
    b'0\x83b\xd4B\xa8\xe2#JX\xbb4+\x1f\x0ec"\x19$\xe2P} \xb9\x8b\xa4\rO\xc2,l\x8bT&\x03\xbav[\xa65\xe94\xaa\xb2t\x9a\xf4@\x13\xc4\x9a\xc2l\xfb$DQS?\xfdd\x06\xcc\xf2'
    b'\xa2_\xcf\xadD\xed\xe3R]mX\x10\xf0\t\xca\xdf`o\x10\x14n?id1\xa6\x0c\x8at\xcc\x0f\xfa:~y\xd6\xa2V\xaf\x80\x11\xbb\xf5\x1a\xdc\xc8\xd6\xa7\xc7\xb0\xd1\x95\x05\xc7C\x06B\xc8\xd8\x1d\x06_\xbf\xb6'
    b'Av_\xca\x00\xbdq\x06&5\xd6\xb6\xfc@[Fts\xeb\xd1\xb3\xb3\xe0!\x8b,\xa1\x0f\xd1\xe9)\x1a\x1d\xb3\x03\xe1\x8a=\xd4\xee\x18\xac\x80\xc2{\xc2i\xe3\xbc:GM\x05\x08C\xeel\x11\xa9k\xd4\xf5\x01\x99'
    b'\x0b\xe7_\xd0r\x83H]\x15B\x0ePi\xa3\x06\xed\xd9\xb7L\xe7\x8e\x854\x80\x04;w\x97\xc7\x7f\xc7 63Dy\x91\x1b\xb1E\x04X\xa6\x8c].\xfe\xf2\xc9p\x7fh\x99\x1bh\x95d0\xb5J\xba@c\xf6'
    b'\x87"\x80\x0b0\x7f>\xdf4\xce\xb7\x13\xe4\xc7\xd1YrQ\xf5Zc\x16f\xdbo7\xd3\x80Hw+T\xc8k\xe4\xda\xe2\xb6`{\xc6\x87H\x9ez\xac\xa3\xde8o\xb6\xef}\xf3\nI\xffGD\x0b\x1aD\x1c\x96'
    b'\xa2\xbb\xd5\x06 \xd6L\xfe\xa66\x91\x90pQ\xd7\xb4\x10]S\xdb\x81\xa6T|\xaa\x16g&\xe5#i\xdc\x85\xa5`\xd6\xe1\xc52\xf9VX\xfa\xa4\xae=\xa0N\x84\x96m\xfa\t{\xa9\x8e\xa4:N\xdc\n\x10\x0c\xca'
    b';\xce\xce\x03\xba\xe7,\x8d\xec\x05S\xb9o\xc1\xe6\xce\x8c\xce\xa4\xab\x97E\xf9?1/\x7f\xc5\x95~3\xaf"Z\x85r\x9a\x9e\xf8:\x9c\x14%CT\xcaE2\x9c\x91\xe1.K*\xfe\x8a\x95X\xf6\xa7\x86\x1c\x9d\n'
    b'A\xf0\xdb\x1f\xcf>\xbd{\xbd\xf7|\xff\xc0cW\xfd\xbe\x80\xae\x05k\x1a\x96\xa1\x1dG\x8e@\x03\xfc\xb3-\x96\xb4\xad,8Z\x9d\x95\xd3\x03\x89\xb7w\x94;\x8c\xe5\xf3\x950a\x04_,\xc2\xc9\xee\xfa\xd1\xe8\xeay'
    b'\x9c[\xeb\xc1l\xe5\xa7*\xdeO\xcd\x8bE\xbc\xec\x1d\x90y\xb3o0\x1az\xef\xe2\xabb*q\x18\x9c\xac\x971\x84v|;\t\xfb\x1b\x9d\xe0\xe4\xd6\xaaN\x0e^\x165\x1d\xff;\x1c!\xdcBe\xed/\xf4\xdf\xed'
    b"G\xf4\x07M\xd1\xc7\x9d\xf5\xd1\x88\xdaE2\xe0=2/\xc3 \xb0\xe2\xba-+\xa8H\x16rw\x1ch*'\xcb\t\x99\xca]2a6\x8d\x9e{\xd0\xc1\x0c\xe9\x94F\xd0/\x0b=\xe4\x10\x85\xf0\x04\xb4\xc0\x8a\xadc"
    b'$\xa9\x0e\xbb\xff\xb9\xf4\xba\x9a\xf6\xf0l\x8eQI\xfa\xc6\x17Q\x99\x80\x96\x08\xa2\xc3\xe6O\x9b\xd0g\xf8S\xbcX\x8e\xc3\xbe}\xfd\x98_g\xb5\xf7\xf6\t\xbf=\xc1\xb7\xfe\x9e_\xc4\xe5Y\x0fG<\x08:;\x044'
    b'\xfa\x99\xcfp\xe5,\xefgP-\xb0<\xfc\xf99|\x82OT\xec^\x10\xcaA.\xeaV\xf8\xaa\x9bj\x16g\xbd\xba8Kr+\xfb\xd5e\xccK\x06kA[\x83\xdd\xed\xb8\x98\x08J\xc3mY\xac\x81\xa1\x19n\xb5'
    b'\x01\xea;\xfa\x82\xb7\x07\xd5\x86on+ nAC\x8a\xfb\xb4\xebjS\x84\x14\xb6\xb7\xf3^\xb8\x1b\x1az\x05\x9f\x1f\x07[\x061\x08V!\xfb\xe0\x00z\xc8<\xfc\x9e\xaf)jG\x11\xd7}\xac\xa7\x85\xd0s\x07\xd1'
    b'\rzv\xf5\\\xfdLd\xb9\xd1H\x8c\x10\xdf\xee\xfb\xbd{\xa26\x16\xae\x08\x89\xf0\xe0\xe0\x83\x11\xb7]d\xaa\x96YZ\xf76{\x1f\xab{\xfd\xcd>\xd1\tK\xca\xac\x84n*\xdda\xe9\xbcL\x17\xbd> \x06!'
    b'\xf3HZ\xe7\xf2,\xf5GhX\xed\x85\x82kdC\x8e\xc9\x82\x81Sb+k\x96\x9e%\x19(be\x81\xa6bT\xdd2G-\x93\x83\xc2\xb3\xbc8\x1f\xb1u=\n\xfeN\xdc\t\xd5^l\x91\xce\x9cV\xf9?W'
    b'\xb3\x13\xb4\x89\xfc\x07\x19qg\xc9\t\xfd\xcd\xd2\xaa\xc6.>\xf3\x89N\x82\xfe}j\xb5g{QU\xab\xa9\x85Z\xb0p\x9b\xc4\xb3\x0f%\xc0\x81G\xea\x81\xcc\xdf\x07\xe4\xf6\xc4\x1b@f\xe5l\x01\x9d\xf7\x9ecs\x00'
    b'eT\xd9\x1bq0T%\xa1\x16\x99\xef^"HP\x0fG\x93z\x9a\x9d\x81&\nC\x07\x88\xa0\xdd\xa2b\xd3s5\x12\xbb\xde`\x9f\xd4o\xcb\xdc\x00\x877\xff\x01\xdf\x8e\xe2\xe1\xfc\xb87\xa4?\xfd\xa7\xbd\x81\xff\xdc'
    b'\xbf\xfb\xe3\xe6\xd8\xe7\xf6\xe9\xec\x80\x9c\xe2\x80\xe3\xfb\xfa\x18\xa9\xaf]\xca\x98%)\xff\x18\xdc\xfb:\xb8\xf7#\x11\x16\xbbc\xeePM \xbe\x1d\xd2\x02RU-\xc7\x1d\xf8\xaa\x82*\xc8\xf8m\x108\xbcw\x00\xd3\xfbq'
    b'\xb3\xdf\xd9\xd05\xdc\x1e\xdbY_\x89U#\xa8f\x86\xb2N9tkv\x8c\x91\xac\x1b8\xc4\x1e\x9d\xa5\xe0\x7f\x06\x1f\x87\xc7w\xfbO\xd7\x8d\xb9i"\x87A\xd8\xb3\x18\xa9\x1f\x95\'\x93\xbb\xc7w\xf5`f\xfd\\\xfc'
    b"\x11\x91\x1d\x9c\x06\xf31\xea\x95_O\xbeN\xbe~\xbc\xdb\xef\x1e\n\xe1'2\xf5e\x10\xcf\x01\x19\xd9$\xb4\x88\xe58\xcb=?\xc4\xc6G\xc1\x0e\xa8\xab\xc3\xfb\xa0\xe9F\xa5\xdd\x15\x9b\xff\xf0\xa7\xdd\xea\xd8\x99\x80\xdd\x16"
    b'\xc2\x0et\xeb0\x19`m\x13\xfb%kC\xca\x07\xc4"\xc5\x0c`\xb7\x93\xd8\x97\xd6\xc1<e\xd7lc\x90A\x0e\x9b\x0f\xb0i:\xc0\xe1=N\xbe&?W\x9e`Y\x81\x00\xe9j\xcf\xc9\x14\xba\x17\xedY,3\xa6'
    b'?i\xdc\xee\n\x19\xec\xae\xcb\xcc\x0c\xd5#\xec\x8f\xd5\x9a\xe3\xb0\x81d\xa6"\xb2\x98chW1\xe9E\x92\x8fb\xa5\xd9U\xb8\xa3hCu\x0b\xd0\xdc\x82\n]\xda\xa0+\x9di_\x04\xa2]#\x02*w\xc3\x1a\xfd'
    b'\xe0\xc9n\xb0\x85;\xae\xa7\xf0\x03\x0c\x94\x9f\xbcZT\xccUG\xa8\xb9\xa7\n\x81Q\x93L\xfa\xbc\xe74=9%\xe7\x88\xd7i\x9e\xf4\xd0\x13\x05\x8fjQLZ\x91\xc8\xc7O\xc4\x99\xd2\xfc\x80|]\r\x8cO\xe3\xea'
    b'\x14\xc6M\x0e9\x86%\xff\xc0\x04\x86(S1\xbb\x80\xefT\x0cx3\x8c\x89<]F\\\xc3pX\xfcn\xea\x88\xfb\xaa_-D9EY\xac\x94\x00&\x8b\x92\x97\xd3\x14\xb5\x83\x900\xf4\r\xfa\x17\x0ehV\x19\xeb'
    b'\xe0{\xe4\xc6\xd2\x92\xa1sX\xdc\xd2L`\xb4\xb2\xbcf\xa4*\xd9\x1c\xf9B\xb4\x8e\x8c\x0e.d\\\xd4\x87\xd7\x89+\xc6PW\x06d\xa3\xb6\x14\xe3\xe8Z\xeej0\x00\xd1\r\x03\x0fA\x88\x0f\xab\xca1\x06\xaey\xc1'
    b'\x16\xce\x04$a\xad\xc6\x9e\x1b\xf8\xda(]w\xdc\x16\r`\x14K\xba\x07\xdfV}\x04-<\xed\x15\x1f\xe4\xbd\xa8\xf2-\xc3\xf9S\xcf\xbe\xe1\x176\xb8\x16\xb1\xc8o\xf5\x1f+\n\xb1\xa8d\x069\x08\xba\x85 S\x81'
    b'6\xb0+/\xf2\x86zz-=\xc1\xae\xf1\x05w}\xd5\x80\xc4\x95.%z>\xb2TK\xeb\xe9\x8a\x8c\x11\x99\x9d\t\x8b\xee\xf6\x8e\xe0\xbf\xc7(\xb5)\x92\xb3nm\xea?u\x8d\xad\xf2\xf2h\xfb\xb8/\xa7\xcalI'
    b'$l8 Fh\xfcq\xd8\xc0\xcb\x07fh\x11/\x88 \xb3\xdf\xde$\xc9\n\xb4\xa9\xf1I\x19\x1d\xc3\xeb\x99\x9a\x92H\xf2.\x9e\xd2j6\xed;\xb8\x92\xb2\xdf\x8d\xd1\x00\xa4\xb8\xbd\xb6\xe6\xdbq4\xf2\xb4m=\x80'
    b'wG\xc70\x9fN\x1b\xa8]i\x1dY\x91\x17\xd0\x07\xa9tn\xf7\xaa\x00X\x04\xf0\xe5\xf4u\xd8\x80X\xdf\x8d\x08\x06\xfd;\xd1\xc1\x99\xb2\xa8\xff\xbeeD\x16\x07\x81\xe57\x1f\x99\xe6e*\xca\xc7\x1b\xccI)\x07\xaf'
    b'?\x90\x0e\xc3\xa2\x0c\x02w\x89~\xd0\xdf\x1d\xbbz\xd7\x91z6\\0\xf2\x1c\x9a\xd3R\x12\xa3H#`\xf1\xc1\x9e3\x8e}\x8eL\'\x99j\x9d\xc5R\xec"w\x1e_8lr\xd6\\\xaa\x12\xf9I\x07\xaa\xe0\xb8\x9b'
    b'\x88\xd1u\xb2\xf6t\x8d\xbd\xd4\xb7\xb1\xb8\xf4\xc1\xf4\xba\x16CT\t\xbb\x0eE\xee\xf0lZ\xab\x89\xc8\xe2P\xe5\xc0\xcc\xda\xae\xea\x9aue\xa0\xfa\xeb\xba\xd6Bg\x05\x906\xa65\xceP:\xd6\xb9q\x8eD3\xb8\x8d'
    b'\xa8B\xa8\xe6/\xd8\x1a\x0b\xb47|\xb7\xcaM\xc3\x126Fnvb\xbbe\x073fW\xa0S\x91k\x12\x1d\x90\xeaA\x07\x1d\xc7\xe7,"\xc2$\xd2\x9c]8\x9d!\xd0\xce\xf2l\xa7\xae\xf5\xf88\xb2\xc0\x13C\xd9'
    b"M\xc3\xecX\x86+w'v\x92\x08\x17\x0e\x83\xa0\x83\xec9\xaa\x1f\xe3\xab\xbb+\xf5H\x0fi\xdb=G\xc2\x01\xd2\x8dF\x86\x11\x1a\x19\x04\xb1\x1d\x16\xe4\xcaod\xd3r\xecO\xca\x97\x8c\xd7/\xbf\x12Z\xde\xdc\xa9\xe2"
    b'\xc7\x8e\xa8lm\x0c\xe1\xc7<l\x1a\x18(N\xc29\xad\x14\xd1\x8e\xa5/\xae\xf5\x03\x89\xc7\x96\xc8\xa9\x80\xc0|\xce\x11!\xd6\n@\xdf!\x869\x13\xb3\x9b\xb1)\xfc\xa1\xf8\xfcm\xad\xeaFo@\x12\xff\xd9i\xd9\xb7'
    b'W,r\x89\x00\xc7\x84\xff\xd2\xd9\x93\xdf%(hesL\xe2\x8e\xa2M\xd9\xd4@\x843\xeb:\xbf\xf7\xa5#\xcb\x13\xd7\x92;\xe22\x12(\xe7Pi3\x9c5\x14\xa6i07@\xbc\xc4\xcd1\xfa\x16\xa1g \x9d'
    b'\x8d\xe4\xef\xd5\xb5k\xe0n\xd5.\xad\xe6\xce\x1d\xa3\xc9\xb4T\x1a\xdd\x92\xce\x91=m\x0c1\x8e\xe1\x86@\x93\xd1\xc7<\xf4\x0c\xca\xd6\x03\x83\xe2\x1f\xd1R\x95\xcf\xc8S\xa0d\xa7\xfd\x944\xe5\xd8j\xc1P\xfcf\x832'
    b'r\xdeg\t4\x92\x88M\x90Z7G\xc5\xe4\xc6]\x9c`L\xb2p\xe9\xd5\x12\x89\xa8\x19\xc7\x88\x9d\xbfy\xda\xcbl\xc5\xac\x1b\x1fU\x1cLk\xf2\x1b\x92\x93\xe2\xda*\x0bd\xcc\x9a&\xa0K\x18\x95\x9c\xa8\x91x\xf9'
    b'\xe0,X\x84\xc0\xd6T2\x83\x9f\x07\xb0\x98\xb5\x92\x11\xf4\xb0|\xa5\xd8\xf4\x11)\x19\x83g\x88{\x0cpu\xecTD\xc5\xf7\x88\x89\x0fa\xb3iLg}\xec\x98\x99mO\xec|\xca-\xa0R\xee\xd1 \x8f\xb0\xb8\x9c'
    b'\x9bH^\x99|N\x8bUu\xc3\x88mW\xc3`\xc7\x8c\xdao\xc2\x90M\x1a\xb9\xd7\xb0\xdf\x80\xd9\x9d\x1e\x91$2\xa5\xb5\x1cRe^\xdd\x9a\\\x91\x1f/7J\x10\x89Vyu\x9a\xcek3\xa6\xbe\xfd\xa8\xf3\xf6\x86'
    b'k\x07d:\xf7`\xc8$\xcdts\xe5\xb0.\xea\x8f\xb7I\xe0\x1a\x911VHMR\x80~\x95A\xc0\x0c\x1d\x95.\x98\xc1\x0f\xc4\\J\x16_\xf4q*r\x0c\x82\x0e\x92/Kx\x93\xcc\x1c\x8f\x1cn\xea\x8f*\x99'
    b'\x11\x1aT\x96\xdd\xad*\xe2`\x97D\x1ex<m\xf2\xf7\x1d\x0c\xec&F\xc5\xba:\x19P\x89|\xabUp3\x153\x1ak\xd1\x0c(\xae\xd6&\xff\xdfD\xb5o\xd6c\x94BvX\x83e\x96\x83\xb0\xab\x1f\xe7\x9c\x87'
    b'\xff\xf9g2\x16\x13a\x92\x8a\x89\xdc^\xe4@M!\xc7\xee\xd7ZY9\x1c\xdb\\\xef\xf5\x87\xfa\xe3G\xcb\xe8xnT\xcf\x1d\x85\xd8\xc7\xd0{v7\xf8=\xaeO\xa3\x05 \xda=*\x07\xccb\x10\xc8\xcf\x9dc\xa7'
    b'%9\xaa*L\x95\xf8\xcb\xcdU\x90d\xf7H~F\x19\t:\x1c\xc3\xaf\xc78\x05\xf8q\xef^\x9f\xb0\xec(?nH\xfd\x1e\xef\x17\xf3\xaa\xf1\xd0g\xa0\xfa\xf3\xa1f\xee\xd1\x97\x8e\xb6\x1a\xbc\xf3\xaa\xcd\x98\xb0\xben'
    b'\xb2C%\xf8\x1a\xcb\x83\xbcl@D\x9a\xecD$V\xc2\x82\xd9\x03\x15v\x91\x1d\xd2\x19\x1f\xaf\xbcq\xa4\xc5\x06\x99\xb4\x8b\x95 \n\xf6\x1aN\xb6\xf2\x81O}\xce\x0b\xf1jLL\xeb\x95\xe7CG\xa39\x98\x02ko'
    b's1\x97\xfa7%O\xe5\x0e\xc4,=\n\xbb\xa5mx\x82\xaa\x18\xe6\x87L\xa1\xada\x93\x07\xebm|\x87f58\xc6-I\xad{\x1eY\t!\xdd\xa2n\x15}\x80\x15\xef\xd2\xd0\xc7\xf8\x13\xb7&\xfe\x18\x0e\xfb\x86'
    b'l\xb8\x03\xab\x8eV\xcbc\xc4\x10\xd3\x1aTB^#\xb4\xd6t\x96\x90\xc1\x88\x89\x1bO\xd8\xeb\x15c\x8c\xa4_\xaeN/\x1e\xfb\x15\xe8%\xa0\xf2\x9a\x91\xe0W\x1e\x0bw\x86\xcf\xadq0"\\3\x92\nc\x16i\xd6'
    b"\xf4\xab9\x04|\xb9~\x08\xf8\x95\x87\xa0\xfd\xe0\x1bo\x10\xb2\x84\xbc\x9e\x9c\tJ\xba\xe0\xe5\xaa\x98\xfb\xc2\x14\xfam\x8f\x8fO\x9es\xb0\xeb\xf3A\xd0\xbf'\x9e\xc0\xe8\xfcAK(\x9b\x90\x1d\xd5y\xef\x8c\xa4\xec\x13c"
    b"\xcf\xae,\xa2\xd0\xa8Q\x82=B\x8f\xe1+\xdd\xa7M\xefWjA\xec)\xf1E\x97'l%\xf6\x9e\x8al}\xee\xc9<\xbf'\xa6\xfd\xfd~\x99m\x97\xc6\x86}\xe1\xd6'`\x9b\rg\x9d\x1b\x8e\xfd\xec\xd1\xe7M\x15"
    b'5:HN\xcc\xa4\x9cw\xd4\xd8\xf6[\x963\xb5>\x1e\xaam6\x0e:D\xe6\xdf\xab\xd7S\xa3\xef\x16b}2\xd5\x12a\r\xf4\x9b\x07%\xbe\t\xd2\xf5\xb7\xa3\xa2\xb7\x96\xff\xbc\x06\x0c\xc5@\xcd`w\xad6aL'
    b'\x00e2O\xbf\xa8($\xbc\x1a\x15\xd1\x11\x9eh*o\xa7\xbdO\xc6g\x10\xb4\xb8\xcaH\xaa\x0eD\x91c\xeb\x06\xdb@\xbat8\xfa\xda4\xf7\xd1!\xa6\t\xf9C\xe66\x02A\xeeJM\x96{r\xca9\xcd\x8aJ'
    b'\x8e9\x89u\x92\xad\xbb\xa9w\x91g7\xf0\xee\xa4b\xdf\x9d\r#\xd1\xc2(\xd7;\xa7\xd0\xb4"\xee\xc7e\xc8\xfc\xde\x80\xc7\xfc\x08C\xef\x10`B\xa0U@\xdb\xf5\xe1G\xc3\x9cd\x14\xe2qmO\xbbP\xb7\xda\x95'
    b'FZr&\x0fA,\xdf\\\xf61\xf2\x9b\xd6\xf9\x03w\xd64%\x8c\x8c-\x81\x0e\x9f\xb9\xb4?m^:{\x16A1\x08\xf6\xb3\x1cTtk\xea\x06\x0c\xbaP,\xbd\xe39\x94\x9c\x0es\xe0\x9d\x12\xad`a\x1c\x05'
    b'\xd5\xca\xe7\xd9\xf6hQcn\xef\x1ak!\xeb\xdcb3d\x7fB \xa12I\x06\x12\x1d\xf1\x90\x03\xbc\x9d\x84c\xaf\xef;3\x14\xfb|\xe7\xe2\xb9\xcb\xd1\x90\xd4\x1b\xce\xfc\xb7<z\x12\xabJ\xf7Y\x81\x15\xf9\x18\x04'
    b'\x1f\xd4\xc1\x86w\xb2\xeaMU\x82\xb1\x08\xa2\xee#\xa7V\x0fq\x11\x04Y\xebGH\xaa\xe5\xde\xf8\x83\xd3y!\x9e\x04iF\x01x3u\xb5\xf8\xfd\xdc\x98\x02\xd36\xe93X\xcb\x87\x00\x024\n\xef\x0b[1?\x0e'
    b"=\xa4\xca\x03\xd3\x01\x1f\xe92\x8d\xd5\xe0I\xf9\xd6\xa1&S_\n\xfb\xa3\x8f\xd5\xe0\xf8fE\xc9(o\xad\x15\xf0\x94\xb7'H{\x19\x0bH*\xe7\xb3~W9k\x05\xb6(u\xb8\xb2\xa7\xccf[6\x0em\x91\x9c"
    b'\x08m\xd0(\xf3\x9c\x93<\xc49E#\x8bJ\x8bE\xf18\x8fH3\xa7\xd8Hi\x93hc\x14\xdcZ\xfe\xcc!\x01\x12\xe4\\\x15f?\xe0\xba\xcaj\xaa\x1cn\x93J\x80\x1e\x8d\xfb\xab\xf2\x10~Ff`\x87\xea='
    b'\r\xc2\x05\x8c\x13\x0f\xd9\x85\x10\x19\xb7\xb1Pv*\x05a\xc9)\x15\x01\x80\xb5\x9e\xcbu\rw\x18\xc25\x1c\x90\x9a\x92\x83\x11\xd1\x8a\xb9S\xc1\x16\x02\xd4\xb7[4og\xcf\xe4\xd1\x89U\xd3Q\xcc\xdc\xf77\xdb6\x1b'
    b'S633\xb6\xcf\rW\x8b\xf3\x8e\xdeh\x88\x05\x8a\x82yr\xce\x8bD\t8H\xf4\xe0\x97\xbc\xad\x80^R\xba\x05\r_\xe6\xc0\x0ej\x8dt6B\x82\t \x01\xaba\x82\x02\x1c\xb8H\x92%I\x9a\x9cT\x04\x90'
    b'\xca \xbe/\x84\x8c\x9aG[\xa6\x88\xd9\x08\xf4\xb4\x86\x8f)\xa2\xd0J\x87m\x80*\x80\x88)[\xf0\xb8\xc8c\xb6\x8c\x03\x1fJC1#\xbfC"c\xc2?\x10\xcc\x19\x89\x01#c\xd1D\xfc\'\xb0\xb9\x8d1\x049'
    b'\x1b\xcby\x9c\x92\xf7\xd2\x9c\x12 T\x9a\xb5\x06\x8f\xcf\x05\xac\xa2\x03\x13\xb49^\xdc3f\x88\xb4\xee\x0bH\x1d<\xd6\xc2Oj\x00\xbe\xf9\xf2:\xbfG\xd6\xe9\xdb\x04\x1a\xac\xd8\x14\x1b\xb7\xca\xb4\xf9\xb1m\xb3]\xba\xf3'
    b'\xe4\xa0\xbd8\xba\xc5\xdb%<\xcb\x9a\xfes\xb4\xe7\xdb\x12d\x17\x9c\xe4\xfe\xb5\x9e6\xbbp\xe4\xa2\xd7\x93i*s\r\xa56\xa6\x95~\x87\x99\xc5\x1c\x1c\\y\xde9\xae\xe4\xb7\xce\xd7\xd8=\xe4\xf1\xc1\xc9.\xc0\xae\x14'
    b'\xa5\x0et\x8d\x96]V\xd3)rv\x94\x96\xc3\x1e#z\xe1h\xdc\xee\xc9\xdb\x9e\xc94\x1a&\x9b\x9fx\x1f\xba|\xb2B\x03\r)\xda\x9d\xd6\x1ao\x1aX\xe4\x0fF\t\xd7\x1cKMD\x959H\xd1\xf2\xac0\xaf\xad'
    b'\xc0\x9f\xfb\r{2U\xf557\xa2m\x15O\xd3\tq\x91g/\xf4\x8b\xa4\xe2U-)\x0ed\x86\t\xe1\x9b\x07\xcc\x86r\xec\xda\x8d\xa8\xb7\x1e\x07\xd9\x0e\x88\x95\xba.\x02\xfc\xbeiY\xd5\x85\xc4\xae\xbcHL\xea\x9b'
    b'\\i\xb0\x1a\x19\x16\xdcq\xe8\xb9\x1a\x0c\x99\x83\xe7/\xb9\xe0(p\xfb\x1f1C\x87\xe5\x0c\xc3+O\xea\x9e\xc7\xb3D\xd2\xc3\x00=Us\x9c\xa2\x9b\xa6\xbeES\x1d\x82\x9a8\x06E6`V\xbc\xca\xe6E\xc1\xfe]'
    b'\x10\xacr\xdch\xe2\x7fh\xe7\xee\xec\xc1\x8e\xf8,\xb3\x12\xe6\x80\xb9\xe9\x06\x89\xa3\r\xadX\x8e\rE8\xf0\x9bkb\xa9fMl\xad\xabf\xc3\x8ep\xe5-\xae\x90\xba\xb7\x8cQ:\xb9\xa6S\x92\xa5\xb5]\x84\xcd\x05'
    b'\x8b\xa0\xa2\x0b\xb0\xa6%\x9el\xd1\x17\xbc\xc7Z\xa1-NO\xe6\xb4\x94\xf0\x8f\xe6~\x0f\xc3\x0c\x06~\xae%vn@d\xb0I\xb7\x8e\xb0\xfdcF\x10\xcfr\xac\xad\x85\xa3\x80\xb3\x8dx\x99\xda\xc2~\x1b@2\xc4\x06'
    b'\x80h\x0e\xa4\xbc\xad\x93\xef6Z\x1e`n\xbe\xa0\xdb\xba\xf3\x1c\x1d\xf77\x9a\x91\xf4\x1e+\xf3\xbd\x07\xddO\x1e,=\xcf\xc1\x1e\x8f\x9c\x82\x8c\xfeM\xebI\xd9=\x01\x16N,\xbcY\x16\xfc\xe1\x96\xa5\xbd{\x8dX\xec'
    b"\xa6(\xa0F6Z\xc9\x04\x9c\x95\xbe\x16\x85\x8e}\x1c\xe2Q\n\x12Y\x12\xd2\xc0\x10\x8d\xe7sC\x1e8\x9d\x86\xf1\xd8\xb6\xc7\xdc\x92FI\x03\xe6\x99\xa4\x14,\x85\xa9\x08\x8a\xaa9\n%\r\xba\xd1\x9a:lg'\xa5"
    b"\x8a\x83\xac\x189\xb1+\xf8\xaa\xa1\x84\x14\x94G\xf6\x1d\x1b\xa4a\xc6\xdbL\xa6\xb2\xbb\x13=\n\x1b\xe6\t\x92+U\x87\x86\xb1\x93\xa0'\xc7\x93h\xa8F$\tP\x0b\x12}\x1a3\x96\xe5&9\x98P\x08\xccQ\xc1\r"
    b'\x9e\x148O\xf2\xb6\xe4\x18\xd4\xe0\xb78\x9b\x0f\x95\xe4b\x94P\xad.\xbbI\xfcY\xa8-\xabo\x95j\xef\xac\xd9\xf9\xdb\x8f\xe5\xc5\x8e\xfdg\xd29\xad\xcb\xc4\xe4Ze\xe5\x04\xd2\xe35\xaeg\x8e9h\xdd\x05\xfc\xd7'
    b'\x86\xa1\x89F\xd6\xa7\xbe\x1b\xea\xe16\xe6\x04/|\x8c\xcc1\x1e\xab\xc3\xa6mC\xaf\xbb-p\x91\xebgC+\xef\x89?\x80\xb7\x94\x11\xe9\x9f\xab\x8a%\xf5\x12\xb3\x1b\x8e\xaf\xadp\xe2U8\xe1\xf0\xe7\xeb\xabL\xbc*'
    b'\x13\x14\xddn\xa8q7\x94\xc4G\x94\xbcI2iQ\x00\xc6\xb9\x18\xb2\xc2\x86K\x99\xeb\xa0B\xe7\x84G\xc3hp\xac\xa7\x84\xde"\xf9\xd4\x86\xb8\xa0.\xcf\xda\xa5\xf0#[\x18\x01\xfa\xbe\x03R\x1d\x83V\xd8\x14(\xed'
    b'y\xf0\xb2X\xf6n\x98\xf5\x80f\xed[.8\x12\x05\xb51\x8c\xe9\xf3\xf3hy\xde\x82\xad\x83Q\x18\x8ec\xdd>\x8a\x87\xff\x02-"%\x1d\xbboY@\xf7H\x86\x9c%\x88\xcf\x98a\'\xf9\x83\x1aP\x0e\x9d$\xa5'
    b'W \xf5\x84\xde@\xae\xc1u|E\xe3\xf2\x0cs\xa8\x1b\xdf0\x9eH\xd2z5h\x05\x10\x9b\x02\x0f\xa74\xab\x1a\xe5\xb7\x89\xee\xde\x84]\xd7pj\xef\xac\xf9\x86]\xf9\xa3\x8b\x01\xff?\x8d{\xf3\x1f=\xa2\xff_9'
    b'n\xeb\xc7NR\xe5\x05\xccK\xaf\xebQ\x7fm\x16\x1b\x01DGk\xcd\xf0\xb3\xf5\xca\xc1\x8d`\xbc~\xe2\x0e\x0f\xc2\x94\xba\xb2qL\xba\xc2\x91s\xbaN>[\x9c\xfb\xca8\xf8sR\xaa\x8bD\x8e\xf0M\xf2Xn\xd1'
    b"=\x99\xcf(WN\xe7\x19\xbf\x9a\x155\xb3\x16\xda\x9b\x88\xdda\nT\x97\xfb\xcc.\x901N9\xe3\x9e\xc7|@oL<;\x82J\x84\xd8\x84\xf7\xc1\xf3\xa3\xd8\x16'\x8a\x06\xc3\x12\x8f\nW\xe4jh\x98G9\xe8"
    b'\x13\xea\x946n\x95\xb3\x9a%\x15\xf4\x9d\x1a\xed\xb0vy`}o\xa4\r#\x145J\xb33\xa5\x1d#\x96L{\xdc2\x18\x04\xb6\xe2\x1d\xad\xe8K1\x05\x06\x06\xdc\xa3&\x06\x81\xe9a\x9b2\t\x1aL`\xb3*J'
    b'\x06\xe8\xce(\xd8\x81\x0bO\x96\x17\x14\xbb\\\x9b\xb5\x99\xc6\xf5]j1DK\x12}\xa9N\x9c;\x98!=\xb1[\x9d\x83x(2V]z\x01\x19\x0e\xc8\x8ae\xa5\x92\x06\xba\xf085\x17\\W\x02\xa9\xb4\xc4\xa3}'
    b'\x1e,>Q\xda:\xfa\xb1\xad\xf9\xe9\xe8T\xbf!\x04\xdd\xc6\xd8aL1\xee8I\xb1w\xd7\xb9QW\r_\r=\xd0\xf6{}u\xdd\xeaR\xdb\xcdT\xf3-\x1a\xe4-R\xa1\x1c\xb7\xb7\x80z\xbfKM\xf3k\xbd'
    b'\xdb{\x87RrseD\xd7II\xe1\x1f*\xe2H\xa2\x08N\xcb\xd6\xd6Z\xc5f\xe2\x9df]\x03D5\x9d+<\x1a\n\xe8M\xd5}\x83\x16I\xfa\xc6\xaeN\xd7Z\x18O\xd6\x915\xf0r\x86y>w!\xfa9'
    b'0\xe7\xc6b\x87\x9f\xb3\\\xce\xd6vN\xaa\x87\x15\xc5\xe9\xb5c\x94F3D\xa1\x8a\xcd]\x8ewL\x0b/\x8d\xa5\x98\x8a\x03\xfcmy\x90\xe6\xe9m\x9f\xdeq>?$\\\xf4\xf2&p\xb0\xedQ\xc1\xd1\xb3Ib<'
    b'C\xa4\xaf+\xafU\x8c\xf9\xda\x93\x06\xfb\xe3\x97\x1d*\xe42]&\x94\xa4U\xa3}\xd1\x04N\x07\x1dT\x85\xf3\x14\xe2A.*Wc\x13\xbf\xac\xd1\xcc\\HL\xef\xc2\xdb8W\xb5u\x96q\x89$\xc5B7TL'
    b'\x95\x1e.\xdb\xe10\xde\xfc\xbb\x83`\xc8\x19"]\xb2\xc5\x1b\xadK\x98\xf69\xad\x92\xaf\xf3\x18\xdd\x1a<1\xdf\xcdM\xde\xfa\x87\xd6\xaa\xef\xadk\xd2`_\x9f\xeb\xba\xf5O\xd2T\xbb)\xa7;\xcb\xe1\x8d]#\xe6@'
    b'I>\xfbjt\xfa\xee\xd2\x92o\xd2\xc0\x1e\x9eW\x14{{\xe5\x12$\x02\x1a\xd3\xa9\x9bd\xe5\xaf +\xb9\xc5\xb5\x19\x83\xd0\xd6\xe6\xa7\x04\xc8h\x91\x86X5G\xea~\xf6\x97V\xb2\xd7\x9cL>M`\xeb\x9e\x85\xb7'
    b'\x19\x9eQrD,\x06\r\x83*\xa3\xbaW\xacNN}\x85\xc2\xf1\xd0\xf0\xfd\r\xee\xb8)\xe8:>\x89\xc3\xd5\r\x03B\xad\xab\x05\x92\x96\xad-\x8cu\xb0(}\x11\xb2\x89x\xd1\xb2\xa6\xb1\xa0\xda\xd0\xe3(U\xb8\t'
    b'\xf3\x83=+\xa8\xeaK\xb1\x81\x93\xb1\xb9\x19C\x9e\xd7\x86\xc8\xac\xb5\xd0\x87&\xb1\x9e\x13\xfb\xe6\x9al\xbd\x8b,5\xa3\x80I9\x0b\xcfx\xc7\x82w\xf6-\xf7#\xc8\xb5\x17\xc9l\xdctD\x90\x04\xefKs\x8a\xaa\xb7'
    b"\x91\x10%Jk3\xa4&!\xa5\xf3p\x7ftk\x8f\xedGAl\xb3\x8f#-c\xd5\xd4\xdcq\x80i\x18:\xc6%\x19D\x0c\xd8K\xeb'`\x86\xf5=g;f\x83\xdc`\x0f\xf2gW8i\xb65\x93=\xd0\xe7"
    b'\xcax\xe8\xfbj5\xeb#\xaa#\xb6\xa6G*\xa3\x98\x8c\xd7\xa9\x98ka\xcfL\x8cr\x1e\xac\x93\x16\x9a\xb6\xa5~G&\xcd5\xcd>m\x1c\xca\x8d\xbc\x86\xc67X-\r67\xcd\xb6\x1d\xb9\xeeT:"\xf68+'
    b"\xe3s\xcaBJ\x01\xb7^\xe2_\xd5\xcf4b;\xcd\xedw\xbe\x8b\xa61(\x95\x16qX'e\xbc\x84\xda\x15\x81\xa4=\x10k\xcd\x98s\x0e.\xac\xb4\xd5\xc8\xa9\xd6\xc8CL\xab\x1f\xd3\x88{\xb0\xc3>#\x12$Y"
    b'\xbc\xac0\xd23E\xb4\x1d\x98\xb3%x<\x84\x8a\xf9E\xdb\x05\x08\x91\xe0\xef\x07\xc1s\\\x802\x96\xb4\xf4q\xceZ\x8d\xa3E\xde\xfalDOv\xb0\xc2S\x9ek\xdbECT\xf2\xce\x1c\xc4\xbd\xf6IJ\xc7\xb25'
    b'\xcfU\xfaF\xd0\xbd\xdah\xafB\xd7\x11\xc9\xad\xce(|\xb5\xae\xea{\x07\xa0\xba\xc4\xe8[E\x9f\xd9\xc4F?%\xd8f\x10\x84\xfd\xf6\xa0Zy\x1a\xfdM\x8e*\x9eI\xe8-\x0e\x93x\xdf\nog\x9b<\xa0\xc2\x9f'
    b"n\xe6\x00/'\xf7\xda\x9dk\x14*\xaf\xd7\xa6\x17\xd4(@\xcf=\xc9\xe4\xee.Sk\x0e\xca?\x9f\xeaO\x89G'\xddC\xaf\x00-\xe9\xc43t\x83$B?L\xaf\xd6\xfby\x86\x7f\xf6\x1fg\x15W\xd7\xdaY1"
    b'%q(\x02\x92\xbc\x9f%\xf8\xf3\xd9\xc5\xabYOn~\x92\x1b\x1fl\x8c\xed\xda\xf2z\x9d\x94[\xe3Y\xf1\xe5\xc6*ZAo<\xbb\xa6\xbc^\r%5\x90e\xbff\xcf\xe5\xb5UN\xa5\x07\x84\xe3>aA\xd3|'
    b'eO\x86.(\xa7\xb2w\xc3\x04\x8a"(\xd653<\x0b/pn``\x03,]\x8b\xd14\xca\xca\xbd\x0b]\xd7\x0f\xdc\x94\x93{\x14\xf4\xf8\xa6\x01\x93c\x91\x1e99\xa4^\xd80\xfc5\xd4\\\xf1\x07\x87{\xef'
    b'\x0f\xf7\xf1\xa6\x8b\xf0\x87\xe0O\xdc\x7f\xf51oS\x1fhQO\x97\xf1f)>\x13"O\x052\xc4\xf1m/\xab\n\x13\x10\x12\x9b\x82F:\x9b!8\x8e$\x15\xfd.\xa6\x00\xee.h J\xd4\xb0\x04\\\x99\x14\xe7'
    b'\x9f\xce\xe9\x8a\x9fe\x92\xccv\xb7\xa2\xfb\x14\xcc\xba!\x1eN5b\xc2\xe5,-\x7f\x03B\x80\xaa\x04\xfbr#?\xf0\xdf\xd0\x08\x0eI\xea\xe1\x17r\xec\xc7\xf7\xb7\x94\xc5\xb9\xdc\xe4\x92\xe1\xb1\xc0\xd6\x95\x9b\xc4\x0c\x885'
    b'\x05\xab3\xc9\xd4\x08\xdb\x14/b\xfb\xed\xf0\xf7\xd7\x94\xfc\x1a\xbf\xb3\xf3\xadU4\xcd\xb59_P\xeb;\xb77\xe4\x08\xf7\x8c\x03\xba\x85\x14;\x0ffI\xb24\xce\xe1\x14#\x9c\x93\xc3+\xdfxZqkz\xa3ov'
    b'\x81~\x16lQ5\xce\x93D(4\xc3N\x1c Kf\xb6(y\xf95\xdbDq\xfe["\x19\'\x96xm\xfbKX\x92\xba\x07{\xe8y\xb1\x00\xc4Nf\x07x\xff\x1eO\xa6\x1f!\x06qy\xebE\x1b\x0bYp'
    b"'\xdc\x15\xd9\x84\x0e?\xa0\n\xda\x1e\xef\x05\xbf\xe0\xbd\xe7\x86ND|\t\xeb\x1b\xa0\xc3\x11\xdd\xfa\x17\x9d\xea\xd0L\x00\xdc\xfdG\xbf\x0c\xa4K\xe2\x91\xcb/\xa1\xd7\x04\x03\xe8\xb0XZgh}\xd3Q\xee5\xbb\xa4\xbb"
    b'\x05\xf1\x95\x1b\x98\xe6n\xf9*\xa6\xec~q\x9e.$\xa9\x94\xac\x10\xdf\x9avJ\x8b\xcaw\xbd\x99\xab\x9d\xf1\xed\x88\x84G\xba~R\xd2?\xa0e\xa0\x044\xe6\xbc\xf8\x9d\xd7\xdc\xb0\xb53\x98\xa5\x8b`\x9e\x15\x05P\xa2'
    b"\xed\x9d\xad\x05\xa5\xa5\xad\x119HD\xe7\x1c'\xce\x15m\x0b\x8a\x7f\xcb\xe2\x8a\x9djEW\xc7\xfb4(\x98\x1b\x19'\xd4\xe6{\xc9>'y\x14\x901\x873\xd4\xf3\xf4\x00\xaf\xe9j\xa6\xbaX.\x13c\x8dG\x05\x01"
    b'\x9b\xe6\x0b\x07\x074M\xc2H\xbc\x8a\x0cx0\x93\x9ewo\x0f?\x1d\x1c\xee\xbf\xfb\xf4;&\x08\x84\xf1\x8e\xcd\xfb\x83\x8e\x03_\x90R\xb6\xb9\xc4\xcb\xd7{\x07\xbfQU,\xf7\xeb\x18\xbb\xfa\r\xf6\x01\xa1-\x9d\x06('
    b'\xcc\x03\xba}WO\xa2\xe9\xe8y\xe4\xde\xf8Td\xb3\xca\xc2\x9ff\xfd`\x8b\xe0F\x16\x1a\x89\x10\xa4\xcbs\xa8\xb2n\x98\x1c5\x03\x96\xf2\xe9>\nP\x1fO\xf1(\x1c\xc1U\xf1!:\x93P\\>\x9a\xd4\xde\xdf_'
    b'\xbd\xf9\xeb\xa7\xc3\xbdW\xafy\xba\xd0\r`$\xcf\xf5\xae\x0f\x8b\xcd`G8\xdc\xb2\xa8\x0fAP\xb1\x87\rNP\x14@\xfc\x00\xef\xbf\xeeY\xdd\xd3\x967\xb6\xf2`\nT\xb7|\x85\x17\xab\xc2V\xb3%hC\xb6\xdb'
    b'\xf7\x12\xa2\xf2\x02\xdb,\x1b\xbc\x9a\xe2)\x17"\xecl\xdc"\x92!\x87\xab\x82\xdc\x02+.\x8c\x15\xf8\xf02\x16\xbd\x1a\xcaE\x94\x9f\xf2\x8dd\x86\xa3;\xbcC/\x9a.\xe5P\xba4x\xcc\xf0\x81\x9fxr\x82Uc'
    b"\xc0\xb2|\xf6\xfc4\xcdf\xbdu\x9d\xa5!'\x86[\xcb\xe2\xf5\x1aL\x8c\x95+\xab\x9aZ\xf3Z\x86\x9e\xcc\xc4b\x13\xed\xc8L\x03oN\xd9\x95u{B'\x1b\xfc{\xe4be\x13\xb8 \xaa\x99%\xb0\xa6F\xebI"
    b'\xd9\x9e8\xc1\t\x07S\x1a\xe7:\x06\x83*1\xce\xf7\xa3\xf4\xd8\x83iJrd\xcf\x1d#\xccb\x84\xff\x19\x06=w\xf3\x0c)C\xebS\x14+k\xd7\xb4M\x93V\xb7\xcb\xe0?x\xda$w\x0f<TmD\x9by'
    b"\x08\x82W)\x0f\x805\xe1\xf12\xcf\xd4AY\x9b,\xefZy\xcf\xac\xd4\x98.\n\xfc\xe2\xf1M\xc7\xb4\xc28j-\xfe\xa4\x10\x17ur\rJ\xce\xd2\xcf\xa12Z\x1c*\x1d\x10\xc6\x19\xba\x97'\x82\xdc\x9c19&"
    b'\x99\x8fl\xba\x94\x0bG<\xaca\xff\xe7\x1cf\x82\x1dy\xf0\xa7\xe6\xf8\xa6\x05l\x86N\x13h"\x01?\x8f\xb8\x84}\x8d\x8f\x04~~\xa6yQ\xab8\xaf\xe7\x18\xc2\x97k\x84\x9eN\xd9\x85\xab\x1fY\xbcn\xc2K{'
    b'\xac\xc6\x01\x9c~\xe3\xdc \x7f\xa7\xbe\xdd\r\xc1\xb9\x07T\xf1\xc2\x85p\xbfbq\'\x07\x82\x97\x1dDbsX\xb7\x12s\x14k5\xa2\x17"\xcb\xe0\xdb\x05M\x905\n0\x9c\xdc#\xad\x9dPFl\xee\x1d)\xbeN'
    b'\xc2K\xbe\x97\xf0\x16\xcb\xcc\xbb\xf7"#\x18\xad\x11X\xb0\xdcQ\x88\x17\x13\xa3\xa2I\x1c\xf8\x00\xef\x7f\xa6\xb3\xeexr\x90\xfe+\t\x8f;\xce\x0c\xce\x92\x0b]\t\x1e\x10\x0b$G\xf0\xfe\x98\\\xdb\xb1[z\xb2\x91\xed'
    b'n\xc1\xc8d\x95G\x15vR\x15\x19\x8c,l\x95\xfa\x9cV\xe9$\x85\xad\x8ajX\xc8\x976\xb5K\xd9ac\xa9\xa5\x98\x1d8J\xfb\xd0F}\x89\xe0\xe5\xc7~\x99\x1b\xe8\x89\xcf\xbb\xe3\xf4\x91\x05[\x92\xba\xf4\xb3\x19'
    b'6\xda7\xfe\xdaf](\t\x84\x8b5\xdc\xb0\x15\x0c\xf1\xb6rL"\xc6\xfd\xf1\x91\xc0\x07|\xd9n\xa6L\x16 \xef4\x9aQF\xc4G\x8a<\x1fX\xe7g\x88d\x80Z\xcf\xb3\x14\xde\xbd\x87\xaf=\x97iu\x89\xb3'
    b'\xbc^]\xd2+\xbebi\xb1d\xb3;\xc6\xad\xb7k\xcaM\xdaP\xb2\xdfa\x92a\x90u\x07\xf3\xfb"\xef\xb0K(\xf5b\xc1\xe9\xc2r\x1e\x8c\xa4\xd3Z;\x1a\x14Uq]\x18\xd0\xc3\x96\x18;\x90\xa8$\xbc\xca\xdc'
    b"L\xf4\x9e'\x80\xefHL8\x9aHl\x99a\xb0c\xe2\xbe\xad\xf0\x00\x82\xec\x01k\xdf\xe8[\xe9lY\x0e^\xdd\xed\xc48\xa5n\\\x06\x85\x98F\xa9}\xc7\xb4\x0e\x1b \xf1\xbah\x86\xec\xda\xe0g\x07\xe5]\x1f\x7f"
    b'\xb5\x074\xb0\xdb\xb7\xec\xdb\xc0Sq\xf5\xdc\xf5}\xf3\r\x13\x92\xef\xc6\x15~\xfd0\x89\x17\x02\x95\x8a\x1aMr\x026\xfe\xa4\x93\x90\xd0\x00}\xcd\x07\xad[\xf6\x05\xe9\x86\xea\xf9/\xf6\x8e\x0e6\xa9\x833\x1b\xfe\x97\xad'
    b'\xae\xd3\xcf\x82Ri\xb8\xd9\x02\xd8\xff\x1f\x13\x04\x90G?\xfe@\xd6\xa6\xed\xc9Q\xad\x7f\xfc\x88\x9e\xf6\xb7\xa1\xc9$\xc8@Y_"\xc47\xe6\x88]g\xe4\x89gP\xa0\xef\xba\x17\xde,\x80:]:\xc6\xf2\x9b\xc5\xd5'
    b'@\xac\xcb\x1e~\x14\x14K\x86\xa1\nb\xa2m\x08\xa6\xe4\xe9`-\x9dX\xdc\x8d\xa8\xd0p\xd2\x8b\xebF\xb0\x00E\xdd\x02\t\nw\x8c\x01\x1b\x1d;\xf2\xa0;\x06\xa8\xd1oz`\xda\xd5\xdb\xea\xb7\x05\xf1,\xd5\xc8D'
    b'\xfcT\xe4\x8b\x02\xddq\xd8\xe5\xdb"\x08\xaa\x81\xceL\xe8\x11O\x11\xf0\xef\x8bd\x1e\xaf\xb2\xda\x1e.\xc7\xd3i\xb2\xac\xb9_\x1d\x8dx\xbbt-\xabH\xdd.fs\x80\x88~\xb9R\x81\xed\x1d\xe7\x00%b\xd5\x11\x07'
    b'\x8c\xca\xaef\xfc\xb2n\xdcbLe\xc5\x8db?t\x147\xb0W-\xe6\xeb-b}$\x7fs\xc3b\xc90\x8f\xa4\xc7\x11V\xf4[M\x8c\x83JD4r\xa5\x1c\xccF\xb4\x17\xe6|Bs\x9f\xe8\xc5\xe6\xbc\xa3\x95'
    b'-<\xea\xcb\x15\x12K\xd7\xda\xf1h \xad\xf3\xe4\x87\x9dM\xf6\xc7\xad\x89s3<\n5\x91\xf8%$\x18\xdf\xed\xc9\xe4%\xe2.3\xc3A\x02o\xc8\x1f\x84\xdb\xf8C\xd1\xb7\x8f\xfa\xfd\xb5}\xfa\xcb\x116\x0f_\x1b'
    b'D\x95\x15\x8ck\x16*\x1cwP\xdd\xe6\xbd[\xa4\xaf\xf7\x1c\xfa\xc7\x8e\xe3\xab\\"\x14\x15+\xad\x93\x8bK\x95e\x83\xdd\xe3\x1a\xa87\xd1\x0f\x9fVw\x10]x\rD\xd7\xa4\xebilL\xd6\xe6l?Mm\x8d7'
    b'\x85\xed\xe0\xc8\x14=\x16\xee\x0e\xaag\xf1\xf749\xef]N\xb2bz\x06\x15\xf3\x04\xf0\x13`\xd2\xbc\xfe\xce\xdb\xb06\xb3&Y\xcc=\xd8\x1dYZ\x82\x0eGs\xba\xa5\xf8\xa93\xca\x11\xf3\x8ac\xcb\x1d\xf3\xa4\xa9\xa1'
    b'\xdd$\t\xb8\xf9\x864\r\x89\xc3\x1c#/*\xd7\xb1\x99r0\xb5d\xcf0Q\xc1r \x93\xd6\x922Zty\xccL\xcf\xd63\xf2\x9e\x8f\x97\x1b\x96jK\xdc[+\xfb\xc8H\xcez$A_\xe5&\xe7sD\x8d'
    b'\xa3J3\xe1\xc95\xcf\x01\x08\xc6\xf4n8\xc4\xe1r\xd19\xb0\x00\x11^\x14\x10\xf5\x81\xc2\xe2=\x1eCkz\x1f+\xb8`f\x03\x1a\x1b\xda\xa4\x9d\xeb\\\x01*\x05\xec\rP\xb4\xcb\x8b1Z\x1d\xa8>\x15J\xe5\xde'
    b'V\xe0+4e\xb5\x02\x92[-\xad\x90\xe1E\xc9\x97d\xfa\x1c\xcf\xc1sP\xc1m?\xa0\x05I\xc6\x12\x0b\x1b9O7\x037\xfd9\xf0\x1b\x04\xee\xf8\xf1\xae\xe6\\\x0cG\x9d\x12\x1c\x1e\xa7\x9d$\xb3^\xbf}\x8f '
    b'\xbd\x96\x0bO\xc4\xaa\x8e5\xf0\xc0\xe22\x00\xd4\x8e\xb3\x03\x98y|\x92\xe0P^\xd5\xc9\xa2\x17\xce\xbf\x0c\xf94y8+\xe39efq\r\xed\xc1\x15\xde\x04?=\x05\xc6\x06\r#\xabl\t\xae4\x0c\xae\x04\x82\xf4'
    b'>2\xba\xd7\x00\xe1\x04-\x1d\x00\x1dN\xf7"\xa3\x83\xc2\xebJ\xf2V\x0c\xddL\xcc\xce\x91\xc0\xbf\xd1\x18\xdd\tV\xdc\xe8\xb2;fe\xb1$\xb6\x8e\xbe%H\xa3g\x1a\x99\xa3z9\xa6\xd1\xd0\xac\xfa\xa0h\xe1\x1f\xf6'
    b'*\x84M\x93%\xa0\xc7\x9f\x14\xec/\xb3!\x94\xbe=[\xa0.\xa8,\x0f\x9ac\x81a\xac\xad\xd3\x01!G\xda@\x14eiCB\xc6\xf1d"\xce\xa7\t\x8c\x04\xcf\x00(\xf0\\\xe9?\x88I\x98\x00\xc2\xab\xe0E\x99'
    b't\x81h@\xe1\x93\xd7,\xe1\x14\xe8\xc0\x19\x8c\xaf\x81"\xd7\xd4\x98dt\xc1ys\xc9\x01;\xd12\x08\xdb\xaf\xd7\x18\x08\xd0\x98\x07[\xb2^\xeb\x1a=K.\xd8\xd5m=\xa0\xeex\xc4\xdah$V\xa2g\xc0@K'
    b'J\x98\x88t\xd1\xcbi]f\x7f\xb3\x06\x8d\x9bd\xbc\x8e\xfd\xd2LL\xeb\x1e\xd87:\xde\x03\xe5\xfd\xfc\x05y]a\n\xb6\xee\x9e\x84-[\xe6B\xc6\x05j\xd2\xb8\xd0u\xb5\xfb\xc7\xf2\x9bZ\x1d\xde\xd8\xeaa<!'
    b'\x0f\x9d\xc6\xeb}4\xedZ\x8f\xe8k\xc0%\xfc\xd5X\xd2\xd6u\xb4_M\xe3%:\xae\xac\xd9\xca\xde!?\xbbv\r\xff\r\xc7\xfc\xdaj\tZ\x08Z=\xd5"\xf7gz\xd8\xb0t\x07\x1a\xc1\xcbn\xe8d\x15\xf6j'
    b'\xf9\x99\x0ef\xd2< \xd3Q2{\xf1\x8ci\x8f\x1e\xbdH\x98\x07\n\x82z\xc1x\x89~~\xc9\x0c\xdb\xa4\xf3Pr\xb3\xc2mI\x0731\x1e\xba,\xd2\xaa"c\xf4j2\xb1\x07\x98\x9a0\x88\x0e5g)z\xdc'
    b'\x89\x93\x07z\x82D\xc1\x1e6)\xa7\xa09\xba\xe0\x01\x8d\xcb\x8a\xe2L\x93hX0p\xf2\xa5q\x0bH|\x87-\xdd@+9\x8c\xf8\x1e\xb0\xb4\x82\xd6\x95\x9c\xce\xe5J\xb8\x94=\x82\x88\x1d\x8b\x0c"D\x98\xc7\xe6\x9e'
    b"\x1fs7/\xb0\xf3\x1e\x03\x8fQ\x8d\xd8\xde\x86\x9bm[o\xf5FPF\xf8\x82\xf8\x1f\xce\xaa\n\x07b\x90\xe3\xcc\xd4\xa0\xdf\xad\x96'e\x0c*\x0e]\xd1\xee\xe9x\x14\xaf\xb0\xa4\x04\xa8\x15 \xaf\xe8\xa6\x1c\xce\x8c\x0c"
    b"6\xe9\x85<\x0e4\xcc\xabF'\xadV+@\xf1\xaaj\xb6'\xc4\xc2\x0e\xd9T\x91>\xea\x12\xe0\x17S\x05\xdb:\xc8\n\x18\xbaJ'o\xa1\x1f$\x1d\x15\x9d\xc3\x890(\x83\x9f\xa02-\x98\x93\x9c\xbb\xc9\xebE\x1d"
    b'm\xbc\xbf\xdahC\x1f J\xf0\xf7\xae[C\x9f\xfbwe\x01\x08\xe7f\xc5\xe2|-\xf6\x12\xc0\x8bVR\xf4\xdb-\xd3\xff\xd4B\x99v\x131\x9d\xfb\xed\xf1\xf0{\x9c\xb3\xbfU\xe7\xfa\xe5m.\xb0\x9c\xa0Ug\x92'
    b'j\xed\xda\xc5\xee\xaf[R\xe0\xdd\xbd\xe6R\x121\xad\xce\xd6\x8fH\xe7\x81\x85\xb8W\xbdQ\xd6\x9d\x95m\xe6\x9b\x80\xd1@\x99f1E7\r\x03\xbc\xbe\xa8\xe8`qu\x91Om\xf7K\xa0i.\xca\xd1\x05:\xc0;'
    b'\xf0\xc6,L\xee\xd3\xc6Ls\x85-\x94\xea\xc2>J\xe1BU\xb1\x04\x00\xe5\xbfW\xc0U\xde\x19\x82\xd9\xbbD\x97\xb6\x91\xbb\xe5\xae\xfa\xc6\xdd\x92=\xb5\x9c\xb5u\x9a\x82\x05zi\\fz\x12!TE\xf5\x97\xda]'
    b'0\xd94X\xa3\x11Y\xd6\xdc\x96\x9av\x15a\xc0&Q;\x0f~g\xa0 \xc2$\n!/\xd2\x92\x02\xa8.\xdea\x91\xb2g:&\xb0=\r\xda\xd3\x13\xc5\xe4U>\xa22W\xa0\xb4v\xc1\xa0E"\xac\x14\x15Y'
    b'7\xf5\xbdIQ\xd6\xfb\x88E\x00&\xf4\x9a?\x0f$\x86\xef\xf6C^\xdb;\xd1\x1c\x97\x0fp\x9b^\xee~\x01\x96\xf8\xa2\x88\x83\x95\xe1\xba\xce\xa2\x00\xf1\xd1Dz\xa4\x19\xe1\xed\x9b\xcc\xe78\x17\x95\xdcq\x07Z\xf3*'
    b"#N+\xfe\xa6\x01\xa6\xffc6\xa6\x8e\xb0\xf6\xe2JN1@\x9e\x15\xab\xba\xc6l\nsr9\xa9\xe2\xcfNvdt\xe0z\t\x14\x93'Q\xe4\xcf\xd0\x0b\x83\x96\xa1^\xa1\xdb\x04\xd0\x88\xd7\xf1$\xc9\x9c\xdb\xd60"
    b'\xc6\xd3?\xb3\xe2\xec[&\xc1#7\xa29\xb98\x8bmF\xb1\xce\xbd;\xf4\x0b\xf6=\xb7\x02\x9f\xc4\xdd\xcd\xe6\x9d\xb7w+\xc0\xecA_|\r#\xf4\x80Ei\xb8-\xf7\xe7\xb92<\xce\xe5\xceP\x17\x1aO;\xbc'
    b"p\xc3?P-\xef=\x07\xc1\xfa\xde\xff\xc1\x84\xf2\xea\x11W\xf2Y'\xb2\xff(\xb4A\xb7$0Q\xd8EK\xa9\x1f\xf0\x9d\xf7\xd0\xef9&~\xa0\x95b7\x14n\x1dq\xec\xc2Q\xc9\x1d\xe3\xc2z\xf3\xc2\x96\xa7\x14"
    b'\xbb\xd9:\xbf\xc32@\xab\x01SqZ$s5\xbd\xbfq\x1c[\xc6\xeb\xd9\xd1\xef\xaf\xaes\xe6\xa03y\xe0\x12\xb3\xb4\xc2+Y\xbdk\x99\xd6\xfb\x85\x12\xc2\xe1\xc5@\x9eQ\x9d_;\x96$\x8a\xff1\xf7\xf5\xc02'
    b"\xa8\x8b\x9c\xba\xf5\xaeJ{\xb7\x87\x04\xd5\x91w\x10\xfb\xce\xf87\xd3\xac\x1d\r~gJIL\xd2\xb3^\x86\xe6u\xc3\xfe\xaf[\xc5\x18\xca\xd0\xcd\xf1:W\xd8X\xf9'\xfe\xf2;Y\xc2n\x88\xcb\x8b\xd0|m\x03\xb3"
    b'\xcd\xa1`\xcb\xe4t\x9a\xea\xde\xbf\xfe\xe6\xd3\xfb\xfd\xbd\xe7\xbf}\xda\xfb\xf4\xe2\xfd\xab\xbf\xdb[\x9e\xa40\x0c%7a\xb3\x94\xc2;-\ratX\x9e\xb5h\x1a\xe7L\x9c[Z:\xe7c\x86\xe3\x98\x06\xe0\xfb\x8d\xbc'
    b'\x88\xed\x99\x84\x8c\xa6\x9e\xb0\xc5f\xbb\xdaV\xaf\xcfx\xc2\xc3ZC\xc2B\x99\xa1\xb5\xa6\xb0\xc4\x02_\xde\xe2\xf2\xa3k\x1ei\xe3\xb9\xc4\xb7\xcb\xad\x117 \x05H&\xac\xde\xc0X}\xf0\xf7\x9aJ\x00O\xc2\xac\x8a$'
    b'\x99d\x8f\x1c\xc9\x7f\xf3\x8d\\\xac\x99\x94\xc3-\xf8\xa6\xa8\xf7\xf2\x97_^\xf0T\x8c\\\xa0\xfd\x1d\xd2\xf5/E\x86V#\xcec\xeb\x12U\xb5\xc0\x9a\x88\x7f\xd4\xb4$\xf1a\x8e\xd1J\xed\xb0\n\x82Y\x14 \xa3l\xe9'
    b'b\x03\x93\xd3\x90\xaf({\xf9\x9f\x98\xe5A\x8c9\xebR\x92\xe8H\x9f#\x97\xa3A\xd065ms\xec\x81L\x19\x13G\x04\xaf\xe8fW\xe4\xdb\xb0\xb5[t>\xdc\x83\xe9\xacP\xe3\x04\xd5\x9f=\x02\x9f\x15\x18\xca\xa5'
    b'q\xc4B\xe6\x9d\x81\x81\xaa\xd1\xa9\xca\xabiVD\xe0\xe0\xfbt\xee\x83x\x1e\x97)1\xac\x97 g\xcc\x8b/\xaa\xda\x9e\x8a\xae\x8c\xdan\xac\xab\x04X\xcb\x1e\x8eu\x11!\xed+\x13\x17\xce\x15\xcb\x01\xf1L\x03\x02m'
    b'\xc5\xe9iQT\xe8\xe4\xc9\xad\x12\x1d:\xa5\xcc\xd4.\x1b\x95M1\xc1\x13\n\xcc\xeb\x8a\xed\xa1\x15\x0b\xb7\x93\x86\x02\x11\xb3\x83\xaf|\x8ae\xdc\x85h\x08\x1b|\xb0\x8f=\x12\t\xb9\xe6\xec\x94m\xb2\x00a\xa7x$\x01'
    b'7\x1c\x10\xe4\x7f\x02F\xb4W\x83@\x00\x82\x0bP\x8c\xf3dr\x96\xd63\x95\xccBI\x81\xeaU\xa0\xf3\xa9\x19]EH\x87S9\x07v\xad\xf7uqj\xab\xe3=\xbf: u\xc0\xb8_\xba\xbd\xc0\xce?\x95\x1bE'
    b'\x9a\x9b\x9e\xef$`W\xa6\xbd\xb2\x8c/\xa2eY\xd4\x05\xce\x91\x0f+"\xf4\xf3v{%\xb2VIzm\xfbV\xd9s\x18\xda\xbc\x812 w|\xb6Zc\xbc\xe2v*\x1a\xaf\xe86\xda\xd5\xd5\x98oR\x06@\xa1'
    b'\x8a\x01\x1bS\xec.l)\xa9\xc4\x95\xde\x89lD\nF\x82#\xa7k\xce\xc9\xff\xcb\x07\tZ|\xb35 \xf97\x8c]\xae\xaa\xf3<\xf8\x19\xc1_R\x1b\xdfn\x00h\xf4]\x99A\xf9+AT\xbegN\xb9Y\x8a'
    b'w7\x10%<D\xc2\xcc\x8fH\x1f4\x076o\xc0\x9f+\xc6\t\xcc\xac\xe9\x89\xfe%\x92!\xcc\x82\x1da\x9bJ\x0bx\x8b\x92\xe5i\x06\xdf)\xe2\x1a\x05\x9b\xa2`r\x8a\x11\x02 \xed\xf0%Ed\x9e\x0ch\xed\x82'
    b'\xdf\xe3\xa9d\xf7r\xbc}\x80k\x08\x80x\xf5-\x9aj\xfa|\x99\x8b\x06P\xf0T\xf4I(.>\\\xads\x05\xa6\x86=WX\xf7~+\xc9V\xcb\xdd\xa3C,\xef\xe3\xf7I\x16\xd7\xd0\xf6\xbb\x98\x1d\xc8\xcdg\xf2'
    b"\xd1P'\xacM7\xdf\x085\xa5.Y\xa8N\xec\xd0\xf5T\x92p6\x82MY\xee\xd5\xbd-'\x9f\x97\x9f\xb2\x85\xcf&\x99n\xeeJ=\xf7\xf2+m\xc9M\xa7!\x02\x8a\x17\x06G&\r\x19\xae\xc8\xcdj-n4"
    b'a\xb0\xc2\xb6@\xaf\x1a\rt\xe6\x1b\xed\x16\xea\x8c\x9c\xd6"7"ex[\xc2\x04\xc6q\x99FJ\x19\x12\xf3J\x0e\x0f\xd8\xa5-C\xf2E/\xb4\xd6NRf\x0c\x99\xd0\xc5\x90J\x91\xde!\xee\xc8&\\\x80\xb5l'
    b')\xe6^R\xa3H\xd7B\xcb\xb1\x17\xa4\xad\x80vG\n\x9bC\xf2\xff:#\xf5\xa5\x97\xd0\xe8(T\xd4\x8c\xcf\x13\x89\xdc\x11JA\x1d!\xcb\x99&\xa4\xc8\x00\xd5\x1b\xd3Z\x89\xb3Q\xbb\x9d\xc1\x80\xac\x07\xac\xb6\xa2\x04'
    b"\xd3s\xf1\xd1\x04\x10\xb38erol\x9b\x00a.'\xe9\x0fDP\xed\xe8\xe35\nl.\x9d\t\xe2\x13P\xd8\xecUh{,\x08\x90\x91>/\xce\xf5\xfa\x02\x89\xc0p\t\xdbI\x91T-\xf1\xc0\x91\r\x80\xfel"
    b'Hj\x0cq\x97\x96\xfc\xdeb\xa60W>\xe73\x13b\xc9\xd1\x1d\xc2g\xbc\x88\x86\xe4\xd9\x05J\xf7\x0ef\xcb\x9d\x8a\x8e\xbe\xda\xd6\x13\x9aKf\xe2\x9c\xc5)\xf4\xec\x1aq$f|\xc1R\xd1)\xa0\x02\x14\xfd\xe3\xfd'
    b'k\xcfV\x0b\xcf=D\xb7gY1\xe9\xd1\xbd\x80\xc7\x83\xe0\x12\xd99.\x04<nRB\xfb\xf0\xaao\x9bR\x00\x05\r"r\xbd\xd3-V\xb5m8L\x87\x9e\xd9\xaf\xd6U\xbf\\,U\xf7s\x95\x9c=\x93\x92]'
    b"1\xbaD\xeb\x1dy\x16\xb4\xf2\x0f\xa4\xb9xH\t\xeb\x82\xbd\x89r\xbb'J\xf7(J\xf7\x15I\xf6\xaa_\xb9\xb6\xff\xa7\x98zL\xe3\xd6x\xa19\xae7\xadIp\xcdE\x00\xff\xf9E:c3Vy\xf6\xf4\xe7\xc8"
    b'\xcd\nA\xd9\xcbHOO\x10\xfc\x0e\x16\x17\xa5\xd4~\xc6Lsj\x82\x84\xb9\x93\x88bK\x18\xc5\x9d\xf6\xc9\x84\xc6\xe1O\xa8\xc5\xfa\xe7f\xb43\xa2\xe0-\xdeCA\x11\xc6\xe6\xa0\x08\xc3 \xf3\xb1\xda\x916\xe4\xda\x03'
    b"4%\t\xe08R\xac\xa6\xa8\xe5\x8a\x8f\xc0\x9a\x14\x1b:\xf6\xa9\xb5.\x8fQ\x95\x0c\xf4i \xe6\xc2t\x19\x86d\x93@\xa2A\xb9\xf1\xfc\xb0\x9e\xef'\xfb\xbe\xe6\xd9<\n\xfe\x13T\xfa\x7fF\xc5\xfcs\nf{r"
    b'U\x9c\x1a\xef]e\xc7O\xd5\xd2\xe0\xbe\x15Bo.\x15\x18\xf9\xe2)5\x03\xa0}\xfe\xdb\xfe\xf3\xbf\xbdz\xf3\xd7~\x03\x06&\x92\x8d/\x8bQ\x1dM\x0e:/\x12\xd8\x13|\x11\x97\xbb[3\xbafR\x91\xac\x13\x12'
    b'\xde\xfe\xc0\x9d\xdc\xda\x18\rl1\xc2\t\x0ey\xdd(\x81\xcf\xe7?\xa3\x02\xba\\^H\x02\x96b\x91\xb03\xc9H@: \xd8\x996\xbd\x96\xde\x88\xa2P&\xcb\x02\xe3\x10#\x1bt)\xe8\x04X\x00\xba\x10\xa8\xe1\x0b'
    b"?`6\xb2\xac\x896\xe2\xf3S\x94\xdbW\x0be9\x95n\x84S\x86M\xb7^\xbc\x0f\x03:\xf7uc>\xe2\xbd^7vUcbw@'\x1c\x06\x87\xde\x9a\x1c\x12\xde\xb4\x9f!\xd5\x05.\x00\xf0Y\x7fj y"
    b'P\x84\x1e\x84\x12\xb9>;!\xcb0\xe3+]\x81c\x18fj\xaf#\x15\x0cX\xc4\xd3SL\xf2\x85cx\xfbf\xff\xd3\xf3\xd7\xaf\x9e\xff\xed\xd3\xb3\xf7o?\x1c\xec\xbf\xc7`\xc5\x90\xc0\x95\x90<\xb1\xf9!\xcd%\xa3'
    b'i\x1e\x7fNOb\x18J\x04\xc4\xb1\x06\xa1}A\xc1d\x88,8\x00\xf6Q\xecwf\xa5Pdcg]I2#k\x11LViF\xccCWi\x80\xd3Zgbt\x89\xde!f\xcc\xd1f\xc4\xdc\xa1\xcbg\xd7'
    b'Lo\n\xc2\xf5\xd0u\xf0\xcd\x15\xa8\x80x\xfb"\xc4\x00vh\x03M\x0f\xa4\x98F$]u@\x0b\xb3WT\x94\xfc\xb8\xaa\xcb\x98\x1cvU\xba\xa1\x83\nAD{\x9d\xb2sU\x87ei\xdf\xefkA\xe8m\x1b\xa2'
    b'\xd9W\x8e\xea\xc8\x0c\xcdG\t\xa4\x1ee2\xf4\x88\x87\\L\x85\xd7R\xb1\x1d\xa2\xd6\xe3\x06\xd8`\xb4c\x83xJ{\xf0UmTz\x01jJWl\xae\x88\xd2\x95\x9a\xfb\x0b\xd5Ol\xee\ri\xf7\xd4\x97\x0brv'
    b'\xa6\x14hD @\x96M\xb7\rJX\x8c\xedk\xe0n1\x9fk\x88\xae,2\x99\xe5)\xb0\xab\x948=Jy\x94\xd3\xb6n\x8a\rD\xe1\xd8\xe6\x80\xc1\xbb0\xf8\x05\xa8q\x84+\xd8d\x95\xb0\xb7\xe8"\x89\xab\x15'
    b'\xfa\x0b\xefl\xed<\x1cn=\x1a\xee\xecx\xe1\xde\xb7\x9a<A\xb3\x82Y\xe0=\xd3xf\x04\xf4\xebT\xe8\x18E\x89S\xbct\x95~\xa11\x9e\xa3\x99\x16_\xff\xf7*MjX)\xf2\x89\x19x\x19e\xaa\x94S\xf9'
    b'\xc8\x1e\x16vn\xaf\xc2\xc1\x98,rj)\xb2\x0c\xc1\xa9\xabX\xb8f\x04\xb3\x9a6\xc9\x11+\xfch\x1c\xe0\xab\x1aq\x9d\x99\xe2\x13}\xe0\x14@\x07\xfb\x87\x87\xaf\xf79\x92\xf9\xe1\xd6\x96Dn\xf3\xb7\x0f{\xaf\x0e%'
    b'\xa4\xfb\x01}jFg\xabMQnE\x81\x11aZ)\xf1\xc4%\xf80FN(\x07:\xfe\x07O\xb5\x1cZO1\xd96\xc1\xf8\x1f\x07\xcf\x80d\x90\xbd0\x96,\x11Bq\xd1V\xc1\xf9i\xda+\x82\xfd.\xc8\xb5'
    b';%8\x89t\xd4X\xed\xbf\x0c\xb7\x7f\x1dXV"PF\xd4\xc4\x03\x12\xa6\x9e\x05\xca\xda*l8\x80\xd8\xfb\xb0\xf7_\x02\x88\xad\x06\x8c\xde\xbd}-q\xe0;\x0f\xb6\\c\x93+\xfc\xda\xc8kQ\xdb7?Nx'
    b'z\x1f\xab\xbb\xbb\xf0\x7fJ\x851\xd1<WT\xdc\x84a\x9aTE\xfe\x82\x8b\x174\x9fO\x99\x8c\x04\x9a\xb6\xc0\x8a\xa6\x9c5\xd5\xdd\xff#\x9aa\x92%\xb5\x80\x9d\xd3&\xd9\xf0\n\xc4}\x04LE1\xe7\xb9\x1c\x95\n'
    b'\xfd\xd1H\x0cl\x0f\x88\xb2\xf4,\xf7\xb5\x83\xc4\x94\xa7\x95^\xec\xe5\xc0\xd9be\x14\x1c\x00H\x86\xb3\xa4\x9a\x96\xe9\x84\xc7\xcew\xb6S\x9e\x01\xd9\xcf\xb1f\xbe\xe0q\x98Q\n\xb2\xa4D\x8a\x81\xc9\xb3\xac\x00<+)'
    b'\x99\xf1\x8at\x85\xac\xee62\x95p\xd9\x0f<7f\xa1%\xf0\xe2\xb1\xac\x14\xa9\xa74t\xea\xb28\xa3\\\x9b \xd7\t\xeeO\x12U\x11\xa0\xed\n\x96\x1d\xbai\n\xf6\xd8"\x89n\x9ce\xa1\xed\xf1u\xea\x9f~5'
    b"\xce\xcbZ'a\xd6J\x04\xba%k\x9f#\x12\xb8\xae\x9c\xc0(\\-Blm\x95;\x11m\xf5\x83|5\xee\x8c\xec\xd0 o#Z\xea\x9e\x81%0\xc2\x8f&\x8c\xaaQ\x94\x9c\xf3{\xfd\xee\xcbKZ\xa7T\xcd\xfb"
    b'N\xael\xac\xb1\xd0C\x87\xa8\x98\xab\x12a\x9dI+\x1b\xa0\xb8\x95\xa5U\xad9.\xd8\xcf\x81\x15~JR\x96~\xe6L\x9d\xd8&.:\x85\xbb\xb0/C\x05<a6\x14\xa2\xc2W9\xb2\xdb\xe0\x12-\x8a\x8c\xb7J'
    b'\x1fE\xac \x7f\x1a\xc9\x9f\xb2\xe1\xdcA\xa8\xef5\xff0Z\xbfD\x92\xd3\x1b\x1d\x99e\xa9\xdd\xa2\x81\x104\xce=\xfe\xd6B\x08\xf2\xb6\xe0\xd3L\x9b\xac\xa9\x98\xb7\xb0\x82\x93\xa3\xf6\xdaW\xcf\xfe\x89e8\xd4\xa0m\xe4'
    b'#\x8e\x9c\x81\x8a\x8c%\x10,;\xe4\x14a\x88\xa4\x81\x9a\t\xce;O\x9a\x90\xde\xbb\x80W\xbeM.K\x1c\x0c\x9es\x9eD\x01\x16\xd0k\xd8\x97M\x88\xe1\xc6%\x13^\xf5\xef\xdd@>\xde\xf6\xbcS\xe4\xd35g\xc7'
    b'}\xc7o\xe5\xdas\xd8;r\xbc\xfa\x12i\x94\x7f\x14\xdbq\xe3\x8f\xf4\xea\xe3\x06J\xe1\x04\xfcQ{\xb1\xdeaF \x11\x13\x1c\xbe\xc0\xa7\xd3\x15\xdb\r%+\r+\xb1N"3$\xf1\x18\xc6Ayh\x84\x92#\xd5'
    b'\xfe\xaf\x04\x8d\x0f\xc4\xba\xf9\xeaS:\xec@\xc7Z\xca\x8eB7\xa6\xc4\x17J\xf28\x8b\x02\xe64s\x13)\x8c`%i\xe9\xadY\x02}-\xd0la\xfc\x81\xb9\xe1\xe6E\x90\xd3,N\x17\xfe-\x801\xab9\x18\xd6'
    b"C\x87\x1e\x07I\xd2\xb0\xc9 \x82\x19\xe1\xc71\x19\xa2D+\x11\x10\xd0\xa0\x84u\xe8\xa0t$L)\xe8\x0e>@\xb1\xccH\x05\x8et\x86\t\x98\xe32\xa3{\xae\xad\xdc\xa9\x03\x03\x8cHD\x05'\xbf*\x95b-\xff"
    b'E\xec\x96S3\x87^(\x8dc\xc8\x15\x9cL\x13\xa7\x82\xb2S\x13\xfb\xb1\xb3\x97EI\x06\xb4\x1e\xaf\xe2\xc0Y1k\x01\x9d\xc16\x91\x0b\x9d_\xe0\x16\xc8\x8b\xf3\x1e\xc6\xe5y\xe2\x9c\x7f@8\xeb.k\xc4B\x13\xd5'
    b'\x0f\x84h\xef\x9cNI\r&r,d\xe6y\xeaH$\x95\xd3\xe4c3\xac\xbe\xe7\xe0p\xc3\x99\x9b\x1b[\xa1\xe8\xe2\x89\\N\xcau\xce\x12r\xee\xb8TZr\xe1\\E\x82%ve\xac\x8d+\x93tz}\x17\x86'
    b'&JR\xdf\r\xba@%\xc2\xa1\r\xf1\xb5\x90ro\xf1\xf3\xcf\x96\xae\xbcQ!\xa5\xe0u\xb5\x97asT\xa9\\\x0cjF\xd7\xf5\xf5\x0e\xad\xc1O?\xb9\x83{\xa2\xcbk\xe7\xe9nq\x1d\x94\xac\x9e\x1dg#W.'
    b'\x0f\xcaf\x04\x89I\xee\xaa\xe8\xd6w\xa1\x11\xde\x16\r\x0eD1\xb2d\x9d\xba b\x14\xbb\xd2\x1dpg\xa1;\xc1I!N\xf6|S\x04\x9b\xfb\xc8\x12\xc3\xb6\xa1\xc0\xb9>\x99\x08\x99\xb7=+J\xddw\x9ed\x99{'
    b"<p\x81c\xfd\x8d\x0c\xe6xc\x1f\xd4\x1aPN\x18'\xc5\xd2m\rr\xb3\x94\xbdJ\x96jP$\xf9x\xb5\x8c\x82}csV\xcb\xec\xc0\x9a\xd7\x9a\xc6\xb8\xb5vh\xc7\xfe\xf8\xff\xc4\xf4\xf6.\x8b/\x1cu\x93m"
    b"\x19\xc1\x1bcn\xb3\x80\x8f\xc8LD\xa9t\xf8\xea\xad\x1b<\x9d\xd83\xedFO\xa7\xeb\xcc?\x81w\xb4\xd3e\x93\x05\xa4y\x86\xd7\xc6\x92'(\x85\xbfYv\x01(8K\xa7\x94\xd1\x98uC^+A\xc6\x8c\xe0\x9e"
    b';\xda0\xea51]!\xed^G20\t\x82\xa4"\xa9\r\x1c\xdaa\x14\x04\xb9v"f2\xceJ\xa9Z\x18\xf9\xa8\xcb4\xaa~\xb4\xa0\x1b#\xdc\xa9!\xdcB\xb5\xa7\x9f\xa8\xf8\xa3\xf9\x94\xa8\x12\xeeM\xe8\xc7\xc4'
    b'\xd9\xd2\xa8vo\xf4\xa1\xf4=\xad\x9d82\xeb\x13\xd7_\xe3fF\xdd\xban\x83\x966P\xe3\xdd\x9f\xd6\x1f\xbf9\xf9\x0f\x85-\x8bzO\xa0s\x8cWF-\xf3\r\x9b"T\xc8\xb1\x0c)a\x03mVt^\xd6\x02'
    b'\xa8="-\xac\xb7\xf1\xa1\x15\xf3W\x8c\xb8\xa8\x88\x93\xe3\x8e\xb5G\xc4\xd2\xf6w\xb9\x0f\x06\x9aV-<\xe0\xf4\x80\x9em0\x8a\xdc,\x15,\x9e=c\xf9k\xd73\r\xc8\x18P\xd0k\xf3.\x10\xfbLP\xb6\x07L'
    b'\xc1A{#\xbd\xca5\x98r\xf9\x84\xb2\xde\xea\xbdwJ9\x89\xb6\xb0\x18TYI\xd5\x1d\xd8\x1d/\x06\x1c\xf8\t\x0f\xc8W_\xfb\xcd\xc9(\xf9\xbcF\xf5l\x01\xf4\x1b\x94P\xb1\x85\xdc\xa4y\xd2\x96\x89\x99\xe8|\xcf'
    b'Z"0\xa8>\x02\x81\xcd5|\xe4\xdfps \x0c\xb5\xf4\xc0\xb8\x82f\xe6\xa6.\x0f\xdd9\xa0\xdb\xa6%t\x92?\xb2W\xbd\x98\x9c\xacdl3\x14\xf2\xc1\x8d\xb6\xe9g)\xe4{(D\x8c\x94EeG ?7'
    b'\xa5M\x8b\x88\x84\x12\x15\xe2\x82\x9c\x99\xff\x84\x0c\xe6\xe7?t\x840\xbeF\xa3,N\xcaxa\xb6\x96\x8dhg\x80\x80\x1e\xce\xae\xef\xb9X\x84tS\x02\x9e"<\x98wrp`\xc5!\xedr\x07\xdb\xc7\x89\xb4\xbd+'
    b"g\x16\xbas\xda>\xabo\x8d8\xed\x1e+\xa5\x95%&:N\x1a\n\xf7\x895\xde'0K%\xbdxF\x80n\x81\x8d[\x08\xee\xa1G\x05\xbb\xeaG\xd7\xdd\x94G\xe0\xe0\x9e%\x7f\xa8H\xf9\xb8\x12\xb5\x04\x1c\xb0\xdd"
    b"4\xb6`K\xf4\xbe\x90\x822\xd6\xa7j_3J\xb7\xb9\xd6\x857<\xb2\x1c>\x88,o\xb9\xa9\xdb\x80$t\xbf-\x14\x9b#$TS`\x8a\xf7'\xdbi\x839 \x97\x9e\x18\xdct\xa7\xa0OT\xdc1_?0"
    b"\x92PZ\xa6\xd6\x8d\xe6\r\x13\xd7Jj\x8ed\xa6knV\xb8\xb9\xfa\xb4\xfe\xe8\xc3C\xfa\x86ed\xec\xb8`W8j\xd4\x1bu\x8d\x81E\xb0\xb42'\x1d\xeb\xdd!^\x90G\xf2PD\xcb\x8e1\xd1$\xd0V\xd6"
    b'\x88\xf5E2%G\xc0\x18\xbe\xd7\xf4\xa5\xe8\xdf\xc2\xb1\xfa\x00\x0fj\xa2\xe0C\xe7\xf1\x16B\x0c\x85\xbd\x143\xfd!\xdb\xf3\xce\x925U0\xa5\x95o.1\xdb\x8d\x8c\x81\xc3\xfd\xae\x0c\xd6\x17\xe3\x85\x01\xb8\xda\xf09f'
    b'\xf7\xef\x8a`\xbc^\xdaU~F\x93Q\xb9\xb7c\xf4\xe2\xa7s\xb3\xbb\xfd\xff^\x15u\xbc\xffeJ\xa1\x9dj\xeb\xd1\xb1\xb8q\xd3\xc6\xb09\x10A\xa7J\x17K\x10\x82\xd0\xa6<RJ!\xa6\xf6\x188\xd1\x02D\xf1'
    b"\x18D9\xbc\x05\xc46'r*\xabJ,\xdd(w\xfa\xb9\xe2\xdbf\xf1\xce\xb6\x96/\xbf\xeb\xc1SQ\x9f\x0e}9g\xdf\x8b\xb2\xc08\xa9\x82\xe3G\x82\x17tN\x00Ci{\xf2\xc3\xba\x03\xca\x90\xab\rg\xe5'"
    b'-OsQ\xc3\x98\xd9_\xe6f\x0f\xfe\x8e8\x10{#_;z\xc4~\xf3<H@OC\xbd\x88x\x87]\xebN\xef\x7fo\x13\xfe\xb98\x80\xb1$P\xef\x9c\xee\x15\xacHN\x89\xba/\xd7H\xd7\x8e\x1d\xb0%^'
    b'\xbb\x16\xbf\xf15j\x97\x06N\xfd9\xbd\xcbu?Z\xa3w\xed\xc9UB\x8e!\x91\xd9\x10\xdb\xd98\xf6\x90\xa0@\xa1\xfe\x13\x987*\xcf6\xdaP\xc5\xd2\xdc*G\xce9\\%\xda\xf5"q\xfc\x00\xf6*\xe3\x84e'
    b"$ko\x93~\xb7 s\x1f\xf3s\x88\xf4\xf2\xef5';\xda\xd0\xad,\xca\xce]\x1a\xf0\xac\xfeC\x9em\xa2#.\xe7\x16\x0eC\xdfb\xa0pM\x14-:x\x1d{\xf8V\xcb\x843\xc7[\x12\xd7\x86\r\xbd\x01\x89"
    b'?\xe9J\xa4\xfe\xd8\x8dV)\x9a\x08g\x83\xeefk\x89\x88OA\xda!A\xec2\x1dS\x82\x1f&[\x9c\xe2H\xdfy\xa9\x8eN\xd6\xa5:jg7\xf2c2\xb9\xb5\xaf_5(v\xbc\xe1D]>\xde\xc4\x83\xd6'
    b'e\xfd\x04~\xa1\x17)\xfe=\xad\x17\xd9\x93\x8d\xff\x0bY\xc9\x9bA'
), b'<!doctype html>\n<html>\n<head>\n<meta charset="utf-8">\n<title>FX Editor</title>\n</head>\n<body>\n<p id="opening">Opening the page...</p>\n<script id="packed" type="application/octet-stream">', b'</script>\n<script>\n(function () {\n  var said = document.getElementById("opening");\n  if (typeof DecompressionStream === "undefined") {\n    said.textContent = "This browser is too old to open this page. A current Chrome or Edge opens it.";\n    return;\n  }\n  var text = atob(document.getElementById("packed").textContent);\n  var bytes = new Uint8Array(text.length);\n  for (var i = 0; i < text.length; i++) bytes[i] = text.charCodeAt(i);\n  var page = new Blob([bytes]).stream().pipeThrough(new DecompressionStream("deflate"));\n  new Response(page).text().then(function (html) {\n    document.open();\n    document.write(html);\n    document.close();\n  }, function (e) { said.textContent = "This page could not be opened: " + e; });\n})();\n</script>\n</body>\n</html>\n')

CATALOGUE = (5085, '// Generated from the autofx tables. Do not edit.\nvar CATALOGUE = {\n "effects": {\n  "binary_counter": {\n   "kind": "mono",\n   "takes": [\n    "interval",\n    "count",\n    "step"\n   ]\n  },\n  "blink": {\n   "kind": "mono",\n   "takes": [\n    "speed",\n    "phase",\n    "duty"\n   ]\n  },\n  "blink_wave": {\n   "kind": "mono",\n   "takes": [\n    "speed",\n    "length",\n    "phase",\n    "duty"\n   ]\n  },\n  "flash": {\n   "kind": "mono",\n   "takes": [\n    "speed",\n    "flashes",\n    "window",\n    "phase",\n    "duty"\n   ]\n  }', ' "mirror"\n ],\n "board_settings": {\n  "drive": [\n   "manual"\n  ],\n  "reload": [\n   "manual",\n   "auto"\n  ],\n  "program": null,\n  "args": null\n },\n "board": {\n  "outputs": [\n   [\n    "out1",\n    "mono"\n   ],\n   [\n    "out2",\n    "mono"\n   ],\n   [\n    "out3",\n    "mono"\n   ],\n   [\n    "out4",\n    "mono"\n   ],\n   [\n    "out5",\n    "mono"\n   ],\n   [\n    "out6",\n    "mono"\n   ],\n   [\n    "rgb",\n    "colour"\n   ]\n  ],\n  "colour": "RGB output",\n  "strips": [],\n  "screens": [],\n  "hub": false,\n  "sound": true\n }\n};\n', (
    b'x\xda\xcdXKo\xdc6\x10\xbe\xef\xaf t6\x12\xf4\x91\x1e\\\xf4\x90\xb4\x85/\x01\x02\x04\xed\xc90\x04\xae4\x92\x88\xa5H\x85\x8f]/\x8a\xfc\xf7\xf2)\x89\x94\xe2\xb5\xd6\x0e\x90\x8b!\xce\x90\xf3\x9eof\xfd\xf6'
    b'-\xba\x03\x06\x02+\xa8Q#x\x8fT\x07\x08k\xc5\x9bG\xa4\xf0\x9e\x82|\x83\xfe\xe2\x88q\x85\xa0&\xea\xcd\xee\x88\x05\xfa\xf3\xfd?\xef?~\xba\xfb\xf7o\xf4\x07\xfao\x87\nh\x1a\xa8\x94,n\xed\t\x15{\xc2'
    b"\xb08\x97\x15\xd7L\x81\x08TT\x1c\x08\xab\xcd\xa1\xe89\xe3\xc5\x8d#)|\x00\xfb\xec\xde\x9ePA\xec\xfd#\xa6\x9e\x8b\n'!\x1e\xa4\x82\xa1\xb0\x9f\x0f\xe6\xcf\xd7\x1b\xa7\x88\x12v\xd8 _\x0e\x00u\x947tX"
    b'B<\xd4Z\x9d\xd7\x84\x97\'|\x84k5P`\xad\xea\x9e\xab\xaf\xa1Xv\xd7\xaar\x8f\r7\x1cO\xe65?m\xd2\\J\xf8\xa2\x81U\xaf\xe4\xed\x0b\r"\xd5aS\xe5\xec\x05i;\xc5@\x8e\x1ak\xd2\xcf\x8f'
    b'\xfeB\xd9\x13\x96S\xf0\xe3\xec\xc9\xfc\x82;\x1a\xee\xaam%\xe0\xaa\xfb!\r\xec\xe4qaW\xc5)\xd7b\xdd\xb2N\x8f\xa9\x90x\xec6\xdb\x85\x99\\\r\xa5\xeb\xc1-\xc2\xf3\x8e\xfe\xb6\xb2Y\x97\xcbL3\xe3\xecy'
    b'U9=\x19\xc0\xa4\t\xb3\xb2\x12\\J\xc2\xda\r\x99\x12P\x97\xb9\xd9\xae\x9a\x8d\x98\x05\xa3\x15\x00lA\xc5\xfd\xdeT\xc8HM\xbd\x194\x95\xf02\xd0Z\x11\xf8\xea@\x95\xea\x10\x98\xb0\xbdi\xe0-\xb9OT<Y'
    b'ZA\xfa\xba\x0f\xcfV\x91zqA\xa1\x81\xa3\xfe\x05\x93ij\xe7e\xc7z\xea\xa2/\xbd\xce\xad\xb8\xf1\x1a\x8a\xdb\xfd\xa6\xa0\x8a)\xa4\xae\xbcG%T\xc3Rt\xb9>\x84\x9fR0\xe7m\x1c\xcaRaE\xaa\xebp'
    b'7\x93t\x82\x15,\xbb\xaaa\xe0Q\xc1\xb4\xa7t\x9c\xd6\x99.%p\xd3\x90\xaa\xa4\xd6\x96\x17B\x91\xa5e\xf8r\x15\x16\xed\x9cm\x85\xac\xdc\xabl\x83kI\x13\xad(\x1aBCF\x8af\x08\xe3*+\xcb\x82r>'
    b'\x84\xcf\xc1\xc2\xe4\xc0\r\xe4\x867DHUbY\x1a\x08\r1\x1aC\xf4\xe0\xa2\xd3\n<t\xa4\x92\x9b4\x9eH\x1d\x13Pt\xe0\xe2:\n$=n!\x956\xf2f[N`\x1b[@|/\x07C\x94\xb1\xae\t'
    b"\xb7\xb9\xf6\x1f#)\x8f\xbb\x01\xc0\xb5(8\xed3q\x12\x942V\x8c\xcf|m\x1a\xf1L\xdbl\x17~,\xb8V2\xc4F\xe0J\x11\xee\xfb\xd87\xd5\x82\x1a\xf6\xb3\x05=\x14\xfa\xed|\x17\x1fw\xbb\x94\xea'wJ"
    b"\x0b\x9dqkM\xc4A\xe4\xac#\x17\xea2t{\x92opn\xe9\\\xd8\xa9\xbe\xf10\n\x95PqV\xcb\x94\xe5\xe5%\xac\xb8o\xad\xd2W\xee\x8fE\x933\\=\xe4D\x1f'C=\x196LA\xccH\t\x08\xe4"
    b'2V\xd0 \xbf\xb2\xdc]\xf2\x1b\x19p\xe4\xec\x0b\xf2\x85/\xbd\xfdY\xc1L\\Jr\xa3#\xa1t\x9e\x80Y;\xba\x8e\xd52oAaJ\x0c\xf3#\x9d2\xbe_l\x0f\xe0>H\x0c\xad\x9d\xd2|\x8d\xce\x1b\xc5u'
    b'\x975\x8e\x9b\x98\xc7*\x9d\xba<\xe7\xa4\xfd\x9es=.\xa5]\x10\xf0i$\x86.\xf6\xc6G\xd831\xc2\xd5a\x16\xae\xe0*\xa7\xe1\xeb\x1cULC\xb9\xb0@\xc7\x14\xf6\x07n6\x8c\x16F\xf3\x83\xacA\x8baV'
    b"J\xc1J,\xfa\xf0\xd5\x91\x98\x923Pj0`\xe7\x90\xb2\xa8:\xcc\x18\xd0\xd2N\xa9\x11h(\x1ca%!\r\xaeaQ\x17\x10\xe0'm6\xe3c\x9c\x82\x99\x10\xc1\xedl\xe7\xaer\xbeh,T\xccOO\x84\xe0"
    b"b%C\x8f\xc6\xbc\x9a\xeb\xbd\xcf{d\xa6\x83m\xe0B\xf9\xdf\x06\x8e\xa8\x04\x19\xa6#\xd7j\xd0\xaa\x9c\xc1\xe9\xfd\xe4\xe5\xbc\xd4&/'\xd7B\x9c\x82\x9e\\\xc6\xe4h\xea\xdc\xdc#\x9f\xb5\xa61o\xa7\xe8\xb4\xc2\xd4"
    b'H\xbd\xe2\xa2\xdf$\xfc0s\x9a\xcd\xb7\xffes\x1f\xe4\xc4$\x0f\x10v\xdf\xa8(<\xd8s,\xea2\x1f\x1e\xb5 \xc7i\x1c\xf6\x98i\xbf&<\x04i\x94\xe3:g\xfb\xb1d\xffM4\xdd\x1c\x047\x93\xdc.\xd5'
    b'LS\xea\x91C85\xf6\x1c\xb2\xe2L\x88\x9a}\xf8\xc7\xb9\x1f\x96\x1eC\xfd)./n5r+\xcbMz\xe3\xe7\x8b7~\xb9x\xe3\xd7\x8b7\xde]\xbc\xf1\xdb\xd37\xec\xea}\x93,\xbdq\xffz\xc8\x90\xec\xf3'
    b'\xdd\x07\xe4\xe3\x11\x07\xc1\xbcRc\x99\xcd\x08\x9d\xb6[}\x83\xcdo?\x7f\xc1\x95\xcd-RB\x83\t\xf6\xee\xeb\xef\xbb\xff\x01\x95\x94R~'
))
