# SPDX-FileCopyrightText: 2026 Christopher Parrott for Pimoroni Ltd
#
# SPDX-License-Identifier: MIT

# Generated from editor/*.html and the autofx tables by tools/build_editor.py.
# Edit those and rebuild; edits here are lost.
#
# Each page is its length, its first and last characters, and the whole page as a zlib
# stream. The ends let a mount see the drive already holds a page without inflating it.


PICKER = (548736, '<!doctype html>\n<html>\n<head>\n<meta charset="utf-8">\n<title>Plasma 2350 Picker</title>\n<script src="catalogue.js"></script>\n<style>\n\n:root{\n --bg:#f5f3ef; --panel:#fff; --ink:#26221e; --dim:#8a8378; --line:#e2ddd4;\n --accent:#00857d; --accent-ink:#fff; --strip:#1f6feb; --mono:#c2570f; --dark:#191b1d;\n}\n*{box-sizing:border-box}\nbody{font:16px/1.5 system-ui,sans-serif;margin:0;background:var(--bg);color:var(--ink)}\nheader{display:flex;align-items:center;gap:.8rem;padding:.8rem 1.4rem;background:var(--panel);\n', '\n  try { localStorage.setItem(WROTE_KEY, text); } catch (e) {}\n}\n\n// ---- the page, started ---------------------------------------------------------------------------\n// Every part is in place, so the always-on tab takes what they hold and the page is drawn once,\n// then the lights are set going, or held on one frame where motion is turned down\n\nstate.always.body = capture();\nworkOn(chosenTab);\nshowChosen();\ndraw();\nif (HOLDING_STILL) { beat = 0.37; paintAll(); } else { step(); }\n</script>\n</body>\n</html>\n', (
    b"x\xda\xcc\xbd{{\xdbF\x96'\xfc\xbf>\x05F\xde^K\tI\xf3.\x89\x8a=c\xa7\xd3\x9b~&\x9d\xe4\x89=O\xef\xbe\x19o\x1e\x90\x04%\xc4$\xc1\x06\xc0\xc8j\xae\xbe\xfb\x9ek]\x80\x02/v2\xefz"
    b'\xa6#\x12,\x14\nU\xa7N\x9d\xeb\xef|\xf5/\xf3lV>n\x92\xe8\xbe\\-_\x9d}\xa5\x7f\x92x\x0e\x7fVI\x19G\xb3\xfb8/\x92\xf2\xe5\xf9\xb6\\\xb4\xaf\xcf\xe1r\x99\x96\xcb\xe4\xd5\x8f\xcb\xb8X\xc5Q'
    b'\x7f0\xeaF?\xa6\xb3\x0fI\xfe\xd5\x0b\xfe\xe5\xec\xabb\x96\xa7\x9b2*\xf2\xd9\xcb\xf3Y\\\xc6\xcb\xecn\x9bt~-\xce_}\xf5\x82\x7f\xc3F\xe5#6>\x9b\xe4YV\xee\xce\xa2v{z7y\xb6\x18-\x06'
    b"\xc9\xe2\x16\xbem\xe2u\xb2\x84\x0b\x0b\xfa\x96\xae?L\x9e\xf5\xc7\xfd~/\xc1\xaf\xf3t5yv\x1d_\x0f\xae\xae\xf1\xeb2]'\x93gI\x7f>\x9f\x0fo\xb1\xabx6K\xd6\xe5\xe4Y\xb7{=\xba\x9a\xdf\x9a+"
    b'\xdc\x8f\xf4Y\x940\x94\xc9\xb3\xdeb\xbcH\xa6xa\x95\xad\xb3\xc9\xb3Y\x7ft\xd5\xa5\x06\xf38\x87\xd6\xbd\x9b\xde\xb47\xbf={:\xfbb7\xcd>\xb6\x8b\xf4\x9f\xe9\xfan2\xcd\xf2y\x92\xb7\xe1\xca\xd3\xd94\x9b'
    b'?\xee\x16\x19<\xb17\xde||\xd1\xeb\x8c\xa2\xe2\xb1(\x93U{\x9b\xb6\x8ax]\xb4\x8b$O\x17\xb7\xab8\xbfK\xd7\x93\xee\xed4\x9e}\xb8\xcb\xb3\xedz>\xf9-\xce/\xf0\xdd/og\xd92\xcb\xe5;\x8c\xf3'
    b'\xf2\xe9\x0c\x17"\xc9w\xf3\xb4\xd8,\xe3\xc7\xc9b\x99|\xbc\x8d\x97\xe9\xdd\xba\x9dB\xe7\xc5\x04_)\xc9o\xef\xe2\xcd\xa4s\x9d\'\xab\xdbM<\x9f\xe3\xe0\xe8[\xd4\xeb\x0c\xf1b\xeda4\xb5\x970Q\xe6\x1d\xca2'
    b"[Mz\x9b\x8fQ\x91-\xd3y\xc4\xcdpV/o7Y\x91\x96i\xb6\x9e\x14%,\xf3\xe3m\x99m\xe0\x05\xfe\t#\x9c'\x1f'\xfd\xee-\x8e\xaa\xfd\x90\xc3\x18\xf0?:\xe8\xe8\xbeG3\x82\xd3\x95Lz\x9d\x1e"
    b'\x8eD\xdf?\x8a\xb7e\x16u\xa3.L\xdd\x16\x9e\xbd\xe6\xc9K\xd7\xf70M\xa5}\x0b\x1c~\xd4\xb9\x1a\xd1[\xd0X\x1b\x06)/\x92\xc7\xf3t[L\xae7\x1f\xf1\xe5\x1a^{\xb6\xcd\x0b\x98\xe7M\x96\xd2\xe4\xd9A'
    b'v\xae\xf1A:\xa4\t\xccz<]&\xf3]\xb6\x89gi\xf9\x08\xc3\xd1{\xe7\xc9"\xde.Km\xda\x81\x17\x90\x11\xb8k\xc8$\xe7\xaf\xab^\xa3\xa7>$\xe9\xdd}9\x19wa\x1eVq\xba\xde\xadb\x98\xc9t'
    b'^\xde\xc35g\xbex\x1di\xd2\xcc\xdcteu\x9f\xce\xce:\xf4b\xbb\xa6\xf7=a\xe2zC\x9a9}\x06\xaf\x9a\x92\x91\x19L\x1f/\xc2\x90\xf9\xb9\xd1}\xdf]ho\x99\xbb\xb0xx\xa1\x91\x80\xa7q\x91\xe0@'
    b"\x98\x84\xc7\xf4>\xdc\xed\xabb\xbb\x82~d[\xc1\x14E4\x96\xe0\xb6\xaan\x9c\xea\x12\x9fE'\x0c\xe0v\x99\x16\xf02\xc8\x9d&\xeb\x0c~\xd1\xb7\xa9\x8el2\x81\x05\x9c~H\xcb\xf6\x1c\x18e\xba,\xdap\xf5\x83"
    b'\xb3]\xf1\xee\xfaM\xd3d\x91\xe5\xc9n\x06\xaf\x85,\xea\xfc\xfc\x96W\xbc3\xc4y\xbd\xbdg\x9a\x90o\xb4\xb7\x8a\xfb\x1c\xd9V\xd7n\xd8\x9c\xda\xf4++\nL\xd1,\xa8l\xe9`\x93\xb3\xa8\xcca\xf2`\x18+`'
    b'\xbee\\&\x17\xc3\xd1<\xb9\xbb\xe4\xebK\xbc\xd0\x06ri\xe1\x7f.o\xe9"\xb3\x00s_\xd4\xe9\xf5\x0b}\xb7\x9f\xb3M\xb2~_{\xc3\xdaC\xda\xbdA\xed1}|\x0c\xfc\xe7\xb26Q\xf7\xd9o@\xb5\xdaY'
    b'\xf3\xf6\n\x8fb\xc7\xab\xa6\xf3@d\x08-\x8b\xf8\xb1\xd8\xb9{o\xd8\xed\xd68\x80GO8c\xb8\xc7f\xf7\xe9\xc6\xacl\xbaF\x9ai\xef\xe5\xc7\xc3\x91\xc7\x90\x07\xc4\xcaFt\xd1\xae#o\xbb\x1b\xd8u\xfcL:'
    b'\x9a\x0c\xc5\xf3p\x824\xff\xc4#\xea\xd0\x19V\xdf\xfat\xf9R\x1b\xe1\xb9Vo\x83W\xb5I\x94\xae7\xdb\xf2g\x94\x05^\xae\xb7\xabi\x92\xbf\xdf1Y\x0ei\xbb\xdb\xf7\xa0]Hos[&\x1f\xcb6\xbd\xbe\xbe'
    b'\xb8\xbe\x98\xc3l\xf2\xbbi|\xd1\x1f\x8dZ\xfa?\x98\x83*\xdb\x19W\xf9u\xfd\xa6\xde\xf8\xb26Ez\\T\xd6S_\t\xc4\x93\xe5\xb2\xb6\xd8\x86\x99_\x8fL\xc3d\x99\xcc\xca\xdd\xff\x03C\xafNs\x9f\x0f$w'
    b'\x98Q\xb6\xc1\xad\xb8\xab\x0b\x0b\xdc\xaa3\xcf3\x8f h\xb3m\xe2\x1cVH\x8f\x82nu<\xde!M\xa4-l\xa8\xe7\x9c\x06@\x8f\xf4\xbb\x9dA\xef\x99\xbca\xcda\xd9{:{\xf1E\xf4:"J\x8c\xd6Y\x19'
    b'-\xd2\xb2L\xe6\xd1\x87$\xd9\x14QZ\x16\x11\xdd\xfb\x00\x13\x91\xc0\xd7\xe8!.\xa2x=\x8f\xca\xfb$\xe2\x83\x05\xdb\xf08Zt5[,@\xae\x00\xc1\x01\x06\x04?\x9eE\x11\xf4\x0e\xb7\xc0\xe0\x80~\xa9\xc9*\x9d'
    b'\xcf\x97\xd8\x92\xbe\x81d\xb9\xa2\x0f<\x882\xcb>D_\xbc\x10~![\xc7\x887y\x02\x1c)\xfd-\xe1q\x17\x11\x88\xad\xcb\x08\xc6\xf4p\x9fB\x8f\xc9\x1cZ\xad\xefZ8\xde5\x0e\xf7>[\xce\x0b\xea|\x99\xac'
    b'\xef\xca{\x1a;M/\x8e\x10\xa4\xe6\xf5]\xd2\x02Br\x9e?M\x96\xd9\x83\x8c\xfa\xb1\x88`\xc3a\xff\xf8\xfb4\x8bsx\xa5\x82\x1e\x03sT\x19d\xd4\x011\xa4\x88\x98\x07\x05E\xd0\xdb\x15\xf0:Y\xb3\xc1`\xf3'
    b"\xf1\xc9\xbb?\x83'\xbd\x8a\xe0<*/\x84=^\xd2\x17\xea\xf6r\xf7[Z\xa4\xd3t\x89\xabv\x0f\xf3\x97\xac\xebww`\xca\xe9K\xab\xf6\x0b}\x9a.3P\x01\xe6v6\xe3)\xec\xa1m\x99\xdc.\x93E9\x19"
    b"u\xffDr\xe3h\xf4'\xef\xf4q\x0e\x02h\xd2\xc2\xff\\\x06\x1e\xee=\x82\xd9\x12JJr\x84\xdeZ\xa9i\x16/g\x17\xbdn\xf7OQ;B\x16uY\xe7QB\x96e<\x85\xa5\xcc\nX\x1b\xd8T0\xe2h"
    b'\x16\xaf\x91J\xa7I\xb4-`\t~\xdd\x16%\x90\xed\x03\xaex:\xbb\x875K\x81\x1e\xf0\x8c)p\x81\xe1 \x81\x1f\x1ei\xa5`\x16\xa1\xbb\x8e\x0e\xd0\x8a\x8b\xc8aP\x1a>N\x80\x1f\x99\x03\xdf\x08\xd3\xb7\x95S\xac'
    b'\xcf\xec\x00\xfb\x8c:p\xd3\x0e\x9b\xcbV{G\x04\xff\x80\xb4\x0f\xfa\x1a\x12+\xd2V\\\x12\xd9\xd1\x17\xa6\xc5i\x9c\xeb;\xd1\x1e\xd9\xae\xa3x\n[\x17\x89\x1a(p\x06\x13\x0eRS\xd6q\xf6\x00\xd2,\x93q\x02T'
    b'L"oA\xb4\x1dGE:O\xa2\x87\xb4\xbc\xc7\x85\x826+$\xee\xbc\xe4\r\x0e\x8f\x82\xdd\xf1\x1blel\x11\x818\xc4#\xbag\xb2_\xd1\xec\xe1\xcbt\xe0\xa98b=\xb5\x91V:7$JZ\xba\xee\xb1"'
    b"\xf0\xe4\xdf\x12u\x1e\xa0\xcb\x9d{\x86\xf7\x1b\xcep\x98\xa4\xff\x0f8\x02,n\xban\xe9\\\xe0;\x03\xf1\xe0\xb6\x85=k\xd9F\xca\xc3\xc4]\r*k\xb6\\\xc2+\xad\xe9m\xd3\xb2C\x93-|\x11'\xc7\xf0\xad-"
    b'\xcc\x17\xf2\xdeh\xbb\x817\x8f\x7fK\x98C\xc4\xb0\x06\x85LsLS\\\xc08\x98\xf5\xc1\xb2\x00\xcd\xcd\xf3\xf8aM\xf3\xc1OCN\n\xect\x01\x1c\xa3\xfdqB\x92\xbf\xf9\xae\xdbTO\x0b\x9a.\x16\xcbo\x9d\t'
    b'l\xf7\x94^\xb4K+\xb1\xf2\x15x\xfd\x9dL\xee\r\xf1\x8c=\r\xdb\xe5=\xc8\x05\xee\xc1\xf2l\xb6\x98\xddL\x17\x95\x03\xf1\xe6\x88\x9er\xe8\xc4\xebi\xd1M\x92$\x0e\xf7t\x9f=,`\x9c\xce\x02_]\x87\x16\x98'
    b'H\x85\xd9@\x9f\x95\xe1\x90|B\xdd\xc0Mi\x0c\x7fA\xd2\x81Sx6\x81\xdd\xbb]\xc2\xc0\xe0{a\xf6Ryo\xb7\x10\x9c\x9e\xd1\x1c\xc97\x8fa=\x85T\x8a8\x9dO`9W\xf1\xdd:]\xa4p\x99\xc8\xe0'
    b'\x01\xb6E\x0e\x1b\x11v\x08/*\x9f\x01\xb4\x87\xb2\x0c\xc8\x007i\x0e\x14\\ \xf7\x8fu\xcf\xca\xb6\xf2\x9e\x00\xdb\x0b\xc7\xbd\x9e%H\x19\xa2k\xd2\x94\t\x17\xec\xf1&\xf17\x88U\x11oC\xf2\xeaY\x14`@\xc8'
    b'\xed\xd2\xc5\xa3\xb2T\xbd\\\x172\xdcA\x88\x88\x9e\xacYM>M\x03\xf6\xbb\x8a\x8a\xdf\xee\x0c\x97$F\xca\xfb\xb5\r\xffdO\xd2,\xcd\x12\xd8\x88\xca\xbep\xe7\xf2\x16\x82\x06\xca\x0e\xee\xe3\r\xf1h\xba\x13f\r:'
    b'\xf9\x06F\xf9\x18-q\x8e\xf0\x9e\x98z\xe9D_c_\xd1\xaf\xa0#\x02G(\xb3\xbb\x84&\x1e\x97\x1aWZ\x8e\x85\x16-jlN\t\xb8\x1f~\xc5\xc5\x84\x97\x80^E\xeeX\x80\x8c\xc0\\AX\n^\x14\x99!'
    b'*\xb6\xf9"\x9e%\xb7t\x11i\x02/\xc2K\xc3\xd3\x98\xe7\xe2\xf52\xdf\x02\x8bD\x06\x80\xbb\xd2;0\xf0t\x00\x15\xc9;8\xe0HL\xca\xd9\xfd-\x9cUy\x9b%CW[\x15\x96\xd0\xa3\xfd\x0fS\xf0=\x9cl'
    b"\xb3e\nS3\x17\xc6\x8dLhFT\x8c\x07\x19\xd08\x0f\x85y\x94\xf2F\x97\x18\r\xf7c.\x95\xcc\xea\xa2\x93\xb3\x05\xbb*k\xf6\x7fo{\x8d\xa1\xee'\x1aEg\x93\xd2\xa9\xbb\x87\xfaHb\xba\x8f\xe7\xd9\x03\x99"
    b'$\xba\x11\x8e\x89\xe4\xf4n\xab7\x18\xb4z}\x96\xd2i\xa6\xfe\x8es!2\x1b\xce0\xc9\xa5w\xf0rH\n\xb4\xf8*].A\x9c|\x0eW`\x8b\xe3Sa\x94 \xad.\xe7,)01\xc0\xe1\x8a\xa4B\x82\x9f'
    b".\xb49\x05W0\xd3\x85\x88\x88\xf0\x1b\xfc?\xca\x1f\xf4\xe8x\x05gI:+\xb7H\xdc\x0f)\xef\x7f|[\x90\x04\xd3\xd2\xdf(v\xf7;f2G=\x89\xf0\x7fdj3\x1dt\xe0A\xc8\xdd\\\x1e\x9c'\x9b$"
    b'Fr\xa5\x15\x02fx\x87]\xc0\xfc\xb1m\xa0%<Z\xffb\xaf\xad\xb3\xe8Y2L\xba\xf3\x1b\xfa\xa6\x9f{\xac\xce\xc3\\~]\xd9\x93\xb2Yx\xb6`\xd3MIf^/\x1fy\xb6\xd6\xf8\xda2WL\x8c\xcb\x07'
    b'\x12\x94\x97qJ\xf3h\xf6$\x8b\x1e\xb2@H\xc9\x89\xb3\xc5YR\xc3\xc3\xbbz\xc8\xc2\x0e@Z\xa1-\xcddc\xe7\x15z)\x02\xe2+[;I\x88\xed\xde\xb2\xd9\xa5[\x99q!\xcc6\x8ca]\x16j\xf5\xd1N'
    b"\x1b\xfb\x14\x99\xae{\x1b\x10\x87\xff'\xc9\xc3h\xa9\xa9tN\x82\x80l\x08\x98\xc6v\x9e\xe0\x91H\x93\xfd-2c\x9cm\x97x\x0b8=\x0b\x99\x1d\x98\xc6\x19\xed\xdfY\xb6\x052\x9d\x12\xcf\xf4xi\xccr\x890\xb8"
    b'y2KI\xb72SH\xb2!\x1e[\x1f\xe894\xa7\xf8\x84\xb5\xb2\xbe5v\x0b\x945\x97\x05\xc4.\xf1\xe1z\x00\xea\xb0\x90z\x0b\xa3\x1d!\xc1\x01/\xca\xf34A\xee\xbc\x89A\xdf\xba\x8f\x97\x19\xad\x93\x9c\x94w'
    b'@\x02 \x90\xc7\x11\xda\xe4\x85\x82\x80tT25\xcdm\xc3)\xad\x16o\xd8\xb5}\x0e\xc8\xa5\xc9r\xe1\xad{\xc8&\x17^5\xe4\xc2\xd6\xb2fu\x1b9\x8d\x89\x8d\t\x03\xa6\xdf\xda\xdd\xce\x08o\xa9r62R\xd6'
    b'\xd8RO\xd9\x92g>\xb8\x1e!\x1d\xa8R\xd1u\xcdqr\x11\xf4r\x16[\xbe\x87}\x0b\xe7R\xb6\xbd\xbbg\x9e\x0bS\x9c\xa2\xf4\xa0\rAN*\x9c\xf9B\xbd\x80Es3=\xb1Y;m\xc6S\x1c\x97\xce\n\xc9'
    b'\xd4\xd2z\xcbD\xb2,\xe0O\xa7oj1\xb3\xed\x1b\xf6\x8c\xbd@&\x11\xe7\xd5\x9b\xc2^h\x02\x8d\x10A\x1c\x9bt\x19\x90\xbbh\xff\x17\xccN\x91V\x1f\x88\xd0\x17\xa8\xc4L\x93\xf2!A\x1e\x8eR\x9b5:@\xc3'
    b'i\x82\xc4\x1c\xa7\xab\n7\x98L\xe2\x05\xec<C\x14qY\xe6\x17\xf3\xb8\x8c\xdbhD\xbc\x0cP\x88\xbaQ@\xff\xb4\xa4\x11Twu\x7f\xfb\xea\x1d\x1a\xdf\x8d\x01\xa8;bC[\x80\xa9\x8f\xc2\xc7%[\xbeCf\xc4'
    b'1\xea\x01/z\x9dq\xd8|~\x86<\xa0L\xda\x05,\x05\xda\xbcI\xf3\xb4\x04\x17\xe0o\rDh\xbcB\x83\xc0z\xf3l:\xe6!nA\x16Y\xff@s\x06~\xcd\x03\x1f\x1di\xf7\xf7\x8cUd\xa3\x0c\xbd\x99\xe8'
    b'Q\xaaE\x91\x9a`.\x82P\x98n\x8a\xb4\xc0\x85\xab\xdb\x0e\xec\x98\xa3d%:\x89x\n\xf2U\xbc\xac\xd9\xf3\xeaZ(\xc9,k\xd2\x10"\xc7\x1c\xcd\x9a\r;@\xd8B1#\x85:\x96\x83\x10\xd9\xe0#\xee\xc9<'
    b'\x99\xa0\x0cywGB+\t\x11H\xc8\xbc\x97E\xa1oE\x19\xb0\xdc\xf8C\xb2\x8eP-\x9f>*\xff\x05\x15\xac(\x8c\xe8\xa9\xbc\x1fE`\x11Ba\x13\t\x8f\x86\x8d\x9e\xa4$\xfd\xa1\xd8\x07\x0c\x1e\xf5\x9aY\t\\'
    b'\x1b\x1b\x81\x8e\x0f\xf2r\xd1"\xa6N,&\xa6Q\x89\xba\xb4\x04\xce\xbeJ@\xc5BA\x13\x0f]\x92\xa2\xd6t\x14\xdce\xf6\xf0(3\xd8\x9f\xf1&\xceK\xe0\xf3\xcb\x14\xf4\x08\xb6\xa8$\xf3\xbb\x84m\x1b\xc8\x17\xd1\xc6'
    b'Z;\xf3*{b\xe0s\t\xd7\xe8\xa9\n\x0f\xf2}#7\x1b\x17U\x1bw\x9d\xf1f\xde\x06\xcc\x814\x1a\xa6\xe2\x16}\xee\xa0\xed\xaf">U]\x12\xd8Nl\xb1\xe1\xa3\xc4\xe7\x12{e\x00G\xa4\xc7\xd7T\xd5\x8f'
    b'8\x84\x95E\xba!N\x01]\xefu\xff\xed\x91\xba\xab\xeau\x93\x18.J5o\xd8+\xda\xaf\xe1\xddz\xc8\x08v\x165h\xa1\x87\xcf>g\x89x\xd2[\xce\x02\xd4\r\xd3\xf5\x1f\x03\xda\xc3C\x9c\xaf\xfdi\xa0+t'
    b'\xe4\xfc\x84\x16"\xdeF\xaa*-2\xfeL[,a\x1b!\x1e0k\xa3\xd3\xa9\xb5F\x8f\tu\xdf\x92\xec\xf6\x00\xab\xbc~\xd4\x13\x0c\x95\xd0\x14\xf5\x7f\xda\xcc%\x8b\xaa\xd9ba\xb5F\xb6J\x13?\xa0\xd6\x8b\xe4A'
    b"O~|r\xc2\x1a\x03\xdeY\x84\x95\xc9\x8ae\xb1'\xa65\xba#\x82\xad\xb3\x16\xdbb\xc0\x8aB\xcb=$\xfe\xcc\xecy\xd8t\xae\xec\xb1\xd1t\xab|\x18\x9dld \xf9\\k\xa9\x04?\x00\xe7P{\xcf~\xdf\x1e"
    b'?\xb5\xd9\x036`\xf7\xb79\x99\xfb#\xeb\x02;\xb4\xb9\xbc\xddx\x05\xd3^\xf7\xfe\xb8\x83\x0b\x9d8<:\xcf\xdak\xcc\xbd\xdb\xb5\xc8\xb3\xad\n5Z[\xee\x949*4\xfd]\x02\x04\xba^\x80\x00\xcf4\xfb\xf8]'
    b'\xd3\xadx[q|5\xc3\x8e\xf2/\xe4\x7f\xc2\xbcP\xab\xb1\xcd\xa3\x0e\xaa1\xa0\xd2/@\x8fcq\x03\xb8v\xf6!\xa9\xa8\xf5|\xb1\xad\xecph\x1dS7u\xc5\x89\xb52\x99\xb7\x07`\xe0\t\x11\xb9\xabF"='
    b'\x16tl\xf2aH\x07W\x8b\x94r\xd4QEF\xe6\xfdI\xa7\xad\x98B\xcc\xb0y\xd7\xe0\xa0\xdd\xe3\xc7\xe7\x9bO\x95\xf6\xc2\x7f\xe8\xae\xaaI\xa2{\x85\xd4\xb9\x8cW\x9b\xc0\x1ef\xa2\xacrL\x8e\x17@\x0b|-,'
    b"\x87:\xdaU\xa9X\xfe\xf4~\xd7\x08\x1b\xdf\x83(\x13p\x97\xc7S\x1dEuNd]t)X$g_X+bjP%n\x93'\xbf\xa5\xc0\xec@\xc2@\xb1G\x0c\xefH\xf3\xf1].l\x0f\x9f\xa1D\x144"
    b'\xfeTOk\xba\x81\xf5\x1b\xc7\x7f3\x18\xe9OK\xf62\x1eid\xc2x\x06zT\xe81Q\x1a\xde\x0e\x1d\xff4o8\xcc\x91\xa5\x98\xe7\x80\xd4\x96\x94QEw\xec\xb6\xf0\xff:}\xf3\xbciH\xbaf\xee=\xde\xab'
    b'\x16\xd4\x98wP"\xf6lfbTq\x8c\xa5\xf8`\\L\\\x96\x19\xfa\xdb\xd6u\x1f\xcf\xa9\xfc\xc7\xd0\xf0\x98h\xf7Z}\xe4\xd8;\xba\x83\xb2\xc3\xde\xa0\xea\xf17\x1c\xd5:\x81\x89\xab\xe9\x17N\xbf7}\xb5\xad"'
    b'\xe5\xde\xc5\xe8\xecx\xec\xa0\xdc\x8e\xae\\\xb6\xbb\x90E%&C!\xca\xce[h\x04:x\x86V?\xd2\xb3\x91\xdb\xa0I\x16h\xbb\xcc<\xbb\r\xed\x00\x14\xae\x1f\xb2\xfc\x03\x13?\xce\xa0<\xa6\xbd\xdf\xa9\x18\x88i2'
    b'\xb1[#>\x1a;\x12\x87b\x83\xab:\xdd\xfe\x9eX\x13y\xb0y\xe6]\x9e\xceo\xf1?mh\xbdAq\x157\xc5v\xb5.\xc4\x90x\x81<\xbd\x8dl\xad\x05g\xfe*\xfexqC\x1c\xab\xd5[\xe4\x97HJ4'
    b"\xb6\xabj\xb4\xd8@\x96\x01\xe6pw\x82\x01\xb9\x87F\x82\xaa^\xe7\xf0\x9d=\xbc*\x1c\xdd\xd4\xbd.Z\xeef\xd7x'\x1c\x98\xb0\xec\x80\xc8\xfe\xbf.4\x94\x89\xda\xc1\x92\x83\x02\xb1s\xc61\x85U\x95_\x0f\xdb\xad"
    b'\xa5a\xd4A\xe7\x81\xfa\xe9\xfa\xbce\xbc\xb5\xaf\xbd\x1a\xda\xc8\xfc\xdb]\x89N\x07 F`\xe9\xff3L\xc1W\x9e)\xf8\xca5\x05\x0f\xedtD\x1d\xb4\xef\xda\x03\x88\x02\xdc\x80\t\xf1\x014\xe2p\xb7#"\x9f\x1a\xcc'
    b'\x15G)\xf5\xfe\xdc\xcb\x88\x9a\xa7\xbe#\x8a\xb6\xef\xd2\x17\x9b\xd32\xd1\xadm\x8cHr\x82\xb4\xc4\xe0\xaa\x9b\x99\xadgd\x8bB\xe9\x02\xcf-\xb2 \xc0\x11\x86n\xbdl\xfeHg\x0f\xf1Ir\xac\x80\xd2N\x11\xcdH'
    b'\xfa\xf3\xb8\xb8O\xe65w\xc5\xf0\xf2VZ\xb5A/\x80s`\xd2\xe6\xb0\x0f4/\xe8q\xe5\xf6\xe3n!=\xb3\xc2=x\xf2\x89\xe9+(\xa1\xf4\xe9\x98)\xb7klq\x04o\xa0\xb0_\xe0\x00\xcc\x99D\xf6 &'
    b'P\x17\xf3M\xc7\xec>\xf7xz\x90\xa5\xd7\xa9\xc2v\xe1\x08\xf79F\xe6\xa8lOR\xa8\x84\x86\x87\xe9\xa0\xde\x01\xb5\xd3\x0e\xc4\xd5l\xcemOU \xd3\xe5)\x1a\xc28d\xeb\x0c\xbb\xc1T\xf2\x13\xab\x06H|@'
    b'\x99 \x1cu\xd0\x15\xc9A\xb3\xbc\x89\xc8|\xb6M)\xdc\x8f&\xa7\xf5u\xb6\x86\xa1\xc4E\xcb\\:\x18"~\xfa\xe1\xdc\xabZ\xdf`lmY\x94\xa2\xcd\xf6#\xd9z\x12\x81O?$\x8b\x05\xc6\xe2\xc9\x0f\xdd\xf8j'
    b'qu]\x0f\x96\x86\x86\xbf\xc5\xcb\xad\xee\xddg\xf1\xf5\xa8\xdb\x8d\xe9zmKKp\\\xd1\xdel\xd73\xbda4\x1f\x8f\xc6\xe4\xa6\xa1e_7\x1c\xf5\xf2\xcc+y\xe6,[\xad\x80,\xb4\x13\xc9?p\xac\x80i\t'
    b't<{:\x93\x80\xe0]-dZ\xa3S+\x8bY\xa3eW\xd0\xe0#\x11\xb8\xb5\xc7\xa4\x9f%W\x8b\xfe\xa2\xb7W>\xba\xe2\xe8m7&\xbb\xd7\xac\x1a?\x9d-\xb2\x0cm\xb4\rQ\xe8\x12\xb5\xef\x85\x83j\x14\xfa'
    b'\xed\xa1\xdd\t\xc4yf=\xfa\xa4\xd3\xb0{g\xeb\xf8\xea\xc9\xf0I6K\xd8l\xcf\x0bj\xc6\xac\x92\r\x95\xe2x%\x03$Gg\x90\x9eKR\x97z\x84\x12q\xd1cX^q\x1b\xc5\xe4\x7fEEq\xad?\x96\xf7'
    b"\xa0'\xb4\x8c\xea@_)*\x91\xdd\xb3\xfap\xf4\xeb\n\x83\x8cb\x0eR\xe0\xf8&\x13\xce\x01J\xd7\x1a\x88\x95\r?\xc0\xee\xef\xc9lS\x88\x03\x12-\xb6\x18\x18a5\x12\x1e\xa3(\x01\xeeR\xf6\xe3\xfe|\xd05z"
    b'\x08z\xdb\xa7Mfa~\x976\xdau\x03\xd3\x83QW\xe6\r\xf8\xcd\xb0\xbb5\x86\x1f\xcds\x90F\n\xb2\xfbj\x90\x97}\x93|\x9d\xe4\x1dq\xa5p\x07\xc6\xf8\x8c\x9e\xd4u\x86V\xc8\x0f\xe6\x11\x0f\xeb\tk\xd8\xe4'
    b';)]\xb78?5\xa5\xa01v)\x92,\x8cs\xa7\xc1\x14pW\x19m\x92\\\x9f\x84\xc6\xe1U\x96\xabgX\x82_\xd6\x8f\xd8+\x9f\x9bhqu&\x12~\x0fD\x1f\xd4\x0cJ\xb6\xf5\xf1.>\xe3\xecU3\x95'
    b"\xb0v'\xfa^\xe3\xf5\x1d\x15\x8d\xb7?1H\xdb\xce\xdd\x038\x08\t|g\xbb\x80\xf7\xd9i\xc3\xeb\xfccene\x11\xad\x87\x0b\xa3K\xee`5a\xd2\xd1\xbd\xc5\x93\xee\x11\x00H!1:v\xd7v\x91y\x8b\xf0"
    b'2i\x8fl)"\xdaXG\x8b<[ud\x0b\x12\xe1\xfb\xd1H\xfc^\xe4\xb7\x15\xe1\x11\xfb\xa58\x06\x8c\x8d \xd7\xf2*\xe1\x8d}g\xd5\x1cRSY_7qO\xfa\x06\xb8\x91A\x16[\xab\x8ehV\xac\xf3!'
    b']7\n04S5\xf1\xa5G\xe2\x0b\\\xc5}\xb5\xc1\x0e\xa2\x0e\x99cCq\xfbO\x9e\x11\x8dY\x06)\xc88A\xc4\x9f:\x96\x17q\xd8\x10\x9dc8\xa1\xb8\x85\xd0,\x843\xf2Q\x99CZNt\xa6\x85\xbd!'
    b"A/1\xc4\x14]\xach\xce5\xdd\xe1\xb4,\xb69\x07\x1c\x91\xfbC\xfc\x93\xb2M*>y\xd8\xe2\xbc\x9b\x12\tN\xb2\x9c'Y\xcfm\xd8\xf4\x1a\x84^\xe8\xe9\x0e\xdd98\x99:\x15\xcd\xaa\xa2\xbaCH\x1e\xebI"
    b'8Cu_\x19\x0f\x04\xc7?tDWf\xc3\x14\xde\xd9\x95\xa0Zfm2jT\xfeY\xcc\xden8\xe2\x02\xe3\x0f4\xfc\x08\'\x8e\xacj\xe8&\x92(;x\x85"\x91\xc9\xe3\x90\x11\x0e\x9a#C:\xbd\x1b|&'
    b'\xa2\xcex\xe60n\x8c\x98n\xec\xcc\x88R\xd1\xaenwj\xd6\xc8\x8e7\x00Y+\xcf`\x8f\x95Go\xe8\xb0\xd7\xd3\xb9\xad\xe1.\x9c\xc0\x1f(\xec\xac$\x02\x04\xbd\xc2\x04\x10\xaak\xe1CJ\xf1\x15\x14\x92\xa1f\x81'
    b"\x8e\xc42#7\xc5\xdf\x95\xc5R[!G\x8e.g6\xce|\x1a\xe9\x1d\x83\xe91\x06g[r\xdc\x11\xba\x0b'F7\xa1%\x9c\xc2v\xa5P\x0fK\xb9\x99\xba\xd5\xb1c\x0c\x8b\xf2X\x04\x86\xbcR{T\xef\x85^"
    b'1\x854\xc3\x10&\n\xabf\xbf\x1f\xf9&\x80\xed\x1ek\xc3\x18\xd6\x93\xe1\xc4\x86\xf1\xc4\x1dE\x9dl\xb1;\xca\x98q\xeb\xd3\xf2\xc0\xe9\xc3IE\xf4\x8cG\x95\x1c\x9e\xab\xbai\x8e#U\x9dN>?#\xd07Y\x80'
    b"\xaa\xbd\x88\x177\xe6m\xc9q\xec\x86I\xb0\t\x1d\xa9\xe8m:\xc7]f\x04%l\x8f\x1b(\x938\x1c\xf2\xe7\x16,\xb2\x90\xe7(\xe3\x9d$\xf6Ub\xcazF\x00\xddpK:?lN\x03\xf3'5\x86\x13\x01\xf2"
    b'>\x06\xc2B\x16O\x07\x89\x17e\x81O\xd00C\xee\xa8\xa0FFJ\xe0f&\x1aSB7\xffJg\xc7\xf4\x91\xc5\x03\x13\xa1\r\xfb\t\xe4\x1b\x96Z"^\x83\x16\x9f0\x18^\x8b\xae\x90\xb9\xfcZP\xb2\x85X\xfc'
    b'\xd9\xa1\xcd>\xeb\xb9\x15X`\xf4.\x11\xf3\x0e+\xfe\xb1\x8ds\xf1\xba\xc1\xf3\xc5\xd6\x8f\xb3\xd9\xa1\t\xdcUM\xeft:\xb4\x85\x8f\x13\xd9v+V\xc6\xae#6\xabXo;T\xf2\xab\x0b\xf4\x11\xfd\x07\x85v/\xb9'
    b'O(\xcbwu\xd7\xb979\x9bCz\xe5\xf4\xee24\x00"\xdd\xbd\x9e"\x8f\xa4+\x8a\xac7\xb4F\x87rc\x16l}8\x814\\\x8a&\xba\x07\xbdww\x8ar\xda\xdf\xa3[;\x1e-\xd2\x99hu"\xc9@'
    b'\xb0\xe6\xc9\x9e\x84\xd3\xe3\xb3\xd1\xa5\xabi\x89\xec\xa4r:\xa7\xef\xd6C^Q\x03\xbd~\x82\x110\xaeIt\xacv\xe6\xd7lm\xa2\xe8&b\xef"\xa8h\xe6\n\xde/\xa9E\x12h\t{\xc7\xa6 %\xa5\x04`\xc8'
    b'\xf6#A\x85S\x97\xac\xefP\x14R\xda\xae\xeb\x0cMS\xc0\xed\xf1\xd7\xc2rs<L\x1ePj%\x9b>\x9a\xc9x\x00\xee\xb9YK\x94v\x1b\xd6\x0c\xa8\xec\x9c3\x81\xf7\xc0\xb5\xf0\xfd\n\xde\xa5\xb0\xf98\xf0\x98\x15'
    b'8\x86\x05p\xe2H\xe5d\x02i\x03\xf3.\xc4\x8e\x8e<\x91y \xda8\xacL&?\xe7\x9cT\xa6r\x13\x1eV\xae\x00fd\x18{\xee\x89[\xbf\x13}\x83\xf2\x07\x0f\x88\xa60\xe6\xf4\x11\xce\x14c>F\xa9af'
    b"\xe2\xe7\xe9o\xf8\xbb\x91\x92u\xb8\xc8{U1\x15\x91\x10\x1fD\xd9#\x14\x87F\\\xa6\xf1\x80t<}\xc8kz\x96Jdp\xb2\xda\x1cj\xe4\xa7\xb7<\xd8\x18 h\x95\xcc'\xc8\xed\x92\xe4\x9f(\x0eP\xf8-\x07"
    b'$c\x8a\x1e\x90s\xc9\xc2g\x1eoT\xb8\xc0\xcf\x1bb\xb1[T\xe4\xb6\xa5\x13=D[\x17_\x08\xa9\x13U\x08\x8a/t\xa46}\xb7\x9d\x8d\x05\xb8fw\x84\xf7\xae\xf4~\xf34gW\xd2\x84-\x88\xee\x1bJ\x10'
    b'\x8ej""\xdf\xf0g\x89Ue*6\x97P\x11\x95c\xc2\x18`\xa1\x89\xc9#\xc4\xe5\xc1\x9eu\x84\x9dd\xb5\xc1\x08\x13\x0c\xc2\xf0.\xb8\xf9G\xee/\xaf`\xad\x7fN\xe7\xff\xed\xe5\xf9\x9b8?\x7f_M\x04\xa7\xce'
    b"\xc9\x13o\x8d\x8fOg\xcf\xf0\xf2\xebH\xc4\xe9f\x87\xae\xb4|\xb3\xb7%\xa8\x03O,J\x1a\xe2\xe7\xd9b\x8b4i\x03\xaa\xed4\xd8\tDoT\xe3\x02\x07\x00\x93:B\x19\x97\xa9\xa5l\xd4\x9cX\xa1C';\xc8"
    b'\xf2\xba\x9f8\x9f\xca\xddU\xf4`\x13\xe3\x8e4\xc7\xa7|\x99`R\xdd\xbabN!\xe9\xc1(4\xb0\x1c\xfa\xe6F\xa1\xf1\x84\xb8\xae\x170\xaa\xa1,z\x0f\xfe!\x7fY\x85\xa2`\x1b\xb4s\x9c\x96\xc2\xe1=\x1c\xd8\x8a'
    b"\xb7<\xe7D\x9dU\n\xdb'/\x1c\xa62\xe5D7\x89\x95\xb3\tq\xc6\x84\x94\xe6\x9c\x07:\xc1\x97\xe2'hX6\xf6\xc8A\xa9\xb8\xd5A\xbc@i\x18\xed\x12\xb8\x1f3\xf7M\xbd\xac\xb8\xe6\xa5\x0e5\xe7X\x11\x1e"
    b'B\xbb\xd7\xd4\x86\xb2\xe6\xb8\xd1@\xb6\x15ogR\xc5p\x87\x17\xa0\xf6}H\x98\x0f\x10\r\x95\xe4\x04\xb4\x8c\x84\xf6\xb3n(\xe66|_5\xadO\x9e\x164\xd0\x9b\xe59R\x15\x18U\xfcD\xfd=~"\xcf\xb3X'
    b'\t\x18\x12\xbfQ\xc0\x95\xe4\xc6(\x19\xbb\xfe@\x94\r\x1d\xae8\xd4\x9a\x91\x04\xaeF\x07\x92\xd4P\xc2?\xdakE<F\xb36\x0ezB,~\x07\xfb\xd8\x86Gd\xeb\x8b\x9f\xe9\x80\x8f\xd5SIf\x8b)\xaa$\xba'
    b'w8\xa6\xb5vd\x92\x92\xfaW\xdcTh\x9aZ;FV\x13\xbb\xe4Z\x12UC\x11v\xc3\xbb\x85\xa2\\Y)\x10\x8bN\xd8x\xd7\x16\xd4\x05\x8d\xa9\xe8{\xbe\x19\xdfr]s\xbe`|\x85\xcb\xb1o\x8f\xcf\x93\xb3'
    b'\xf1\xa3~\xcc[~7\x85W\xad\xc8\xcd\xcf\xe67\xb3\xeb\xc5h\xaf\xcf\xc5\x89Y\xc1\xc5\x19T\xa2;z\xe4wSnhb\xef\x9bm]z\xc8p\x13f\x9bmQ~\x95?\xf0o\x1cto\x1c\xf1x\xedp\x9e\x9f'
    b'yO\x97<\xc6\x8b\xdeb\xa1}\x84\x12\xfc\xd8\x9eM\xc6\tN\xc5V\xd1\x88\xce;\x16\x1c\x90h\xe8\x14\x83\x05A\x87\xc0\xa3d\x0e\xa3\x84\xb1H\xf3\x82\x8dn\xdc\x84E<\x11\x0353\x04\xdf\xc7\x1cL"1\x12}'
    b'\x19\xce\xee\x89\x84*Uh\xba3\xa8!\xb0\xebD\xacac\x93r\xe9\x82p5h\x10\x11\xcfa\x95\xe9\xd6Z\xbcv\x84\x9e^\xdf\xce~\xbd\xe1\xe1S\xbea\x0cG\x0b\x12\xa1g\x9e|\xbe\x86\x9e\x1f\xeeD\xac\x8bn'
    b'O\xdd=#9\xea\xd4n\x1c\xc2\x9e\xbb\xf7<\xf3\x943\xf7\xd0\xfd\xc1C\xf8\xf0M\xfe\xa9\xdc\xf8~\x87G\xbaw\xa5C\x02C\xeb\xc8\xa6\xce\x08\xf7\xad_\x8d\x99H\xf2\x1c\xdb\xa9\x1a\x9fU\xe7O\xb7\x8ey\x8b\x18\x06'
    b"s\x03c\x96'W\x1f\xef]b\x18\xebL%Yk!\xf2\xd4\x01\xd4-\xf1\xca]l\xd4\x11\xebt@Im\x99\x18oQE\x80\xaf\xb6\xf3|\x14\xa2\xc4\x92\t\x0e\x8e\x85\x84CI\xa3r\x9b\xaf\x8d\xc8\xcc\x167\xb4"
    b'qL\\\xfc\x012\x84\xb3\xad7\xc3\\\n\x0e\xebN\xd9)&\xf9Wk\x93<J\xa2<+5\x8a\xb5\xb0\xb6\xba\xecf\xb9-\x9c\xdcI\xeeJLW\xb5\xcc\xe2J\xfct\xa3g`\xe8\xec\xdd\x89\xda_\xc5\\c\xf3'
    b'4(9\xf1\xb0\x12\xd7t\x88JL\xd8\xc0\x1e\xe0\xd7\x15\xec\xa1\xa1\x83\xa1tR\\\xc5\r\xb4\xba\xd9cC\xf3\xa4\x1e\xf7\x0c\xeb%\x08\r\x08\x87\xba\xef\xafwd)$\xcf\x8a\x9d\x8fR\xd6\\@\x16\x16\xc0\xea\xeeI'
    b"\xb4<N[\xf4\x87\xc1\x8a>'\xb0\tziNf`\x17\xbc\x08j\xe4\xearBl\x9d\x04  \xcf\xd8\xa4\xe0\xb6\x18\xa0`\x8a\x06\x03\xdcE0Ln\x99\x92\xb5\xe5\xce\xd0\xd5'\x99\x0c\x0f\x1a\x0c\x83\xb1\xae\xec>"
    b"\xa9\x05\xe9\xd0\x18\x02\x11\x9bOJ\xf7\x1d\xb1YT\xa2\x94\xaa\xc4m\x02B%>\xf2\xb4\x10\xc7k'\xc4\xb1\xf6\xe4\x886\x0b\x136\xed\x94:\x06X\xc5\\\x1c\xe8\x02w\xf7\xce\xa0H:1Lurk\xdce\x9e\xcb"
    b'\x9a\xc5\xfe\xf0`\x0f81\x9a\x17\xd0.L\x81\x9c\x90"\xdc\x16y\xbcJ\xe6\x9de\x06\x82\xde\xaen\x9a\x95\xdd\x80\xbf\x7f\xf0yT=]\xa03\xe8\xd7]0\xfd@\x04\xa8\x0f\xccubT\xe3\x80\xe2\x18\xbb\xf3\xe9\xbc'
    b'\xef}\x1esH\xa3\x19m%\xb4\x92\xf6\xf4\xce\xc9\x88\x92\x14\xc6\xc1q)\x8c\xd2\x83\x83]&! \xd7M\xc9+8\x8e\xe2~[\xc2\x10\xb2\xb8\x9c\xd0\xd9i\x81\xbe\xaaF\xe9Ci]\x81\x8c\x19?\x9a\xdf\xba0\xdc'
    b'\x80]3\naA\xa2\xe9L\x87\xc3\xe1 \x96\rZs\xaf\x0e\xe5\x87\x90s\xb5)\x84\xde\xd9\x00\xd6\xf1u\xeb$\xf8\t\x99\x1f\x95C4\x90]^\x8dI\xbd\n\x1e0\xa4\x80\xf5F\xad\xde\xe0\xba\xd5\xeb\r)\x06\xb3'
    b'\xbe\x87\xeb`p\xee-\xdd\xeb\xb0#$\xb8\n\x0e\x015\xc5e\xe3t(\xd7\xdf\xf3X\x84\xa0\xdb\x8f\xa0\x88RC\x03\x06\xcb7V\xde\x10\x0c\x10B<\xc9\x15\xad\xc1\xc1\x96B20`R\x0cf$\xfb\xbf\xee\xaa\xa9'
    b"\xe3\xd2\xe94v\tB\xc2\xfe\xc7\x87\xfc\xa8p\x94]\xf3\x01s\xd8\xd9Cn\x9e^-J\xce\xa4\xe8)|\x92\xff\xc8\xa8\x0e\xb8\xfa\x0c\xbd\xb3\x8b+'\x1d\x820d\xf0FJ\xc4B\xcb\x99\xf8\xe6\xef\xe1l\xd5\xf4!"
    b'\x06\x913\x13\x05G\xdc\xc1\xe4\xb7\x8a\xc8fmb\xbe\xb9\xeb\xa6\x1a\x94\xd7\x00\x8ae\x1e\xcc\x11\xae\xa7x\xd4\xae\xaa\xf6\xa0\xc5\xc2\x9d\xdb\x01\xef%k\xaf\xd3\xac\xb7Pp\xa67\x88\xc9"\x9b\xc1.\xaf\x07\xff\xd4\xe8z'
    b'0\xaaE\x011\x08\xc3^b\xf7\x9f\xc6A\xbd(V\xd9\xa0`3y~\xd0i\xe0\xbe Xf0q\\o\xe6h\xe6\x13\xf8S\x8d7\x041EO\\\xb8\xc6\x84\x88\xdaP\x0f\t\x95^`\xe7\xec\x1e\xcew\x8e\x00'
    b'\x11[\x8b\x89\xed\xec\x80>\xf2\xff\x03F1<\xf5\xd5~\x84\xe2\xfe\xe8t\x88b\xecu\xb3\xdb\xbb\xe1\x1a\xec\xbf&\xb6vd\xd3\x7f\xdf\xddk\xd8\x93\t\x96\xc1X\x88\xed\x9c\xf3\xdeXW\xe4\xc8h\x8a\xb9Qw\xc4o'
    b'\xc9\xb2%\xc1|t\x93c\xe2"\x9eR\x82\x8c~\x14\xa5\t\xf7kH\xa7\x15\xaf\xb5\x86,L\xb7\xcbi(!q\xe0\xe9j\x1c\xdb?\xae\x0bj\xbd`0\x82\xa6\xacP\xe7\x8d9rc\xcf\x9e;\xfe\xcc\x1c9\xe0\x1e'
    b't\xf4\x91\x93\xeb\xb8\x1dyd\xac\xb3v\xaa\xd0\xb2\x8dY\xbf>\xb4n-\xb1\xb8\x822\xbbw\x93\xec\xcd\xe3\x97g[rC\xad \xc7\xc4br\xf6\x019s@X\xd1\x02B\x84\x9e\x05\xcd\x91\x91\xa8\x8a\xcc&\xc0\n'
    b'yQ\xcc\xe2<\xa5[\xd8*/\xfd\x9d\x9e\x052\x1c\x99,\xbe0*\x80\xdd2\x83\xa1X\xa5u\xf0\xf5\xcc\x90\xfe\xf1\xa9!\xa6\x97OO\x0e\tu\xe1\xa5\x87\x0c\xeaI\x9d\xf5\xe4\x90\xcf_e\'x"\xb1\x80t\x04'
    b'\xa8U\xb4,\xcc L;\x86d\xb2\x7f\x958\xc4CLP\x1f\xa1\xdd\x1cH\xb0\x7f\xd2;L\xf2K\xcfy?\xf9f\x1d,u\xe1xoJ_\xcd\xca\x12\xc2\xe2\xe0\xe7\x1f\xd4L\x8f\x00|#\x17\nw\x07\n[\x03'
    b'p\xad\xc5\xfcB\xf7\x92\x85\x97\xfd\x12\xbb\xbc\xac!!8b\xfaY\xb4/\x956(!\xd0X`\x9d\x8e\\\x8d\xaa\xb0*h\x7fl%\xbd\xdf\n\xea\xf0\x84%\xd1\xa5@\x9c\xe6\x0c\x11\x81\xd8N[\xa4\r\x83\xfe\xb4&'
    b'\xc9\x96\xbc,\x04c?\xf7\x93\xdc\xa1u \xe2\xde5@\xd8]\xda\x15\x94V\x18\x02\xfe\x87\xb0/\x82(\xcb\xef\x0c4\xb2\xa0r9\xb1\xc3\x92z\xc7g\x9f\x0c\x7f\x89\xf0S\xe4\xebB\xe3T\xba&\xe0\xe2\xa5\x81Y\xce'
    b'5&GB\xa4qkj\x0c\x08\xda\xb1\xe2\x9c_7\x8e\x08\x81\x14\x94\x97u\x12\x93\x8fI_1\xc0\n\x1a\t\x83\x93\x05\xea\xd6\t\x0f\x88\x95\xbd\xbc\x06\xbf\xa4\x86\x05 \xd3cn\xed\xd5y\xff\xd5\x11Id\x96+T'
    b'm\x1b\xb0\xe5\xd9\xb3\xf5l\x01d\xda\xfd\x13\xfc]\xc0I8\xee\\\xc1\xc7.|\x1c\x0c:\x03\xfa\xb8\x88\x10\x82\xf9,z\xd6\xed.\xa217X\xc0\xc7kn\x80\xb7\xe3k^\xf2\xa8\x0bx\xfd"@\x11\xfa&F\xea'
    b'\x0f\xef\x8e\xbd(!\xce\x13\xd8\xb8\x12p\xf66\xe3\xe5P^\xb9\xc2\x99@?H\xcdM\xee\xe2\x9e\x81\xd3A`\x1d\x19;\xefr\x16+e\x9f\xd7MMM\xf8[AP7R\x8dN\x81\xf9\xb3\x01q?\xa1X\xd82'
    b'!\xe0,\x04J\xbc\xfc\x03\x03,\x15\xc9?\xb6\x84\x11\xeb\x06\xb1\xf2\x160\xa2`\xde\x00"\x11f\xf2\xb9\x8b\x14q\x12\x92\'\xe5\x9f\xd5\x14\x96\xaa]\x8e\xa7\xfcJ\x03\xb8\xf1q\xfb9\xba4\x12$p\xff=\xbc\xd3\xd5'
    b'oX1\xcd\xf1/~\x16r\xdfFH\x88\xe4\xe5X^\x86\xcd\x96\x17P\x01\xf2JF\x9e#\xc8*\x0c[r\x9d\x0c\xe7\xb3\xbd9z\x8e\xf4#V\x9f\xce\xd58\x98\xb6\xf9\xb7d\xbd\xccB\xc9\x9b*\xa7\xdf\xd8\xdc\xbe'
    b'P\xe2\xe5m\x05P\xfaI\xde!\xaa\xe5c^-\xe6Cr\xdd\x9b\xdf\xfd\xb4\xcc\x05\xfc~u\xe3\xfe\xeed]>\x9b^%\x83\xb8\xeb\xfe\xea\xe5j.\xfa\xd3\xeb\xd9\xd8\xfd\x19\x133[\xf6\xab\x9b\x90)9\x96\x8e\xdc'
    b'\xba\x05\xbe\x00\x8bBg\xa5\xf5z-RD^\xc5(w\x04\x1a\xedD\xdfn\x13N-\x8c9\xfa\x80RE\xe2r\x0b[\x04\x81)`{\xa2\xcb\xac\xd4\xd03\x1a\xa0\x9e\x8e \xfbN\xc8J#0\x87\xd0\xeb\x14\x9dx'
    b'\n\x8a(\xe8\xea\xec&iI\xe0\x93\x1d\x84\x95\xab:<X\x97F\xe0TJg\x96;#W%\x8eL\xbc\x98\xb8p\x0b\xf9/q^\xe2\xb9VH\x91\xde\xaa\xb0\x84\xc1D6\xd2z&\xfd\xd1\x9f\xc2\xeaQ\xb3\xe6\xef'
    b'>)\xecN\xa1\x97l\x16\x05\\\x14\x93\x9b\x80\xf2\xd7=,\xe3\xba\x01\xd7| *\xf8\x1b.\xe5}\x9c\xe6\xc0\xbc\xb7\xb3\xfbv\xcc^E\xb2k\x1f:\x04YHj\xd5\xe05\xbb\x978\xff\x8bK8\xf8\xf6\x1e\x9d\x87'
    b'W\x89W\xbf\x13\x87\x10_%c\xf0\xda\x9d\x1d\xf9\x16\xd6_+\x0c\x97\x0e\x90f\xbcP\xd1g\x87\xa3\xcb\xdb\xfd\xb5\x15\x0e\xe0"\xf1+p\x8d\x83ibL\xbd\xaa%x\x07\x8c\x89\x19_\x99xPJ\xf7\xca\xd5)o'
    b'\xf2\x03\xdd\x00\x1b\x0b\xd8C_A\xda,,:2\xe1\xfc\x82\x9eI\xc1\xec\xa8`R>\xa3\x80r\x96\xc5)\x1az\xd0\x90Av\x1aA\x8b\xc1\x0e\x8fV\x1f\xfd@\x96\xbe\xd3C=e\xe8\xca\xd7\xe9\xfb\xd7Mv\x90k'
    b'\x81k(\xff\xf0\x9c!\xc7\xed\x8b\xbckIr\xbe]5t\xe4\xd6\x93\xaci`\xc2\xf1\x80\x90\x1e4r\xdb\x19\xaftV\xe3H\xd1\x7f\xf6\xafz\x83\xf3\x80\x05\x15)\xa4\xa6\xe0\xec\x8bj\x0f\xd9\xa5(s"\xdd`?'
    b'\xb5pN\xc6\x95\xe8\x07\x1c\xba7Z:\xe2#\xee\xf3\xe3hi\\\xcd\xff\x10\x15K{9\x96\x80\x9c;\xd8\xca^\xb7\x07-\xe2U\xba|\x9c\x1cw\xe0\xfbN\xba\xbe\r\x98\x18\xfb&\x06E\xd8\x18\x8e\xc2j\xc5\xefd'
    b'Rbl\x82\x1a\xacS\x00\xa6)t\x1ax\x98\x06\xc9b\xbc\x18\x85\xdeO\xc4\x81\xfel4\x1b]\x0b\x1c\x82&\xc9\xbb$Vb\x8c\xa2\xb3\x8d\x96\xf1\xa6H&\xfa\xa1\xee\x11\xa9\xc6\xb4\xdc\xba\xa1\xf9\xe5}\xab\x9c\xef\xaa'
    b'\xc1\x1eU\xf3\xbb\xf3^{\x0b)\x9eE (\x94)\xa8\x17\xd2\x1bL\x15>\xa3\xfa\x12{\xd1 \xae\x04\x0b\xc0X\xdc\x1f8s6\x95\x88\x0c\xac\xd3\xe3\xe1)\x90\x8eM\x06\xfd\xe7\xe2\xb3\xa3\xa6\xf39q\x81\x99\x8b!'
    b'\xc9\xcd4\xa0\x1b\x9bm\x97\xc4,\x14C6.\xabEO4\xbb\xc2\x16\x07\xe0<\x17\xaa\x92\xc42\x11\x86w\x19G\x18=\x17\xc3\x81\x0b!=a1y\x82\x08\x86\x05"43`>\x05\xc5{\x1eD\xf5\xf7\xf9\xe0\xd0'
    b"\xceN\x97\xa8\xb1\x9e\xf1H\xa3f}dk\x90\xeb\xf19F\x00\x9e\x0e\x16\xd3\x00\xee\x88\x85\x9bF\x8b\xa9\xc5\x0eDQ\xb3\xa5\xd1\xcb\t\xa7f\x19Hm\x90\x8di\x8a\xcaVt\x97'\x8f\x89\x85\x9f.\x0c~\x90\xe2\xa3"
    b'\xe3\xfa\x90uN\xb0w\x13A\xd8vp\xc9:h\xc3@_\xca\xd1,\x8cN\x80\xbf\x1aP\xefb\x96\xc3<\x039\x94\xd9\xdd\x1dZO(kr\xbb\xc4\x03\x9eb$`\x84\xaao"M\x15Z\xb4\xe7\xb7\x04\xc3\xe7\xe4'
    b'voX&\xc4\xab\xee\x9aW\x0e\x83@\xe8\x9f\t+XU\xdaF\x95\\\x00\xda\x1b\xc7\x18\x19HS?\xa5\x96_\xc8\x11\xf7\x14x\xfdO8\xc2\xbd\xd7\xa5\x06\xedU\xfa\xf1"]G\x05\xc8v-\xafqt\xfd\xa7\x96'
    b'\xe36\xbf\x0c\r\x81\xa0\x9b61\xb2\x95*|&\x8c\x1fo\xfb\x1a\x1fRE\xcf\xbc\x86\x81\xc8%\x9c\x8e\x19\xbc5\r\xe9\xd6\xb9\x88\xc1_|5\xf4`\x9b\xa8Y\xe3_{\n\xa8j\x918`&\xedt\xed\xe4\x9ec'
    b'\x8e\x16\'e\xa5\x94\x01\xef"\x9c\xbae\x04Rk\xa3\xd4!IQ8\xefD\x1a\x1d\xe5\x9e3\xd8\xdb6&\x9ds.)\x11\xc6\xf84-\x12>\x81\xa2\xf8\xfb\x1ew\x13\xaa\xc3\x9c@D\xd6\xf7ELI\xc7&\xad\t'
    b'\xbb\xc7\x9fI"\xa6\x84\xeb\xb8\xb0\xbf\xc2]\x98\x94\x951j\x02\x1f)&\xd72dI\xe5\n\xcam*?:\xe9\xe3\x99\xda&\x85\x1c:\x12\xa3\xbc\x81`C\xe4\x95\x80~\x92[\xc3\xd7\x05\xcf\x86\xdc\x7f\x19\xb5e\xbb'
    b"b\xe7\x97\x97\xd1\x8b\xa8\xcf\x91yt\xd0\x1d}\x07\x93\x99s]\xb5 \xf7\x92-\xd3\xca^?\xb5'\x8c\xe2$\x1eX\x88\x04uA\xb1\xb6A\xe9\xebJ\x11\x14\xf2K\xbfJ\xd5\x1e\xe2U\xcf\x0bw\x8f\x91\x1c\xac\x85\xd2"
    b'D\xb3!\xde\x0b\\fmB\xff\xb5\xd2\x08\xb9\xc7\x9c\x1c\xcf\xf3\x15p\xc4u\x19\x9fk41\xe5\xba\xc1\x99\xb9\xa1\xbcw\xd0u(\r\x8c\x92\x06\x10\x9b\x83\xd6}\xb9-\xb8> \x1b\xd9\xad\xeadN`\x03\x99\x89Y'
    b"\x8cX\x7f\xecV-\x1d \xf9\x95\xe2\xc1\x01\xedh\x8a\xb5\xa38%\x0f\x88\x93\xd0W\xb8\xe2\xa1\xf0v\xb9\x89'\xa1\x85e\x7f\xf0x~^\xb0\x99=\xc1\xbc\xcf2]\xda\x00c\xe4\x0e\x8e\xed\xc2n\xb1\x9c+\x15\x1a\xf7"
    b'\x00\xc8\xaf\xaa\x12\xbaX\x022\xdbNQ\r\xdd\x84\xfc\x0b.\x92\xb7\x0f\xc5\x7f\xcekA\xbf\xa2\xda\x00o\x06,\x13\xcd\xee\xca\x8e\xb9\xacI\xa7\xa8y\xa8\xac_\x91\xc3/\xd1\xac(q\xc5\xf6\xaaz\x1a%.\xb3\xdb\xe2'
    b'mp\x19\xc0\x18\xaf\xa7\xedK@\x80;j\x85\x075\xc3Q\xc5\xcf\t\xe7t\xb0\x8co\xe3b\x03\xeb\xd9&k\x93\x1b3w\xc8\x01V\xaf\xf3p\x8cK\xac2(\x07\xf1\x95\xf3\xd0\x9bk2\xda\x98\xfc\xb0\x7fko\xf1'
    b'\x8a\xe3\xcc\xfb\x01\x14\xd9@\x94s\xd0*\xf1o\x864\xa2\x0b\x9b7CN\xe0\xcb\xddY\xe4\x10GP\xd7\x8b\xf6\xcd\x8c\xc4\xb7\x05\xa6\xef\x93}\x8bn`R\x9fB\x0bj]\xff^\x06\xc1p\xbf\xa7\x98\x06\x87\xc7\x9a\x06'
    b'\t\xc2\x87md\x87-P\xbd}\xafM%G\x7f\xa6\xb0\xe3/^\x9ek\xd7\xe7\xef/u\xdc\x07\xbb\xef\x8f.O\x8d\xe9\x1d.z\xc9L\xff\xe2Z\xb5\x9e\xc57q\xeff\xe8}\x1e\xa0t\xca\xa1O\xbcB\xc7\x1a('
    b"X\xab\xf5\x04\re\x15\xc2\x8a\xc5`*`\xfau~!*\xbbSd\xdc\xdcy\x92\xadb\xe89\x1d\xab1&A'[\xf5Ab\x9c\x90\xf0$[<\x92ZQ\xca\xfe\x11\xc9\x1dv0\xf5\xaa\x1b\xb67A\xf1\xd6i"
    b"\xa9k\x01\xfb-\xc4N\xb0\xbb\x8b\xc2\xccnb\x10\xa5@\xdd'\x14\x03s@)x\x85J\x8e\xf7R\xca-|b\x01\xfbSP\xd3\xfa\xd9\xa5\xf1Z\x88\xd0\x84\xb2)\xa7\xb6\x83\x9c\x17a\xa2\x14\x9e\xcdt:\x92\xe0\x80"
    b'b\x06\xe16c\x9bd\xce\xf7x(\xce\xad\xce&\xcf\x80jW\x04j\xee\x03<\xfb\x90\x8d\xb5\xd8#A\xa0\xde\xd3\xf9\x84\xb4\xef\xf6\xec>]\xce\xdd7\xe9\xee\xbd\x8b\x11I\xf6\x0c\xcc\xa9[\xc3\xfc\xff\xfaH\xbd\xcbd'
    b'\xa1\x88\\b\x8a+\xe2fF!%]\xa2#S"VHb]\xc5 qP4|E\xcc\x8eI\xb9\x9eX\x9c\xa2\xe7\x88Jh\xc1\x0caE\xc4\xc2@`khOcA\x071\xdc\x1c\xe36\x15\x9d3H&b'
    b"\xcf\xe8p\xfc\xfd\xe7\xc4\x99k\xfeT\xb0\xd6{M\x91\xac=[P\x995\xcef\xe88\x0eh$~]\\+\xe2W{\xf1\xbd\x9d\x03\x0b\xb9\\c\x11\xb5w\xb3\xdbJ\x96\xe7\xbbLt\x12Y'\xcc\xe6\xe6\xf4;\x84"
    b'\xc8\x94\xb0o\x90CS4%\x90\xed\x06o<\xaa\x00\xb2k\xa1\xbf2P&\x9c\xc2\x96\xa1\x00O\xf6>Q\x08\xcdfF\x93\r\x92\x8d\x96;\x9egD:\x88S\xe0\x82\x14\x8aM\xcaCx\xf1b\xae\x9d\xc9\xec;!'
    b'\xdf\xf0S\x87\xd3\xe8\xc8\xc0\xe9+\'nVD\xbf:\x9f\xc3\xa0\x1b\xe1\xb3\x80\xab5\xbe\x8b\xaa\x81\xb0\x9c.\xe5a\x14\xecG\xcd:"\xeb\xd0A\xdb\x89\xden\x96R\'\xe1\':,\xc9\xd2\xc7p,\x8c\x01\x82/\xc2'
    b'hn\x04\x0eBj\x0c\xed?\xad=\xdbB\xb49\xc6\x01[G\x1c\xef\xcc\x9f\xc9\x8f#\xe0\x17\\\xf7iV\xb6\x04\xeff. \x8f\xa4Y\xe9\xc8\x8a\xe4\x0e\xf1s\x119\x86\x02V\t\x04\xa7#&Ji\xc3\x86(\x1c'
    b'd\x831J\xb2<\x85y\xcb6\xe3\xc21&\xa4\xc1\xbay\x9c\x9f\xd10@\x16\xaf\xdd\xc96\xa9#R\t\xc4\xd1s\x82M\xea(\x8bT\xb0Z\xef>\x9bT\xf0\x8d\x03 ZuSL\xe5V\xfa\xe3$$4\xd9\xc9'
    b'\x94\xd1\x1d\x98\xd4*\x1f\xbc\x0e\xe4k5M\xf31\xd3\x19\x1e\xbf\x0b\xadu\xbc\xa1\xcf\x81i\x1b\x9a\x82\t\xa3f9*4o\xcdI\x02}\xcf\xaf\xd4\xe9]\x9b\xd8\x93H\xbet\x9d\x98`\xae\xd2\xe2\x84\x87\xa8\xdb\xe8\x84'
    b'\x90y\x0c,\rF\x1c\xd6\x06\x0e;xgs\xc7\xb8\x13:\xfe\x8eyL\xf7(\xdbmm\x9f\x84\xf2B\xc2yQMC\xae\x02T|\x8eA5\xfc\x80#l\x9bu\xcc3M\x05\x12\xc6;\xcb6)\x85\xe3\x8a\xd9\xc9'
    b'\x8a\xa3-\x17\x80\x91\xc2\x14\xa9\xbc\x808a\xe8\xdd\xe7(\xfeP$\x17u\x06"\xdd\xe6$\xcav\xd2\xa8\xd4\x8f\xadF\r\xdb\xa3\xa9*\xee\x86\xf5v\x02a\x1c\x83\x03\x12\xba\xd7\xeb\xefQm\x98\x94\xb5\xf9\xf5\xbc?\xbb'
    b'\xa6\xcfg\x91~S\xd5Mk&\xa2\t\x90\x01GP\x16\xf1\xcaY\x9b\xa3\x12\rl\xa6\xa6\xe2\x87dS\x8aA\x0c\x0f\x1a\x15.\xd6 \xf5\xce\\\xb0\xd3\x05I\x15\x8a\xfc\xc4Q?\x88(fP\x9a\xe1LW\x88qg'
    b'\xcd\xb25\x17\xdbnY\xc8$\xf5\x96\xc5NI\\8\xa83;6\xbf\x98\x97)+\x07j\x0b\x03+\x9b"\x89Rb\x10\x85z\xf1\xb6\xd8\x12\xa4\xae\xc0_\xf1\x86s\xa1\x87@Q:E\xf2\xfd\'\x8c\x82\n4\xe7x'
    b'2gTt\x9deu\x90&\xca\xa5\x0c\x13M\x9d\x82\x0fe\x8aF"^\xa6\x88#p\x1bv\xc0\xa2\x16~K\xf2\x8et\x1cz\xb6\xd4\xc3s\x16\x92\xdc\xeb\xd1\x9a\xaa\xdaZ\x7f\x18\t\xffZf}\x9b#^h\xba~'
    b'\x00\xd9\xd7\x87\xa2B\x96\x80H\x87\x85\x99G\xb7\xbak\x07{%=^\xad\x0f\x1a\xd6[A%\xf4\xef\x80\xe7{\xedi\xd2M\x88x\xe5Vz\x13\xe2\x7fJx\x88\xfc\xf0\x9c\x92\xcaA\xb1yD$\\\x1f\x9e\x8f!\xf7'
    b'\xc8z\xa3 \xd017\xc7\r\xad\xf0i\xd3G.\xcfLlf"\x93A\xb3r\x0f\x84\x83\xa0\xa54q\xe8\xbau\xd6\x05\xe7\xef!-\x18\x9d\x8d@V5\xf8\xa3\xcc\xa2EZ\xb2\\\x8cD\xae\xce\xdd\xd2\x84g36'
    b'\x85\xc9\xec\xbc\xcbas\x08<O\xcbL\xaf \x13\x13b5\xd3\x0cA\xe5\xc0;\xbf-1\xdc\xfaU\xf4\x85\x03\x7f\xd3e\x02\x84\xabT\xb2\x84\x19\x02\xfa@B\xd5O\xf6\x97-\xe9+5\xfb\x9dyU\x1f\t\xcb\x99}'
    b'M\xac-\x00y\xa534\t\xb2\xabY\xbd6-Q,\xe9\x95\xd9\xb3m\xd4D\xb8\x05\x1d\xb8\x9e\xd1\xc0-QB\x9eY\xec\xf4$\x91ch\xc2\x89pXt\xbb\xb0\xe1\xa1\x8dI\xa6\xcfd,!\x93\xeeI\xae\xbd\xe1'
    b'\xa9\xae=g(h\xbeBBbgb\xe0).\xa9\x17\xf0\x821\xc2\xae\x94\xe9\x8a\xf41vwp\xf9YT\xdeJ\xd1<\x04 S\xa8J\xbc\xd2t\xb3\x14\x0b \xec\x89h\xb1\x84\xd5\x97`\x03\x82#\xdcl\x97\x9c'
    b"\\HX\xf3\x0c\r\xd6\xb8\x18\xdc!=\xf5\x93\xd6\x83n'%\xbcR?MW\xc1k\x04\x13%\xa3\xdd\xc5\xebtEa\xa6\x13\xf9\x19\x7f\x88z\x05\xe3I]\xf4[\xbfnW\x9b6\xf6p\t\xd4\xb5H\xd70\x86\xa7"
    b'\xb3\x7f\xfb\x90<R\x84C\x119\xb7\xedxG\x98\xd2\xa5ef)\xba\xff\xe4\x04\xee\xddmsc\xd6\xa09f[X\xcb\x94\xcd\xa3\x8dN\xb1"\xe4\xbaL\x99qd\x1fM\xb6\x10\xac\x1b\x87\xc1"[\x05\xa9\x95\x0e='
    b'B\xad\x9f\xd3\xee\x80\xb9\xd5\x9a\x02\xe4\x08\xdd\xae\xd6&V\x8c\xedn\xc2\xd9P\x07fpG\x8eJa(\x1e\x8e\xb8\xb5\xa0\xe4\xb8\xf8I\xfe\x1c\xcf\xb45:\xb00$\xd7\xc6\t\xc2qx\xafg&\x1e\xb7\xe2\xd0!\xbd'
    b'\xf0Nt?\x0e\n\xa17\x07I\xcd\xa7\x81\xdd\xfe\xcc\xb3\x88\xe3\x9f\xf7\xf5\xa0\xd71\x1a\xf2\x98\xde\xec\x7f\x9e\xaa\x04I\x86o\xb7\xbf\xcbH\xbe\xc1\xfc\xb7\x8eo\x8d+P\x81$"[Z\r\x98\x91=\xc88\xa1\xb4\x15'
    b'\xe8\\\xc4\x9e\xd4\xbb\xc9s/f\x11\x0c\xe9\xe0\xf4\x1a\xdcJf\\l\x8dO\xff\x89#\x92#\t\x0e\xea\x8f~\xdd!8\x0e]ei\xe0\xc6\xb7J\x1a\x05\x85j\xb4\xd5\x9d\xe4ZM\x82\rN\xd4j\x8e\x0c\xfep\x94'
    b"\x1f\xc6\xc7 c\rt\x9d\xc6\xf0\x17\xd43h7\x9b\xc0I\xb5]\x82,\n\xdf\x8b\xa73\xaa~\xe5N\x87b^\xd9\x8b\x9dM\xbc\x04^\x99\xd4\x9c\x94.\x9f\xa9H\xdf '\x84J7\x1dA\x04M\x0f\x13^\xe4\xd0"
    b'\x88\x1b/6l\x08H\xe4\xe6\xbc\xf9\x98\xbe\x99\xac\xe18\rX\xee\xfd*\x955\x7f\xe6\xefP\xdd*\x14\xf3&`\xfe\x83\xd1\xfe\xf4\xa1\xaa\x8e\xe8\xbe\x9a\x87G\xe2\xe5\xe94c$\xbd6\x96E\xdf<\xcd\xb6\x14\x83\xae'
    b'\x8d,U\xb6\x99\x9bt-\x96\xc3\xd63\xbam\xd7n\xdfo\xa7\xd5l\x16\xdd\xb6S\x0eDPo\xba\x18\xd9]\x9e\x8d>\xb4tY\xea%B\xf3\xc7\xeb-\x8d?@\x94]\xc28D\xe5\xc5\xe1\x8c?\xcf\xe32nc'
    b'\xd3\x87\xf8\xf1}\xf4\x8c\x0c\xfd\xaf\x08_}B`\xc5\x15\xfa\xd9s\x8f\x83w\xee;\x11\xe05\xde\xc0R\x7f0a\x17\x85= @\xf1s\x83\xc2\x9d\x98\x07\x85\xffw\x95\\\xa9\xf1J\xa5\xb2\xb1\xc7eZ|\x1a\x14\xc6'
    b' \x10\xfa\xdb\xb3\xd6\x93Ca\xba\xf4\xf0"~\xdc\x05C\xbe\xe9WOQ\x0e$\xa4\x7fR\xde\xd4(\x1c\xf8\x86\xcf\n\x18A\xcc8~G_5\xf5I\xca\xe4Q\x98\xf6b\xb0\xc2\x88Y/\xc4\xb2\xd3o0}W\x02'
    b'\x19*\x05\xce|\x90!\x1d\x0e\xc2\xdfyN\x98\n\xc6\x80$\xccW\xf1/\x0eB\xd9\xd6f\xbb\x06\x8dT\xad\xf6\xcaQ\xfd\xd5\x85\xd0\xe05\xca`-\xd8\x1e\x0fG\xdc\x87\xc4\x01\xb9u\xe5\xdc\x87\x14M\x0bT\xc4%\x9e'
    b"\x17l\xf8\xa6k\x94\xaa\xe4\xf8'H\xe2\x95\xea\x1ap\x1b\x82d\xa3I\xdeT!sP\x05M\x91\r\xa9\xfb\x83\xddSQ )\xc5aJ\x90\xd10\x11|\xbc\x92\x06\xe6\x98\xe6\xc4\xd4\xd93\xb6s\xba!\x84\x0b$\xf9"
    b'u\x1d\xc7Oi\xb6\xdb\xc0\xb9=r\xaa\x04\xb1q\xb3\xb9\xe0}&\xd5\xb8\xd3\x8dS\x00)F\x87]\x89\xaa\xa7 \x120^\xacf\xf5\x96\x1a\xdd\xcc8\x8e\xc9\xfc\xa4\xea\xf1\x87p\x94}H\x1d\xf1\xb2\xe1C\x1a\xc3\xf8'
    b'\x9d\xde\x14\x11\xa6\x12\x91?\xb4\x88\xcc\xa1\xfa\xf0\xa7\x05\xe4O\xefj\xd1\xf8<\xbez\x81\x18\xe1a8\xf9\xdf\xa5\xeb\xc4\xad\xd3b\xa6\x15\xf88\xe1\x06\x90\x9e\x80r\xa1d\xba\x11\x89\x89\xf3\x8dB1\x05\xca\x8b\x88\x13\x9e'
    b'\x8a\xa0\x038\xffhJ\xc3\x91\x1a\x88:\x0e\xfd\xefV\xb3\x1d\xafN\xdd\xb0\x1c\x17|\x04\xee\x86\x19AD\x1f\x1dN^\xa1\xceJ\xc3S\x92R\xbcP\x0b\xe1A]\xaf\xcbY6Ov\xc1\x14\xcc:\x8f\xd1\xe4\xd4\xca\x80'
    b"\\N|:\x8a[\x05\xed\xc6\x97\xbb]\x0c7=\xd9\x02Oo\x90\x9cTB\x12\x99\x88\x8a\x8e\xb0\x13\xb0\xc5\xa5\xd1\xd8\x01l\xc1Wc\x0c\x95':#\xeb\x16\xd91\x8ds\x988H\xde\x18\x91:\xa4\x1dA\x0b\x87\x1f"
    b'-\xcc\xb6\x9e\xbf>\xbe\xc6 \xb4\xab\\X\xef&\x9e\xd0\x80\x95X)\xc1\x18:\xa1q\x07\xee\xdd\xb3\x07\x96\xea\xc9\x9b\x88\x13\xa4UE\xce\xb27\x1b$\x9b\xda +\x88\x8d\xcd\xa1\xe9\x18\xe6\xa5\xb5f8]\x8f\xcd\xe3'
    b'd\x11\xc3\xee\xe1\xcc\xa1Ba&\x8e4\x96\x1f\x8dU\x9a0r\x89\x9c\xe0C\x8b\xedq\xfa\xb5\xd9\xb4\xc7\xae\x14\xdf\xaeGf=\xbf,\x1a\x08\x93%jD*f\xe2\xd9\x86P\xbe\x19\xfe\xf7u\x0b\xff\xfb\xa6\x15e\x84'
    b'\xf8K!\xb88\xa2\xb8\xf0\xb2\x07?\xa1t\xf9\x98\xb6\x89\x94.7\x85\xcb\x9f\xa4\xeb@2\xec\xa9\x19\xf3{\x81+\x83~\xb4\xae>\x1dD\xc0\xd7\xbe\x0ch\xcb\xe9j\x837\x95\x06\xf1p\x18\xcf\xbd\x1e\xde\xecO\xbe\xa7'
    b'v\x12\x92\xd2\x88\xf90\xe0Mrh\xaf\xd5Cp\xe5\x87\xfa$\xb8\x02X\xf0\x80\xde\x93\xf3\xdb\x1b\xb0#)Y$\xb3d\x0c\x7f\x07\xf3\xc5|\\y\x99(]\xdd\xed\x9ab$\x83\xe0\x1e\xf89\x9b\xfe\x8a\xd1\xbd\x8b\x14'
    b'\x86\x8e\x83\xb6}b\xd9\xa2\x06\xac\t4\x01\xd0A\xdc\x17\xb3E#c\xe1\x1c\xe5n\x0b\xff\xbf\xdf\xea\\\xb9\x9b\xb3B<C\xd7\xae \xf8\x05\xca${\x8euP\xb0\x80\x0c\xd64"Gp\x1e\xd2:z\xcc\xb6\xb8\x81'
    b'P\xd7\xc3\xb3\x1e\xd5\xc8\xb4TW\x8aE\\\x11\xa9Tv \nk\\u\x80\xb4N\xe0\x12\x8f,\x98\x11t\x9f\x97(\\J\tA\x8d\xb9\x97\xfa\xb1vk\xa2\x8c\x88i\x94\x07!xL\x19\xb5*]\xb8a\x18#+'
    b'_}r\xb4\xcd\xde\xf5\xb8\xee{\x0bb\xc1]\xc8\xfd\xc3o \x17A\x94\xee\x17\xe1\x9ckw\x99x\x1a\xb4\x8a\x03\x9b\xec\xe4\x1aMg[\xea\x87\xca<Yk\xb0\x99@\n\xa4\xf76\x9e\xd0\x89\x14\x7f\x0bzh\x9d{'
    b'M\x1e\xb3\x1b\x8eYCp\xea\xfa\xaaB\xbd\xda\x89\xecX[5{\xef\x8e\xad`\x0f\xd4\x87\xe3\x85/\xeaPx\x1b\x1e\xfdJ\x9deZz@\x9d\xcc\x1c\xbd\xf3\xae\xe1\xb6\xce\xd4\xbbQ\x99&l\xaa\xbfP\x84\x1b\xd6\xba'
    b'\xd5\xe4v\xaa\x9fK.1*\xcc,e0\xd5\x88\x83\xa6v9\xeeP6\xf2#\x19qW\xd1i\x86I\xaa\x9av\xa2&\xa6\xe5\xb6\x10\x13\xd3\n1\xed\xd9\xc4\x84I\x94\xf9\xae.?\xd74\xfb\xd1\xe5\x81\x84\xdb:>'
    b'\xed\xf8\xb2\x12\xe3\xd2\x80P{D$p0t\xa9\x81\xf7;y\x17\x1e\xf6\xed\xb0\xb9\x8c\xa7\x8d\xd93\xa1\xca41\xc7\xc0\xe1\x0e\x0f\xc0\xe1RGa\xbd\x17{\x04)\x99\xd7@a\xea-\x94\xe3\x9f\x93eB:\x93S'
    b"b\x95Ut\x83\xca\x86\x15\xb4\xfe\xb1M\x81\xe2L2\x8e\xad\xbb\x97s\x91n2\x84\xa5\xeb=g\to\x84~P*\x0e\x94\xbd\t\xe5\x96\x1c{\xe6x\xca\x83vW/'TS\xcf|\x8a9\xc8(\xab\x8c\x10\xde?"
    b'\xcc\x06\xe9\x07Z\x08\xa7\xa9\xc7\x16\xe1{\x9d\x0c,\x1a5[f\x03\xb94\x14\xa8\x80q\x88m/ju\x8f\xc8\x88\xee\x1f\x852\xf4\x90\xbfj\x18\xc2\xd8o\xdb\xf1$|\xaap\xe8u\xd6\x89\x9bd?\xa7\xcd\xb4I\xfc'
    b'\xb3m\xa2\xfb\xc1\xaej\x923\xc9\x04\x95\xfa\x0b7N>>\x89$5\x08$\xb6\x9d\x1c\x9d\xb6`\x04\x15\xf5\x15\xe2 \x9a\x8d?R{\x9b.J\x10\xb0\x8a+9\x95\xe9I\xd7Z\xfc\x87\xad\xd2\x14\xc8\x82\xf5g5\x99'
    b'm\x93\xe5\x18^\xc2"\xd1\x1a\x98K\xccQ%\xab\xcc\xa4\xffID\xb1\xc4\xae\xd8Y\x12D\xcfN\xba\xc6.}\x0b\xcb\xb0\x196\xdc\x85\x9c\xe9\x8cF\x07}#\xf5\x9bz#oOz\xa6\'_R\xae\x80\x8ar\x00\xe1'
    b'\xa8J\x86\xb5w\x89\xb2\rep\x07\xe1\x99\xdd\xbb8\xe4\xa8\x9e\xe8mG_\x87\xf6\x9et\xab\x83\x17\xf3D\xe7\x18\x03\x85\r\xb2\xbb\x0e\x8fF6\xbb\xcb\x02\x9cV\x1d\xf2\xf3r\x97\xbb\x86\x03\xc8\xc2\t["\'\xbbH'
    b"\xb29\xad2\x9d\xef\x938\x8b\x98'\xdb\xcc\xbav\xd4#\xf6\xe8\xe0\x1cI\xb5\xd9\xeb\ntt\x05lb\xe4\xc4M\x06 \x82>-\x80\xb9J7\xf2\xca\x1d\xce\xcd\xda\xaf\x14r\xa2+c\xb0\x14\xf79\xd0\x8a\xf8\x84\xde"
    b"\x91lS\xe6\x8f\x9c\xce\xad\xd8\x8e\xebh\xb1].'\x04\xbf\xb8]\xcf(\xb4[\xe2\xe5(\xc34^b\x08\x13\x9a%\xb1H-\xd7\xb4\x9d\xdd'R\x0e\x95\x9eF\x86\xb5\xbd\xf0\x18\xfd\x9a3\xa13\x1c\xddb\x00{\x9b"
    b'\xaa\x99O\xe8\xbfm\xbc\x80\xdb\x86\xe4\xdd\xa8\x171\xde\x87\xc7X\x91%\xd6\x05\xc7\ng\xad6\n\xb1V"\xbf]\xa0\xc0\xf0\xed\xb1\xe9T\xa2\xe4\xd4yh\xe5A\xca\xb6\\\xfc\xda\x13\xce0)\xc03\xdc\x87\xc7\xdb\xf0'
    b'D,\xfe@\xa1\x90;/\x91\xcd6\x0c\xc3\x9a\x0e\x1b@\x7fk\x80?\x181\x04\x1b\xdc\xa35o\x99\xe1y\x87\xb0\x96\x83\xd08\x83\x13\xb1\xd3\xc7\x8c\xda$/{\x0c\xde\xb7\x93E\xace\x9f9ht\x1a\xb6\xad\x92\xb9'
    b'\x8b\xaczdpCe!\xc6\x88*\x03sZ`\xa0\x0f\xa1qP\x9a\x86q\x1a/\x18\xf4\x912+\xd8@F\xf1\xa5\xf24\x8a\xd2\xbc\x8f7I\xad\x08\x019\x9f\x8cE\xb6\xd8[!\xca5~\xb1\x14\xe5\x8a\xc0\x8e\xa4'
    b'`=s\x91w.\x1e\x97\xf9\\\xd5S<\x9eUe\x91a\x83\xea!\xd8znu\x14\xa3\xe3\xd5\xa8i\x03A\xec\xd7kgn\xaa\xe9\xc6UhI\x82x<.5\xe4\xb3R\x87\xf4\x05(\xa7m\x1f\xf7\x1c\xbb\xa3\xef'
    b'\xb0\x8e\x82\xafm\x8e\xdf\xb1B\xe0$\x1c\xc7\\j\x05\xb2\xf8.N\xd7\x12\x97G\xdeG\xd2S\xf1\xe2\xae\x9e3WMG;\xb9\x9c\xd7\xd5\x81\x13\x8d\xb3\x12\xafNIK\xacS\x11\x8d\xfep\xe9K\xbe\xb9.3\xf1\xed'
    b'\x81\xbc\x9b@mtj\xfb\xf9\xf0oXW\xaf\x8c\xcbm\xb1;\x02\xe8\xa43%\x83\x82=\x97\xae\x9d2(\x81\xdd\xe8%\xa3\xfa\xa0]W\x8b\xfe\xa2gz\xec<\xc4y\xa0\x1c\x18^u\xfc\x95\xf6\xa2\x1d\x0bqy\xbf'
    b'\xaa\xca|1H\x8c\xe8x\x1d\x8f\x87\xbd\x91i\x1emLt\x80\x8b\xdf\x15r\xbbU\xe7\xc3\xa66\xa2I\xce\x96d/\x1c\x17\xb3x\xa6)d\x85CU@\xd9@\xae\x9b\xfaN\xcfb\x93\x95\xcd\x91_^@\n\xab\t'
    b't\x9aW\xa0\xc0\x18\xc5\xe3Izk\xa8\x7fp\x04~d01\x83\xed\x1fh\xfc\xe8\x82z\xdfc\xa0\xc8@\x9d"\xa7\x05\x17\x98\x95\xc1\xd4lh\x8e!\xda[\x9aj\xc0\xc9\x18\x0b\xf8h\xc8\x89\xa7\xcd\xdc\xf0Y\'\x08'
    b'fj\x1e\xe1\x89O)\xa33\xdanj8f\xea\xa4\xb6!W\x1a)@Vm<\xe2Pa,l\xf4zRn7\xb6\xd6\xc1C\xc2Y\x00\n\x98C\xfdM\x9e\x8d\xc6W\xdd\xeb\x85\x86s\x88\x1d\x9b\x14O\xe2g\\'
    b'\xe2\x1c\xd8\x1b,\xc8\x8c\x03\r\xe8)\x86\xf64A\xfb\xca+\xe8\xa1\x83\xc58\x9d\x96-\xa6\x90\xad\xa5\x16\xfb\x82\xb2%\xa9\xb6\x02\xd1\xd4\x12\x06\xb7\xb6\x00\x99yR\x94\x92\x069\xcb\xee\xd6i\xa1\xe1Q\xd8-E\x89\xbb'
    b'\x1b\x89\xae\x8a7YK1\x1a"\xa7X,\x0eBY"\xce\xaf\x17)J~Y\x068\xf2rfS\xa9\xd8\xcc\x19\xee\x0fE\xe5\xe1r\xf6\x8d\x9d\x10\xf5\xb1\xe5\x12m\xca\x02\x14\x8b\x98\x1b\xe5\xcd\x93\x0bdB!\xc8\x02'
    b'5\x1a\xe7\x9c\x9b\x9d\xe6<T\x99\x824g\x81eb\xb2T\xd1\xda\xca\xa4A9\n\x1c\x9a.\x9bSc\x15`\xbd\x05\xa7r\xbb\x11\xab\xf6\xa9\xd1\xdf\xc1\x03*\x94\xc7\xdd\x98\xf2H\xaf\xf9\x03\xb0\x94\xcb\x9a\xeb\xde?z'
    b'\x9c\x86NM\xf3\xe6\x94\xd1\x9a\xa8c_3`\xf0J\x12\xe0\xccW~\xb3\xa8FAnT\xbf\xdf6X\xd7\xd1\x19\xb2gD\xf7\xef\x0b\x8cf0\x1cuG\xb2\xcd\xde\xb2\x81\\\xcc\xdc\xf7\xa4\xf3\xf1&Y\x83\x10\xc3\xd8'
    b'\xb1\xb8\xda\xf3LW\xd9\x0f\xba\xb4\x01\x97\xba\x97\xf1(\x99<\x9b\x0e\x06\xb7\xe6\xac\x81\x91M\x938\x89\x9f\xce\xf8\x01\x91\x1e\x8fU\xdb\x85i\xe0\xc0\xb9\x06U\x08\xdf\xb4"\xd5\xe2\xaeO\xafGz}d$,\xc9~\xd5'
    b'E\xf7\xc6\xda\xd9\xe4)\xbc\xcec\xb3\xd3\xbf\xee<\x0c\xc3\xd0\xd5\x84\t\xef9Ge\x10k\xe4\xc0\xdae\xe7\x94\x04\xd2\xd2\xa2\x12\xa9S\x9e\xc42~\xc6\xa0-a\xa5\xe9he\xe6\xe0\xb1\x0cd\xc2\x94\x90\xa0\tG\xc2'
    b']95\x9d2\xb2\x14\x06\x8e\xfaFX\xf1<\x83\x01\xaf\xf6\x88"\xc1\xf8\xc8J\x9b\xea\xd2q\xb2\x91>\xa3\x88S?\'\x94$\x1a\xa1\x19*\xb0\x99\x96\xc0jf\x88}\xcb\x90\'\x0eV\xaa\x8d\xb8\x1b\x1dWV(t'
    b"\x0e\xaa\x06>\x11\x0f+\xea}-'\x9d\x89\x82n\xb8<\x94&\xf0\xc1\xf2p8.W\xd1P\xd7\xae9\xb0|\xc8\x14[\x90\x8a\xb08\xcc1\x80\x87B\xbd\x9a*\xa5u\xc9\xcf\xc7\xd8\xcf)@\x0c\x8d\x0fM\x0c\xb9\xef"
    b'\x84\x8c\xb9\x95\x1aG"\x88\x86\xfc\x9c\xcf\xe6\x8bd\x94\xcc\x9c\xa1\x84\\\x89\x8a\x84\xa2m\x08*\xe3(\xc9Yn\x10\x8d\xca\r\x9e\xef\xd7\xb0Z\xf7v\xd0)\x8a\xc4\x9a$\xbd|\x003\xc7\xdc(:\xc4\x91+\xdc8|'
    b'\xbb\x93\xc7\\\xd5A\x0e\xdc\xc0\t\t\xd9\xfar\xb7\xe7}jc\xb5\xcf\xf3\x8cd7\xd3\xf1LT\xc9\xafm\xc18\xc1\x9bAH\x17\x04^\x94\x88w\xf2\xac\xb6,\xe0D\xf21\x06\x12\xc2\xb8\xf8G\xc4\xf91\xe7\x06+'
    b"\xf2(L='\xd0=\xd8a[\x04\x9b(\x0c\xadk\xaa\x18t\x9e\xef\xf6\xd1\x8dI\x946\xc8\x91\xb4}\xb3;\x01\xf8\xe1\xf3\xe1\x8at\xcc\xfeQ\xf0\x0e\xb6\xe6\x8f\xcd\x11\xddn6I>\x8b\x0b\x14\t(\xb1#'\xad"
    b'\x85\xa8\xbb;t"\x0c\x15\x81``\x07r\xe4\xe6\xb2yI\xa6\xdaV\xd7\t\x99\x0e\x9a\xb2\xd5bMf\x8dFk\xf4\xd0\nFn\x88\xacgM;\x01\x08\xa2\xaa\\\x04C\xb1\x83\'\xf28\x08\x82!s$\xda;\x92'
    b'\xae\xa1\xc4\xcb\x90\x92\xcd;\xc8\xde\xd8\xa0\x8b\xcbF\x0b\x8aX\xfa\xc8\xe6\x1d&-"8\x92\x9c\xf3a\r\xb4\x10/o\x8fI\xd9\xd1\x0e\xeal\xa7\xf7b\x18\x88V\x0f\xf7\x00\xcbu\x84\x8do\xa8\x95Q\x8dHo\xd4\x9c'
    b"Z\xc5\x92CI\x15\xfa\xd4SJ_\x0e-\xb1\xd3\xad\x14p\xdd\xb2\xdf\x0f\x19{\x1dPt\x1f\x8c\xdc)\xf8rz\xbaY=0\xd3'\\w\xc42B\x8b\xf8f\xf51\x8a\x81\xd5\xb8(B\x92^\x1b~\xc5\x10\xd9\xc8"
    b'\xdd0\x81\x89x\x16v\t\x1c\xafh|\xdb\x9b\xe62\xcd\x9a#1<YF\x1d\x1f\xd8\x97a\xab\x99\x8e\xb5\xd9\xfc\xca\x12R\xc8\n\x84\xf7R\xca\xc7q\xe5\x12\xfb\xe1\xea\xa7^\\\xa9\xec\xd8\x03\x06\xc4ZL\xb5\x9e\xa8'
    b"\xa1\xb7\xe3CgW\xab \xea\xfd\x1c\x15\xdb\x15\x89\xe5\x07xUu\x9d\xba\xc1^\x1aL\xb7^\xdb\x9fQ\x97~o0\x15\xd8\xd44\xae\x8dK\x99H\xabv\x91\xf8\x82g\xa8\x1a\xdb=\xe4\xfa/\xe9\xfa\xa5\x01C'\xc3"
    b'\x98\x9c\xdd\xecK`\x91\x12\xd4w6\x98\xb8u\xab(\x89\x80,O\x98\xe0M\xa0^\x06\xa2c\x85\xeeB\x86\x10x4t\x0f\x9dz\xe0[\x87\x83\xf3G\x01X\x7f\xe5V6\x0fA\xa4\xcaQ\xed\xc0\n\x91\xcf\xe1\xaa\x05'
    b'p\x06\x844\xfb\xcb\x80\xe5\xd1}-W\x19w=E\xfdZ\xcb\x9f\xd9\xc6\xff>\x90\xb5\xa7\xcd0\xd7\x9eS\xf6Z\xb5\xcb\x98\xf6W\xbfJ\xb1\x13oE\x81h\x9d\x85\xee"\xe8\x86W\\\xf0\x9a\x0e\xd2g4\xe2\x1fI'
    b'Wu\xd0\x15D\xf9\x130/4\x93\xb2\x10\x08\xfa\x04p\xb5-\xa7+J\xad\x02\xa3\xd3Q\x81&\x83\xd0\xa2\x8e,XzV=C\x11:\xa2\x94v\xf0\x11\x04\x9d\xb1\xab\xaa\xe3.\x01hR\x9a\x93p\x82\x13L\x97='
    b'\xd4"\xb7|\x83\xff+Z6\xe0Y\xf8\x12\x8di\ntN\x92(\x89B\x93\xc6c\x8d\xd5A\xc4\x00:\xb5J\xd9\xa7\xd4<&\x92s\xb5U\x90\x9a\xa2~\xbf\n\xbf\xda\xf7 \xc9\xac\xe6$/\xc1\xaa\\S\x19\xb8\x86'
    b']\xe5\x1b\xc3\xba5\xe9\xcb\xeb[8U\xdd\xeduH%\xb2]t\xf2d\xb1-\x02PK\x08*\x04\x14\x83k\x1e(\xe8\x83?\x9dX\xd9\xa5\xce\x9b\x1b\x9f\xf8iJ\x98\xb9Y\xb5\x8e\x1a"\xbd\xab\x8aV\xa5\xebk+'
    b'\xa9[b\t\x9b\x1ak\xf4\xd2\xaf\x1f\xde\xbcC\xdft<\x0b\x02\x02\x10H\xc5\xdfj\x122\xe5v|3\xc7\xccB\xda\xad\x08}R\x18|E\xb1\x8d\xaf\x93d\xce\xd0@l\x9cas\xb7o\xd7\xe3\xb4\x10\xe4K\x052'
    b'\x13Oqyr\x7fy%\xdc\xcb\xbd\xc4\x0c\x12\xc3\xe6\x18\xdd;Ob\x90v{\xaat\xe2\x0f^\xb6:R\xac\r\x88\xf4\xa6\xe0jq\xb3\x98\xde\x1e\x9a\xc8\x9a+\xda\xcd\xdd\x97R67n\x16\x9b\xb3)\xd1\xdf\x81\xf8'
    b'\xfb\xbc)\x87\xdd\xd6\xb8\xdb\xba\xeeR\xbc\xa93\xe0\x06V.\xbfcT\xd9q\x12r\xcd<a\xde\xc0\xea\xa77\xcd\xfai8/\xce\x0cBv\xb2k\x15\x1cv\xbb\xc7h\x19\xca\xa2\xa9+\xca\x96\xfe]\r\xf0\xc7\xee\x81'
    b"\x9b\xf0)\xdd<a\xfbm\xef\x81\xf7:\x96\x0f\xd4n<d\x83'\xc3\x08o\xd47\xb4\xf7\xe0 61\xe1\x153\x9d\xe4\xbdB\x0b\xee\x14?X\xedUN\xb4\xa0\xae[\xb9k\xb7\xa7Q\xd4\x89g3)\x0eH?I"
    b'\x19\xe8\x10\x05;\x99\xa7\xcc\xa0O*\xbd\xb16\xa2"\xd9\x84\xa9\xb8\x83\n\x97x\x85g\xc5\xbd"\xc59\\)\x13\xed\xac\x9c\x9b8C+s&\x19\xd0\x0e\xa0\xf1\x1e1\x8a\xfa\x0c\xb6\x95\x18\xf0Z\xe3\xbat\xc5\x97I'
    b'\xbcz\x03\x97\x03\xbf\xc9\x97\xef]\xd9\x96\xc72\x8b\xd7\xbf\xc5\x05\xb5.\xef\xb7\xabj\x0cI\x8a\x05(\xda\x08D\x96 h\xc2d\x93~D\xe1(\x99{\xc4\xde\xef\xf7\xeb=u$ygW\xed\xa3\xe2-$ \x12\x19'
    b" g\xd3\xa1L\xb7\xa1|\xa92z@+=\xce\xb9\xe3\xd4\xa4\x80]\x81hC}\xb6\xc8\xa2\x99\x1a\xf6\xd0\xbdIH3xB\xa8w\xd1A\xb8\xe80HbE,D'0\x1eKZ\x84\x9a\x0b\xa2\xe8*\xc2s\xb2"
    b'c\xc0\xc8U\r`TM\x13\xdd\xd0(\x8a\x1dy\xba\x0e\x83Q\xd9:\xb0\xcev\xcds\xa8\x9b\x90\r=\xacX\xf04?dd\x86G\xb8\xdb,\xe3\x02\x8a\xa2\rqa\xdf<\xde\x14B\xd7\xeb,B\x9d\xd8V\xf5\xa5'
    b'\x16\xf3,a,8wF"Oc2\xe1\xdb\xd5l\x1eS/\xfc8u\xa7\x1bN\xe4p\xe0\x81L\xbf\x1f\xdd\xac\x0cR\x19\xfb\xd1\x17\x11F9}!n\xb2\xe8KY\x84\xcb\xa7\x86qWj\xf6\xe2/,=\xe1\xee'
    b"\xd89\x10h'\xd8\x08\xf6E\x18\x1dg!\xa8Y?\x9a,\x04\xf8>\x14\xefY\x13\xb2\x85\xf8\x0eI\xd9\xd7V\xf5\xd3\xedj_Z\xbd\xeeN\x18H\x9ft\x83OM\xba\xac\xad\x023\x8aiz\xb7\x0b<\xab\xd7\x0f\x96"
    b'\xb1t!\xd1\x04\xf30Ed/\x04\xee"\xc5\x11#\xfa\xe7\t\xda\xb4\xf0\xaf$\xef\n*\x06\x86\x19|\x8cpH\xf7\x05\xee\x03J\xdb\x158B\xcd64\xbc\x1c\xa9\x1dz\xe5N\x03z\xcc\xa01h\xd5\xdc\x15i,'
    b')"QRD\x1b\xbd7\xf9\x11+\xf0\x84\xe6:F\xf9V\x83=\x06\xfe\xa9\xd63%\xc7\xed]\x1b\xef\x18\x1cV\xcf\xc1\x9bj{\xfe\x88n\xb7\xdd\x11P\x07\x95\xfb\x1c\xf3\x8d\xc2.\x18k\x12\x8a\xce\'\xe4?\x8fZ'
    b'\xa6n\x8e\x93\xf2\xec\xd8\x92\xc2\x85\xa8n\xfd\x83\xea\x13\x8b\xde\x04\xf3\xa1\xab;q\x7f\x08h59"\x10\x9d\xa7o\x112S>\x9b\xde\xcc\x86\xf3\xbe\xd3\xca\xd9\x1a\xbbz\xd0g\xbd\xe2\xcf\xf0\xc5\xc0\xb9{O\x8c\xa9a'
    b'\xb8\x8d~h\xcf3A\x1e\xca\xf0,\xfb\xf9\x015i\xab^(\xf6\xf3\xa0\xe8\xe9\xc8\xb6\x92\x19\xe8\xeb\xc6\x01\x8de\xb5\xa8\xf6\x80 h\x16r\x86\x93\xdb?\xcbJ\xcd\x01\xa6\xe9\\\xc7\xe9\xb2\xa58\x91\xa6(\x83$\x1a'
    b"\x8b?O\x90gY\xb5,\xac`!\xf8\xa8\x08Mr\x9f=\xac;\x1aiTF=\xb4\x8e\xd0F\x12\xa5\xf61\x8a7@\xda9\x9f\xb4T$\x02\xc5p\x8e\xec2R\x8c\xad:Aa\x04\t\xd6\x0bO\xdch\xa7k'"
    b'\xda\xe9\xfa\xd3\x019O\xae\xb5\xe7\x0c%\xea,\x0eaqV\x9a\x17\xf5\xf6BN\xb8j{\xa17\xfc\x9aP\xed\x88\xabh\xe1\x871\xa2\xf5\xd5\xf8/\xc7Fh\xd7Q`\n\xd1deN.W\xb3\xee\x9bp*7\xb7'
    b'\xdd\x89]\xd9\x9f"/\'/\xbd\xd1A\xdf\xd6\xc0f`T\xb9\xfa0T\xc9\xc1\xe9\x9c\xa5\x93O(\x1d\x19\xd2\xaddz`y\x10Ox\xdf\xb0\xf7\x06G\xdcV\xa3I\xfau\xd7\\\x13\x08\xa0;\x82W\xf4nA\xe0'
    b'3iw\xb22\xdf\x1f\x85\xf0\xba$9\xa0\xe7d`\xec\x11\xc1C\xf6\xd0\x9b\x9b\x9bc\xbc\xc6\x15\xc4\xfc\x83x^\xee{6;\xb0\xaa\xebw\xc8\x14\xd0\xcc\xf7=c\xa1\xf6\x86q\xa0\xc7!\xff8.\x86\xe6w\x94L'
    b'\xddy2\xcbrF\xa5\xa5x\x08\xf2\xf5\x07\xfd[,g\x1fa\x1a\x15m\xdb\x83\xc8=\x11`\xc7\xcb\xaf\x9a\xf5\x16\xfd\xbec\xbf\xee\x86\x0bWs\xddt\xe7\xe1\x8eq"p:\xbb\x15\xba&R\xc2\xf7\x1d!\xca\xc2\xf2'
    b'\xc2\xa1E>\t\xae\xdf\xcb\xb8\xb9\x92/\xa3EH\x19e\x18a\xd0(|\x84\x88\xe2(\xfb\x9c\xefv\x1e\x8d\xaaE\xb0\x8f\x95\x87\x86\x01J?E\xfe\t\xec\n\xe3\xb6\xc1\xc0\x05z\xa5@\x02%]G\xba6\x17o\x8f'
    b'\x85\x1a\x1c`\xdcw\xd59\xd1\xbd\xbe\xd4^-\xce\xe4K\x91 \xde\xef\x8d\xb8\xd0\xfb"\xfe\xe3TF\x1ay\x08\x8cC\xc1\xa50\xc7r\x88r\xb8\xa7i\xa3\x8fB\xeb\xa5R\xb3\x03\xee\x8c\x03qzLc\xd5(W\x13'
    b"I.\xe8\xc9\x12\xd2\ngx\xbcA\x1ah\x89\xfc\x04\x1a\xef\xf6\xee\xde\x94\x14\xb5]\xa8\xa9\x9d\xdf\x1a\xed'\x1aG)\x96F\x0e\xd8.\xb3L\xe0\xe5\xb5\x82\xce\x8ae!4,`2\xc32]q4 \x0f$\xcd\xb5"
    b"\x82\x96\x8d\x0ed\xb8n\xcc\xcc\xc4\x07\xd2\x9c\x07\x01F\xff\xf7K|\xf4\xfb\xc8\xba\xe7\x1ek\x00\xb5\xf8[\xf1\x90\xbavC'\x13pT\xab\xcd\xedE\xe6\xde\xf7\xbet;\xa8\xf9\xa9\x9f\x0e\x8e\xe9\xbe\xe7\x9fm]oH"
    b"AL\xd4\x7f\x03\xb14\x8d\xa3\x0b\xd0\x85Tx\xeb]\x83~\x82\xd5'\xf5M\x9dA\xc9\t\xd6\x15P748\xd9:\x0c\xf8\xbc\xe8\xf0\xcb8\xad\x9c&B\xf8\x8a\xcf\x120oD\xf2YB\x11\x9a\xfb\xa8\xef\xa1\xbeW"
    b"\xee\xa3\xa7\x15\x0c\xa3S'\x94\xd7K\xa8\x1fqj\xb5\x14\x04\xb7GpA\x10\xff'JS\xa8\x19\x18X\xb8%\xd5@\xc0\x8a\x16lU\x14#$\x95\xa8\xda\xd0\x07\x01Z!\xeb)rb\xfbb\xf4\x11M\xb0\xae'\x88"
    b'\x04(\x84\xa7\xf6\xdd\x1c\xed\xde\xe6\xa3#\x9a<\x05\xfb\xd1\xd9>N$1\xa8D!M6\xa2\xfft\xab\x19S\xb3\xe4:\xe9\xddZ\xc6\x1a@\x9e\xac\xb8@\xa4H\xd0\xc8\xfe\xa9\x1al\xc9G\xa0\xd9#rM\xc0\x11\x10'
    b'\xae\xf1\x91\r\xb1X"\x9a*F`~i\xccUJ\xd4\xb1`FH\xeb\xa2\x18\n\xd9\xb64K\xa3u\xc7\xd0\x16+\xd5\xf5((\x98\x84\x96\x16\x9e\x92\x06c\x9cy\x85\xb08h\xdf\x89\xbe\xa1\xb4\x17\xf4&P\xdd\x10'
    b'\xed\x9fT/\xee\xccO@A8Pl\xcd0\xe5\x84U\xc5`\xc1\xf2r\rT\x10\xd9\x93\xab\tG\x0fC\x00\xf87\x17\xa9\x00N\x9b\xb8\x16=\xef\xa9\x1dU\x8c19\xa3\xe0\xae\xcb\x96\xf3\xf9\x92t\xf8\x17\xb4\xfb\xe9'
    b',\\gm6\xad\xd8@\x83\x8f\x94\xc1b\xfe\x190\xc1\xbd\x14\xd9pnz\x03\xd7\x13S\x88\x03\xad\xf1)n\x9ex\xcd\xb5g\x18-Ur\xee\xd1\x0cDuV\x8a\x92\x90\x89Z\xa6`\xc8\\\x91\x8d\xa4\xb6"s\x07'
    b'\x89\xc9\x7f\xe4\x00\xdbD#o\xe1\xb0\xe2\x95a\x9b\x1e\xedj\x9c\xbe\\\x12\x8f9\xfd\x9fq6\x1a\xe0\xa9\xf1-\x11\x9cz\x1a\xe7\x1dTy6X$\x06\xe1\x8fv\xa12\xa2\x16\xa4[k\xa9\x13d[\xc4\x12\x08b\r'
    b'/\x0b~m\xae\xa8"\x05!\x19$$-\x04\xc3\x10\xf9\xd3)\xc3\xf1]k.qUD\xb70}9"\x92d\x02\x1d$-\xa1B\xbfh\xd5\'\x93\x97\x81\xda:\x95\xc2\xa2\xb0sp\xdf\xf1\x18\xe4\xcf\xd5\xf0\x07\xef'
    b'\xb4(\xa8P\xa1\x8a\x1e\x13\xcb\x1b\xc8\xbb\xa6\x89\x0b\xae\xa8\xe2\x94I\xb2G\x0c\xc6\xf9\xb7\xa43L\xee\\2\xb1J\xcce\r\xb6\x1d\xabXpZ\xfd\xa3\x04\xa7\xd1!\xa9\x91J\x8f|\xfc\x00\x95\xc8~Bi\n\x91i'
    b'\xb84\xa5\xf7hv4\xd2D\xf8\x95\x88\x16H\x84N\xc9\xd12\xc5\nJ\xf8\xac\x9c\xec<\x04\x91\xc1\x90\xcfk\x81A\xa6r\xf3\xa0\x87\x00\xb1\xb4L\x05\x0e9\x12D\xa8+, \xbcnU~\x9d\x00_\xa4\xe98$'
    b'\x9f\xc0w:\x1e\x9d\rG\xa6M$\xeb\x90\xaf\xc7\xeaid+\xde|\xc4\x83f9\xbbPk\xd1\xe8\x8ad\x92K \xd5\xfe\xe5e@@{i\x86\xa62\xc5\xaeb\xf7\xa8W\xa7:\xa2\x93\x06\xc1D\x0bh\xc6\xd3\xe7'
    b"\x05\x17\x19\xa1C\x8dV\x13x\xc4\x12s\x0eb\xaef\x85\x92\x98\xa2-0\x9bq\xcaj\xa6\x9c(\xbc\xc0\x02Tk\x95`\x88\xc6\n\xd7g\xc1.:\x83\xaf,\xcc7\x9d'\x8d\xeb\x13\x16\xf2\xd4\x12c\xcf\xfc\xd7*\xd5"
    b"3}D\x8c\x87Q8\x8f\x91y`\xf5\xa3\x85#\x17\xdc\x08\xa2\x16\xd5&0\xbf\x12\xb4\x98\x96\xa1\x7f`S\xf8\x1e('(\xbb/%Y\xd5H\xfe\xa7\x89\xc4\x0e\xf1U\xa8\xeci\x7fs\x9d\x8b\x8a\x14\xe4\xca?F\x0c"
    b':\xa6\xa3\x90\xd4\xebc\xf7\xdf(CR\xeb6\x17\x91\xf6x\x86\x14\x88\xe2\xd2\xd1\\.U<\xd7\x86\t0a\xe9\x12\xc7\xe4\x8d>\x12\x93\xfc\xba\x1a\xb7H\xbb\xaf\x06(T5\xa5\xa8\xa4+\xb4!DA\x0cD4H'
    b"\xd4\xfeP\xa1,\xef\xf3D*&\xf3\x9b\x18\x06b\x82\xbf\x84\x85\xa8\x18\xc9\xef\x08\x87\x16!~&\xca\xa3Z\xb6r2\xb6\x94V)'\xe0R!\x9f\xcc\xadwFl\xcdDu\xc2yB\x99&\xce^\x17\xffC\xcd5"
    b'\xaao\xf5\xce)4[\xd1\x85\x85\x93\xa3@\xaa\xec\x91#J\x19f_\xca\x80\xaf\xacdL\xef\x8b\xe6\x1c\xdd\x9a\x94\xfa\xc6\x9d?\xa7~\x88+\x08K\xf5T\x17\xc3\x12\xf8\xb5d\x8f(\x9dX(u\xe9\xac\x13\xbd\x81\xed'
    b'\xc8\x89\xca\\b\x08\xa7q\x95\xc4\x05A\x92Q\x8cURjy,.\xea\xd1&\xe09\xac\xe9a\xc6n\xde\x1coh\xb7\xe1\xd9\xf2\xe0\xda\x8c"\xe33\x88F]\x97\xaf\xf3\xb9-]\xb7\x04\x7f*\xe0\x01\xf2q\xb8\xe4'
    b'\xb4\xa7\xc7\xf3\xa5V\x9f6\xa2\t\xf22O\xf6\xa8\xfd\x841Ti\xe0\xc9\xdb7\x9a\x8f[\x1fix\x00\r\'^\xd7\xe6\xc5\xcb\x99\xe48\'k|\xe9\x18\xb6\xe4M\x90Y\x91\xd6\x80C\x1b\xbc\xfc\xb1\xae\xd5\xe5\xfc"'
    b'\x8b\x7f\x01\xb1Y\x95%\xe8b\xe2\x1d\x1e\xd6\xbc\x13a6\x05&\x88\x90\x84\xdbb8 FVz.\x88>\xbc\x1d\xb9XbL<\x9d\x8c8\x1b-\xd9(\x92\x9c"\xde\x89$B\x07\x1d\xdd#T\xad\xd5\x16\x7f3\xa5'
    b'\xa1H\xe7\xd2\x92\x96\xec\x8f3Dw4\xbbu\xc3A\x1a&\xcc$\x15\xf8xi\x07\x9bG_DC\x90.\x06\x01\x99\xd6\x1d\xcd+\xcfis\x08\xc5\x8d\rQ^ \xc0\xbe7\x9dz\xb8\x89a\xa3\x82w\x83\x13W\xe9'
    b'\x18\x11\xedy\xca\x81\x1e\xa1\xbdy\xac\x7f\xb6\xa6\xfb\xb1\x08\xd3\xf2qg\xbd\x889\xd4\xb3\x19G\x81+\xa1"\xa7Zg\xca\xe9I\xe8-\xa9\xfa(1WU\xdd5T\xd8\xab\xc8\xc6\x0f\x83\xe7B\x97\xa4G\xd5K\x96\xfd'
    b'\x9dKx\xb3\x9eo\xaaJ\xba="\xb6n\x81X\x0eV\xc4g5\x00?!\xca\xb6\xf0`\xb2\xda\xd1\xf8D\xa5\xdb\x96\xe1\x818\xe5\x8f:H\xfe\xcdE\x90\x82\xf7Q\t\xa4z\xf5#\x0f\xdb\xa2"("\xcc+\xd9y'
    b'\xe7:\xef,z&\x92\xd5\x15\xb0\xcc\x91\xbe\x1b\x94\x00\x98*\\\xf3|\xedv\x93\xa1+\xfd\xf8o\x16\xb8\xc1\x96K\xaf\xa1\xa2\x8d\xad-\xd1K\xea\xf4\x824D/\xb0\x1a\xed\xd3\xd9q\xe6\xc6\x80\xe0U/\xd0\x13\xec\xcc'
    b'\xdbl\xe4\x9b\xad`\xfd\x11<P\xfd\xbe\xda\x9e\x0b\xe1\x04\xf6\x9dMx\xcd\xf3\xf2Y\xdb08\xfe\xd0Q\xe65t\xbdj.\x0cf\x8d\xb3DM>0u|\x8d<8\x1a#\xc9\xd0\xb3\rp\x0e\x95\xe2t \xac\x8d'
    b'\xb0Q\xdab\x8c\x16P\xc5-\xf7\xe3\xa0gH\xcd^\x03\xb6\x9a}d\xf4V\x8e\xe7\x14\x84\x02\xf5\xafq\x84&\x99l\x0c\x16<\xdf\xda\xb1h5\x14\xbbP\x88Z,\xe5\x929B\x14\xb4L>\xa2\xa4\x1a\x12\xe7u{'
    b'\x88>\x08N2y6X\x8c\xe2\xf1\xf4\xb6\xdd\xe6\xc3\xf2\xb5\x83\xe0H\x1e\xdbO\x0cO\x1f\x05\xe2\xd3}PN7\x00\xbd\x8a\xd8\xca1\xe6\xfd=E\xec\xf7\x04\x89{x\xf3\x9d\x1b\xafq8Z\xdf\xe2\xa6\x8e\xdc\xd6\x1d'
    b"`\x93\xc5>d\x17\xbfkNd=\x12\xd8\xb6\x9eD\x1a\x88\xdc8\x16\xd8\xb6\xfa>\xc7\x03\xddV\x87\xbf\x07\xdd\x96LC|\x03g\x945\x00\xf44\xb9'u\xc6\x18z\xaa\x03\x87\x9a_\x81q\xbc\x0f\x18\xd2\xf5`\xc9"
    b'N\x154\xb2\xe7\x82^\x85\xfd\xa1i\xea\xb1P\xad\xca7\x84\xd1\x96(2\x17\x00\xc9\x14\xf6\xe4\x1a,\x9a\x9dSPA\xf3\xe2>\xcb\xcb*\xf6J\xea\xba\x0b\x194\x84\xcdY\x92\x92\xa9\x95}\xb2lY\xa6\x14\x87\xfd\x0c'
    b'\x86\xf9\x17\x82\xc1:\xa4\xdc\xfa\xa7\xa6\xb9/\xa2m\xb8\xf3 \xabnC\xecQ\x05\x06\xae\x12\x8c\x00\xcf\xdb5G\x8c\xb1\xd4\xba\xdaP\xb1w\xb7h\xba\xcdn\x12y\x19\xab\x8a\t\xef#VDSG\xc6\x0e\x82\xd6\xc7\x01'
    b'J\xfdjq\x95F\x82\xf5\xc0"4+\x96\xa2\x13B\xaflpV\xa6\xc4\x83\xc29\xa1O\x1d\x1d\x1e\xe6\x7f\xed\x1a\xdf\x9e\xe8\xe4\xd3KT8\x12\xaa\x0bd\xabEK\xba\x15\xb4\x18y;\x01V#]5V^<q'
    b'\xc4\x17\xd1%P\xea\xe1Rrd\xfe\x81\x17yN\xd4SJ9f/\x8f\xd74\xb3\xbc\xdd\xe3\xfc\x05\x1bQc\xacb9s\x04E$o\xb4K8\xf9\x13\xf6Z(7\xd5\xfe\xea\xa4\xb9\x9a\x8b?\xa7\xf3\xff\xf6\xf2\xeb'
    b'm\xf9>t\xfdM\x9c\xbf\xaf\xf6B?\xbc\x03\x92.\x82\xb7|Mn\xa6\xf7n\t\xf1\xdb@%\x0f\x01m\xa5y{\xcb\xe8\xf1\xec\x8b#\x1b2\x9fy\xe4\xa9\xe0\xd2\xd6RF\r\xa7\xceS\xf9\n\x0be\x87\xdb\xd1\x85'
    b'n\xe5\xd4Y\xfc\r%zX>\xc7\xd9"\xe9|\xd8\xa7\xe4c\xf0\x10\x9e\x13e\x13\xd0Z\x8b\xb8G`\xda\xb90R}\xe2\xa9\x83\xb7X\xec\xa9rG\x18l\xf8\x98\xf9\xf9\xde\n\xfb\x02\xe5\xce\x98\xa4i\xe1nX\x81'
    b'\xc3\xe3\xa9\xe4Z\x87 \x83\xe3\x93)f\xd4\x9d\xbb\xc0\xebP\x8f\x94\x98|xH\xba7\xccS\x909\x90\xf8$\x9b\x81\x90r\xb5\xbc\xb5A\xe3%\xde\x91\xa1\xddt\x99\x08);\x99Q\x8c\x9f\xcbBX\x83\xfc\xd0\xf3\xf3'
    b'xI\xaaWy\xed\xc6\xa6\xdb\x0f4\xf0\xce\xe9\xd2M\x8c\xb8=T\xe2K\xe5\xf4\x8d\x97\x92\xc1\xf1\x99N\x9f\x1dz\x91\xd2\x88\x8c\xfdjz\xcc\xecf6\x98\xde\xd4{5\xddT\x93\xbdl\x89G\x02odOpN\xf3'
    b'f\xf4\xcb \xce#\x12\xbc\x9b\x99\xca\xc8\x9c \xfc\xac\x81\xa9d\xb9\xc2\xf8Pz\x003\\Y\x1dSf\x13\xab\x05\xe0YI\xc7#q8\xe2J\x1cL\x8c&B1y\xe0\x91\xc8"$k\xb8\xd3\x1c\xad\xa4T@\xf7'
    b'\x818\xe5#\x97\xe3 z-\xcd!\xa3\x89PfHz\n\x12\xc9u\xb0\x8eg\xb0\xa6D\xa5I\xc4\xeag |\xbe^\xb8I\x18\xae\xee\x12\xb7*\xf1C\xccgt\xc3\x94\xaa\x03\x8aJ\xce\x93V\xcc\xb3\x85\x93\x01L'
    b'\xc4\t\x14\xb0\x13\\P\xfb<&\x91\xdf\x1e\xa6|\xc0\x92\x83`\x91\xb0\x05\xa8\xfaJ\xf8\x1d\x18o+t\x1d\x18o\xfd\xfa*[gx\xc3Y\xf0\x17\xb8\xa5n3\xb0h\xad8\xce\x94\xedRR-\xd4=\xf39P\x81'
    b'\r_v\xa9Rv\xecl\xb4B\xaah\x16\xeb\xedj\x8a\xde>\xd7\x1e\xa1jE\xc7j\xf71\xab4\x0c\x05\xca\x17\x0cB!\x15\r\xdan&0\xe1\xab\x04\xc7\xf4\x00\x1b\x8a\x0c$\x19rh\xce\x7fcP\xc3\xcc\x99O'
    b'\xe8\x0cg\x93|w\xdb\xb5\xf5N\xe240\xd6&~\xb2\xab\xe3KYU\x1f\x00\t\x10m) \xeb\xa4\xf4\xcb\xce\xeck\x02\x1c\x19#\x9b\t\xcfO!\x9c\x0e\xba\x83qP\x9e\xaf&\x1dH@\xaf\xf0,o\xe0\xbbj'
    b"y\xb2\x1a,\x126\xc7u\t\xa5\xf3\xd0K4f.\xc9\x9d\rX\xb9.Tn(\x8eT\xcb\x0b\xaa\xe2*\x8c\x84k\xa4%\xc2'\x04\x9e\x15\xf9\x87\xae\t|\xee\x90ll\xec\x195|\x87\xd9bv=\x9d\xd9\x11v"
    b'0_\xc1\xdc\xd0\x130\x9e\xa6\x1b,\xd5V\x83\x14\xeb5w\xb4\xa2\xcbU\xdc\xbb\xb9\xf2\x12\x99\xc7cF\x18\x1f6)\x9a\xde\xa3\xa4\x90\xcetW\xa9\x03\xf9\x83:\x868\x81K\xc4\x89L\xbd\xf1\x8c\xe0\xb1\xe4\x1aF"'
    b"\x9c8|\xb6\xa3h\x90\x04\t.\xbc\x14=)$y/L;\xda\x92\x04\xe1K\x1d\x92\x07I\xdd)y\xe2;\xd3i\xab\xa0/\x85\xef\x84U)~\xbb\xa3\x97\xe1\xca\xb3'W\xf3\x0b\x15gs\x8c<\xbf\xa5E:]"
    b'\xdaM\xd2\x7f\xf2\x1f\x08\x9b\xa1\xbc\xdfU\xf3?L\xae\xc7\xd8\xea\xe0\xbdq\xe8V\xfaz\x9f\x95N\x98\xad\xd7E\xbf3t\xce\x10\xae\xa7l\xefq\xeai\xba\x01j\x14\xecT)\xa7\xc9\xa7\xb6\xa1\xe0\xc6\x1e\xd8\xca\xd0t'
    b"/V\xd4=\x88\x01P\xcd\xbb\xed\xda\x9b\x1b\xab\x1e\x98#*\xe2\xb82\xf5HG|0@o@~\xcbyK\x0c\xd4\xac\xceH\xd5yutR\xe8\x84\x92EE:\xac\xcc`\x8c'\xdd\xa3\x1a\x14\x1b*\xd6\xf1\xe8\xaa"
    b'\xb7\x82v\x8d \x80J\x10\x83\xdbP\xfd\xcf\n*\x04\x82#\xfbP-\xd7\x97\x8e\x98\xe4\xe8\xee\xa8\x88n\xd3\xe5\x9c\xa7aB\xecG\xd2\xaaX\xc9b\xc6d\xf5\xce\xbb\x94\xa0tq\xf7)^\xb6=U\xa9+\x9ePV'
    b'N+\x07\xeb3j\xf0-gD\xee\x15I\xdc\x96\x11\xf7K\xd6@\xcbqn\x1a\xa1&<\xce\xeeg\x13\xfb\xce\x97q(\x9d\x85-:\xfc\xfc\x9f\xb6\xeb\xdd\xa9\xb89\x95\xca+\xd7\r\x95|5:\xca<Hk\x977'
    b'\x9d?\x0cW\xc0\xa7\x86)\xd2\x97\x7f\xa0*\xb4\xc9\xc7\r\x8b\x19\xec\x80!\xcf;\n\x90\x04E\x8e\xd0\xe2|\x85\x15hb\xbd6P\x8dV\xd0\x0e\x02\x1e\xc0\x0ev6T\xed8\x1e\xa4\xcd\xa7i\xc5\x08kd\xee\xef\xbe'
    b'\xf9\xb3j\xe3\x14\xad\x82\x00s3\xe8~N\xea~\xcc\xe1.\\~\x87k\xf4P\xedu\xd634\xf3\x81\xcb\x8f(M9\x06\xe6\x90\xbdT\xcc\xe6\xee\xa1;j\xc0\xa7\xaf\xd7y\xad\x97\x88\xa8U.w\xb7\x14\xc7\xfaq'
    b'\xa6d/\x98e`\xc6\xea\xe7k\xf1)\xea0\x7f\xafiG$@\xaft \xc5\xd5\x11\xa0Z%@o\xc8\xe5e\x17\xdd$Ib\xfd\x8b\xe1x\xad\xb3\xe8Y\xd2\x9dO\xe7}\xfa\xa6\x9f1c\xee\xe9l\x9e\x94q\xba'
    b",\x18\xac\xed\x95\xc2\xbb\x05\xe6\xd6\xaa\xa9\x8dk\x8aV\x13'\xe9\x12mN\x85#\xb7\x8b+\xad\xe5C\xfe\x12\x83\xe5H\x0e\x0e\xa3\x15\xb3<\x89\xc0T#\x86\xc6a\x83\x82T\xe4\xddP\x9d\x0f)2\xc3\xda\x06R8\x95"
    b'b+\xc4xd\x89\x85aC\x8aP\x16\xbc\x93\x8co\xa0\x08\x82[Y+N(\x88\x9b$fp\xd7\xc7\xa0?\xec\x83\x89\x1b\xb8\xc8o5\x080\xe78\xac\xd72\xb3\xc0\x08ul\xf7j\x01\x9c\x9e\xc5p\n\x04\xa2W'
    b'\xd2v\x029V\x02\xbf2u\xd9\xec>\xef\x01\xb7o,\xdd\xae\x98/{b\xa3\x03\x881\xb6\x12N\r\r\xc6)\xf7\xc4V\xb0X\x83\xd3\x18\x9aE\xc8\x96\x9d\xb5|\x0b\x1fY\t\xab\xa1\x12z\x807PPx\xf4\x96'
    b'-\x02b]\x15\xd0^\xa1\xa6H\xd7^l\xc6=\xb6\x19\xfb\xbez3cAO[\xed\x05\xd8k*6/\xbar)\x97\xac\x95\xe4r\xe7D\xbb\x11\xd7\xe0\xf8c\xa66\xce>\x16\xad\x10\xfaN\x19\x98\x83\xa0\x15\xe7\x04'
    b'\xef)\x02la\xe2\x13c2\xcec\x0b:1$\xbc\xd4\xc4\xc7\x93\xf5\x83\xfb\x16=\x17\xe3\xb4\xa3Y\xb2\\*X\xd7\x96,\xf8\x1cS\x98\xa0\xdf\x1b\x8d\x196@\t\x9br`#i\xa2\x82\xd7\xc5>h\xe0\n\x05\x97'
    b'\x99\x98Y\xece\x1bg\xafj0\xc7\x1f\xf1\x02\xa8!\x19\xa3Nq\xfc\xe43D}7J\x96\t\x81\x96\xc28\x11*G0\xdci.\x88\x00f\x98\xe7\x910BX\xf5y\xf7(\x8f\x98,\x835\xad\xf6}\x82"\x1e'
    b'\xcb\xfb\xa8Y\x17&n\x9d\xc2\xa5\xe0\x04\\.Ig\xc61\x10\x14\xca\xc4:1~\xdd\xae6\xe4\x15@a\xd0E\x9b\xe1Q\xccM\xc2\xd4\xf7^\xe8\x81\x89\n\xa3\t0sH]\xf2\xabJ\x08;\xc6\xbe\x94\xab\xe5N'
    b'\x0f\xb0v\x8c@/\xb9\xfa\xbe\xb1\x8f\x10\xc0\x99^\x17\x14E\x1f\xc8\xccV\xd9\xac\xc2\x98ywb\x0c\x0c\x9d\x96;\xd2G\xd2%j\nr~6\xd9\\\xfd\xdc\x109\x1f\xb8*\x8aT\x19\xd6\x08W!6\xa1K\xf5|'
    b'Tju\xd3\xe0)&>\x99\xeb\xc9U7\xd3\xa0\xc2\x07s\xaa\xb6\xd4Xr\xd9f\xd9\xe6\xd1\x98S\x8d\x97\x80\xe4\xab\x96\xa1\xd8\xc2$\x90\x90\xd0\x84$!\xabOf+6\xd2\xf0a&\xa6\x0ek3\xc7S\x0eQ\x06'
    b'\xc8"D\x01\xbc\x0c\x9b#\xc5\x08\xe2\xb5\xd1\x0b\x1c\x83-\x0eU\xf8\x18a\xd77\x9af\x8d\x83\xf7\xf3$\x83f\xb9\xc0\x19\x8ao\xe7\xf5O\x1c\xb3\xae\x8e\xa3\xc1\xb1\\\x93\x8b\xee!S\x1f@\x08u\xc5-\x07\'\x9e\x07'
    b'\xb7\x06\x80\t,\xb3^\xf9\xaa\x91\xdba\x95\x1cAR\x15\xcf\x0e\x1b\xb5\xa9\x0b\\\xf1\xf0kV\xc1\x0b\xfbq\x7f1\x18D,\x1a\xbe\xe0H\n\x93\xf3\xe0\x87\xa1x\xa2!\xe5m\xf1\x11\x86\x0f\xbb\x0c\xcd\x1e\x11=U\xc1'
    b'\xe1\x14\x01\xc3\xab\xed\x1c\x96n\xc4\x1c\x07\xbd\xba\xf1<X\xd4\x12\xa7Nb\xd4\xb8\xc4\x8e\x93\xbc\t\xfc\xd9u\x05\xa1\x13\xc8\x8bF\xe5\x03\x83\x19\xb3[\x99\x07\xb9\xb4=\xfc4\xe6\x1d\xf6\xe0K\x19\x1aix\xef[\xa1\x06'
    b'\xc6\x13\xf2~W\x11\x8d\x80\x85W4\xb0\xaad$\xe9\x7f\x87\x9e\x1b\xf9\x94\xa0\x1e\x06\xce\xea\xbf\xb5\xa8\xd7\x16r\xe1\xf8>-i\x10\x18\x8a\xf4Y\xd7$\x02\x11H\xb0\xc2\xffa\x04]]g\x9cm\xe3\xe9\x01A\x84X'
    b'a\xcb\xf1\x81\x13\x93\x81\xf39\xe6\xe3\x00#\xe3E\x0c\x8e\xa9\xc2\x080\x18bA&+\x04\xcf\x85N\xf4\xd7\xd2\x82t\x99|7\xe1\x99b&\xc3\x05f\xe7\xbdR\xcfs\xcd\xa3\xc5\xde\x12V\xfdh\xeb\xa1\xc3M\xbc\xaf'
    b'xf\x96\x86\x1b\xc6\xd1\x02\x8eV\x02z+T\x9fD\xf9\x1e\x83\x84\x17\x99\xba\xf1\xb9\xbc\x88C2\x94\xb0DR\x7f\xa8\x0c!\x17\xfb{!\x89\xe9\xc7U0\x08\xa2\xc6\xa8\x13\xbaj1{\xf2\xc6\xe1A\xd7\x1c\xaaw\xea'
    b'\xe77\xba>:y\xcbV\xdd/g\xf1\xa4</(!\xd3qJ\r\x0e\x9d\xb3\xdc([\x03\xe5\t<,0K\xc3q\xe9\xc5\xc6\xb4\xa8\x1d\xab\x14\x81\x9c\xa2aC\xda\xfd\x16y^\xc0\xbaE%\xb8O\x86\x06\x04#'
    b'\\d\xcd!y\x17U)\x94\x94SW\xae\xf7(\xce\x8e\xb6\xe5\xac\x16\xbd\x80\x18\x00\x0fW\xbcd-\xfa\xf89\xa9\xb8\x1c\xf7n\xee?\xea\xb4eU\x85\xfb$\xfd8\xcb\x0cf\xad\xd8`\x1c\x92\xc1*x\xa6\xc08!'
    b'\x06\x99t\t\x99%o\xd3\xb9.\xdb\x0e?\x03\x85\xfcF\xa0\x1dF\xbeQ\xad\xd3s_\x9cE\x1e\x88\x85\xa9Q\xadN\xe4\xda\xea\xd7vl\x13\xd4\xa1\t\xb4\x14m\xc6\xee3+\x9d\xe1V\xe1\x9c\x85\xb9\x1b\xe6\xaa\xf1\n'
    b'\xcf\xdd\xbam\xbc\x15\x17\x12\xd2Nu\xdb]$\'\xb9A"\xda5\xc1\x82]u\xc6\xfae\xf2I\x80>\xee8\xdb\x88F\x86\x862=\x9ccy\x12\x9b\x7fI\xe2\x93\x18w\t\x9cG\xe2\x88\x8a\x7fl\xe3\xdc$6\x99'
    b'U2G}\xa0\xd8\xedaT\xb4\x01\x81\xa1\x05*\xe0\xda-Y\xdd|\x81\xda\x0f%\xe1\xe5s<\x11\x0f\xc1xw\x89S-\xf4\x15\x9f\xbb5y#\xac^\x0e|\xdc9VCi\xb1N\xa5Z!\x9c\xc1\xd1\xe6\x16s'
    b'\xb7\x9a\xc1<\\\x17\xcfrv|\xa7\x9f\xb7\x89\xafh\xe3\x0ea\xeb\xdex\x9f\x11\x12\xe5\xd2)\xb2[\x8d\xc6\xd4B\nn\xd9\xdb\x06l:\xadf\xe2f\xd7\xf1\xd9\x81Y\x9b\x98\x1c\xafj\x87\x12\x98hT\x14\xdf\xea\x1c'
    b')bd\xe5xt\x8dm\x11\xae\x81\x9b\x80\x19G\x8cV4vm\x91[\x18\xed\x04\xf4\x18Ud\xd2B\x0e\xa5\xf91\xb2\x9f+/u\xa6\xcbx\xfda\x17\xda\xf0G\xf2\x7f\xa7\xafx\xc7"s\xad\xea9?\xc9\xfcZ'
    b')w\xce\xf7N\x0b\xe4\xef\x7f\x98\x11\xf5\xb6\x1eu.\x93\xd2\x10\x8c\xe2F-\xdd\x0f\x8e\t\xabun\xe0\xe8QS\xd5\xa7\xe5\xfe\xd6X\x19\xef\xaa^\xe3\x97(\x8b\xe5\xd1\xe8\xdb-f\xfb8z\x1a\xa1\x1c\xdfo\xa7n'
    b'\xd44\x97\x07\x95<c11\x91\r\x85M\x19\x1c\xf9\x91\xccS\x8d\xc831\x10\x1c\x11&\xbd\xb1\xb1\xf6\xa3\xe6?S\xf4\x8c\r*h\xd9C\x8f=\xe0\x0b\xc7\x16cT \xb2\x15\xa3\xb1\xa7\xbc\xa7H\x19\x0e\x0fE\xd4'
    b'N=\xd2\xc4\x7f\x80V<\xcd\xdf.\x18b\x82\x12\x1d\xb6\xd3\n\xecKS\xa0\xb50\xb2\x00\x90w@\xaci(\x9fx\x842(\x01\xe1\x15\xe0\xef=fU\xb7\x8e\xea\xd2`\x06R\xaa\xb9\xa9\xb7\xce\xf2\x01V\x98-\x18'
    b'\xa2\x97\x7f\xa0\x94t,kh\xe1+t\x8aM9=\x98 \xec\xf5` \xad\xc3\xb5L-&M\x0b\xe0.\xa2\x86\xf2\xb0\xfa\xc6\xb6e\x10\xb0,\xd8,\xbca\x9e\x9cu\xd54\xbd*\xd0p\xc8N\xee\x9a\xd3C#\xac'
    b'b\xb6\xf9)\x1a\x83p\xe4}\x1d\x85\xb72\xb4\xca\xdb\nW\xbb\r\xbf\x0e\xdb\x7f\xf1\x9cH\xe6\x97\xba\xc95\xb9\xa6^\xd7\x94\xbcO\x83^\xab\xd7\xeb\xb5\xfa\x03\x0chg\t\xf3;\xea\xc0\xc0\xd9`q\x0cZq9\t'
    b"\n\x96\x92H\xfe\x94\x12\xa7L_\xe9\x07G'\x15\x85U\x02/\xc4j@\xd1\x13\\\x80\xbd\xe0\xb0\x89\x98\xaa3`\xa5\x152\xe4\xe9\x99\xa5\x82\x8fc\xc9\xc3\x88\xa5\x1c3\n\xbd\x9d)o\xbb;\xfa\xac\xa8\xde\xa9$\xe0"
    b"\xb3\xbd\xba<\xea!\x8f5t\xd2\ts\xe6^\xe8\x0e\xa5S'\xf9)\xbc\x03\x82O7e%L\x19\xb5v\xef\xb6\xdd\x86_\x0c\x89\xd0\xb7\x87\xb8\xb8\xaf\xafsw|i\xba\xa13\x91\xee\xe3#\xb1z_o<l]"
    b'\r[\xfd\xee\xb5\x7f\x1f\x1dH\xf0q\x06\xa4T\xeeK\xdf\xf0=\xa2Z\n\x10\xd3\xcbN\x91a\xc7\x8e\x0c\xeb\xe8\x9f\xa2\xc4Qw{p}\x8ft\xb5\xd5\x01 \r\xba\xe31n\xb5\x1b\xd7e?p\xa0\xad\x06\xe1\xbdN'
    b'\xa3\xaeoKI7\xe6E\xb8\xd4v{\xb0x\xa1\xa9iV\x01\x89\x1e\x8d\xcc\x19\xc0\x95\x1aMilR\x88d\xc2\x9e\xab\x03_ \x02D\xaa_~p\x11<0\x8c\x84$}\xb9\x99\x0b\xbf\xb3\x81\x1d\x9f\\f\x9bO'
    b"\x05St\x02}{Z6\xa6\xbe\xbed\x88\xa9\xeb\xa2\x84\xc9\xc23\xcc$\x16\xc6\x11\xae\xb0c~H\xd3,\xe2\x8d\xf5\xa4;\xb3\xb6]\x07\x064\x98\xff\xa7\x13\x12\xf1'J\x17\xa9>\xeb6\x88Wj\x1e\xdf \x9c\xed"
    b')\xe3\x17 \xcc:\x94\xcf\x99\xe0\t\xc7\xeb\x19\xa3\xee\xde\xc2\xb6\x9d~H\xcbv\xf5z\xe5m\xbbfp(\xab\xbas\xd3\x10G\xe5\xfa\x1d\x03RPCrH\xd0\xf7\xc9\x1b\x80\xd3^\xeb\xc5)\xed\x8f\xf5\xbd$b6'
    b'\xd3O\xb6\xfed\xb8O\xe7U`\x06]\xc4\xec^ \xce\xb4F9\x01{\xe4gh\x19#G\xafp?c\xcc\x90!\xe1y\x0e\xfb\xb1i\xb7\xe0\x98\x1c\xba\xd3\xd7\xe3\x1f\xfcMbm\x04\x86\x17v\xeb4\x7f\x1b\xe2_'
    b'\xb5\xec87\xd7\xdc\xdf\x90:j\xd0)\x03\x83V#\x93\x14\xc1h\x02\xb7\xa3G\xd6\x8b!4K\xdc\xb5-i\x85j*e\x1a6.;\xb1\x12=[\x93V\xcexM-q\x08\xe6\xb8\x8a\xa5l(\x0b\x16@p\xf3'
    b" jO\x02M\x9a\x1dcN@\x83\xff{\xb6)\x8f\x83q\x19\x1cW\xef\x06\xf9fHlu\x1f\xc8UO\x7f.\x1f7\xc9K\x0eU\x7f\xdf\\\x1b\xd3\xb5'W\xaa\x1d\xf6\xaby\xdc\xc7\x16<U\x82\x8a\xcb\xfd\x85\xb1"
    b'\x85\xeb\xc3\x1fd9\xb6\xf4\x88\xb3~\x87PS\xfd\xe3\xabg =\x9d\xec#\x972\x8eI:\xe2\x80\n1\xe7\xc8\x9d\x02\xf8\x9b\x16\xc6\x13j\xe3\xa2V\xd9|\xbb\xd4Z\xd3&\xd2\xaa\x140\xa0\xb9xPI\xcf\x95\x00'
    b'f\xce\xf3c\xe9\xbe\xb0fRI\xa2\x16\x81=\xbb\xc3\x8a\xa8\x8c\xc2\xb3~4\xf5o\xb2\\\x01\xe8\x82iU\\\x04M\xf3\xdf|\xd2p\x7f:\xc6\xa9\xe2;\xfcT\xcb\xf6d\x83B\xe9?\\\xfdY\x08\xfc0U\x9bj'
    b'\xc1\x1a\xbd)Q[\xda\x7f0\xfe\xd7\xfez\xa8|`p\xe7\xea\xd0\xab\xa8\xc8^\x89V\x19\x06.d\xb8\xf8\xb7\xbb\x11\xfc\x12\x8a\xaag;H\xae\xdc\x91\t\x83X\xa6\x85\xad\xe7\xbcNn\x8f\xc4\x1a\x19\x06$\xda\np'
    b'\xfb0T\xbd!4\x83\xeex&\x13\x15G$\xde\xb0\x8d\x1e\x88\xa4!\xab\x06\xef\xc42\x9d\x18\x89$\x06\xa8\x8f\t\xfa\xd5\xb6dp\x87}\xb9\xd5L#\x05\xc3\xab>\x8e\xfd\x90;=\xee\xcf\xcf\xd5\x8dq\xe3\x06\x84\xde'
    b'\xd4\x05\xbd\xa1VQ0\x19\xc0Mhs\x8d\xe7\x15\x91]=\x82\xd49\xad\x18\xd5\xa8\x8e\xae\x88S\xd7\xb2\x1f/5\xc2@\x82\xf7\xf8Q&\xd0\xa0uj7|\xbftf\xba\xd1\xb5\xf2C@\xcd\x14\xfe\xee\xc3\xae\xd2F'
    b'\x03R@m#W\x83\xfc\xc3\xe3\xe6\xde:\x1cN\x8c\xa6\x88*\xe8s\xa0&\xe7\x91\xb5\r\x86\xb5\xd0I\x92\xba\x86"&\x14\xc4{w\x87\x8f\x15O?Pn\xb4]\xa7\xe5\xee\x98\x8a\xe9.\xab=\xe98\xee\xbb\x81/'
    b"\xe3@Q\xaa\xc1\xa7T '^\x99\xdc\x05-\xa9'UP\xb8\x0e\x960s\x8a\x9c\xd6\xady|4\x1f\xd1w\xf7\xb6ITte\x12\xa7\xbc\xa9#0\x8e\x8f\x8aF \xa5mOV\x81'\x8f\x05\xad\x06\xce\x9bN\x10"
    b'\xfe\xb6\r\xda\xa5=\x19,B\xf8\xa1\xb2\xafp\x12\xb5\xc4VT\xa9\xe7\xe0>\xa1\xae\x85\x0e\xeb\x89pt\x03\xfa\xee*\xf5\x06;\x05\x8b\x10\xbb\x93\x17\xf8\x84e\xf8\x1d\xd6\xc1\xa5\xc5=\xcb\x11\xb6\xe2\xc8;6\xe0\xeb\x06'
    b'f9\xf0\x83\xa7\xa2P\xab\xf6*\xfdx\x91\x820\x97\xdfM[\xf5;\xa2\xeb?\xb5\x1c\xb5\xfe\xd2\x8e\xe3\xc8\x153r\x1by\xcc\x1c\xbb\xa1\xffc\xc58H\xe5\x8e)t\xb4\xba\x8f\x8f\xf2B\x13P\x9a\x94\xdb\xa9\xb0\xb7'
    b'\x81\xd6c\xa6\xde\r|\x1e\x8bt\xaeV\xea\xeb\xa4\r\x1a\xe9 DB\xea\xd7\xad\xaf\xa0\xf7\xd0\xba\x11\xc1&9\xfa-\x0fn+\xbc\x03\xcdq\xa7\x97\xdd\xd1;; h;\x0b\xa9\x97\x99\x9f\xef*\xd1\x89K\x9c\xa1\x8a'
    b'\xf2\x95\xa3\xd3\xed\xbd\xb4\x1cK\xb9l\x8a\x8ao$S\xed\x89\xb1\x1f\x9d\xcar}\xa7\xc8\x10\xdc\x96\xc6\xf0\x17N\x13\xd8[\xb3\t\x06l-\xe1\xc4\x87\xef\xc5m0O\xee\x9d\xf5\xd6\x91)S\x010\xf3\xad\x06k\xb0>'
    b'\xe3\xc4Zs\xf3\x16\xc3x\x8aC;V\xa0o\xbf\x90,\xaf\xc1\x94\xa8\xe98m\xb7\xa6\xec6Yj\xea\xd8\xcf\xde\xd3\x02\xb3-\xb1\xa1\x81y\x16\x99\xb7~\x7f`\xdb\x0e\xd8v\xfb\xd7\xb5\x0b\x9b85\t\xa7&\xf2\xa2'
    b'\x8aDQ\xaa\xc3\xcf\x04\x7fv\xa2w\xf1\x07\x9eR\xd1)3J\x17F]P\x1c\xb1\xb6\x0b\x13G\xca\x8eW\xc6\xfe\xd0\'\xaem\x00(R\xfe\x92\x03G9\xa6\xc5I\xf4o\t\xe0\x05!\x94"\xe6\xc5\x83\xc2\xe0Pp'
    b'h \xf9\x1f\x87!\xa1\x03U\xa77t\x84\xee\xa6\xd36Q\x15\x91\xb63\x0c{\xd4\xa5s\xf1\x96w\xd25\x95\xb1\xae\xd4\xb5@m^r+D\xa5\xbf\x8c\xaa=\x91\xbd\xad\x16\xe2^\xb3\x04\xd0\x8c!T\xd3A3\x80'
    b'\xd1\x0e\xd5\xf0Y\x13\xf1\x08\xefW\x03A\x8d\xd6\xaf\xa1\xa0R\xa0Ub\x9f`\x83?\x97\x08\r\x8c&\x12\x80?\xca\x80\x88%\x14\x91\x16\n\xf7a\xf9\x90\x11e\xfcc\x1b/\xb1\x84\n\x01j\xf2\xdesC\xd8mut'
    b'U\xe8Q\x8b\x8a\xa1\x05(\xa8\xb0\x1bt\xa1\x90H\x9f\xce\xfe\xcd\xfc\x18]X\x962\xec\xe2\x99\x80\xa8\xeb\x05\xe3\x9e\x1e\xe1\x11\xea-\xf2\x08\xfew\xcb\xdf\xdb\x94\x9bU\xb5\x9dI\x1e\x82v\xfb* )\xd1\xe2\xeeU\xa2'
    b'\xa5\x89\xed\xdb\x8fY\xb2\xe0\x0e\x1bD\x970@W\x94\x83OX\xc3\xb8\x8b\x98\x8bJn\x91d\x83P\x90\x81\x83\x8d\xcb\xc50qvK\xc4W/\x91F\xa4\xfa<i!\x1dzB\x18z\xd8\rR6\xcd"O\x1e\xae'
    b'\x8aL\x03\xd1\x8a<\r\xc1\xb99\xa0,x\x80\x01\x15u@\x81\xcb\xdc\xa7\xd7\xb4\x94~\x18\x94P0\xb2\xe6^\xd8y\xfc\x18\x9dS\x11\x86\xe4\xdc\x05\x9f/6\xe9Z\x92L\x03\xcaM\xa7\xf8\xf8\xb8\xd3\xa0\xd4\x1b7\n'
    b"\x97I\xdf\xb0\xab\x88\xfe\xcb\xc9\xffE\xfa\xd1\xa9\xad\xc0q \x0e\xe0>\xc5\x9f\x98L\x1b\x133\xd2\xe2h(\xc2GV\xe8dNt\xb5PU\x16\xc0\x99\xc7\xab\xdb\xbe\xc9.\xbc'hB\xf1\xe1,`E-\xe9\xaf)"
    b'.N\x1f{\x82\x11\xf8\xe8c\xd1\x14:\xb6\x0f\xd9#\x80\xc8\x91X\x89+|\xcd\xf3\x866\x9c\x04\t\x8d\xe5\x00q\xfe\xcf\x15\xbbM\xc5\x00\x89\xe1D\xef9O\xb7D\x1f\x08o*\x11B\x87\x02\x06nY\x94 &F'
    b'\x96T]:fo\xf7\x89$1s/L\xe3rpJ6WJ>\xd2%\xe3\xb5\xd81Xo\'\x1d\xe1\x9b\xb0?\x96~:\xc6qK\r\xadt\x7fy\xa4"P\xbb-\xea\rj\xea\x80\xfb\xec\xbaH{B\xd7u'
    b"M\x83\x1a\xfd.\xba\xfcU0@\xca\x15\xb8zV\xe0\xda\xfc\xd7\xa9\xf8\xbdqE\xc5\xbf:\xe0\x13\xaa\xa9\x965%\xa3\xf2\x06{U\xf7J\xdbN5~\xa9\xdaWHv\x0c\xc5\xf1\xfd '\x93\xe390\xc4_\x05X"
    b"\x8c9\xe0\xb7\x11^Q\xa2\x00\x1c\\E\x19V\x9c\xce\x0f\xbb\x87\xeb\x06\xfa#\xf0\x04\x1b\x9d\xc6\x81$\xd7o\xb1v\x1c\x15\x07\x92\x90B\xc2\x04hq\xb8\x1f\xf2u'\xb2\xc8\xce\x86\r\x0b\x94 #rl\x88s\x88%"
    b'\xc0\x7fl\xd3\xa4\xbc\xac\x15\xd5\xf6\x03\x04$\x87\xfa*\\t\xdcpo\x92/\x06A/\xe6Q\xe6\x80\xcb\xe8\xca\xdf\x9c\x81\x92\xd15^\xce\x0e&\xf4\x07i`\xb0YP\xca\xc2K\x97Z_\x81\x02\xbe\x0b/\t\xd7\x06'
    b"\xab'\n\xdbG\x05]\x98_SU\t\x1b\xd2\x89G\xd3\xad\xa4Qj(\xbd\xa4\xb9\xa40\xdf\xf96\x912\x1e|A\xd2\x84>$p\x80p\x1c<'\xf0\x11\xd6\x9f\x07K\xe7VWp\xc3\xd2\xcdC\xd2\xa2:p\x01"
    b'\x02\'8\x1f\xdb\xabF\xa7\x07C\xd2\xa9I\x84\xe0\xa8\t\xc3&\xb9\xa0\xf0|\x84\x85\xdbD\xe9\xea.\x10\x8c\xc4h>\xe4*\xc8\xa6\xbfb\x04\xc1"-\'x\x869@\xd9gps|\x97\xb4a9a`HL4'
    b'- \xff\xce\x1b\x1f\xd7!\xfc\xfbJ\xdax\x0e\xd3^\rz9\xd0C\x05Sf\xdc\xed\xca!-\xf5\xb0%\xb3\x82\xb351N\r\xb5\x0b<\x8d\xd1A(\xe4\xb3X\xe2\x02#h\x18\\\\Y\xd9\x8a\x03\xcee1R'
    b'\x90\x0e\xd3x\xc9\xd0\xae\x04K\xc8AIt\xb5\x852\xb4{\xec\xdb\x0c\x0b\xbf\x1a\xb7YFy\x1d\x19%\xadR\xd8\x9b\xd8\x88\xc7%\xb7R\xec\x9d\xdd/"\xeez\x93X\x0biPCH\xb2\xca~M\'\xf8\xe6\x15\xbc'
    b'\x04\x11F\xf5\x19\x1c\x86\xc5\xd6\xf7k8U\x06\x04veO\x15\xf7\x01{;\xa2ZL\x81`\tVZ%\xbc\xa3{k\x8a\xfcU\x91\x8a\xe9H\xbb\xf6N\xb4z\xf1>\x167\x89\xed\x1aT <e\x07\x15\xf0\x92\xf1'
    b'\x81zs\x98\xf9\x97mZ\xee-\xa3\xcb\xaa\\\xd1\xb0\x98\xc7\xd3\xb7A\xfd\x19\x98\xe3\x8e\xd8\x03\x99I\x08\x1e\xd7\t]W;\x06\x1e\x0e1\xc6\xae\xb6\xea\xa5gDw \xa4<\xd2\rJS\xf0\x8a3\x1d[\x95hr'
    b'\x8e\x9d\x93"_\x94\xdf\x03,\xc8\xf2\x1b\xder\x82^\x1a\xb8FG\x0e\x9c\xe3g\xd1^S*\xf2\x9062\x8e\x16h\xd2X\xc2\xea\x8aD\x15\n\x91d\xbb\xc0[oT8\x90s\x18\xc9\xb9\x1cu"\x14k\x12\xb5\xc2'
    b'\x06\x18\x16M\xd8U\xd8\xd0T_u^A\x86x\xda\x00o\x9c\xe1\xf9\x1dE\xba\xec4\xc95\x8d\x95\x8e\xd7#\xa4\xbcc\xbam\x96\xb9\xa4\xaeXg|L7\x1d\xb4S\x1c\x8a\xc9\x0e\xf5B\xdf\xf6we\xcc\xec\x07\xf3'
    b'gl^;\x85\x16{\x10<d<9@C\xc6\x1cO\x98\x0e\xb8^x\x90\xb3\xb5\x83\x14A\x8en\xf4\x93\x1d\x8f\x19\x98\x19\x8e\x97\x13\xdd`\xc9\xaff\xf5)\xb4\xe1;\x03\xe5l\xf1\x9a\x9d\xacg\xcaM\xa6\xcc\x12\xc9'
    b'\x14\xa1\xd4\xe6U\x12\xafM\xce+\x90.\xc3\x07sI\xec$\xd7\xda\x1f\x8c\xcd\xe6\xd4C\x8a\xe6T\xba\x93@4\x0c\xfc\xda:\xe3\xc73^\xb3#X\xef\x05\xad\xd0" \x0e\xc46c\x1d\x19h\xeaVe\xab\t\x13\xd2'
    b'\x84:\xb6\x1e\x91\xee\xd6"\xa3\xabJS\x16\x0e\x830V\xd0\x10K\x1dQ\xccoE\xd6Q\xa4\x14\x92\xc9yD\xc52\xab\xd8\xd6\xfc\xb3\xa5\xa7>\x04\xa7\xfd\xab/*\x80\x1fU\x9c\x0f7\xaa\xc4\xb9/\xd2/-\xff\xaa'
    b"\xb2=\xefb\xa8<\x89\xd7\xc2\xad\x7f\x12\xac|\xe2\r\xb9\x83\xff=\ro\xa4b\xa0u'\xec\x98P\xadwJE:\xf9Z\x87\xcb\x00N}l\xd5W\x90j\x93\x1a[\xa0\xd8n\x9d\x8a\x11X\xc1\xda\xb3\xea.\xd9'"
    b'B\xe9\x14~)I\\e\xc46\xc9>\xee\x9a3\x8b\x8e\xc7\x9d\x1bz8\xa9\x98~4\xe4\xd8\x8c\x9e\x13G\xd4\x13\xc6\xfc\xa4\x8f\x8e\x0cn\x96\t]j\xeb\x9d\x9e\xc7N\xfa\x13D-\xd1\xee\xb5\x8f*\xde\xcc1i9'
    b'^\xac2\x0b\xac?\xba\xbbKv\x96\x16 @bzN\x9c\xd1\x04\xc5\xe1Zp\xfa*I\x1b\x94\xd5\x1b\xb3\xc4\xa9\xdc\x80\xe2\x8ats{\xe8\xe3\xde/\xc1\xd4\xdcS\xcf\xf2\x1b\x9a >,\xdd\x9c\xdd\xc0\xe3h \x8d'
    b'\xe3\xd8UV\x96\xa00\x9bza\xb1\xcb\xe6\xb6\xdf\xec}\xa6\x8ad\x81\x1aD\xc1\xd6T\xb4\xafi\x9c5\xb0X\x17\x8cL\xea\x84K\x9cm\xdf\xf7\xf5_7#@|F\xfd\x9b\xdbJ4^\xf3\x8b\xed\xfcJ\x97\xaa.'
    b'\tw\x87m\xfe\x9aH\xf0\rA\xb1\xf8%\xac\x1cL\r2\xac\xa8\xd1\x05\tTC\xda\xa8\x0eg\x90\x04]\xa9\xa41=_\xc0zEy \xa3\xbf\xf5\x97\x1b\xfc\x9b\xa7\x03\xdd\xabH\xe6\xc7\xba\xed\xe5(\xd5C}\xec'
    b'\xe6\xc5H\xee\xc4\xb0bf\xbe:a,\x13\xca_\x0c\tr\r\xa2\xe1~\xc2\xac\xac\xe2\xb0yZx[9\xa9\xec6\x10\xe1H\xbf\x95\x04\n\x06\x8c\xefU\xdalD\xf9l\xdcF\x18\x80S\xcb\t;\x84\x82!:n'
    b" F~\x0e$X\x8d'\xd5\xf4\xf9@\x98\xe3\xbe\x81Q\xdc\x9e\x93\x03:v \x06\x0f\x04\xf0\x19\x8b\xd5[\x07h\xb6\x108r2\xefIP\xb2\xadnI\xfb\x8955\xaau\xabe\xcb\x0c\x16\x1f\xd0\xfe\xcez/\xf4"
    b'*\x89\x00B\xec\xb5\xa0\xcc\xa7\xb3\xaf^P\x94\xec+\xf8\x800c\xf0\x17\xdf\x17\xfe04\xde\xab\xb3\xe8\xab\xfb\xde\xab\x1faP\xab8\xea\x0fF]<\x86>$94\xef\xe1\x8f\x88\x8d\x15\xcd\xe0\xe7\xe2\xe5\xb9\xa9H'
    b"u\x1e\xa5s\xf9\xfa-~}\x05O\x81v\xa6=\xfdZ\xc6\xe5\xb6p\x7f\xd22m\xf0#\x864\x9ek\xb7\x9b<\xc5\xc8\xc6\xf3W?`\xb0\xeb_\xfe'\x17\xc6\xfa\xea\x05\xb7\xaf\xdcY\xc4\xbf%\xe7\x91Z\x8e_\xbd"
    b'%\xafq\xc6\x0e\xf9\x86[f\xf7\xc9\xec\x83s\xcf\xd7\xf8\xbdz\x07O\x0fN\xc8W\xab8\x85\x0bg_\xcd\xd3\xdf\xe8\xfei\x8c\xfe;|\x13\xb8\xf2\x8a\xaf\xcb\xd0\xb9`9O\x07.G\xb0\x11\x05\x17\xe0\xac\xcb\xb4\xe1'
    b'\xd77\xf8\x15\xc7\xa9\x0f\xf1\xaa\xaf\x98n\xce\x9c\x16$\x03\xd8_\xe0\x07\x0e56\xd3\x88\x1b\x8d\x1f\xa1h\xc4\xe7\x14?\x0c\x8f\x81u\xe1\xf0\xd1WN\xbd#\x7fm\xe3G\xe8\x9c\xf1\xfeYN[\x89\xa4\xc1~a\xf4@'
    b'\x92V\r\xaa\x91,)\xfc\x91N\xf1\x01\xce\x0bS]&3\x12\xaa\xbec\xc6\xed\xb7$\x84d\x99\x16\xfa\x88\rj-l\x83\xd7\xdc\xa0\xd6\xc2\x12%~z\xed<\xcdo\x9bo\xd7f\\?\xc1\xe7\xa6v\xb6?.\xb4'
    b'Po(\xbf\xbd\x89s\xf77\xe7S\xe3;\xbc9\xea\x1d\xde\x1c~\x07\xac\xdcp\xdcKH\xf5\x87\xf0[H\x01\x88\xe0k\xf8\x8b&\xefL\x05|\xaa\x0b\xaasE\xda\x82\xfd\x11\xfe2\x95\xe2\x86\x12\xca5\x84+\xc4\xe9'
    b"\xd1\xe6\x82Cl\xd0\xf4\x9a\xc3AS\xb8D\xf6\xd5\xc6\xb2\x0cB\xa5\x02\xf5W&V.|O\x17\xf8(\x821l\xe8&\xc4\x10\x11\xc2\x84\xce\xbd\xf68P\xf8\x88\xdb\xdf\x1d's\x80\xaf\x8aY\x9en\xcaWg/^"
    b'\x90\xba\x04\x9c\x89#\xc0Z\n\xb6\x89v&\x13\xf7\xa5Xe\x12\x1c\xc4`\xce$\xca\xc7\xbf1\x00 \xeaZRB\xb0S~,\t\xce,-\xb0{\xeb\xd2\xc2<\x00\x02\xfe%GUZ0\xac)\xc7_\xc4k\x03\xe9'
    b'\xa8\xc57\x08\xf7\x0cK\xda\xb3\xdbY\xcak\xd0\xe9\x86\x9a\x18\x96XO\xd7\xfa\x04\xb1x\xb4\xd8v\xa8J\x86<A\x82\xa5\xd8~\xc8\xaf@\x898\xf7\xac \xae\x10\xe5\x02\x87C\x18\x0c\x84\xaab*\x19b\xff\xc4\x9d:'
    b'g:W\xda\x81\xadvF\x86\r)\xde\xceqSY\xfeb\xf1\xf1\x17\x86\xd0\xf8\xb5@\x98l\xf2liu\x19\n\xfa\xc1\xbf\x1c\xfa\xb5\xc9`VZ\xd8\xbf\xe2\xb0\xa6<8\xb2v\xb6\xe4]\xd40\xb1N\xca\x87\x0cd'
    b'Q1^\xe8\xe5\xe4c\x0c\xd2MB\xd5@2X\x89\xbc8\x83\x03<z\xf3\xc3\xeb\x9f\xfe\x1c\xbd\x8cvg\xd19\x8aV\xe7\x93\xe8\xdc9\x12\xcf[p]o\x85\xdf\x16\xf1\xb2@L\xb3s\x19+\\\xfa\x19\xf6\xc1\x0e'
    b'\xb7\x8e\xb9?\xbf\x9b\x9e\x13\xee\xd99VO\xc5+\xec\x18\x90\x8b\xd3<\x89?\x14\xbf@\x0f\xda!\\~:\x8b\xde\xdb~\x7f\xa1\xf8\x1a\xf8\x19;\x16\xf6\x0e\xddT\x96?\xfa\xe9\x7f\xbcA\xc8_\xeaW\x9f\x01\xcd\x02\x97'
    b"\x7f!&\x0f\xbf!!9\xa3!\x16\x80\xd7\xff\x96\x11\xdc'\xc6\x99\xd8\x1f\xcc]\xe7g\xd1\x13\x8d\x0e\xb6-\x10\xb4\x0e\xccy$l\x9bi\xf6\xa0\xed\xb8\x0c\xd1/D\x8c\xee\xac\xf1\xc2\xfeB\x94\x04\xd7\xd1\xa1f/\x07"
    b'\xe7\x92~\x9a\xc7\xa5\xcc\x1d)q:\x15\x1c\x1b\x06G\xfd\x9f_\xbf\x93\xdf\xe1$\xc6_\xe1\x02\xff*\x97\r\x0c\x8b\xfc(\x97\xf5\xf5\xbc\xce\xa8>g\\\xc6\x11\x08Q\xa0\xe0\xc6K\xd3\x87\xbe\xec\xb3Y\x7ft\xd5]\xe8'
    b"\x90\x12Z\xa9\xf1\x98\xbf2\xc6\x90\xbc\x1c.l+\xfcN\xb3\xe5\x87\xbd\xef\xf4\xf5w\xff\xee\xbf\x13\\h~'\xdb\xda,4Zb2\x05\xdek\xe9\x9b\xcdP\xaa\xde\xf3j\xd7qo1\x9e\xfb\xaf6\xe8V^\xcd\x10"
    b'm\xc3\xbb\xc5\x9b8\xf4n\xaf\x7f|\xdd\xeb\xf6\xbd\x97\x90w\x0b\xfc\xe2\xbd\x1ea\xe9\xe8\xa0aS\xe3\xfa\xe2\xc6\xae\xbf\xb6\xa9T\xe4\xc1\xf08\xb7J\xe8\rG\xb2\xae\x11\x9d\xc3\xfa\xd5\xeb\xd3\xc1\x86\xf2\xcaJ\x07\xa7C'
    b'\xf7\xb6v\x0b\xd7\xbb\x9d\x91\xbe\xe5\x87D\xc9;\xaa\xd2\xb4C\x0f\xf8\xf5\xbd\xc3\x0c\x84k\x1b>\x80|P\xbb\xd9\xf1\xbd)\xf1\x17n\xa8\xfd\x99I\x7f\xeb]\xf6f\xf4\xed\x8f/\xbe\xfe\x86\x1e\x08\x0f\xa3\xa7E\xe7\xc0L'
    b"\xed\xe2\xd2>&\xce\xean`\xaa\xa7\xc2o\xc7\xed\x9en\r\xe3\x9f\xc1\xa6Yfw[\xe2\xf9w \xd3\xe6\xe8\x03\xb6\xf1pX\xd8\x1cN\x84[Z\x02\n\xe7u\xf1#\xc9\xe5\xc5\xa7&\xbd'\xf6:\x03\xf1;\xc3\xc8"
    b'\xb4\xe8\xc3Za>1\xd6\x0e}\xb4\xeb\xa2D\x10\x1eX\xbc\x05\x1c\xde\x14\xc4F`\x87\xcb\xc7\xb3t\x11]`$\x17\xfc\xf6\xf5\xebw\xaf\xbf\xfb\xe1\x7f\xfc\xc77\xd1\xcb\x97/\xa3st&-\xf0\xc4<\xbf\xa4\t\xc4'
    b'\x13\x00\xc4\x83\xed*\x99\xff\x88\x0f\x85\x83\x80\x0e\x04E\xb9\x8a\xfe\xd5\xff\xde\xa1\xa1uV\xf1\xe6b\xb1]3\x92\xf3\x05^\x83\xee\xa2\x1c\x94\xa2\x9cO\xab\x0e\xa8\xd4\xd1\xd3e\x04k\xf5\x1e4Ux\xe3\xf5<{\xe88'
    b"\xa3\x89v\xc4\xc8\x7f\xd1\x90@X\xe2'=\xf0~\xa1\xa7L\xbc\x91\xf1\x1a\xd6\xff1\xeb\x9c\xe80\xe9[e|t\xd1\x19 }';\x02\x8e\xf1\t\xc7\xe7>\xa9\x03\xc75\x06[8=\xa4s\xbc\xdd\x8c\xbe\xe3\x0f\xfd"
    b'\xe7t\xfe\x1e^\xe8\xe7\xf3~\xe7\xfa\xbc\x15\x9d\xf7:\xa3\xe1\xf9{\xec\x1b\xbb\x9eg\xb3-\x06\xedb\xdc\xc27h\x89\xfe.\x85\x95\x03\xe2\xb88\xff\xf3\x0f\x7f\xfb\x9a\xfd\xda\xdfe\xa0\x80\x01\xd7\x89\xec3/\x85\xc2\xcd'
    b'\xfdwI\xf9\r#\xa0\xbfy\xfc\xeb\xfcBu\xb3\xcb\x0e\xc5X~\xfb\xeeo\xdfE/e\x92\xce\x1dY\xf89\xb7\x8b\x1e\xe2|\xfd\xfc\x95\xa1Q\x10;\x90LWiA\x12\x9cDE\x1a\xa1\xcb\xb8\x18\xcf\xa3/\xb5S'
    b'=yiu\xc8%#\xd3\xd6\x89\xb0x\x08\xc6\x15\x15/\xa8\x96\xc8/,\xe3t6\x8f\xa8\xa0\x924\x8b1\xed,\x05\x9f\xe3\xac\xe0\xdc<\x9d\x91\x04\xf2\xed7\xaf\xff\xfc\xcdO0\x81\xe7\xcf\xa2\xbf\xe7\xc8S\xd6\x88#'
    b']\xbabg\x87\xf3\xab\x05\x1b\x15\xedn\xb05p_H\x10:\xb4\xbf\x87\x9ds\xfb\x9fk;^\xf9\x07\xbd\xfe\xed\xf5\xf7\xff\xf1\xfa\xbb\x0e\xe2\xa9\xf31@\x05-\x11:<\xf9\x08\xb2*\xd6i\x93r7\x18\xb9\x0b}'
    b'\xf0\x9e\xa6\x02\x13\xf7\xc9r\x83\x12b\xfb\xf3\xff\x9d\x9d\x99\xd5\xcd\xfb\x17k\x87"\xff\x86\xb5\x99\xc8\x92s\xb1\x8e\xbe\x88z\xdd\xeee\xf4\x02\xff\x00\x11\xd9\x9b\x96I\xbe\xb9\x88[\x11H|\xee~\x83\xbe\xe2\xe8\xcb\xe8b'
    b'\x1a\xb5\xa3\xf8\x12n//\xf16|\x03\x8a\x19B9P\xf0\xed\xa5\x14\xeb&\xa6\x90\x86*\x80\xb0\x03\x11\xa3\xe8\xe9K\xf2)\xa7F\xd4\x95\x98J\x8a\xf5\xa0\xa2\xab\x94j\x80<\x8b\x0b\x15I\xe1\xccG\x8e>\x07\xa9\x9c'
    b'4\x83bKaJ\xf8\x11\x07c\xdf\xa8\x84\xd3\xeaBF\xc3/u\x16\x196\xc2\x97\x7f\xa6\xb9\x81\xc3K\xdbu\x04\xb1\xb3\x1d\xf5Z<q\x0b\xe84\xbf(\xe1\xcd\xfd&\x97\x97\xef\x89\xc8`\xdc\xaf\x11\x03\xe8\xb7\x84\x11'
    b'CY\x0fAHx\xee\xa9\x98\xc5K\x8d\x97\xa7\xc0# f\x99\x8e\x07\xb4\xb1p\xb1\x88\x94Y\xf2&\xcf\x90\xfe\t\xf9J1\x95\xb9N2\x9a\t\x08Z\xc9\xbe\x1f\xda\n.\xe8Z\x0b&(\x9b{/\xc8/\x16\x7f\xbc'
    b'\xe8\xb7\\\x02\xa0\xe6\xf0.\xb4\xda\xf0S\xb73\x96\x9b/y\xcf\x98\xde\xff\xb1\x05\x95\x0f(\x06\x18\x99\xd71^\xe8PT\xc5\x0f\x8b\x8b\xf3\x08X\xfd\xab\x97Q\x17X\xf9\xf3\xf3\xe7@(\xe4&\xf9\x92\xbeL\xe8\x8b\x9d'
    b'$|sD\x1a\xd8Jd\xafb\xcf\x01E\xb0JJ\xea\xd0\x048K\xba\x9a\x92\x15/\xc7c\x90f\x15\xb6 \xca\x1e\x94\x9d[D\xdb\r\xf6H\xf8\xd1qD\x01\xc5\xac9"|+\xd1\x07\x7fi\xa9r\xc7;;Y'
    b'\x16txb\x8a{2w\xb6\x0bt\x90.\x1e/\xf0\xba=\xb8XY|)G\x0c^I\xe1[\x97\xce\x1bJW\xb9H\xa3\xaf\xa8/%\x08a\xa9\xd8\xf4Wh\x8a\xd13\xe8\xc0\x83\xe3\xf2W\x98\x91\x9e\xdf:\xfa\xef'
    b"\xff\x9d\xbe\xfeL\xbf\xbd\xa7\x03\x94\xbf\xbf\xc7\x0b\xda\x99y\xd8\xa7t\xf1\xeb\x97_\xf2\x18\x9e\xe4\xddO\x1fJ\xfb\xf3\x87\xd2\xf6\x87b\xe6\x88I\xf1%\xccU\x1b\xa6\x16n\xb3\xf3%?A'p+-Dg\xb3-\xee"
    b"/\xde\x96\xa8\xf8\xd0B\xfd\x9c\xbe\xa7\xf0h\x0c\xe9\xd6w\xb3\xb7\xf5\xbd\xdb\xa4=<\xe3\xbc\x05\x1c\\G\xe6\xde\x1en\xdd\xae\xb7Ni\xc42\xda'\x97\xa1`\x07h0\xb8\x80\x87\\*\xd5\xbfE\xb4I\xf2%\x96\x08"
    b'\xa6\x8f|A\xc1\xb8\xb9z\xa6\xbb\x0bL]\x8b\x15\x96\x1b\xe4\x1b0\x18\xb3\xd0R\x9bx*\x82\xc8\x86\x1d\x1b\xa3\x86U\xeb\xb7\xe8\xbd\xc4\xda\x1f\xa0k"\xb8&\xa8\xb5p\x99;\xd5\xd0VtTZ\xca\xc7\xdf\xde&\xe5'
    b'\x05?\xaa\x85\xbfz{\x9d\xafw\xa4\x19\xecq\xff\xc2\x05\xb5\x9f\xb8Waft;\xe1\x8f:\r\xef84\x81\xde[\x06\x1cQ"\x0e\xd7(m\xe7\xd9\x14\xe3\x05qCs\xddE\'\x1e\xbfp\x10e\xef1\xe6\x8a\xad'
    b'.\xf0{[\x0e\x0c:\x83\x961\xbbumR!\xf0\xce\xa5$\xd4E\xf8:\xce\x8e\xc7\x87\xfe\x84\xcf\xbc0\xb5\x90\x11\x9d\xd4\xee~~\xb2\xd9\xfe\xd2* \xbc\xd1\xd0ZQ\xea\xee\xfe\x18\xc9:\x8d\xfeD}2\xd9\\'
    b'p\x87?\xc7%\ns\xce\x97\xff\xf3\x7f\xe0\x11\x97Ly\xd4\xd7\xa5\n0f\x15\xb8\xb5\xcfG1:\xbb6]\x18\xc6\x98\xdem\xb3\xad\xd4\xb8\xa2d/Nd#\x88T\xcc@I\x08\xdc\x1aMM\xc0]\xefaz\xb0'
    b'O{\x11\xfaZQ\xac\xce=\xc7\xc7\xa2\xb9\x10\xab\x16:s\xb7]\xbf\xbbO\xf3yAGC+\x92\x03(\xc7\xb3\xaa \xf8_\x8a\xabfc\x07\xcf\n<\xe1GB\ns"6%\xac\xb6e\tY\xa42.\xd0\x8e'
    b'\xb4*y96\xcaG\xee1\x963\x94+\xb8{\x93\x04J/\x8e\x05\x04\xf9I\xb1h\xab\xfe&\xe0\x8e\xe1N+\xfc\xe0\x95\x0b\n\x9eqd\x1f\x19\xc0\xbf\xca\x87\x9f9\xb8\xa6\x8d\x0cn\xc2\x916\xb7\xc4\x02p\xcd1'
    b'\xc4\xc3\xd2\x0b\x1a\xfb.\xec\x99\x01\x7f\xbez\xc9\xd4\x10\xa5_~y\xc9\xady\xd1\x03\x87s\n\xe2\x19\x91\xe3\xe5m\xf002\xbd\xdfq\xefw\xc0\x8c\xb9\xf3;\xec\xdc\x12"Id/\xf9i?\xdf\xbd\xb7L\x16\x7f\x84'
    b'\xa56?\x11\xd7\xb6\xfc\x17~\xfa\x8an\xbed\x9aZo\x13\xfe\xd1a\x93\xba\xe00=\xb2\xf1y\x12\xf9%\xda\xfcl:\x86,#u\x7f\x87g\xe0\xaf\r\x8aW$\xd2\x83\xb9\x8dG\xe3wUf<CU6l\xb7'
    b'\n\xf1B\xa9\x86+5\x81\x84;\xa0k+\xa1\xf2]n\xf5 v)"D\xb0\xd4fG\\#\x16\xc0\xd6$\xa2J\x99\n\xd9\x19\xacOt\xa2\xbf\x0b\x10\x13\x15\xebQ\x10t\x1c=\x0b\x83\x94e\xe0\xcbsX\x95!'
    b'u8\xb1(\xed_\xd3\xe0.\xc8M\xed2bR\x1d\xf2\x84h\xee\xe2\xc5\x7f\x16_\xf2[\xbc\xfc\xf9\x7f\xffg1y\xff\xe5\x0b\xe0_\xe7\xf6\xd0y]\xc3fjIQ/B\x04\xb0\x15\xf28f\x1b\x01W\t\x87\x19'
    b"\xf7\x99I\xfc|\xc8\xb6\xcb9<\x7f\xb1\xc5\xd3\xb5t\xc5j\xec\xe4\x82\xef%K*\x9a\xbf@\xb9\\R\x01k\x8cBn\xc9}s\xcbP\xc5m\xf8\xd2j\x9c\xa0\x8c\xc3\x8c\x88\xd2\t\n'58\xa7\x05\x95`H\xb4"
    b'2\xa0\xe6&?9\xbf\x90\xf2\xf9=\xce\xf0K4\xf0\xd0\x88\x90..\xe0\x11 \x8a\xfc\x8b<\x1eh\xf3\x1c\xc6v\x1eMxz\xcc\xfdh\x81\xc4\x00LN\xb4|\xc9\xaf\xe1\xfc\xee(\xbd\xa0\xee\x92;\x0f\xc3\xba\xdb\xec'
    b'\x00y\xf9\x1c\xad\x8f\xcf_\xe1\x13q\x1a\x90,\xc5u\x87\x1am\xad7\x9a\x13\xe8\x89\xfe\xba\xa3\x10\xc7)\xfc\xf4/:d\xe7\xe7l\r\x920\xac\xc4K_o\xa7\x89\xbe\xf8\x97l\r\x8a\x18FE_\xa0B\xe6\x1c\x17'
    b'|\xb7\xd2\x82\xa9\xb9\xc8\xe1\x8b\x9f\xaffz\x8a\x9f\xc8\xed\xb0\x92\xcb\x08\x134SA\x07\xb3\xc4\xceB\x0c\xef\x17T\xa2\x939\x96\xd2\x9a\xc6\xeb\x0f\x14\x10\xc7\xb2\x00K\xf3\xa1\x92\xb9\x08\xf2\xbb\xc4\xbas\xe4=\x11\r\x02'
    b"\xad\xec,wv\x88\xcf'0-\xb2\xeb(\xc9 %\t\x89\xeb\xd9P\xf5\x0b\x19\x85D\xe0I\x92:\xea\x06de\x13\xcaO\r\x8b I\n{\xea\xb0\r\xe1\xcdO\xdf\xbc~\xf7\xed7\xbf\xbc\xfb\xe1\xfbo\xde\x92-"
    b"f\xba\xdc&h\x8c\x99e\xd9\x92\xfe>\xc6k\xfc{\xc7\x16\xc1\xe8\xfc!\xceW\xe7\xc0Q\xf1\xf6\xb7?\xbe\xfe\xe9\xdf\xbfso\xd7\xe6z;\x05'\x99\xdb\xe0\xef#(\x93\xd9\x83\xe9\xe0\xeb\xd7\xdf\x7f\xff\xcdON\x07"
    b'\x98\x12\xb2.cl\xaaC\xc9\xc9\xc2\xa3w\x9aN\xa5\x8b\xaf\xbf}\xfd\xf6\x9bp\x07\xe6\xe1\xf6V\xffu\xb4\x8b\x1f\xfe\xe3\xfbw\xde(\xcc\x9d\xb5\xd7\xb7]\xe1\xb0\xa4\x03\x98\x86w\xff\xeb\x97\xbf\xfc\xf5\xa7\xb7\xef\xe8v'
    b'\x19\xb1\xbe\x803$\xed\xcf{\x05\xbe\xfd\xed7_\xff\xf0\xfd\x9f\xe9~;\xd9\xf57\xd0\x89\xac=\xfe\xdd\xb7\x7f\xfd\xe9\xcf\xde\x1a\x9an\xfc\xa7:#\x82\x0e\xa8\x87\xef~\xf8\xe1\xdf\xe9\xcd\xd5.\x1f\x89hKTE\xfb'
    b'\x81\xe1\xaa\x99\xfb\xaa\xd1bM\x88\x0b\xaf\x19\x0b\x81\r\x15\x0f\xf1\xba4\xd5y0\xc5\x99\xe3\xc1\xa4\x9cidm!B\x91|\x8e`\xcb\x9cB\x07p\x8f\x11n\xf6CZ$-):n\xdc\x8b\xac2\x90\xd7Q\xe2\x0b'
    b'\x16\xda\xad\x8a@\x94\xdd\xcc\xb5\xdc\xb9\xac\xa5\x9c`\xab\xac\xa0}\xa2\x95s\xd9\xbf\xd8q\xc1:\xe0\x12\x87\xaej\x9fy\xcc\xf8\xdeX\xef\xab D\xe4L\x8e\xd4\xb4pQ\xe2y\x86hl&U[4\x1aN\xc4 {'
    b'\x10eS\xd0\xd9\x8fvt\x8c\xdd:g\x0b\x05|}c\xed\xff-2\x7f\x14\xe2\xe5\x82\xfe\xd1\xc5\xa6\xdf(\xe4\xcb8\xc0\xd4\x8e;\x81E\x7f6\xbf\x19\xc6\x03\xa2\xbbgI7\xee\x0e\x88\xde\x9e\r\x16\xf1\xf8\xaa\xcf\x1f'
    b'\xe3\xab\xc5\xfc\x86>^\xc7\x18|O\x1f\xf1\xb6\x9b\x84o\xbbN\xfa\xf3\xf1\xf9{\xeeY\xb8\xde\xc4\xe1\xd1\xaaMm(h\x1b\x87\xde\x92\xb9\xb3\xaa\xb4\xf0\xea\x9fEuR!\x1dO\x12i\xfb\x92\xce3\x99s\xd0\x12\xce'
    b"\x17\xf4\xef\xfc\xd2\xc8\x01\xe7\xcf\xce\xe9\xd8\xaf\xda$\xa3\xf3\t\x9aA\xcat\xe6\xf8a\xa8;\xb2\xfat;\xddQ\x0b\xcd[d\xf6\x11\xa9\xef\x89\xdf\x86\xb8\xe9'\xbe\x0b.wG\xa6c\xdf}\xd6\x0e`\x1d\\\xba\xde\xea"
    b'\xe84+\xce\x02\x11\xac5b\xcd7-\xba\xf5\x109\x0b\x9d\x0c\x06\xbc\\W\xf27\x1e\xc8\xfa\x8e\xf8\xefxF\x7f\xc7\x03\xfe\x1b\xc3\xdfS\xd6\xf4\xa8\xb5\x9c\xc0\xe6\xa07\xfa\x85l}\x84\x88P]\x89n\xe7\x9a\xfb\r'
    b',\xa4\x1cst\x0b\x99\xfb\xe4\x19\xae\xd5\xef\x84\x15<m\xcc\x87\x86\xfb~\xdfJ~\r\x9c\rT\xca\xc4.\xe57l\xf6C\xc1{\x19\xff3\xd9\xbb\x83+ky\xdd\xeb\xf7\xbb\xbc\x11g\xc3A,\x1f\x17\x8b\x91\xfdx'
    b"=\xeb\xc5\xd5\xabN[\xe9\xe1w_`\xdd\xac\xfc\xd4\t\xcaf\xe8Q\xf8\x85\xb8tx\xf79\x9b/\xb0\xe0\xf3tU\xbd\xe1\n'}0j\xbe\x87\x9f\xf3\xcb*]\xbb\xb7\xf5\xf0\xb6n\xdf\xd0\x96\xd30\xfe\xe86\x1c"
    b'b\xc3^3\r\xc2\x90\xaa}w\xaf\xeb\x9dS3\xbf\xe7\x01\xb5:\x8a^\xde\xa06p\x9fTw\xfe)T\xd2\x9f^-\xae\x17\xbc\xb9\xaf\xe2\xeetH\x1f\x87\x83YO\xf8\xf9h<\xbf^t\xabW\x9d\xb6\xd2\xc3\x1f'
    b"F%85\xe4\x95\xf0$\xca\xe6\x85M@Iq\xe7\x93f\xdd\x9d\xf4I\xb4\xd9\xa2\x04[\xdf\xa9\xd4tt\xcc\xcc\xff\x1d\x03?\xcd\xb4\xe37\xe1:\xa7\xcc=l\xaf\xe1\xe0\x9a'\x11N\xcd1\xef\xc5!\x9c\xa5Sf"
    b'\xb7\xf8!\x19W\xaf:m\xa5\x87?l\xeeQ\xd6\x96\xe9j`\xc6=\xda\x98\xff\x0fq\xe2\xc0\xd0\xf7\x8ez\xef2\xbf\xdd\xc4\xf9\x87\xe5gm0\x91@p\xb5n\xe8\x9f0\\suF\xff\xf8\xb8\xa5\x7f\xcc{\xe9\x9f'
    b'\xdb\xf6\x8f\xdf`\x9e\xce\xd5\xb8\xc1\xf0\xa8[\xcf\xb3\x15\xb3k\xca\xe7\xfa-^\xba\xb3\xdb\xa7\x13\xaf;h\xa6\x0b\xcb\xe4\x89Iv\xbd\x0b\xc0\x0e{\xe7\xfb\x97e\xc6\x8e\xf6\xcfX\x96\xc1\xa0\xdb\x95cn<6\x1fg3'
    b'\xf3q\xb1\x18\x0cD\x1ar\xae:m\xa5\x87\xff\x82eq5\xd9f\xbe\xb7\x88\xe7I\xe5\xc8\x04B\x1fy\x8c\xafxH\x92M};\xc0J\xf5\x8f\xda\xc4\xee\xfe\r\xb1\xde\x8f\x189A-\x8d+\xb5\xe7\xb9R\xbd\x0e^'
    b'D\xd7\x97\xa7\xcb\xd2\x7f\xe8$V\x0f\x8f\xd0$6\xf0\x14g\x12\xf7\x0by\xa0\x9e~\x16G\xe9\xd1?\xe6\xff\xf6#\xf2\x08C\xba\xf3\xfe0\xae6\xa8\x7f\xfc\xe3I\xd7\xb1\xa0\x1cO\xb8\x15\xd1\n\xa7|\xb1\x8c\x8b\xfb_'
    b'\x8a\xe4\x1f[*\xd2\xfb{\x110>\x1c{N\x8a\x97=\t\x88z\t\xcf?\xff/\xa2\xc9\xdfuvN\x9d\x94\xbd/\x1e&\\\x9c\xb4\xcf\xe3\xba\xdd\xae!R\x87\x1c\x9d\xab\x07\x1b\xfc\xd7\x91\xaek\xb9\xdbs\x18N\xd3'
    b'u\x9c?\xfe2\xe3\xc9\t\x9c\x87\xbd#\xe4y4\x89=dd\xe1-xe\x08h\xf4\x0e\x03\xa1\xa4r<W|\x93PQ\xc2O\x92\x12\xe0\x04#\xd9"Wn2\x97\x98Z\xed\xb4\xea>N\r\xb2F\xae\x11e1'
    b'\x9b\xbb\xa6q\xaeVb)O\x9e\xe5\x1f<\xb3\xd27\xab\x04fm={\xb4\x04\xf0S\xc21\xeeh\x15D\x1d5Fm\xd5\xd2\x03\x9b\x18\xf6\x12\xc4|\xde\x87\x7f,\xd6\xc2\xbf9\x1b\x99\x9c\xab\x0e\x15\x84\x1b\xc8\xd5O'
    b'#\x084P2\xf0\xe4K\xdd5c\xd85F\x07\xb8u\xda\xd1\xcbA;\xec!z\x05kz5r\x7f\xd6\xa9~\xa9<F.\xb8m\xee\xe3\xe5\x02\x1a\xa8c\\\xc2@(d#\xfaW\xf8\xdf\xc4\x8d\x9e\xaa\xb4z\x11'
    b'\xf5\xbd\xe1\x90\xdb\xcc\xf6U\x80\x0e\x9d\\t[\xf4\x0c\xaf!\xe3\xe3V[Vzo\xd7\xefC\xea\xaa\xde\x85\x8dZ\xd1\xe1{\xd1\xf5F\xae\xd7j\xb0\x04\x8e\xfa\xb2f\xb0\xe3\xa9\xfdWc\x8bF\xd7SN\x11\xb1_\x86'
    b"\\\x9d\x01\x96\xc7\x8b\xe82\xf4\x81\xe5k#\xe5k\xec\xa8\xa5\tqbp*\xaf\xf3\xcau\xb0\xd2\x8b\xb0\xef\xb6\xfa*\xd4\xcdq\xefBV\xf3\xdf\xebe\xa2\r\n\x10\xf4Z\x97\xeek\xc1z}\xfeKA'r\xa8`"
    b'6\xba}\x80\xe3R-\xfe\xf0\xc3\xf1\xc2\xd9bGQE\xf3\x19\xe8\xed\xe6\x83\xf4Q\xe7\xca\x7f\xc1\x90T\x8e#\xd2Z\xb9\x18\xc2\xcf8^\xe8\x13\xe0a\x17\x15\xfe+\x81!\x0b\xbc[VB{\x14V|K\xacv\x9a'
    b'<f\x9c\x0c\xb4\x12\xcf\xddrN\xae\x8d2~\x8c0wX<n\xc9\x03\xb9\x05?$\xf2\x91F\xe42\xe7\x1f\x13\xd8\x9f\x98?)\xa3\xb3<\x1a1\xfc\x8alQ\n|\x06\xc6\xfdEiq\x12\x93\xc6\xc3\xd7\x88\x96W'
    b"\xd7\xe6\xa8\x9e\xf7\xafgr\xd54p\xae\xfe^\x02'1i\x0c\x08U&M!\x98\xc3\x00\x8b>\x86\x07\xf3b\x06\x18\xe7\xc8\xe7\x9a\x88\xfdRm\xe57\x91\xa5w\xddrvz\xec<\xc8Or\xe1\xbd} \x8dD\xe3"
    b' \x8f\xe3\x9exG\x8d\xe5\xc88l\x1c]\x03\xa3\xa9)7l\x99\x1e7\t7\xba\xb56L[\xbf(m\xc1\xdc\xcc\x7f\xf1\xe4\x9c\xbc\x7fq\x1d}\xc1\x8b\xd4\xf8t\x15kj\xb7\x8e\x0f\xdeJ\xde\xc6\xda}\xfd\xee\xc1'
    b"\x1b\x89\x19\xd7n\x1c\x98\xfb\xfcs!q\xc2R\xf71\xfe\xa4(?\x8dI\xd6r\x94\xd8\x17\xcaahLL3d\xee\xae\xc4'9C&8\x8039\xd3rbc\x9c5,\x10c\xdb\xb4W\x0en#\x88\x15\xee\xcd"
    b'H\x95\x821h\x99\x17\xfa\xfa18\x8dC.\xa7I\\Zhf\xc3_\xe0\xfb\xe3\xe7\x99\xc1P\x88\xafj\xaax\xcd\\=\xae\xc1\xef$\xe8\x81T\x1e\xe2 \xce\x9e&-\xc0q\xbfK\x97\xad\xc8\xf9\x81\x1d\xeb\xfaK'
    b'8,\xcbiN~t\xdf\xee\xe9FN\xba\xc4(\x0c\x0c\xb359OH\xb3;\xed;\xd1:\xef\x0by\x15LR\x13\xec:\xcd\xb3\x0f\xc9\xba\x8dyN\x1a\xea\x8a\xb9KN\xb8\xab\xdb\xb3F\xbej\x02\xbe\xf9\xcd\x84y'
    b":\x11\xa1>\xbf\x15\x93\x0f\xa6\x08\x80\x12\xea\xfff2\x01\xea\xb3UI\x12b\x04h\xe7u\x9d\x7fN\\\xbd'\xbe\xd0-\xb7\xf5;\x9e\xccE\t\xeb\xde\x05^\xc7\x04i:\xb1\xb9\xad\xc8\xb7Y\xcb7\x13\xb9\xd9\x18\x8a"
    b"\x07\xff\x02\x93@\xbd\\\xee\xbdKZ\xca\xce\x06Q\xce\xbb \xc7\xc7e\xa7\xc8\xf2\xd2\x99,LBi\x98\xab\xda\xac\xc5 \xb2Oo\xf75}\xba\xb4\xf3\xe537\x9e\xadj:\x97\x08rNH\xafsK\x93\x98'{"
    b'M\xc2\xc6\x1b\xc5\xe0\xb3\xe8\x08\xd3\xc5\x88\xe4\xc6\x94b\xd7X>\xc6\x0b?w\xc9\x0bH\x1e\xb5\xf1\xd5{|\x92\tjs\xa9\xe2\x8f6\xf4\xd4\xb9\xc8\xd1"\xac\xc3\xa7\x9a\xecU\xbe\xf8z\xf6\x9eS\xa5\xbe\xa3\xd05\xe6'
    b"\n6\x08\x05\xb9B\xba\xb6\xd1\xf3\xc8\xeb\x97\xcb\x89\x83\x14\xb0\xc0\x88`\xceI\xd7\x9a\x16|\xfaP\xbc\x19GjbM\x9d\xe8\x07\xae<\xaf\xe9\x97\xb6\n\t\xa5\xb2',\xd5R\x08\xd0\xf7\xdf\xbc\xfb\xa5\x1e\x06d\xcc\xa1"
    b"I\x92\x7f'Y\xde\xae\xd0zO\xdd\x95\x1c\xa3~D\x14\xc3:)M(\x0b\x8cY\x12|\xff/s\xef\xde\xdf\xc4\x95\xa5\x8d\xfe\xcf\xa7\x10\xea\xe9F\x02!ds\t\x88\x18~$!\t3\\r\x80>\x999\x8e\x87"
    b"\xb7l\x95m\r\xb2\xe4V\xc91\x9e\xb4\xbf\xfb\xbb\x9fg\xad\xb5\xf7\xdaU%\xdb\x90\xa4\x7f\xa7{\xa6\xb1\xaav\xed\xfb^{]\x9f\xa5Cg0\x19a\xe9\xe1\xdc='\xd0\xf1\n\x1e\xff\xa1q=X{\x8b\xa3n\xc3"
    b'\x1fb\xb4\x19\xfe\xab\x8e/\x0f\x0b\xfdss\xb4;z`\x7f>\x18\x95j-\x0f\xafK+\xbb9zd\x05\xf6\xc2\x7f\xff\x04}U\xce\xccm\xa8\xa6\xfa\x82\xed\xe5\xc6*\xd3\x91\xf4\xf4\xa2\x9bgE\x0f\xc0\t\xeb\x86\xe3'
    b'\x8e\xab\xfe,m\xe8\xbf~\x00\xadZ\xcd\xf7S\t6\x99\x14\x8e\xbf\xf9\x0e\x99\\\xc3\xfe\x98\x9cT\x1f/\xe7r\xd6\xec<\tk\x8f\x07\x8bwi\xb8c\xcb\xd9~g7\\\xba\x9a.6%\xca\x00\x94J\x8b\x89x\xa4'
    b'\xaa\xfc\xbb\xc5\xdd\xfd\xaf\xe4\xcf\xbd\xd1\x83\xe2\xaeyn\xc4\xbd\x18\x8e\xdd\x83]\xf9\xf3\xab\xb2x8yh&b\xd4\xf0go\xc0\xcd\xdc\xca\xde\xb2z\x9c\x8e+\x18\x84Y9\\\x11\xb5\x9c\x08+\xbf\xc3\xf9\xeaO\x1c\xce'
    b'\x15\xba\xd9\xee>@\xbf\r\xafJ/fG"\xf8/\x96Gg_\xb2\xe5\x9c\xf3\xe1d\xa1:_D\xb9\x0f\xa87\x98[\xa0)<\xf1\xf7\x8aj\xd5\xd8i\x8f\xf6w\x1f\xec\x89G\xc7\xde\xc3\xc9\x83\xc9\xbez <\xfa'
    b'\xaaxh.|\xe5\xbe\xe8\\\x1fL\x1e\xde{$~\t\xe1\xa3\x87\x13\xf9\xec\xe1~\xf1`\xf7\xc1\xbf\x80\xd4m\x9aQn-\xa98\x95\xf9\xbd\x80L\xdc\x1d%\xeb\x08\xb7\xdcQ\xf7\xff/\x9ed_\xd4\xf9\x8b\xb7\x9b\t'
    b'\x8f/x\xf9\x85m\x92_\xb5\x0c\xfb\x99*\x86\xce\x97l\xbe"\xc6\x8f-\x10&*\xd1U90L1\x99,\xe9\x83\xda0\t=\xbc\xff\xd5D\x85\xbd\xf8g\xb9_\xee\xa9\xe7\xcb\xa5O\xf5\xcf?}\xdf\xd1\x8es\xff'
    b'\x02\x9a\xa0\x83\xc7,\xb6.[\xf8\xf6\xeehd\xa1\xc3\xff\xca\xcb\xf5O\xed\xba\xe7:\x13\xe44\x1d\x99\xe5\xe6Sl\xa38*nl\xf0\xa7\xbd,^\x87,b8[\xf3\xbdb\xd5\x13\xf0\x88\xc8\\>uL$\x10,'
    b"jq\xd7h\x12\x91-\x13\xc1\x85Hu\xba\xa6\x86\x81\xe1]\x95K'\xb6\xcc\\\xd8Zo6\x9cN\xe02<\x1bJ\xf46\x84n\x81\xcc\xd8\x1e1\xe2p~2\x9bY\x80\x08c\x97\x04g\x14\x04\x97\xd96\n\x1fs"
    b"\x19]\xc6'y\xa0\x04XP\x03,f\xa8VtHO\x83\xf9X\x9e\xbd\xd9\xef\xa1n\x1fV\x17~Z\x0f\xf1\xa7be\xf898\x01\x9e\xcc<\x08\x87\xde\xd7\x98f\xa7\xf2S\xe0\xbc\xe5i\xc3\x11\xda\x05\xc1\xc0u\xe7"
    b'\xd1#\x06\xed\x07\xd9\xf6\xc5|\xd5\x0b_&}\xe5f?\xdcn\x0f\xb0\xf8A\xe6x\xf8U{\xb9@\x96\xeeY9\xb7\xcd\x02\xbd\xde\xb8\xd7\xfeE\x10o\x1e\xc8\x17@X\xd8\xbc\x7f\xdf\xc7\xbf\x8a_\x10t\xb1:\xdb$'
    b'cE\xf5Q!\xbc\xe2\x84\xc7\x00\xb1B\xe2\xd7\x10\xf5B@\t&K\xd9\x0fk\x97f\xea\xb8,>\xa6\x19\xbe&\n\x97\xeb\xac>L/\xff\x10\xd8\x92\xa8\r\xd4\t\xdax\xdc\xc4\n\x18\x16\xc7\xc7\xb3\xb3\x1ev\xc7\xa0'
    b'\xe3>\x85\x84\x1c\x97$\x0c-\xd4\xbcQ\xdb>J3%r.\x90LF#Ht\x83a\x9d\xcdI\x0fVq&\x88\x0e\x14\xf6\x92\x04\x9aq\x80\x03\x87\xa9\x06~\xc4\xb2\x84dq|\xc5\xde\xea$\x08z\x1a\xdbP\r'
    b';\xef\xa0\xff\x9cD\x13\xb3\x05;\t\xb1f\xd0\x9e\xcd\xbcY\x891=G\xc5D\x98e\xb8\x11\x99\xaeL\xc5J\xe5g-\x03\x1cYj`\x9e\xd1T\x11\xe7\xbe\xa8p\x9b\xf4,-\t\x96"mT(1\xb7\x92\xda$'
    b'\x90\xad\xe6\xa6\xbe\xd3\xe9\xe1#\xceg\xdf\xef^`\x9c\xf5j\xb4+\xec&\xe06LE_;\xa8\xbf\xdd|P{{-\xd7\xddH\xb1\x8d\xaf\x1e\xbab\xfdnZEA~\xd3\xb9!\xfa\x9b\x05\x11\x86\xd5D\x98d\x0c'
    b'\xa3\x1a\xa7\xe5fa\x85\x11\x9a\xc5 \x14.\x16\xe6j \xb1\xda,\xc5m@\x00c\x14\x16\x80\xcc\xfa\x87a\xa3\x0f\x14>/\x90\x13\xe6\xadD4\x16\xa3TnK$\x0b\xa3\xb2:\xcf\xe8^PNb\xed\x932\x08\xcf'
    b'\x92F\x91~\x07\x16\xfd\xcb\x1a%\xe7\x0c3\x14\x85\xbe1\x96\xb8\xd0\xac\x8c\xd8\xa0\x8c,k4\x92\x969t\xf3\xa7Yq\xc63f\xca\xaf\xdaY\x8b\xa7\n\x9c\xc4\xe3kk\xd4\x9e\xc4\x97\xfc\xdb\xdf\xc2&\xfb\x86\xbd\x97'
    b'S\xdb\xaf\x05\xdb\x8b?\xcf\x93\xceF\xa4\x8f\xbcI;\xd7C\x15T\x11X\xfd\xd7\xe3\x07\\\x0b\x84=\xb2\xb809\xb1\xda\xec\x9b\xac\r1\xd6\x03\xb9!\xb5\xb2e\xad\\\xf8}sLJi\xc0l5\xbf\xcc&\xc76'
    b'\xdc\x196\xc2\xc048\x12\x88\xa9\xc00\xba\xef\xb0ct\x8f\x1c\x06\xcaT\xba\x00\xfe\xd3\xc3\xb3\xd7\x8b\xd5\xba%\xb9\xda\xc4ty\xad\xdb\xbd\x07\xac\x7f;\xc9L\x8f\xd2n\x87\xb9\\\xd7\tt\xb0\xe1j\xf1\x12\xc9=\xbf'
    b"\r\xacKO\xa4\xc0\xa9\x003t\xbf`%\xae9\x0e)\xeft\x15\xe6EXT\xe0\xcb.\x8b\x99a\x0c~\xd1z\xad\xaf;\\u\x81\xeb\xf6\x95\xdb'\xd0\xa9\t\x7f\x14V\xc5y\xa5\xb5L\x83\xbf\x0b\xc5,hAa"
    b'\xcaV[\x00\xa9 :1\xc4\r\xf1r\xca6\x9a\xaa\x0f\x01\x9e\xdc\x1aj,\x80\xa9\x18b!c\xd4\x08f @\xa0\x02\xa5\xa9\x01\xaa\t\x1f`u\xb8\x94\xbc\xa2\x87\xd3\x08\xbe\xa1QsS\xa4%\xc3x|\xb43\xfa'
    b"\xf7\x12\xbd\xcd6\xdb\xfa\x80\xa8\xfc\xfem\xa5\x1dq\xc2\x13\xb4\x8c\x99I/\xdd\x16\xb2\x19\x9e\xba'\x17\x85Z]\x93@z\x16\xbebdV\x9d\x18\xf1\x08=\xd5\x0e\x8e\xd5\x96\x08\x86 \x8bX\xe7\xe2f\xd1\xc6\xb8*\x07"
    b'\xbc\x05\x15\xd7\x81y\x06\xedn\xb6u\xf9\x8c\xa0\xe3g\x82\t\x85\xe5\x06H\xddi\xce\xb6\xeam\xfeX\xa2\x1e\x95\xf5\x88\x9cB\xd8\xf5s\xc5\x8f\xca\xbe\x97@aa\xf2\x91\xf1\t7\x0b\xbf\x8c\xa1\xf0\x95b\xf4\xaf\x90\xc4'
    b'e\xa5\xa7C8\x16\x0e\x01&\xd4B\xd3\xd1\x80l\x80W\xd3-\x16\xc1a\xc1\x1b\xf341q\xd4b\xffS\xe7\xa4*\xab\x94f\t8\xaeJ\xe7\x80x\xa5\xf9k\xe85\' \xb7\xe0\xb3\xc9\\\xb3\x7f\xc0\xb8"X+'
    b'\xd4\xe1\x16\x18\x1awq\xbcby}\x9e\x85\x03\x02\x08%E3XI"\xef\x88\x89%|N\xb5\n;?!\xcc\xea\x9ak\x0e\xe2\xb9\x0e\xfe(\xcc\xd9\tcM\xab\xd4k\x02q,XM\x84\xb2-C\xaf,\xab*'
    b'\xeb@\xbd\x80\xb9\x0f\xe3\xa6q.\xaa\x0b-\xbd1\\:,~T\\\xfa\x82\xe0\x844?\xb0\x06/R\x8erp\xbef\xc1Sx_\x0c\xf4`V\x00\x15H\xd4\xf3\xcf^=W\xbcYD\x99\xed}\x1cS\xa8V\x97'
    b"\x0e\xf8.\x8d\x19\xe6s\x7f\x8f\x96X\t\xac\xe8\xfeeo\xbf\xbc'\x0f\xce\x8a9K<,\xa9\x00\xbf\xd6\x11\x83=\x9fm\xee=\xb8\x0fM\xa5\x86\x05\x8f\xc5\xb3\xfe\xc1\x1etJ\x0b\xa2P\xc9\xa3G#\xfa\xf3\x1dO\xe7"
    b'\x1f\xf5A\xf1H\x10;\x8fO\x96\xc73\x96zT\xdc{\xc0\x16\x97\x08\x88G\xa1\xcd\t\x03\xd8\xc0\xf6\xca\x83\xbdM\xaaH\xc9\x02\x8f]\x9cE\xa8G\xbc\x88\xc6\xea\x1f\xbd\xb1\xdf%P$&\xe0\xef\xaf_\xbexO\xb4'
    b'\xbb\xf0\xe6Q1\xea>\x16\x0b\xa8\x1d\x17\xc1\x9d\xd0\x15 *\x85Ht\x95.\xb3\x98O#L\x86\x93\xc9\xc2h\x82\xa0\x81\x15u\x84N~*\xcd`\xdbv\xf3\xe0\xcdp\xef\xb0X>[\xf5F"\x82\x061-\x96\xc5'
    b'kGn\xb8n\xdbxH\xf9\x14\x12\x9d\xe2(\xf43 \x03\x1c69\x18\xda_n\xeb\xdf\x07\x9b\x17\xaf$\xc9\x02\x9dl|\xba[!\xba\x08d\x19\x8e\x1f%\xdd@\x89xSq\xd1\x15\x8bZb\xa9-}*j\x85'
    b'\x9d{\xe3\xf6\xdd\xc1W]\x05"\x0b\xbd]\n\xca\x93\x89yb\xd5\x0eD\xe3Z\x0eES\x85\xa9N\x96H\xb1\xb46\x90\xc9\xee\xfcwo\xbb\xb8\xfd\xbf\x1fvn\xf5{\xc3\x9b\xfd\x7f\xbb3,?\x95{\xf1\xbba\xa0'
    b'\xf7G=\x91+\xb8X\xfc\xae\xe5\xf2\x01<7\xfc\x83\xf0z{s\xc7\xf1\x97\xd3\x99G\x93\x91\xce\x1a\x08M\r\xe4fCAn\xd8WE\xb9\xe1\x07\xe2x2U\xf3\xa4-?\xde\x18t\x8b\\\x80\x9c}\xab\x1cM\x0f'
    b'\xe9\tB/\xa0\x16\xdc\xa5\xe3i\x99\xb4\x90\xe2\x12Q\xcceR~\x99\xdc\xea\xdf\xe6\xff\xda\x94H\xe1\x84o\x83\xb2\xb9C\x85"\xe5D\x99\x1e%\xb67v\x82,?\xa2\x9bD\xe3\xdd\xa6\xbc\xf3\x9e\x0f\xd5\xaa\x84\x9b)'
    b'\xab\n3\x11>\x12G\xd8\xdb\x1bV*\xce\xd8\\\xcb=\x96\x8f\x9e\x10@o\xae_\x8d\xc3_O\xf0\xd7\xe3\xf0\xc7\xad-\x16\xe9\x9b\xb4+n<\xfd\x06\xae\xdb\x9d\xff\x0e\x03\x0e\xe3\x85\x98\xab\xe3M#\xf4\xdf\xc6a\xb0'
    b'\x10\x07\xe1C\xb2=\x13 \x9fy\xbe-\xc6\xed+\x94\x06\xbd\x80\xe9k-\xe7\xd1\x9f\x96\x04\xdct&\x97d~\x90~-\x025\x96;R\xa0\x07@\xcb\x0b\x03Z7\x18\xbf\x8a\x88oN9r*R\x81\x9c?\x13D'
    b"\x1d&\xa2vPI\x95C\xf4\xda'\x8cy\xb8\x1a\x88\x95\xc2\x97mp^\x91\xbe9(/\xd2\xb2\x08y\xb8\xd5u;)\xbc\xff\xba3\xb2C\x95\xc0\x95\xe6\x82M\xc3/\xa3\xd6\xa9X\x85\xbd\xc4q\xe7\xaf\x8a\x15\xa1\x90"
    b'\xecT\x85~\xd2]n\x87\xdb\xf9\xf6\xd3\xb0\xb0\xbd_\x86\xd8\xcfOm\x81YI?\xec\x19\xae\xe6\xf7\xb3E\x11\x9f\x8d\xa5\x85\x06\x8a\x18\xeb\xb5\xb5D&L]0\xf1\xb7J [\x98\xd1yg2\xfd\x15i#\xa2\xa7'
    b'\xe5\xbc\x9c\xa5\xdc\xf6\xcat\x84\xcf\xc8"9m\x14z\xf3\x1c\xf5\x12\xc2\xa8A\xb98\x9b\xc42\x8a\xb39\xeeF\x02\x95\xcf\xa5*)3\x0fq~\xea\xa7Si\x9c\x92\n\x00#\xdd\x89\x98Y\xe6,\xee>\xd2\x89^\xf7'
    b'\x956\xfc\x9b\xec\xfbq"\xc5h~X\x1dN\xf7W\xbd\xbe\rj`\xf32\xf6\x9b\x8eN\xe1\xde\'F\xe6j,\xbdIu$`b\xf7\xb1\xb8a\x9f7\xa0{T\xa2\x19X\xca\xa8x\n\x13oj\'\xe2\xb3 |'
    b'\xa6\xc6\x90\xaa\x00F&56B\xb6U[\x1a\xba\xdc\x03 G\xa2k\xd9;\xdb\x93<\xd1$\xe7\xa8\xf6(p\x92SAF\x97k\x11\x89\xb6\xa8\xb6\x84c\xde\xe2\xa4\n\xcf\xec0G.2\xb2\xac\xcb\xf2x\xb9\x98\x9c'
    b'\xec\x05v\x07\x04EvY\x158\x1d\xc1\xa8S\xb9\x8d\x95\xed/\x99\x00x2\xa9"\xdc\n\x13CV\xc2\xcd\xa2\xf2\xa5\xa8\xa7\'\xcb0\xe5\x14O\xf1H\x11}\xde?\xfb\xbbi\xe7~z\xd1\xb9\xd9\xd9|lj\xb0e'
    b'L|-\xa3K\x1d\x99\x92l\xc9S\x13(\x82\x90\x1b\x18\xf6\xff-\x97\x0b\x1d)\xf9\x11\x02\xf3-\xe6\xc2,\xdb\x0csz\xc2\xe8f\x0b\x0eX\x11\x8dv\xc3\xee\xfc(\x7f\x8a\xcf\x8c\xc1n\x81^v\xe6\xe5\x01SEw'
    b'\x98l\xd0:&n\x8d\x90X\x9c\x9c\xba\xd8\xdf\x0f\x8b\x156\xd1*m\xae\xda\xc1\xeb\x11\xc56\x10\xd8^\\Vz\xe8\x0c\xa0}\x04t\xab\x7fC\xcf\xa3A8\x8e\xfd\xce_3e\xb1\x9c\xd2@z\xe40\x05zS\xac'
    b'r\x0b\x06\xea!\r\x1aP\xf6\xc0\x94\xe4\xa8\x92\x02\x1e\xae\x84\x10\x8c\xa1\x10\xfdn\xa8T\x1e\x8e\xe3\x87\t\xcaM\xde\xd0<!\xa94\x88F\xca\xac\x88sN\x15\x05\xa7a\x87\xb6\x13\x82?\x1a\xf8\x1a\xe4\xac\xd3E\x94\x1c'
    b"\x16I\xf7\x87\x9a5\xd9'=\xd2\x93\xaf*R[\xe7\x90\x91eh\xa1\x9c\xf4\xaa\xe9\x91&g\x0brL\xa8\x1cf&\xe9D\x9a\xed\xd3b\x06\xd4\xaePt\x9b%\x85\xa7u?q\x0b\x91\xe2\xa0\xe4P\x89[\xcf\xfd\x08"
    b'\x93\x12\xc1\xd4\xc3\xac\x8c\xc2\x8c\xc4\xb7\xfd\xce\xed\xd0r\xe4\xb3\xe3G\x81y\x18\xd9\xd5\x95\x9e\x06\xfe\x01]\xec\xe9\xed\xc2\x17v\x05\xa1\xd7\xbd\xf4\xa4\x8e\xa5\xe7\xcb\xae\xeb\x90\xde5~\xf95\x8c\xeb\x19\xd4s\xa7\x03bL'
    b'\xe6Xv\xe1\xc4\x98\xee\x9a\xd1\xd7=\xc0J\xf7P.\x8c,\xbcM\xe0\xdd\xcf\xbf\xff\xfe\xf9\xb7\xef\xdfQ\xa0\x0b\x15\xcck\x16EgS\x02\x96\xf5\x00e\x04\xf8&\xb3;\x86\x1d\xe0Jr\x97\x0f\x93\t\x02\xbb\xdf>\xe6'
    b'il\xf9\xd6\xb3\xae\xd9A\xe3\xe1\x08\xe7A*\x9d\x9c\xac\xce\x08\xbb\xd0W\xce\x8fh\xc1\xaej\x02\x0f\xd4\xeb\x1f\xc0b\xd9\xe09z\xb5vn\xa1T\xe7\x8e\xb6$\xc6\x1c9\xb8\x7f5PG\x7f@/\xef\x10C\x7f/'
    b'\x19\xab\x80S\x06\xd1\xa6\xde\x9b\x9b\xa0\xa0}\x81w\xbc\x03\xea\x99\xd5\xfa\x19\xc3\xbc\xe2(\x1f\xb7\xf7\xaaX\xad\xef\t\xc9\xe9%\xe33G\xf2\xda\xf0\xf0\xff\xb5\x8ab\xc0\xee\x85\xc3\xba\xb8\xda\xb5\xa3\xcb\xdb#\xb5\x13C\x04'
    b"c\xdc\xa7\x8a\x98\n\xd5\x12#\x14\x03\xfb\xb1\xc7\xcb'\xd0\xc7\x81\xe4\x07.*\xe6\xf7Q \xb02j{\n\xb9\xafp.P\xd5\xa5kR\x9dJ\xccI\xba)\xfc\x15\xf1W\x99_\xb3\xc4\x16`\xa7{\xf2\xc9\xd7\x0c\xfb"
    b'\x93\xbf\xc7\x9d\xcdp\x90\xf97Ov}\xb8D\x84\xceV4F\xd8\xc3\xe9(\xbc\xe6\xefb\xb7\xeaa\xben\xb3\xa9~\x9c7\x89\xcc\x1f\x98\xc9,N\xda{\x9d#\x935\n\x8dgU\x91B\xf96M\x19H^61'
    b'\xbd\xc2D1\x891X\x1b\x9c\xd7,\x16\xf6\xd2\x89\xb3\x98\xd9-\xed\xa4\xba\xd5\x8c\xda\xc392`\xf9;n\xf8\xc3\xd1hc\xa0UX\xa8\x07=\x84\xfa\xfd~Z\x91\xc0\x80\xad9\x14R\xa7uFk>^\x9c\xc2\x96'
    b'\x8d\x1es\r[\x88\x81N\xdf\xc1\xc9*|G\x8f\xab}\xe1H\xe05~X\x06\x8eD\x08\xa6\xbfz\x85\xbb\x9a\x1e\xf9g<.D@j\x9d\xb1\x01\xeeD?m\xbb\xc6\xa4\xb7R\xe5X\x0c\xadlY\xe1\xb0\xa3\xb0G'
    b'\x94\xc2\t\\\x92\x10\xb9|F\xb2\x1b\xbb\xab\xdd\xea\x0e:\xdf\xbf}\xf6\xeay[.\x8c\xfa\xe5=\xd4oLz\x97K5\xdc^[\x9d\xeb\xf6w-^&\x16y\xea\xae\xc1\xd8S\x00\x84\x08nR\x7f\xd0qO\x8bO'
    b'|z\xaf\xbf\x0e\rw\xdc\xa8-A>\x89?L\xac0A<\xe9\xbe1\xa7\x9c\xf6{\xd3\rS\xfb\x8d\xb9\x1e\xeb\\[\x96\x11\xd9$r[_\xbe\xb0\xad\xf3/\x1f\xaf\x99\xfe\xfcn\xf6\x1b?\x8c\xec\xb1y\x14\xf9\xff'
    b"\xb4\xad^Kx@\xfb\xb4\x19X\x0b\xce\xe7\xa0\xd3|\x83\xb9\xdb\xe8\xb7\xc4^\xf8\xd9\xa8\x87\x92]\xe5b\x00S\x8d{a\xa5\x93\xb6\xad-lo\xc3\xad\xc9\xfe\x0fj'\xe9\x94\x8fN\x1bt\x1e\xf6w\x06\xf1\x03q\xcf"
    b'\xac\x7f\xd0\x08L\x83CJ\xfe\x95|\x88o\xe3WyL\xda\xa0\xb39jm)\xfb&\x0fG\x1bt\xee\xf6w\xf8\xc5\x8e\x9d\\\x99\xa5\xd5\xb2\xd8\xdf\x9f\xee}\xe0}\xf6\x87L\xd1\x9a\xc9\xd9\xc8\xfa\\\x1f!\xca\xd6{'
    b'|\xbfeb\xd6N\xc9F\xdb\x94\xac\x9d\x8c\xfbi2n\xeblX*\xa7g\x1d\xcd\x90\xa8\x89?\n!8\xa0\xa1\x94>\x14\x9cVlCUI\xc9\xa5\x98\xe1N;\x13\xe3d*\x15=\xb3N\x8b3\xcd\xdf\xe7\x95d'
    b'\xb8\xd7\x04\xd8\xc8,\xa2\x93\x85\xc5\xf4R\x92\xbf\xa6\xec\xf50\x03\xad\xdb\xea\xd4\x1e?\x8e\xe5<XR*&Oet\xdfc\xff\xdd\xa84\xa0#\xba\x87\x899\x13\xc9\xa4$\xe4\xc3\xf2\xb7 \xab}uX8\xf4w\x0c'
    b'\x97"~\x1du:\xf2TE\xe2\xe3~%\xd0\x03X\xac\xd0\x9d\xf0\x8dr\xc2\xa4\xe2\xd2\x01\xbbX\xe4\xa7mM\xc8M\xfa\xdd\x93--\xdaO\x92\x84\xf3"\xb3b7\xfd\xf9*+a\x87\xee\xc4O/\x13\x02\\\x12\x04'
    b'\x88\xd5T\\Z\x04\xaa\xa8S\xd4f(\x86\x82C\xf3c\x95\xb5.\xaa\x15U\x0fDY\x8e\xdf\xd1T??h\xaaF\xa8S\x81!Q-\x9e\xab\xe5\xc9\xea\x10\xb6\xb33U.\xd0\x86)\x01t\xd1\x08)\xba\xfd\x88J'
    b'#\xd65TB+\xd1\xbb\xe7\xff\xcf\xdf\x9f\xbf\xfe\xf6y\xc7T;\x11A\\\xc7C\xb1<\x14L\xf9k4\xa8\x86\xe9\xfe\x96\x85\xf4\x85\x95\x1e\x9e@S5y\xec\xf8.9\t\xf8mG\xa8r\t\x82\x10\xe5\xb2\x12\x1c'
    b'd\xeb\xc6V\xe7\xa1`\xfa~\xff\xf2\xd9\xbb\x1f_\xbc\xfe\xe1\xc3\xb7\xff\xf5\xedK<\x07b\xd7c\x0b\x1b-\x15\xe8\xc2\x92T\xeeO\x0fN \xb7\xcb9\x11}\x8b\x1c\x94\xe9Rf\x17n\x0eN\x94\xad\x13#\x08\x97X'
    b'}\xdd\x06N\xe2W\xd3\x88\x14\x00\xb99\xd9+}T\xd9\xc9\x119u\x7f\xf3\x9e\x00\x1e?<\xdb\xde@6/\xdcE\x8f3m\r8C\x1b\xb1l\xb1\x9b\xc9n\xd2\x92`\xc0\x1a\x17F[M0\xbf\xe5\x9aj)\xb2'
    b'=\xdd\t\x8d\xe6l\x8f\xf8\xab\xa5\xf7\xa3\x9d\xed0\xe4,\xa8x*>Hz\x84\xe9^\x08G\xb2h,h\xd7[\x84\xe7VIX\x94o\x90/Pf\x1e\xd0\xfa\x9a\xd3\x07r\x8cn\xc4\xb6\x15\x93 P\xbaKB\xc8'
    b"\tt\x04\x87&\xe7\xbcz8\xfe\xf9v\xe8\x87\x01\xd76H\x90\x10=\xf3k!\x81annoe\x93SS\x85\x8c\xd6\xe9d\xe5\xd0\xed.UH\x03\x1cM\nF\xfe\xb2\xec]\x87'\xe5\x8b\xf9\xc7\xde\xa1\xf8\xa4\xaf"
    b'h1H;mOi\x9a\xdcJQ((VF\xdcP\x88>\xb2\xc6(Ga\xaa\x87:\xc3\x14<\x18\xa9\x18p\xdb\xb8\x1cn\x80H.\xad\xea\xdb\x9d\xbd\xa8K?\xd8\r/\xf1\xf9\xd7\xe1\xf30\x85\xdb{\x83\x0e8'
    b"LD!\xca\xe3\x8dM>\x0f\x0f\xf7\xf2\xe7\x0f\xf9|\xc4\xe7\x9fv\xaey\xaeVJl\xde\xb3\x12\xf88}ywd5\x8e\xf49ZE\xb1\x1d\xef\x82DSq\xe8`=o`\xb1\\yQ\xe3WS\xf8\x8a'$"
    b'\xdf\xc3\xa9\x1c\xf4\xfb&|u\xfb\xc3\xd5B\x13\x0cm<\xc8E\x89_\r{\xe4k\xee\x9f\xee\x08M\xfe\nS\x8b\x98Y\x14\xaf\xa0\x9b4W\xdf\xbey\xf9\xe6\xefo\xd5\x17\x81\xbc3!u/\xd1G\xfc6\x0b\x9b|'
    b'6\x06sAE\x94n\x85\xde:q\x9c\xeb\x7f\x17ab\xe1\x05/F(\xe4$\xe9`\x14\xec~^\xc2y\x8e"\xb1\xe9#\x02)V\xfd3fZn\x85\x83\x85\x1d.Z\xb5S\x9f?Gi\xd5\xde\xd1\xab\xeb\xae\xd6'
    b'M@\x9b\xd2\xf9\xd2\xb1\x87\x8f?\x80P\xac\x9bt\xb3\xd9V\xd1QW0\xfe\x92\x94]\x81\xe9vr\xa8\\\x1c[\x9f+\xbfSz\xff\xab\xb4u\x95\xe1J3w\xb4s\x97\xaf\xf0\x0f\xc8b\x12]\x00#\x8cK \xc8'
    b'G\x8b_\xc5\x1f\x9bN\xfa\xe5\'\x05\xe0Z!P0\x9a\x12\xc4i\x9b\xc7\x02\xab~\xb0\xfb\xe1B=h\x8e-\xa0\'\xa6\x1a:\xa4r"\xdb\x98\xf9\xfe\x9f]7\x81h\xaf\xaaO`c\xc7\x98-\xc2\x19!\x9ak\xd0'
    b"\xebIe\x7f\x8d\xa0!\xe6\xe1~\xab\xf1\xa4^\xa6u\x11\x8c\x9f\xe5\xe0M\x11\xc8y\x10\xd7\x17\x8b\xf1f\x07vt\t\x8c\xad\x8f\xf7\xc2\xde\xc9\x92\xbe\xd2\xd1h\xba\x80\xab\xce\x97'\xde@\xe5\xc0\xcd\x13\xc6\xafT[\x1a"
    b'\xb3\xb3\x9e\x91]\xe1]\x89\x18\x19\x9a}\x98\x82[]\xd7wOf\xbbjkb\x9a^3\x80h\xb6\xc5h\xa63(\x1dI\x98\x01\xad\xe1\x12\xce\xf8\x9a\xd6\x86\xf6\xfbY\to\xb2\xdd\xf2\x10\x8e\xa4\xea\xbb\x12D\xbb\xe9'
    b"\x8c\xd7\xfd2:\x8b\xd3\x9e\x9fr!\xd2\x01\x9b\xa9\x0fhd\xe68(\xe8`U\x97\xd3\xaa\xfc'\xec<\x83@{\x98\xd4\xafS\x88L\x837\x1c\x96\xec\xcc\tc\xaeV\x96#Q>1M\xa7\xfa\x0bL%\x15\xb1\xbb"
    b'F\xb9\x10\xaa}\xd04?\xba&\xb2\x91\xbd\xd1zU\x99\xf5<\xf1Kk\xadT\xc9\x83F\x8d\\\xfcg\xe7\xb1\xf3D\x11fJ\x8f\x86\xd4\x80s\x91\x1d\n^W\xafYe~\xd9\xb0\x88\x07T\xdb\x84\x0b\xa8<e\x0c'
    b'PoZ}?\x9dOWt\x00\x90\xc6\xc6\x82\x0f\xb0\xe3]j8\xdb\xea\xd6\xd3\xd3\xa1\x0f\xf1\xb0?\x90\xfdR\x7f\x87\x87\xc9[\x08%\x11.\x04ga\xfe\xbd!\x7f\xa3\x94=\xe7\xdf\xe0$\rQ\x01\xf3\x1cE\xb0\xa2'
    b'R=\x9a\x9c\x89:s\xc8\xc2\xa1\xe7\xb1D2\xdcW\xa2\x85\x96\x12OP\xd3c7\xa8\xef\x17\xd0\xb3\xb2OZT8MH\xef\xe8\x91\xbcg\xdfj\xef\xad\x96\xb9(\xee0N\x1bfX\x1f\x1d\xa5m\x82\xb9h\xfa\xac'
    b'E\xed\xf0\xb5\xc4\xbd\xc4\xcac\x94\x87\xee3\x8c\xfc\x96(\xba:w\xac\xcb}\x83\xc4\xc3E\xe1\n\xden\x14\xe4"zh\x0f\xed\x89\x8d-M\x9d4$\xb5\x85\x8a\xc2O\\\x8a>\xe8\xc4\xea\xd6o\xa3\x89\xcf-K\xa6'
    b'}\xf7\xdf\x86f\xb3\xa8\x14\xb7P\x8e\x19\xa6\xae!\x05S\xa4T\x87)|\x17T\x047\xce\xaa\xf3Y^y)(\x85aH7*s\xe2.\x05\x16f\xb7D\xe5P\x8a\xe0\xdaP\xf9A#\xf6`\xcd\x8d\t\xdfoT'
    b'\x12\xd2A\xe79\xd1\xbe\x84/\xdf13\\\x0c\xaa0\t];_d~\xca\x0c\xd0B\xf2\xe1\x95Y\x0eT\xc1\xc2A#}v\x90\xd0\xbf\x8d\xd0\x14\xc5\xec\x94\xeeK\x95\xc6\xa8\xf0s\xb8\xb2\xce\x93\x9b\xa5\xe4\xe7*\x19'
    b'v\xaa\xf5%OZu\xd4\x9c?\x06u\x0e\xf4\x0e\x1eQ*\xd1\xc7\xe8\x1a\x12C|\xc0(*\xa7\x0b\x12g\rS3\x89\x17sr\x80/Tf9b\x16%b\xec\xa4L\xbd\xce\r1\xbcy\xcf\xa9\xe8\xd5\xdd\x0f#'
    b'2YK\xae\xbb67@C\xcbq\x8e\x80\xe2v\xc8\x89\x0e\x0c2\xc2\x13\xc6\x1d\xef\xf3\xfe\x94\xa9\xe6\t\x93g`A\xe1.\x9ed?5 8<\xe86\xf5\xc3\x8c?P\xf4\x82\xf4\x89\\\xe1\x16\xf0\xcb\x06\xc7\x96\xc0'
    b'P{9\xb6?\x9au\x9ac\xa56*\xe9Y\xb2>o\xb0\xc7\x1b\xb7\x05\x12\x06\xb3vnt\xa6\xb6\xef\xfa\x9d7\xbb\xff\x13j\x1b\x16U5=\x98G\xaf\xfc\xdf4\x9aXzh\x8eH9t[\xff\xbc\xe9\xa9\xdf\x12'
    b'\xcdy\xa3\x8a\x11\x15\xa2.,\xe8L\xb32\xfd\x87F\xe7I\x8e\x1e1\x19Mdw\xc3\x9fe\x80]!\xc3\xb3\xd6\xed\x84d\x01\x16\xf5\xeduq|E=\xae\xc2Bx\x0e5-8\xb8.vQ\x17%Z\x15Z\xc2'
    b'\x1aup\xed\xfeb\x86[\x86\xc3&D\xd4B,\xf8o \x85\xdarc\x9f[g\x86\x12 \xa1?$NB\x7f\xb8p\x89\xf3p<1\xec^Y\x13\xe5\xac7\xe7\xce\xbc&g\x9f\xa7\xcfR\xbdB\x8b\xc7H99'
    b'\xf4\x95\x90\xd2\xb0M\xe8^\xa4\x06\xcaS\xb8\x0c\r\xb2\xd9\x94J\xa1\x16\xae\xd4\x1f~.@\xb8:\x01G\x88\xb6\xd8\xeaH(\xa7\xe4\xad\xd4\xe4\xc5\x12\xc1\xd1\xf4|L9\x075\xa1%;\xbb\xb5\xce\xa7/\xb9@^g'
    b"\xc9\xa6\x0b$%B\xbe3\xbc's\xfa\xc3\x12;\x8fG\xd5N=\x11\xff\x15\xeb:\xbf|\x1c\xfb^\xac\x1e;\x07U\xb6{\xc4\x1eg\xf3}\xcd\x8b'DH3A|\x1b\xa5\x87\xb2u\xa3\x8b\xb3\x95\xcb$B*="
    b'\xb7b\x1d\x90\x04\xf8\xad\xb9F\xe9|\xca\xe6l\x95$<\xeb\xc9\xea\x86|\xa1\xf5\x18\x17\xaa\xc2\x85\x14\x08\x7f\x9e\xc7\xed\xc2\xe9\x17\xa7\xb3\xa8fo\xed\xffu\xf9\xdd8\x02\x12.\xa31\x9a\xd3\xb0\xa9\x0e\x18=\xecL\x07'
    b'\x1ai\x97\x02[\x98\xa6\xbd\xb6\x89\x1aR\x9e\xef\xbf\x17\xf8\x12c;\xe8\xe6\x9e\x94\xcd\t\x91._<\xab\xf5\x99r\xa4\xb8E K9\xdc\xa5\x86\\\xd6\xa3\x96k\xa7\xe6Uy\\L\xc5\x15@\xd2\xc8\x86\xd3\xb0:#'
    b'\x8f"\x01\x00\x10\x8c:\x9f\x19F@u4\xb9-\\\x06w:\xf7F\xa2\xa2\xa6\x88\xcd\xb3\xc7\x9f?\xbey\xf9\x1d\xf4\x91\xef\xde\xbfx\x89\xec\x92bB\x182\xe9\xee\xabr2-\x02c\xddj\x05n\x14\xecuq\xa9'
    b'\x00\x8e\xe0\xb6\xe8\x9b\'\xb7\x8f\x168\xcb\xe3\x8e\xfc\xeeS\xc8 \xbf\xf48\x93Q#\x96\x85\xa1\xe9M\xe7\x80WQ\xdfR\xd2\x83\xc0k\x9d\x05!\xf3\xa8\xf3\x19\xe1Y\xb2\x1f4J\x9bB"p\x1b\x7f\xfa\xf9U\x82\xe8'
    b'S\t\xd2\xd8\xc5\xa1z\\\xa6Kb\x06d!d\xdb\x9c\x14\xc7\x0c\n\n\x92\xa48\x89#\xdaIj$\xa2\xa3P\xcc\xd4X9%\xaf\xe8\xf2?[p\xaf|$\x11\xe4s\x06tH,\x86b|1<)\xec\xb7O'
    b'\xc3Z\xbe\xd8i\x95e\x8b\x14\x96N\xedg,\x879\x1bv\x9eC$\x13\x0fT\xf1\x06\xb5\xfc\xaf2\x91\xea\xf6Y\xce:\x0b\x86\xfb[\x0eKr^c\xcd\x8d7;\xa3\xffb\xa8\xaf\x90\xcf\x95\xbbt\xb9\x90e/#'
    b'.3\xc8\xc4\x16 K9\xfetJ\xed\xf3\xa4\xdc\x83\xc7\xb6:\xb8\xbe\xf9;\xdd\xe6\x04zB\xd79*?4!\xe4\xeb\xd7\xcf_J"\xc7%\xf3 2\x19\xa3K\x18\x89\xf7\x1f~~\xf3\xf6;:\xe0-\xc7\x86\xff'
    b"\x1ax\xa4\x984q\xd7 \xa1U\x0fB\xbfb\x0b\xd4o\xa46\xa7\xbd/\xe2{\x8a\x01)l\xe1\xe9'\xae\x89\xc8\xd7c|~\x97\xb3\xaf\x0eMw\xb9d\xa8}y\xb0k\xdc\x8b&F4\xdf\x9eP\x1c:jFD"
    b"\xda\x04\xfc\xd46\x07\xb9\x92X\x9e&\xdevN\xe7\xd1-\x1d\x01\x91)\xe4\x08\xf54\xd8\x06\xb16\xbfL\x10l\x93\xd19\xe1E\xddW\x03\x1d\x98d1\x9el\xabe\x99\xe3\x93'\x9b;@\x02\xe1\xa3\x9e=\x81\x8c\xc8"
    b'+\xdbQ\x80#"\xd6h\xd5)\x90\x97\xc1\xc4\xc0\xc1,\x8b\x8fa\x1f]\xbf\xae%\xe4\xc1\x87\xf0\x0b\x14\xaf\xff8\x93\xa4\xb2\xad\xab\xda\x15\xc2;\x93\xb9hf\x90\xb4L\xed+\x86\xd2\x9a\xcd/\x1e\xa5\x18r\x9bg\xaf'
    b"\xcfA\xa6\xe9G.\xb7\nf\xf8\xd5\x9b\xd7ob\x0eP]\xa4\x84\xec=\x82ZA\x9f\x06\xa9|\x88\xa6\x1e_\x8b)\x83\x03\x97\xa6\xf9\x82\xbf9{1\xe9u1\x8c*P9\xa6\x03~\x19.\xba\xa1&'\xe6\xf4p"
    b'da\x8eR\x93}W\xd7?N\xc2\xb9}\xa7,}\xaf\xfb\x970\xd8\x9f\nh\xec\x9e\xc04w\x04\xc7\xb1!d\xb3P\xfd\xaa\xfc\xb4\xfav1\x87\xdbYm?}\x908\x92c|\xf8\xd8EP.\xe7a\xb6c\x8e'
    b'\xf6\xc2\xc3\x95\n\xbbW\x89\x0c%{Y\x02h\xa4\xc6\x1bF7\x15\xf1c\xba\xca\x8e\xe3\x8b\xd7\x02=\xd8\xfd\xcb\xe4\xc1\xddbS\x80\xd36\xef\x16\xf7\xef\xeb\x9f\xfb_=\x98<\xea*\x84\ri\x93\x12\xc2yt\xb8\x1f'
    b'\x98\xb1\xdd\x08\xdd\x8a\x94\x8b\x01\x05\x92\xb9\x93\xee\xe6*\xb9\x83\x062\xe9\xa8,.\xaa\xa5\x87te9\xab\x93#\xbf\x08\xe4\x1a\xdd\t4\x0ev=\xec\xd97\xfb\x1ax\xb3\xe6\xa6\xf0X\x0c\x1c\xbd\x10i\xf3\xecW/\x1e'
    b"\xa1\x96v3\xd0\xe6&q\xfb\xfc\x04U\xc7{\x86\x96\x8c\xa5b\x88\xc1\xbd{\x1f\x99\xba'C\xa6\xa6\x88\xa5L\x92\x8d\xdbT\xa3n\x95\xe7\xb6m\xcc!\xcf]\xca\xfa\xe8g\xa14\xdeBu\x89SKj\xdcr\x97\xd0"
    b"\x8b.\x9c2\xd9\n\xec!$\xe7\x83 X\\\x13\x8f\x85e\x92\xaa\xb3@\xb1\x11\xe2\xc0\xbe&I\x0f\x7f1\xb0N\x1a\xa1@\xfd\x9bT8\x8e\xc7f.\xc7\x86g?R\xba\xb7'\xf3\x9e\xd0\xa5#b \xfc\xd6 ^"
    b'\xe9\xed\x98\xff;\xb0+j{g\x10\xb9\x02\xf9u\x0c\xbf\x90 \x8c\x8f<\x9d:-\xf4\xedI\xe0S\xe0\xa7\xbd\xbds\xee=\x1f\xdc\xad\\E\xfbn$%\x9ct\xf2\xa7\xf1\x86\x8c\xe6TN\x0f \xe0\xc2\\`\x1c"'
    b'\xf2+8\x82\xdcV\xacG\xdf*e\x84\x04\xadoC\x854:$\xd2\xf3\xb4\xb3-cD\xb5\xb4,.\xc8\x08\xe1\xa1\x83\x7fr\xab\xae\x9b\x1b\xa9D\x08\x8d_\xc3\xebA\x9fe\xb7M\xe7\xd1\xedEd\x17\xd2\xc1p\x90'
    b'\xa0\n\xb7\xd8\xabJ\xb2Q\x8b\xb2j\x8fh$3@\xe8G\xd4\x83\xb8\xd7T\xad%\x00\xdah\x05\xf2\x02\xaf\xbe#@\xd2\x08\xe8)GY\xec1T\xa46N\xce\x0c\xef\x8f\xca\xee\x02t\x9b\x17\x89\xb2!1Ao\xd6'
    b'\xab\x18%\xcc\xfc\xbf/V\xd1\x92\x11\xe1\xbb\xa1}\x84\xc8\x8aZI1`d\x8c\xbeK\x0c\xd7\x97uU\xdeI\x9b\x91\x0c\xe1\x0e\xf1\xbb6\xb3\xd7L\n\x93\xe3\x90F\xe3ct\xd43&t\xbe\x9a\xae\xaa\xdab\xb8\x00'
    b'\xfa]2\x11\x06\xde\x85IVa\'\xf4_\xd5v/\x04\x0e6\xa6c\xb6\x93\x1cIr\x8cP\xe4zN\xc6-\xc4:\x92\x14I\xcf\x1c\tR\x84\xcex\xf9\xfc\xbb\xca\xe9F"\x19\x1b\xe8Q \xb4m\x01\x87E\xd8R'
    b'N-\x0e\xa9\xa0\xd2Q\x08\x84dF\xaf\xd1\x87#\xa1\x0fG\x91>\x1c\x81>XQ\xfek0d\xec=\xc2\xcc\x8e\xfa\xca\x16<s\xe3\x90\xb7\x11\x8eE\x88\x11\xbf\x1f\xe7\xf8K7r\xb6\xb8F\xcc\xe9\xa0\x02\xdb\xb2\xe0'
    b'.ERWH\xc4X>[\xce\xd1\xc6\xfa\xb68q@.F\xd1\xc2C\xa1i\xc9\xf4\xf2[x\xc6]\xed\xc2\xf0F\xe7I0\x96\x01\xc8\x97\xd2\x8d\x8b\xbf\x05\xd7u\xee\xdd\n\x8c?\xae1\x8c\x04N\x80/\xb9\xf3\xe4'
    b'i\xabo\xef\\|g}`\x0c\xae\x98\x97a\x87\x19\xc0u\x0c\xd8\x003A\xaen\x97\x7f\x05\x16\xa80\xd9W\x1f\xeb\xaf\x1c%\x8d\x93\x86\x98\xc3P\xa7\xda\xb4Z\xbc\x82d\x0f\xacq\n\x8a]b\xa9\xed\xe9\x8eP\xfd'
    b"\x04Q2\xad9\xc2\xdc\xdehx\xc2\x08Ew\xbb\x86Qy'\xcck\xfe\x85!\xf9\x99\x16\x9a\xca\xba@\xf9\x9a\xa1\xbc\xa2\x7f&Kaz\xfe\x04\x1a\x8f\xed\x86S7\xb0k\xc5]@\x83x\x01\x99o\x1aa\xd8\x08\x1b"
    b'y*\x9aq\x01\xb9\xd3\xed\x04\xd2]\x89\xda\xf6\xb7f\xe8\xbbN4\n\xcd\xcaI\xa5\x93\xccN\xea\x15\x9d\xeb\x9d\x8b\xb0[\xa6\x03\x94\x1f\xe3\x7f\x0c\xb9\x1b\xdf\xab>9\xd5\x95\x85\x95H\x04\xaf\xac\x87,kK\\\xfc\xac'
    b'\xc8\xe3\xe2u\xd8[\xb2]\xb2}e\xea"\xaf\x0c\xa3\x8f\x97\x1d\x1f\xf9\xa4\xe5\x105\xbeBu\xe8\xb4?\xa5.\x9eY\xe7\x81\x07%V\x9a\xf4\xf1\x06\xbc\x14\x8fO\xd6W\xf5\xban\x0ffN\x90PH\xf5E\xd8\x04\xfe'
    b'\xf6\x9ev\xf2d\x88\xfd\x18\x7fP\xd1}\x0b\xf6\x8a\x06\x02\x9abd$\x1b>\x8dZ9\x9dK\xa4\xcd\x87\xb3:9hWn\x1a\xad\xc2\xc1hT\xdf\xca#;\xb6\xd6\xcb\xebT\x888\xcc*\xa3~|\x1eI`\xea\xaf'
    b'7\xbbA\x83\x0f3\xd1\xa4\x06\xa8\x15;\x05\xc4\x19\x1f%/b\x0f\xd5\xe0\x91z`9\xd9\x18\x0f\x9b\xb9\xf5\xe9\x03J\xb50y\xf0\x81\x8bXw\xd1\xee\xcd\x1e\x13\xda1-[}\xf0O;Zkw\x08\x93\x89\xd1\\'
    b'\xa9@\xa7\x0e\xdc\x99Ts\xde\x90eM\xd1\xa0\xf81"I\xb8@\x9f\xdd\xb3\x8e\x04\xcb(c@\x0f\x18U}\x92\xe1G\xc5.p5\xbc~\xc3*{\\X\x01^H\xd0\x93K?H\x8co\xa0q\xc6\xd9S\x00\xec'
    b'\x86\x0f\xfder\xfd\xba\x94\x0b\xcb\xca duZ\xb8\xaeg\x90\x99\x11\xf8B\xb5!8M\xfe\xb7W\t\xae|\r\xb1\xa0\xfe\x96\xa6S\xd0\xacrt\xd3UyTe\xfa\x188\xac\x89\xe5\x80\xec\x0c\n\xdc\x88\xca\x18\x0b'
    b'&_\xcc%\x86L`K\xa4\x05\x99\xeb\xe9\x8a\x0e\xe7D\xe7\x91\x17\xe5\x84\x95\x889\xd3)v\xc8sE\xdc\xd0\xc9\x94\xf8\xa9\tJ\x80\xc1j%\x90\x9cU/g,\x89h\xb6V\x87I\xc9cldl!_<\x8c'
    b'\xa8\x9c\xbc\xc0H{\x1c\xaf\xb3X\xea\xacF\x82g\xdb\x11\xc5j\x17<\x9ey\xf2\xa9[,\xad0\nps;\x87\x8fb\xea\x95Fii\xb8\xb8O\xbd^(\xac\x10+@\xe2\x9dk\xb5\x18\x1f\xd5F\xf9M\xa0\x7f>'
    b'\xedt\xbb\x9d\xa8\x04\x92\x87}_\x95\xf4%\x8e3+\x98;\x97\x84\xaef>\x8b\x83nD\xd8y&3\x12\x8d\xd3\xaa\xfd\x91\xfc_\xab\x85\x9a\xa7\xc4iW\xa4EM\xe1ht\xb2:\xd9\xe7\x92/\x19\xa9\xebb\xa7\xe1'
    b'^\x84\x95\xe9\xa9\xb2\t5\r\xb4\xb8\xbb\xd6\x05\x83\xc5&\x9aew\x86\xa6\xe1#\x06K\xa20\xe9\x95\xd7\xc3\xf1\x82\x91F\xae\xf9`\xa0*<\xeeI\xfdiY8\xa72:<\xe5\xf0\x9e\x9a\xa9\x03\x85\xa1\x8e\xd3{\xa2'
    b'{[2`\xb4\xc5\xf3\xf5t\xdcO\x95\x8c\xe9O\xa6\xe7\xc8D\xe0 \xd4,\t\x00{\n\xd0\xbc\x85\x10\xbf"\x8a]\xcaG\xa9\xee\x97\xc7T\xc0\x0ch\xe6\x83\x7f\xc1<\xdc^\'\x94\xf2lq\x08\x88\xaep`3='
    b"C{\xae\x9cc\xdc\xa1\xf9\x860&\xcbQ;nMI\xc6lA\xf8H\xf2eT\x9d\xff3\xbc\xf9\x7f\x1c\xb9\x0c\xdd'\xdeWO\x93y\xfd\xa6\xdc\xd8\xdaJ\x93\x85i JE\xec3\xd0\x06\xef\x8f\x15\xee1\xe6\x91"
    b'\xea\x15\xab\x9aM\x95\xb7\xcef`\xb5|\xba1A\xd4\xf4\xf7J\xb5]\xacv\xfa5;J|\x91q@\xd47\xda+\\i\xf9\xeb\x8d5\x95\xa0\x1by\xc9\xcdfE\xc6\xd4\xa7\x96\x85\xb9__a\xeb\x17\x99UP\x08'
    b'\xf9\x96\x03o2\xe3RG\x832\xc5U6\xcb\xc7\xe6\xf8\xfd\xebm3U\x0b\x04(*\t\xa7\x89a\x8fR/\x9f\xdfb\xa0K}\xfa\x1b\xb5Z\xd9\xc6*\xd8\x88c\x81\xa1\xe3\x1f\xdd\x12\x19\x17t\xf1\xb7\xf9|\tM'
    b'\x90\x0b\x98\xa8\x89\xee:\xaf\x95\x10\xe7\xe3\x147\x88\x17\xb7n\xd5\xd3\x04\xc9\xf5@\xce5Q\xb0lm\x06\x9dF\xc5\xa0-)tP\x00o\xb4\xc3\r\xcc&\xbf\xd3\xf3E()\xdf\xa45 \xff\x11$n\xc9\xe4\xd7\xd8'
    b'\x1fn\x99b\x9d\xa8\xe2V\xe7n?mL}\x92\xe6\xcdjl\xce\x97\xbe\xa9\xcf\x13k\xd8\xea\xdcM\x91\x91Z\xf0\xcb&/\xb6\xd2\xbd\xd9\xad\xcd\x99\xf65\x9b\xb2\xdf>{]\xe2\xcf\x8c\xb3\xcc\xc8\xc0\x8eo\xd8\x86q'
    b'\x9e\x0b\xbdM\xd6"qX\xa8\x90r\xe7.\x04\x85\xa4d\x1f\x0b\x8b\xa2\x97W\x0c\x84S\x92\x11\x19"cY\x17K\t\xa3\x8e:\'\\\xad\x82p\x18]\\\x95\xe5\x19\x88f;V\x86\xd6\xa9\x95p\xfc=.\x1a\x00\xa1'
    b'\\\xc6\xdd\xebe\xd7\xc6\xd37\x18\x9f\xc8\xd5\xc7\x10\xbaV~\xa7F\xb3\x9b,\x7f;\x97\x1f\xa4\xb3\xbf\x1f\x1fG\xc8\xdc\xcc\x98\x96\xbf\xabi$\x9a\r\xe4\xfd\xba@\xac\xd0\xd1g\xe5s\xbc\xc1h\r\xa7\xf1v\xe5\xf2\xd2'
    b"\xfd.\xc8A'\x88\xf1\xdfg\xab\x1e\x91\xaa)I\xaeW\xe5P\r\xa1=Z\xa7\xd1\x11a\xf4\xc9VVx{\xba#\x02o8\xe5R\xe0\xebf\x81\xd5b\xad\xd6g\xe4$\nU\x87\x9b\xed\xc4l4g\xe5jH\xd5"
    b'6\xad\x88T\x96\x18\x9e\x02\x19\x1a\xb0\x01\xff8\t\xbf\xc1\xfe\xfb8\x7f+,*\xc3\x97\xcf\xbf\xeb\xd0\x9afP\xf7\xaa\x1dV\x90O\xa8\x95\xf6f\x0b\x9fb`wV\xcc?\x92]\x1b\xd0|\x155E\xc6\x13\xe2\x95\xf0'
    b'q(0f!\xa8\xb8\xc7\xe6\x1dU\x00\xd5c4\xbcw\xdf\x12\x89\x8c\x90\xc0\xc9t\x13@\xd2|\xb8\xb7QdN\x86\xea\xd7\x02}|\x98\xd2\xa8\x1e\x82\xa31\x12\xfd\x8e;\x1b\xb9\xbf\xc9G\xc5\xf1H~r\x8b\x94\xba'
    b'\xf2\xcb7T\xbe$\xd4Y\x90"\x82\x9dL\n]\x07\xacN\xeb\xb0\x02h\xea\x01\xc7e \xac$\xd7\xc8\x1b\xbd\x94\x13Mz\xdfSU:\xaa\xd7C\xf2)5\x00WC\xf3\x87\x8f~\x870rL\xa06_\xa9\xae\x1f'
    b'\xc6\x81k\x06G*hK@\x11D\xae\x16\xca\xe8L\xef\xb3\xab&K\x91\x0b\xa3yE\xa2\x14\xc4vD\x15\x0c1w\xd1\xf2),\r\xc3|\x83\x82*NE^17\xa6\xc0q\x0b\xdcV\x0c\xb6\xdd[\x1cO\xcb\x89'
    b"\x01D%\xefb\x895ddr'\x93d\xc2\x07g\xdf\xa0\x8e\xaa\xc7\xaa\xaal\xab\xc9\xa3\xb0\tT\xe1W\x8d\xf5\xd1\xd0\\\x92\xd4\x81St\x80\xfa\xaeX\x9d\x87\r\x13=\xe3\x1bG-\x8c\x84!\x04\x15\x81\xb3&\x00"
    b'{\x11w_\r\x8f\xbd\x81\xcb\xb2\xa2QW\x9e\x0c\x0c\xd2\xfe`^\xe0vXM\x8f\xc4\xc3J\x86\xcb\x95U\xb0|\xe908\xfcl\x88\xcf?\x15{\xab^\x89\xff\xcdS\x90\xe0I\x18\xdf\xbf\xbf{\xf3zH\xc7\xc0\x1e'
    b'\xff\x14\x94\xc6\xe9\xfe\x99~\xd3o\x1b\x105V\xb2\xd4\xce]T\xbc@Tm+\t\xc4R@\xca\xc2\xa9\x95\x87\r-\xaf&\x08\xb8\x163Qs\x85Ku\xe2@^2\xb1D\x9du\x0cv5\x86\x99\xcbiU%\xf0'
    b't)\xbb:W;\xffGyve\xdd\xd8\x94)\xce\xc7LR#W\xa9G\xd1\xd4{3\xaa\xb9z\xfe\x1e\xca\x04R\nq\x90J}\x89\x9a\x15\x01G\x07:\xdf\x1f1\x93\xbd:\xb5\xcb\xae\x88zfKS\x8c\xe6>'
    b'\x8b$\x85\xa6\x16\x15\xa7X!\x89\xf6,!\x85\xa7g\xf4\x87\xcd\xb8s\xa3\x97V\xc2t\xba\x96^4\xbd\x89\tG\x8d\x8c\xc6\xc6\xe9%\x99\xd7zR\xad@\xbec\xad\xfc=\xd0\x9d;\xf6\x07\xd2\x8a\xe8\xc1\xcc\xeb\xe1\xbe'
    b"\x1c\xbb\xcdm\xa5e\xc3\x0e\xec\x90\xb4\x15\xd1W\xb5\x1aa\xcf\x1f\x8b\xa2\x9e\xe2\x90\x1cm\xaf^\x1ex\xcd3q'\x99HE\xf6\x96\xc6\x8fEv\xe3%\xb7\xf4<R\xa1p\xcd\x15\xd3#\x18G\xe1\xa6C2\xe9m\xe2"
    b'uD\xd4\x86 \x9f\xb9C\x18\x1e\xf7\xd1\x02\xae/\xcaw&\x15\xf6\xd0]"\x12\xeeE~U\x9c\x02\xa5\x03\x15(\xa4QoF!\xa9IZ\x02 \x18\xc0oi\xdb`\x17\xb6L\xf1\xc9Xu\xb2zg\xf4\xf5\x9b@'
    b'\xb9\x95\xe1)\x9c\x9aN\x1d\x7f\x15\xa0\xb5hsR&\xaf\xec\xb8\xa4\x0e1\xff\xb0\x14-\x85?\x86YV\x7f\xe2\xed\xf07`\xf7\xf8iD\xb5\xe9G\x87\xe1\xc8\xe7].Z\xa7\x15\xcf\xc5k\x1f\x9b\xc8&\x8d\x88\xc4\x0f'
    b'(l;\xb5!5Z&\xe3i\x13\xb2SZ\x9a\xa9\t\xc3kZ\x90\xcfC+$+:Q\xab\x85\xc95\x14#\t\xdb\xa5=\xad\x85d\x91\x0e1\xacH\xa3\x1c\xe5\xb3HP(s\xa1\x82\xa7\xc6V\xc1\xde\x9f3U'
    b'\xe1uFE\xf0\x9b\x14d}:\r!-(\xe8\xd3\x11\xc8\x93&\x19\xc1\xd3+\xe4,V\xda\xc2\xee\x88\xf7\xb5\xd1\x12V+td\xfd\xe7-\x04\x06\xdf\x19qi\x12\x14\xbcUb\xb2\xbe\xd6\x16*\x83\xef\x8c\xc2\x9c\xaf'
    b"\xc5\x7f\xca\xa3E\x84\xe7\x95\xb9\x17\x8ew\x00DI\x95d\xb9oe'\x18\x1fO[o.9\xf4\xb3\xbb\x02\x91z\xfa\xa7Q$\\0z\xd4\xc5\x0f5\xf1Gr1O\x97W\xb9\xb7]\xbe$\x16\xfb\x99O{R\xd4"
    b'cfV\xf1\xec\xc3_\xa7\xe5<\xcb]\xc7\xddi\x06)9\xd3\xf5\x0b\xd1\x0e\xb8\xb4!\x12\xa3\x04\xc7\xca\xdf\x17\xd7\xbf\x96R\xa5Vc\x0b\xa9Vc\xda\xf6\x92G\x9b\xcdZyL\xe0\xd8\x96\xb9\xa1\xe3r\x9a\xe1Z\x9c'
    b'.x%\x8d\xa9u\xbaa\x84t\xa7p\xb7j^\x1c\x07i\x9f\xa8u\x1a\xc0+lk\xa1\xfeAP\xf2.K\xf6\x02\xcc\xa3\xc8\xb1\x8b\x03\xda\xd0\xe8V\x02\xb3\xd9;A.\x1fy\x8f\xb1eyT\xd295\xb1\x18a'
    b'\xf8\xe2\xdc\x15\xc9$\x1e\x81R\x930\xd4X\xc1\xdf\xd0\x81q\xac\xdf;\x91\xf9\x9dw\x9e\x10\xea\xad\xb6\xe8\x0ezo\xd4\x8fM(t2\x83z\xb4J\x90\xb5\xa4]\xa7\x97\x978\xae\xae\x16\xc7\x02\xacn\xbe\xd8\x85^\xa1'
    b'\x85\xc6\xdc\xe8t\xc7;4.B\xc2\x04t\xae\xd5\xb2t\x13\x8d9\x9e\xc5\x847\xa5\x96.\xb8\xea\x93\xe9\xc4\t\xf6\x98\xef\xf0\xed\xcf\xd3\xd5\xa1l\xa0 \x0c\xef\xb9\xfc`\xe8"e\xf0m\xbe\xd8\xb1Ag\xccuz\xbd'
    b'\xdd,y\x9b\xfa\xd5q4j\tf\xff\xe2\xb8\x86\xf0\x9f\x18\xc3\xaa\x996\x90w\xb8W\x1f\xc8\xa5\xae\xd6|\xc6Z\xf1I\xdet3\xc3Sv\x81\xbb\x01\xf8\x8f\xb7[j\x92A4\xb1 \x01W\xc2\x10\x10n\xe2\xdb\x98'
    b'-\xfe\xd9\x97\x9b\xd1\xc7\xf1\x9f\xf7\xbd\xc4\x14\xd6\x9cr!\xdd\xe8\xe2\xf2\xef\x95\xf3\xf2Fe\x99\xc0L\x90TA\xc0"J\xe1\xf6U\xfe\xaa\x96e\t\xb2\xca\x96\xd3h\x81\x0bH\xcb7\xac\xf7{ \xff0\xab\x16\x9d\xad'
    b'\x96\xad\xd0\r\xdfH\x9c\x0c\x96u\xc7\x1c\xb4P\xbe\xdf\xce\xf4xnG\x8e\xe0\xe7\x1e\xb9\x05cm\xb2#\xd7\xc9\x1e\xd6\x16.\xbc\xe1\xc1^\x1c\xf7\xfa\xfda\xba\x1b\xcc\x11\xc3\x9f\xc1\x9c\xba\xc2\xa5\xa6Ww}\n%\xdf'
    b'\xcc[fO\x07\xf3\xb9\x13(\x9f}\xf9\x1c~\x01\xcd\xfa\x82\t\xb4\x95\xfa]s\x98\xbbq\x8b\x83)\xf9\x8c@\x87\xc4i\x93\xd5\x9a\xc7\xb4\xfd\x96\xc4\xb7\xb9\xdb\x93F\xbe\xc0&\xa8>\xcdc\xe1\xf7\x15\x03[\x93y)'
    b'\xbd\xa4\x1b\xa8fL\x8cZ+\x9c\x0f^R{\xd4\xf3\xe0\xab qK\x00z\xa6)\xb1\xd1\xd8\xcd\xb1\xfe\xc2\x8d\xceOr\xc9m\xe5N_\x89\xba\x10c,e\x1f\xc9$\xddf\xdd5i7\xb30\xb7\x06\xbc\xe7\x92['
    b'\x83\xfd\xbe\xed\x11!#\xf7\x1ek\x92\xaf\x1a\x95){vAU8\t\x18\x993\xa7Y\x02\x11<\xde\xf6\xef@,\x9d\x9a\xd6\xaa`\x11q\xb0Z\xaf\xeb\xbcT\xc0\xbf\xb6\x86-\xcf$\xfe/\x91\xf2\xaf\xadc\xcds\xb1'
    b'\x7f\x9d\xa8\x7f\xed*\xac\xf9\x85\xb2\xff\x1f\xa6\x000O\xbds\x1f\xfd\xea\x17(\xdc\x97\\\xb4\x91\xaa\xdb\xe1\xe0\x13X\x18\x16\tG\x80\x1c\x8c\xf0\xee# C\n\xeb\xae\x95\x85\x03\xf9\xedL\x82\xdc\xc2\x81*\x8eS\x82\xb0'
    b'H`\xf6\x16v=\xe1rV"\x90\xc7\xdb\x8e\x1e\xafM\xd7\xc3^\xac=(5\xb1\xba\x93;\xcay[\xa4Sj\xb8\x03\x00a\xe4\x0b\xb7\x7f\x92Ek\x9b\xbd\x9f\xb7\xd5V\x93\xaf\xc7\x15~\xb2\x95\xf5\xdf\xdb0]R'
    b'"\xa3\x11\xc9\x9c\xc99\xcc\xb56\xb9a\xd3;k:\xc2/\x95F\x16N\xa6~\xdc\xd9\x8e\x8b\xdd\xd6wY\xfe\x1d*!\xcc\x8d\xd5\x88\xf7jYL&\x8a\xa1\xd3N\xc1I\xfc\x11\x83R\xcb\xdfB\xcf~eq\x1a\x90'
    b'4\xbf\x87xJ\x14X>\xb1\x8d\xc4F\xd3z\x01A&\x8c3\x9a\xd9\xabl\xe1\x92\xfeb\x1am\xff\xd7\xb7\xdc\x82oO\xbd\xb3@\x8e\xf8+\xc08\x9e\xfc\xb1\xa3B\xff\xa6\xbf\x83\xfc}.\r\\S\xc3g\xeb?\xaf'
    b'N\x08\xbf\x9c\x1a\xfe\xe1$Q\xd7B\xb7\xc8\xd4\x1f\x9c\xe4\x13`\xff^\xb8d\x9ev|\xf9\xda\xfdiw\xd7\xef^\xb3/[\xaf?\xe3\xfa\xaa\xeb\x7f\xb8*\r\x11\xb1A\x0b\x9a^\xd5O\xda\x88\x82jW-\x9f\x01\xa0'
    b';\xd4\xb7Zs]J\xaaU\t\xcfc\xaa\x92jJ(\x001\x8d~1\x99bK[\xfc\x87\xa9`z~\xfbd\xf7\x0eK\xc2}\xa9-K\xab\xf2\x9fQ\x02\x00\x84\x9f\xaf\xa9\xe3\xdd\xe7\xfd\x8cJp\xdc:.3\x95'
    b'\x18\xb4\x99\xf3\xd3\xe5x\x9e\xe5\xcb\xbd \x10-\x8b@\x97\x9c\xc9*\xdfN\r\xda\xcf\xe2\x8e$k\x8d\xe8\xf0i\x0e\x08\xc2\x8e\xc4\xd1\xaf\x16\x8bY\x8a\xcakD\xa7\x89\\\x0c\x9f\x1c\x80\xb41\xa6*Yv\xd9r\xc5\xd0'
    b"\xb6w\x02\xe6\xc0\xe0\x8f\x18\xd2/\xd8\x13\xce\xb2!\xf04do\xcc{@2Qa@\xa2\x077\xcf\x18g?\x98\x9a&\xaep\x11B\xa1\xa7'A\xb0\xf4\x1cq\x0c\x83\x0b\x85MEu\xf1\x9a\x80u\xb9p-R0"
    b"\x1a.Ws\xd6H\x15\xd7\x84\xdd\xbd\x93\x95\x95\xa1y:uW\xec\xe4@\xb2\x0c\x9c\xa2\xfcx\xd2\xce\xd74Daw\xf3\xe6\x95?\xceM\x18\x9d\x9acG\x91\xfcu<3\x15nW\xed[j'\xd3\xf8\xd9\xd4\xc5I"
    b'\x01y\x88)\xd4\x08\xc3j&\x00\x8e\x83\x0f\xaf@\xbf\xaf\x90T\xfbK\xac\x8f\xed\xff\xf9c(\xfe\x1f}\x03\xfcq7\xf8\xe7\xdc\x10W\xa8\xe2\xcawH\xc6\x96s\xfd\xeb\n\x8c\xec\xb8\xae\xd3\n\x85\x7fO\x9a\x9eO.'
    b'\xdf_\xb6\x93\x93E\xcag\xf7k\x16!\xab\x18\x15\xa2\x92S\xef\xa2]\xce\xe4~"`0G_`R\xd7\xec\xfdX\xbda-\xb7\x8fX\xc6\xd2T\xe3\xbcZ\xfc\xaa\x0c\xfd\x89\xe9\xeaE\xe5\x11\xa3!\x9cs\x10)>'
    b'\xec\xaf \xcaBB\x05\xbc\xd3\xc5\x03\x0f;\xcf\x18\x85\xa1_U\xff8)\xcb\xff\x95\x9c\xed\x8e\xb0\x1e$\xa3)\xe3\xd0\x81\xcb\x8f\x9e\x1dX\x10\xc8\xe9"-\t\xac\x0b\xcf\'\x07\xa5\x1b\xc9\x80n\xef\xff\x82\x95\xc9\x05J'
    b'.\x0bg\x86\xa2R\xbaAu\x91\xd8\xad\xda\x02\xea\xd2\xb1\x84\xca\xadI\x88\xab\xb1;9o\xd1P\x8cgX\xed\xd0\xe2\t\x9f\x83\xbfD\xae9\xef\xaf\xb9]\xaex\xcb\xdb\xae\xf8w:\x97\xd6\x13\x07\x9a\x90/\xf0j\x11'
    b"n0z\xdf\xe9e\xd9fi\xc7\xaa>\x9b\xcd\xf2\x90\xc95\xb7C\xeah\\>\xb1\x0f[\xf9\xc0\x1e\xb1\x0b.\xb0\xee\xd2\xab\x02r\xe6\xd5\x04\xdfu'h\x94\x9d\x1e\xd9/\xe8\x97\xf9\xda\xd5\xa6\x93\xae\xfa\xc6\x05\xe6\x96"
    b'\xd2l\xb4H\xd8\x11\xaa\xe9\x9bU;5\xed\x1b;\xaf\x07\xb8\x9a\xadnU\x95\xb3\xfd\xdf\x95l\xda\xb9\xed\xd1U\xb2\x1eK\x08\xb3\x85\xb9\xb6\xc5H>Z/:\xe2\xd5{*\xd8\x8e\xda#\x02\xf01{\xe6\x94\xbeO\xb4'
    b'b\x91"\xf0\x13\xa6\xa5\x9e\xc54\xae\x82\x19\xe9\x1c\'\xe1\x0b\xf8\xe6d\xa5\x06\xd9,\xf2z}\xf8t\xc3~j[\xa1/\xcc\x973\xf16s\xf4\xb8ja\xec5\xe4\n\x84\xc5\x9eG-\x18A8\xe9\x8b\x18Q<\x05'
    b'H\xc1\xe2\xc5\xe0\xee1\x88\x96\xcd}\x96\xa4\xe3\x17M\xa3\x02\x0f\x15i*cK\x1c\x0feA\xd3k\x83\xc0[A\xe9\xf4\xf2\x94\xa0\xdb\xc8\t1\x0bL{$z\xfb\xf3\x8d\xf3\xd6k\xb8\xad\xe8\xe6y#+3\xceG'
    b'\nOl\xb9`\xbe1\xefNCN\nEW\x96)\x8e\x93E\xe3\xad\xd0\x18\xdd}2\x91\xa7\x8ap\xc0\xf7\x8c\x92\x84`V\x16\xcb\x19\xf7\x93\x0188g\xbd\xa8\x9d\x8cf\xe6\x86\xe4p\xb0\xb0\xdb\xca\xc8\x96Z\xb4y'
    b'\x93\r\x15\x8cb\xe6\xe1\xbf\x88\xa9\xb22\xf9!\x07O\x91\x9e*\xe5[ KI\x95\xc4\r\xb8@\xe6\xc2\x82\x9b\xa9\xa6\xb8 \x0b\x8aZ\xdf\x98\x9b{\x0c\xa5H\xfb\xfc\xdc\xf6:0\xb7\xda\xed\x16q_%:W\x03\x0c'
    b'\xc8\xa3|\xcd\x19\x10\xf7G\xc4C\xb4\xd5lM\x83\xecl\xac\x89@\xd6%\x81U-\xf7\x19N\x94\x93"\x9dQ\x1f\xb7C\xdb\x89oAL\x80\x90\xb2\x16\x82\xe1\xcf\xa0\x03\x1cj"\x04D\xfa\xf8U#\x1f\x84"\x84e'
    b'.!\x84\x0e"1\x10\x00\x13A.\x8f\x94BC|%\xb6O\xdd)\xe2ri\xc4_L\xcb\x9e\x83e48\x81,\xa0^\xb1\\-\x82\x9dZJNcm\xde\xad\xa4\xb4\xc5\xe5\xb4f\x8d\x00I\xbd\xb5\xfcqn\xb1'
    b'\xed\xfcg4\xc7\xcb\xaf\xac\xb0/\x92\xd8\x85\xc4\xec\x8a\xd4#\xa19\xa7\xf0C\x9c\xfa?\xe0\xbe\xa3n\x80n\x8c\x1a\xb6(n\xb8\xe6x\x9b\xa3\xcfZ\xe2\xe4Z@\xbd\xc4*K\x08\x86\x0bB\xa5\x83;\xb1\xe1\xc0\xd7V'
    b')\x9cRS\xcd\x0fj15.\xa0FC\xf4\xf30b\xed\xa1\xa8\x8e\xc4\x87>qQW\r\xbf\x93\xefZ\x1c\x04\x1bA5R\x12R:\xad{\xc9zS\x0b\xc3\xd3\xda\xf3\xd0\x16\x1f?\xee\xc2\xf3\xb2\xd6k~\x83\xb5'
    b'vc,\x9d\xd8\x16\x9b\xf5^\xfd[\x17\xb5\\\x8bS\xf6\xd1uD\x0b\x90\x95\xb1\xb3P\xc5\xe4\xec\x838\x8a~=\x99K~\x08\xf5\xb4d\x1d\xf2#\xa8\x99\xe9R\xbc\x98C\xa0\x88\x93>\xd0\xf8\xe0\xb5\xe1\xdb\x8c\x13F'
    b'\\\x05<\x04\xb4\xf3Q\x99\xda\x88\xf0\xbbZ\xdcX\xdc\x93\xc8\x9e\x0e\xa8\x06k\x1fh\x87\n\x8f\xf4\xf6\x87o\xec\xa1\xc1B\xe5;\xb8\xbek\xdf\x15\xd3I\xa2\xea\xad\xfb\xcd\xe2\xb7L\xb0Y;ft\x00\xce\xeak\xc3\xb0'
    b'\xe0\xce\xaeo\xbb\x97\xea\x16"pwV\xa7\xaeURs\x1a0i\x86\xb5Q\xc59R\x94\xc22Y\xbb\x96\xa5\xe8\t\xc5\x17\xc2\x071\xa0\x02!w\x15\xa7\xc5eP2@\x149\xc5\x86A\xd8\xe23\xa2\x0c\x92\xcc\xa8'
    b'\xdc\x92\xdau\xb9\t\xa5&\xd9Y\xa4\xa99H\x89\xbe\xf6BJ\x8cNc\x9f\xa4@\x10K\xe0\xc6\xc5\x19\xcf\x07\xde\xad\xa1z\xfb\xd8\xab\x8a\x18d$\x93\xd4\xed\x06\t lQ\xa1\xa0\x92\xecE\xc2H]\x06\xbd\x05\x03'
    b'e\xde\xb7\xab\xb7##\xd0\xc0\xba\xb1\xe0u\x17W#\xb0])\xb3n\x04\xf4\x12\xf0}\xf4v\x82tj\x92o] \x02\x8f\x82\xf4\xf4\xab3Ij-\xc9&\x19m\x88E\xc3\xca\xc8\x9c\xd6[\x99\x19\x11\xc1\x9a}\xad'
    b'DV\xa0\xf0\x98\xd2\x16\xdd \xd0\xf2\xdd0(\x05\x90\x97p\rC\x8f7\x8f\xce\x81\x01\xc6\x0b\x1b\xb7K\x85\x9e\x07\xed\xb9\xd6\x0e\x04\xcf\x89\x8a \x92\xd9\x84F|\xf9:0\x8d\x83\x9a\xdf\xde\xc9+6\xbcw\xf9\xf7<'
    b'\xcb\xe6\xa1\xecC\xb2\x89\xfa\x19JZ\x15\xe1\n\xea\xe3oB\xe0\x93\xd3\x18\xd40\xed7\xba\xb1\xd7\x1b\xeb\x14\x86\x86\xac\xaf\x1a\xa6n6\x9c\xf3\xc7\xb9/\x7fK\x86\x80\x86ux\xabi\x1e\xa6\xeb\x9f\x04\xf8:\xd3p_'
    b"\xd1\x9e\xd6\x9e\x86@'\x08\x97f\x10\x03\xa2t\xd2L\x0ep\x8bU1\xde\xd2\x1e@\xd2\x16hI\xa9\xb8\x02\xf8pJ\x86\xc0\xe3\xf5S\x01hh\xc9\xa2\x83=-\xda\xbaaB\xb1L\xe7\xc2P\xa7t\xb2\x1f\x9b\xab\x95"
    b'\xd4\xdd(\xa6b\x94vr\xe9Q\x12\xc4OQ\xf8\x1eF\xc9\x81\xa7\x11\xfd\xc3\x9a\xe4\t\\v\x87\x1e\xd4@C\x8a9\n\x90\xb3dVK\xad\xd0Xj\x9f[!m\x19\xd7\x86\xdf9\t\x07\x82\x88\xec\xcd\xda>\xff '
    b'\xb8\x8d\x96\x8d\xeci+eW\xe2)\x991xt\xba1\xef\x82\xff\xdc(\x9aL\xde0%\xb2PW\xd3+\xc8m\n\x19\xa5TF+\xc2\x04\xbc+W\x11xE\xb8\xc7F\x1a\x97\xab6\xab&\xae\x84zqA\x83\xde'
    b"\x18\xbaj0Hie\xc2\xdbZKY\x1b\x0c'\x81\xa9\xa8\x13]\x1b\xcfk\xccL\x9eg\xe2\x993G\x02\xf4ZBucX\xafH\x0e\xd5\xc2\xc7pb\r\x08\xec\xa90\xf4s\x9a\xf9$\xc1\n\x8e\x1a\xfd\xdcaK"
    b"\xd9\xb2CQ\xed\x15\xc8g\x15\x01'S\xdeE9\xf48\x85\xac\xa7\x1e\x8c\x8c\xac\n\xd0S\x0b\x1ct\n\xebC\xed\xb3\xc0\xd73\x07\x82\xba_\xb8\xf8>\xfc\xac\xc5\xc4\x04\x11X\x1e?\xd9JF\xb9\x94^\xc2\xa1\xfft"
    b'\xb5\xf3`p\\\x9eA\xf9\xfafgc4"\xcb\xf4\xd7\xae\x0f\rd.\x86\xda\x0e\xa8\xe5a\x10\x06\x13;\xc5\xd4\x05\xddq\xb7\xa1.@G\xef\x8c\x7f\xa9n\x02y\'\xfc\xf3ow\x86@\x9a\x91\xda\xb2~g\xf7#'
    b'\xeb\x15\xf6{$\xdb\xee\x96\x8c\xe7\x96\x7f\xa5&\x9cd\x92\xfe\xd9\xa7\xbf\x11\x154\x02\xb9\xb9\x16\x0b\xa0\xb1.\xcb\x94\xd1\xd86\x8a\x82\x05\x81\x18\xe7\x91\x96/1\x0b\x8eA\xb3L\x1d1\xc4\xe0\n\xbe\xa3\x7f\x9e\x97\x00\x93'
    b'\x8d\xd4].\xb3d"\xe6{\xacU\xc8p</ \x86\xd0~\xe6~\x91q\x8a\xba\x9f\x9c\x1cN2\x86\xad|\xfb\x8f\xfc\x8f`\xc33\xf9\x81\x08`\xdb\x8a\xf6\x8e\x1c\xd4\x95\xc3h\xfe9\xc6g\xa7\xacN\x1e|\xf6\xd4'
    b'G\xe3\xe6Y\x99$\x1fST^\xfb\xfcKi\xd5\xa7+@\xf5f\x16\n\x82\x928\xc9\xbaZ-\x88\xac\xc6\xae\xb9\x80\x9f\xb0\xd1{\xf5g\xe8\xb8(9\x1a\xd9\x9d\xae_\x8f\x0cm\x9e\x0f\xe6\xcf\xdb5\x82\xe6\xcc\xe4k'
    b'\xf5+\xaf\xd5_N\xd1\x1d\xf0I\xc3=\xceG\x15\xd6\xa0\x0b\xa7\x8f\xb3R\\(\xcf\x1f\xfa\x08\xbe\xb4\x99y\xad\x85\r\x1b6WRUY\x08\xd6\xec#\xdd\xed\xc3\xc4\xeb\xd7\x9c\xed\xecA\x9c\xeaz\xea`\xce\xcd\xd3\xf0'
    b'\xe3\xd7\xd29\xd3\xc4\x13\x804\x18\x03\xf8\xe3a\x98\x03\xb6\xe5\x83WT\xbf~\xb2J\xed\xcc\xa6\x1e!\xediL&\xb2.]\x99d\xcd\x03E\xaf\xb3 \xcc\x19\xe2\xe1\x15\x9f\xb20\xa0\x00\x04\xdfa\xf2\xa8\x18u\xcf\xb3'
    b'\xd4\xb4\xd6\xdaH\xd3\xb4t\xffr\xb7\xb8\xbb\x7f\xef\x1e\x12O\xc9-\x93\xd9-r\xff\xd0\xf3\xc0\xb5\xcc\x0bd\xdc\xfe\xcd\x80\xd9\xda\x93\x8ee7,5\xd0^[\x1b\x1a~\x06\x12\xbe\xf2 \x84\xc0w\xebY\xf7\x91|\xc5'
    b"\xfa\xdf\x1f.Kj6z\xdd\xbf\x00\x0b\xbe\xdbO\xcc\xf8'\xa6\xc6\xde Y\xd7Y\nw\xd2h\xf8\xc8'\xd2]\x1e\xec\xf6j\xb7\x17c\x19^\xccW\xbd\xd0n\xba'6\x03\xeb\xb6\xf1\x00\xa9\xe6\x8e\x04\x87\xae;\xe8"
    b'z\\\xb4\x8b+\xd8\x1ct\xee\xfd\xae\n\xee\r:\x0f\x1a\x15\xf4\xbb\r`\xda\x03&N;\x1b\x18IRt\x9e=\xa8\x10\xe7\xf1Z\xfa|\xfa\xf9\xed\xb3\xb7\xdf}x\xf9\xe2\x87\x1f\x99^bcSH\xe8\xab\x17\xdf}'
    b'\xf7\xf2\xc5\xeb\x1fpB\x0cR\xe4\x12D\x91s\xf9\x12@\xd9\xdf\x13\xac#\x11d<\xfb\xd9\x11e}\xb6\x04\x9b\xf3A\x8f\xba\xa6<2|uJ3\n\xc0\x7fpPN\xcc\xb2\x93\xe02\x05\xa4{\xa9v\xb2}*\x08'
    b'\xa8<0\xf9}\x19x\xfa\xa2Rs\x9ay\x89\x95\x82\x14\xae>\x03\xcbB\xabC\x92\x96\xce^X\x90\x8f\xec\x9c\x99v\xac[x\xa6\x1dq9\xf6b\xf6\x85b2y\xfek\xf8\x03I\x1b\xcay\xb9\x04l\xfbIU\xa2'
    b'g\x80v\x8fd\xb8D!g\xa5\xd0f\xea\xeeQ\xbb\x05\x14:\xeb\xf2D\xe8GC\xaa\x8d\xfa\xf5\xcc\x0f\xc3\xf0q7e\x95\n\xbf\x1a\xb5/p~\xc2\x0bT\xfc\r\xb6e\xa8\xed\xdb\xd94\xd4\xff\x16\xb9\x8c\xdc\xc7\x8b'
    b'OC\xd2\xfc\x86\xff\x96\x84\xc8n\xe9\x88\x86{\xfc\xfa?;\xb7Q\xf9\x10\xccj\xbfs\xa7\x13?\x8fy\xccd\xa5\xddy\xd0\x8an\xda\x84\x0f\x9b\xf1\xe8\xea\x16\xef\xbc5|\xd9h\rO\xb3b\xf7\x84\xdc\x10\xf8\x84l'
    b'\xafzU(\xc0\x9a\x1fQZX3xD\xbf\x11\xd7\xd4\xa0\x935\xa1\xd0\xd2\xadV\xff\xf5_\xd5<\x01(zp#R\xcbT\x85{$\x88\x1f\xb0\xfa&#c\xa1v\xcc\x1a\x14\xbc|\x06w\xc6\xc9b\xd8y\xa9\xb6'
    b"C^2\xc0J\xc0\xe1\x02\x89\x10\x00\x9b\xd22\xf0\x94\xd1\x82$\x18\xff.\xa9\xc9>\xb2+N?\x01\xc8\\]\x14Z\xa6\xd9\xd4\x7f\xd0\xa9\xdb{\xf8 4\x0e\x0c\xfde/;\x1f'\xc7\xd9\xe9\xb8\xf8`\xd4[\xf0\xf3"
    b'\xa8\xd9\xa4\xc2B\xbc\x9f\x1e\x95\xe1\xe6\xc9\xadt\x8d\xa3\xdb9\x17\xaf\x0c\xcb(\xa3\x1e\xbd\x12\xf8\xb5r!bQ&c\xb8VX\n\x08x\xabRs \x14\xb3%\x13\x17\x8b\xce\xa6\xa2IH\xf4-\xaa\x0e\xd4|LH'
    b'\x9c\xa9\x8e\xa6\n\x19ZM\xe7{\xdeR\xbc,\xf7O\x98\x0eY\x13\x9aAC\xb2:\x9d\x82\xee\x16HN4\x11\x13!{!\xdc\xfa\xc1\x82Y\xb0&\xe5\x1e~O\xe2=n\xfe\xb2\x91\xa5u\tC\xd4\xb2\x08\xbd\x02\xd9'
    b'\x19\t\xbf@\xae&\xd1)\t\xc0\xd5tn\xb9\x89\x81\x90d\n\x12B\xf4H*13T\x17\xfba?\x1dz\xe9g>y\x19*2+\xae\xa8%/\xf5\xdai\xfat\x12\xbe/~\x9a\xe72\xc2\x14\xbc\xe4\xec\xd6\x02'
    b'\xea\x905\xe7\xd0g\xf2t|\xa9\x12\x9e\\Y\xc7\x875}\x1d\x9ey\x96Us\x19\xe11\xb9\xc7\xed\x9dK\xc21#\x90\xb8\xf6&Y\xc5Q\x86\xa6\xd3\xf8J4\xed\xf3d6\xf5N\x12\xb5jr\xe3[.Y\xc6B'
    b'\xb5lPM\xa7\xaf\xf2\x93\x98\xea\x05,\xf7\x97y7\x97\r\xc3\xea\x86\xfdy\xd4\xab7\x9b\xd4mkNC\xfbA\xe8\xb6\xa0\xcb\xe2?PoU\x96/cL\xdd\x1d\xa5\xcc\x0b\xab\x8d\xb5\xca\xc7k\xeb\xb6Z\xc9F\xfd'
    b'2\x0fcT\xe9\xbf\xb2\x07\xef\xe1\x87\xb3\xe6\xfb\xf5#\x9f\xae\xba\xaa\x99;\xeaFkQ2\xcd\xcf\xc4A\x89=]S\xb7\x81\x83\x03\x8a\x06\t\xcf\x9fv\xfbm\xb1\x8f\xaf\x99\x1eY\xff\xba\xcc\x95o\xed6{\x9cm\xa6'
    b'\xf3\xba5\x84\x81\x02\xf8E\xabS\xfdzo\x08\x86<\x8c-\x87\xd4b\x0e\xb2P\x02\xda[\xdd\xe9%Y\x91l\xc2mz\x84\x0c\x94\x85\xbe\xd0\xc8\xd0\xf8\xfe\xd9\xdb\xf7\x1f^\xbdy\xf3\xdd\xbbm\xa6G\x15\xc9\xf8z\r'
    b'\xe1eM\xb1qd_Y\x9f\x87\r\xb9\x1e%\xe14d\xefM\xde:\x82\x86\x7f`\xa7\x11<\xa1\xc8\xf0\xe7_\xe28\x8c:\xbe\r\xb7@oZ\xbd\x92TE\xa4\xce\x0b\xa7N\x00\x03\xedY\xc2\xbdp0V\xa5r\x85'
    b"\xbd\xeed\xfa\xab\x1ce\x94\x93\xfca\xaf\x05\xc4\xbe\x8b'\x84\xe9\n\r\x85m\xac\x1eG]\xc1s&|\x97\xcd\x9b\xd9\x86\xbbv\x95$\x91k_\xb2\x96^\xda\xfc>\xf3\x1c\xf8\xe6\xf1\xa4k\x93\x1c\x9b\xca2:\x94\xb3"
    b'Y\xab\xe1\xcc)\x13\x9c\x8cR\xd3)X\r\x17\xf4\x0e\xa1\xe3\x89\xd0\xb1\x8b\xc5\xf1q\x90\x03\xbe=\x9c\xce&=|\x1d\xdf\xb23B\x98\xdds\xa1\xc7Q\xb0\xb14\x18(;\x96O,8@VN\xd2N\xe9j\xb6\x92'
    b'\xa9\x8f\xe5\xd9\xb8\xa3\xeb\x8dy?\xe2\xc4\xef\te!8w\x9c\xab\xf3\x08\x11\xca\xc5\xf5]\xdf7\x9f\x1b\x97\xb5\xe0\xd25\xa2\xed;[#<\xe9\xc6Wyz\xb8\xb4; \x9c\xbf\xd6\x8d\xf1\xb8\xad7J$\xec\xd5j'
    b'\xbab\xc0\xae\xdf_\xe9o\x00\xcci\xcc\xd4\xcaD\xd95!A\x17\xd8\xe3\xc3\x9c\x05\x11\xef\xd7\xd2\xf1\xcb\x93b\xf91\xf5o1\xa7L\x97\x99\x16\xfc\xe6\x03\x13\xbce\xa25\x94x\xb2$\xba\xee9C\xa3-D[\xb3'
    b'\x16\x1d\xa4Q\xc9JE\xd9C\x97\x17\xe9\x10\xc0w)\tLT5}\x17a\x89\x1b\x93z\\\x10\r\xf7U\x18U\xcfT\xaenzo\x85\xe5\x1bv\xfekqBI`\xefp\x01\x7f"\xa2\xe9\xb2\xb1nM\'\x83/'
    b'k 3\xb5\xe4VL\x8f\xf5\xcc\x92\x96\x15sAP\x81U.a\x9bV\xd0\x8fO\xab\x88\xf8\xc9\x18]b\xac\x91k\x8c\x0b\x97E?\x99\xf8"\xf4\xe7\xb1\xb8\xfc\x9fN5B\\: 9\xb9:\xdeu`\x992<'
    b"&\x82\xd9\\\xaf\x14\x93$\xf1RH:\xc4\xbf\xcc\xf8o\xd6'>\xccrx\xe8\x11\xcc2\x8b\xd5\x93\xa88LRI\xb4\x96\xc3\xd55|E5\xb9X\xea\xb1\x8f\xb4*VWe\x89\x9b\xac\xab\xf9\x8c\xaf\xb1\x99;\xf3"
    b'^\x18R\x96\x83elZ\x8bf\xde\x11\x11A h"UPR\x91\xa3\xd3\xc3\xce\xcf\xe2\xa4\x0376J6\x1c \xb6JXg\xc2;\xed\x97\xb4D\xefJ\x96\x0bf\r\xe4\x1b\x9c\x1eQ,\x9ag\x8b\x89(\xaa\xa0'
    b'9\x924\x0c\x84!\xea \xc7\xc9\xccy\xb7e\x90~i"\x81\x92\xf9\x1f\xa1_\xd9\xc2{P\xa0\xf5\xce\xad\x0eSR1\x0e\xf3\xa2m6R\x87\xe7\xae\xc7\xd9\xc3\xed\xe5\x980\xad\xd4\xe1\x0bB\x16>k\xc5\r\xc9\xd3'
    b'p\xd1[z\xdc\xf7#\xd7\xe3\xf7\x85\x90\xcc\xed\xae\x1bm\xd8\xcc;\xc9\xa4\'\x1f\x00\t\xc4\xdb\xbe\xdb:X\x07j\xf6\x1dv\xa9\x17=\xad\x88\xd6\xd4h\x97\xd34~\x1d\x8bXQ\xc7n\xa5\x19\x02+\\\x1d"\xf6!'
    b'lr=\xbe\xc5\xcaG\x1e\x81\x94\xe2j\xf2\x8e\xc6\x81\xe9\\\xfe\xc0*\xa6\xd1\xbaG\xc5\x01\x89_~\x8a\xe6\no\xa9\x91\xc1\xbb\xa5\xcf\xb3\x18Q0VA\x84Gf%8\xb3[\x18\x14\x8d\xc8Rs\xa8H\xce\x9e8'
    b"\x1c)\x05\x95\xb1\x8bRG\xf3+\xaa\xaaA\x14\x12@\x86]\xacb\xa4\x80\xe8R\xec\xc8h\xe0'1\xf4\xe3\xc3\xeb\xf6\xb4\xef\x02C\xedaD\x94\x14\x9d\xe1\xda\xcc\xb5$\n\xc2^@\xe9\x97\xb3\x10\xddn\xacfU\xec"
    b"VW\xe1QP.\xe7Q\xf8\xa5$\xc8\xb5V\xfc5\x89\xd7\t\xff\xb2q\xab\xdb\x18\x1f_z\x18%\x96T.\x91\xa7>\x1ej\xdc8\xe1V\xe9\x97\x1c\\\xe7\xfas\x01\xe7\xa3\xb0D\xa1;'4\xbf\x186\xd1\xd0\x14"
    b'V\xd5aq,\x11r\x15\x0eA1\x93z\rP8Q\\\x94(\xce"\x9a\xb9\x84\xe5\xed\xabsr\xcc^\x8a\xbc\xde\xb2\xb7\xf6f%\x1d\x84\x1d\xce\xaaT=]\x91b#\xd8t\x970\xfdVu\xb5\x88\x16\t\x9c\x03'
    b"j\xd4\xb1\xad!lO%~\xe3\x1f'\xd3\x128O\x93\xe5\xe2X\xf6y\xe6\xfbc\xf3\xf6t]\xccz4\xb0\xd9*\xf2\x14_a;\xb1`\xbe\x9f\xe4[\xa4\x82j\xddO|\x9d6\x94\\zWh\x89\x05\xf3\x96t"
    b'\x1b\xb2\x19\x88"\xc8\xaf\xdb\xeb\x9b\x95}\xdb\xf2\xd52cc\x9brI\x0c\xf6N^*\xb0o\xafg\x8c\xf9u\x9d\xc4\xf0g[\xf4\xbf\xd3\x92q\xd3\xa3\n\xbd/Z\xef\r#\x04u\xc9\x9e\xcask\xd7i\xdeD8'
    b'\x8db\xac~\xee\xe4X\x070\x14\xdaN\xd2[M\\\x057\xabT\xb3\xfb\xd8\x17Il\xbc\xb7\xb0fb\xc6\xe9\xe1Y\x90N\xda\x86-\xd2\x9b\xacL&\xf8\x85\xcf\x9d\xf3\x82l\x12_\x80\x9f\xf0\xdd\xc1rqr,\xe4'
    b'\xff\xac\x97A\x19(;d\x0c\xb3\x1eC=\x81v\x91\x0c\x98ul.\x87\xba\xa4\xe3\x9d\xf9\xee\xe1qE\xcf\x1e*\xef\x13;\x11w\x8a\xe7p^\xbey\xf3\x1f\xef\x9a:!\xdd"\x91s\xc1\x12\t`Z\xd8\x10\xd3\xea'
    b'\x1b6-\xa5\x9ay<\xe9?\x81u\xb3k-\xc9\xb9\x17j:\xbdWC\xb4\xefmC\xcdHtb\x98\xda[\x1e;\x83;\x9e\x89\xbc\xddl\x07\xcf\x03\x0f\x95\xcb\xf9\x99E\x7f\xea\xad\xf9\xd3\x9a%\xdf\xd9\xf1\xcd\x80O'
    b'\\>n\x0e\xd3\r9+\xbe\xd3/\xa81\xdf+\x04\x82\x0cq6+\x87\xb8\xa9\x0f\x96\x9a\xac\xd3\x9b\xf3\x9f\xaai\xdb\x8c\xec\xd1(\xad\xc6v4}\xa4\x82\xbe\x99\xb7;c3\xda\x9f\xf7\xaf9q\xd6\xec\xf2u\xe7\x9a'
    b'\x9a1\x98\xd96e\x93\xd1\xc2\x15(\xedRS\xd8\xce\xf3\x0c\x07\xd4\xa9\x1aDj\xe7Ji<\x84\xdb\xc1\xbdy*\x18\x1b\x99g\xcb\xc5\xac\x80\x18%\xd73\x02\xe9\xa6\xbc\x1a=%\xa3\x9e\xd1S>\xeaz\xcdT\x1e\xc3'
    b'\xc2\xb3\xea(E|\xf6\xe6\xc4\xe2\xa4\xae9\x84\xbe6\x8a\x9b\xbc\x16#\xe4\x8b\x9bU\xe9|\xb5b\xd63\x99\xd7\x94%z1\x9f\xd3\x10+H\x84\x02^\x8b0@f>\x8b\xe6\xbb\xa1\xd5\xfb"f\xd5\xc1\r9h\x86'
    b'\x02h\xf0t\xb1D@\x10 P`/\x95d\x86\xd5t%\xf90\x02\xe9>9\x02\xf9\xb1Z\x1d\xae:PI\xca)\xd7\x9el\xb2@\xa8\xa8\x9fp\xca\x0b\x1f\xe9s\xf4\x0c\x85\x0e\xd4\xa6-\x1dC\x9b\\\x99\x8c\x1f\xf0'
    b'\xab\x17\xed\xa01\xa9UFE\xf9I|\xefV"\x06\x0f:*\xed\x9c\xad\x9bA\x81\xfe\x16\xbb\x92\xaaKY\xf4<\xdd\xb3\x01O\xba\xb4\xcf\x16\x87\x92R\x10\xed-\x96sY\x13<\x0f<~\xa2X\xf5\xbdH\xe5j\x8d'
    b's\x0c\x17\xa7\x8cBa\xbf\x94\x87\x84\xfe\x15\xb2\xb2\xd3\xbf\xb6\xea\xb6z\xb9wOW\xb5!\xd2\xda\xb8%GP\x97]\x17\xe5-\xfe\xea\xa8[\xb4\xbfxk\tYk\x95\xb8\xa8`8J\x92\xe0\x05\x19\xe5\xa7\xc0\xaa\x95'
    b'\xcb\xd5Y\xaf{\xfb6\x9b\x88\xc9\xa7>\xbcx\xfd\x1f\xb5\x1cDq\x91c^v\ts\x14\x96\xf2@\\-\xa6\xfb\x8a7\xacAl\xd8\xe91\xff\x89\xc6\xf2f\xb9\x8d\xa9jI\x15\xab \xf4\x8f\x93\xb2\x92\xb8\xefR\x13'
    b"\x1e\x13m\xa7\x14l\x9f\x94_\xe0\x88`<1\x9d\xbb\x99\xf5\xc2\x8a\xbe\xd9O9\xa0\x04\x0b'{\xa2\xc6\xbe\x86\x8d\x0e\xd3\xb3\x98\xd3|]\xd2\xfd\xa4\xa6Z\xa4X\x10$\xabx\x92\x06\xf4*\xc0\xc5\xdbR\x85h//"
    b"\xaf\x82\xba\x9bT\xc7y\xdc\x8e\xc6\xfe4s\xe0\xc2\r)\xba\x12\xb7\x99\xa4\x9c&2\x93\x82\xb0sw\xc4\x07\x10\xb3\xa0\x0cj\xd4\xfd\x9e\xf7\x1d\xfb'CY\xafc\xf5\x16\x10\xba\xd3\xdb\x1c$\xdb}\xc7\x06E%\xe9O"
    b't\xf9"\xddst\xe5\n6\x88i\xd7\xb1\x15\xadJ\xf2\xcc\xbfy]5\xbbV\r\xca\xd5\xee\xafZ\x1e\xb2\xf6\xe6\xf0\x9d\xbe\xdaO\xc6\x02\xd7\tR\xc0\xec\x13\xdb^\x8a1V\x97E$\x1d%\xadI\xea\xea\xaa\x06\x08'
    b"K\xb9=\x90\x17c7\xffE\xca\\\xb6\xbf\x86\x95\xdb'\x12Q\xb1\xcay,\xa1\xac\xe1s\xc6\x13b\xf9\x1b\x9e\x83\xe5\xbdr4y\xd4=\xcf,*-,\x12f\xc6\xe4Op>\x9b\xc5\xe6\xe4.9\x1fa\x97\xfc\xa9"
    b"\xf2u,>\xbd;,&\xb4\x82\n\x982\x1d\xd6;\xa3\xe1\xe8\xbec\xb9\xba\xd39t(#\xfew\xe3\xf8Sgy\xb0[\xf4F\x03\xfcw\x08\x97><'m\xbe\x8b\x18\xbdX\xd1\xcd\xce\xc3\xfep\xb5\xf8~\xfa)"
    b'\xec\xfb\x8d\x9c\x02w\xad\x9a\xcd\xfb\xf7\x07\x9b\x1b_\r6\x1e\x8c\x06j<+\x9d\x9f\xe1\xfdT\xc3\xa6\xba\xeby\x1e\xee\xe2\x9e\xe5\xac]\xe2\xed\x12\x84\xc6\x8d\x18M\x931oC\x8f\x9cl\xa6\xf1J\x00U@l-}'
    b'\xb4\x02f"O\xb7\x08\xec\xd3\x04o \xf7\xb7eDN\xc1\xc3)Lh\xac\xfa\xfa\x02"\xc8^i.B\xb8\xe0TQ\x80Z\x13\x84\x85p&\xd8\xaf\xc5\xb2"\x05\xae\x81\x1d8\xe2[\x0b\xf0t\xecC\xe4.\x8d\xc1'
    b'\xb8\xf4n\x97c\x94\xdd\xc6\xa1V>uY\x89\xd2\x15\x1a\x93\x11u\xfd\xf7\x99<\x08\xd6*\xe6\x0f\x8cy\x17-\xda\xc6{\xb8\xf3\xe3<k"\xf1&\xd4\xcd(\\c1%b\xc5y\x95Ia8\x97\x0b\xb6J\x93\x14'
    b'c\xff\x19+\x85Z\xe1\x82VI\xaf\x11z%\xba\xf0\xdb\xf49\x98\x97\xfa6\xe5*f\x08\xd9j\x8a\xd0?q-J \x03/\x9f\x7fWY\xd6[yR\x95\xc7\xc52L\xaab\xdd\t\xfa\x04\xd7rR\x1c3\x1fv'
    b'\x0eV\xe7\x08\xf3|11\xca\x9c\x12\xdd0\xcd\rC\x91\xd3\xcc\xc5\xc0\xfd|\x1d4%\x8bg\x1bHGP\xef\x90\xd3W\xec\xf2>3O<\xbeh\xba\x8f\xa1(\xfd\n\xd6\xb9Wv\x1a\xfe\xa5ve\x89\xc7\xe2\xa4X'
    b'\x15\xef\x97AD\xde\x0f\x07K\xa2p\x9e\xa9\xef]\xd8It\xdc\\[<\x9c\xee\xef\xc2\xef^\x17\xd7\xc3\x9dp\x14\xa6\xe0\x8bj\xb7\x83\x926\xf6\x9f\xbb\x14\x9d\xc7Hz]9~\x93\xaeS>\\0\xcc\xb0?[\xbc'
    b"\xe4:k\xfcgk\xe0?\xe6e\xf8\x130\x0e!\x0eR\x03\xa8Y>\x05\xda\xea\xb0\x98\xed\x0fLq\x87~q\x83Q7\x1d\xb3\xa3'{\x97\xa8\xa9\x91\x04\xbd8\x93\xaa!z2\xb6\x82\x8e0\x9a\xed5\xf9\x18f\xb9"
    b'\x90Q_\xbeJI\xa2\xe4\x14\\\xe0\x91\x9a\xd2\xb6e.\xa7O\xa2\xcbi8\xf5\xd1\xe3\xb4s\xa7\xb3i\xc6\x84\x0b\xe6\x16\x08\xd4\xebw\x90\xea\xab\xfc4\x87\x0b\x11\xce\x92Ho\xd5\xcb\xde\x04\xf6\xa6\xac\xb9\xf3H?\xe1'
    b',\x1f\xfe\xfd\xae\xdc/Nfq(m\xdbB\xede\xdd\xf6"\xe1\x16\x08\x1c}\xaf\xcb9\xec\x0e\xb2\xb9\xbc\xdaF"\xafY\xdfJ\xf5f\x96tZN\x9d\x19t\xb4\xc5\x18\x0e\xbe\xb6\x85\xc5\xf1\xfa\xa9\xfc\x8c\xb9\xb8\xa0'
    b"\x07\x7f\xc4\xaa\x98\xeb\xf9\x94'=+\xfd\xf8\x92s\x85~\xb1\r\x85\x8a\xd4j\x04(\x12\xa4\x97\xfd\x1cgK\xe3\xc3\xa3\xa2\x18V\xbdZ\xfc\n:\xd7\x0b}kP\xbe\x18K\x91\xa7J\x80.\x91\x16\x1f0W\xbbg1"
    b'=\xd9\xb4j\xb3F\x8b\xc3[\xc41\x02l\x16\x00\x8cv\xcf\xaeY\xf6\x813\x95\xc0\x91qK=\x17\xa4+\x81\xb2!\xbcRJ\x84\xff\xbd`\xcd\x93\x14\xd4\xd8V\xbb\x90s\xbf\x97\x18\xfd\x1e\xf3\x95%9\xa8\x7fY\x95'
    b'\xed;\xb5\xad\xca(\x17\xd5r\x18S\xa4$\xc1\xdb-\x15wp!\x8a\x1a\r\xe1\x9c\x12\x9d,\x11\xb8\x95@M\xd1\x8a&\xcc\xcd\xd4\xdd\xd9N[\x8aw\xdc\x04\xd8\r\xee\x12d\x10\xc2V\x8eoc\xe08x)\xc8\xed'
    b'\x80Z\xdc\x1eQW\xb5\xbe$\x00\n\x03\x07\xc3\xbf\xa5\x87O;\x1b\xe1\xd6\x1c\t<\x0e\x9bJ\x99\xf6,\xb4\xae\xb8 O=\xe9s\xb1\x8a\x1e\x1b\xe5\xe4@\xfc\x15\xa7)o\xab\xe2;@\xabM\xa7e\xf2u\x9c\x0f\x91'
    b"\xdc\x15\xb1Qb\xe6\x16sM2$\xfc\x9a\xf9f'\xb9[\xba@\xbe\xf34&Re\x16?\xb8q\n<`\xd5\xf9uZM\xb1\xebuQ\x8a\xf9Y\x02\xd0]\x96UUN\xb2,\xd0\x14\x8a\xc9^\x98o\x9c\n\xf2"
    b"^boJ:\xd8jF\x88\xd6P\xd5\x8f\xbc\xc23K\x05K\x06F)l\xcf\xd7\xac\xa0\xf6\xe0\xb2ZZ\xb4\xb6\xbb\xc5r,\n\x0ex\xac\x1d'\xab\xf5@\xe3]T+\x87y\xfe\x0c,\xa2\x1cA\x00\xda+T\x0f"
    b'rPT\x87\x0c^\x1c8\x9f\x1a\xc2\xeb\xd1Q\xd7e\xe1\x0c\x05\xeb\xe66u\xcf\x8c;\xfc\n\x90\r\x86\xa5-\x1d\xf99TZ\x8f\x9bc\x03\xd7\xafG\x97\x80\xebY@{\x1d\xdd\x0bj\xe8o\x8a\xe5\x9f\xa6\x86\xae\x02'
    b"\xcb\x0f\x9b\xce\x95l\x88Z\xb6fF\xd4\xa7\xdd5\xa1;\xebjC\xf4MV\x11\xa2v\xa2b\xfa\xf2@N/\xb8_\xc1\x05r\xf7d\xb5ZD'H\xda4\xf2a\x94{k\xd4\x98\x1e\x11\x14/VM'RW\xa9"
    b'H\xf0\xfb3\x86\xf55@\x1b\xe0\xfb\xbc\xd1\x19u\x1f_\xe0K\xd2\xd8SZ\xb3\xe9\xb9\xd6x\x93\x84N\xa9\xc7\x1b\xfa\x04\x85oW5`\xad\xce\xd8k\x0c\xccC\xd3\xa2)\xd6\xfbU\x83d5\xe3\xdf\xe1\x15\x9dPQ'
    b'\xb4\xa6G\x86w\xb9\xfa\xe2\xaeq\xc3M\x1e\xb4}\xa9\xa0E\xe3r\xc11vS\xe9e^|\xd1w\xa3\xa5:\xe1j\xa3@\xd1\xda.\nO\xba\xee\xe54\xdc>\xcb\x1f\xdf\xbfz\xc9\x18O\r\xa8\x8dfk\xa7R\x94'
    b'\xad\xf1uy\xf4\x04\xb3\xd0\xdc7\xed\x0e\xa0\xdd\xaf\xef\xe0\x8b5#C\x0f\x1cf\xff\xcfjX\x99V\x99\x9b\xcf.#\r\x07\xe2\x99\xc8k\xbf\xdd4B?)\xc9 {\xb5\xd9\x91\xc25Wl\x01A\xfa=\x19F\xb4'
    b'\xdaLmq\xb2\xfa\t*\x16u;\x1b\xb4\x00\x93d\xc9cr\x9f\xe6\xfa\xb4I\x036q|}\xb1~\x17\xbbR\xf5\x1e\xf5h\x86\x86\xf3\xfb\x1a\xc5/\x88a\x8bGv\x8e\t\xb1\x0ex8\xd3^\x92\xaf\xb9\x92a\xa8'
    b'\xc3\xb2\xf9\xfa\xe0I7{mT\xa7+1z\x0b\xf2^\xb2\x8bd\xdb,\xa3\x83\x8b\xc0\xef\xcc\x16\xa7y\r\xaa\xe7\'+\xba\xb5N:\xbaLBZ\x13\x83\xd0\x84\xb3RkH`\x9d\xa6@\xcevn\xb75\xcf"\x95'
    b'\x19\xc4s\x0e\xbb:\xa6(\x88\xb0\xf5m\x8b\x17\xdb\xc35\x87\xc4\x93%\xd8\xe3Ub\x071?\x89\xe9S\xa8\xd3\xf0\x1aX\xab\x95K\xeb\xb3K\x03\xbd\x01hi\xc5bm[\xc5\x02\x02\x11d\xe2Mtz+\xc8\x89E'
    b'\r(\xd2A\x84\xc9-D!\xa1\xd9\xacc\xac\xa0S\x92\xb3\x1a\xc9\xf1\xcb\x8e\x8c;\xcaW\x1c\x16\x93q\xdb\xfe:O\xc3N\x9b%\xc9\xeb\xdaH\xdaQ\xe7\xce\xfe\xf5\xde\xe4\t\te^\x88\x9a\xcfxm\xb9\x7f\x0c\x19'
    b'\x89\xe0\xb4b\x9c\x9d#\x0cp"\x06\xc9#\x01X\x8f\x8e\x06\x12\x83\xbc8\xbe\xf2=\xdfa\xf1|\x8fSL\xcf^\xd7\x98\xa3_NF\xa3\xc9W\xb5"v\x0c\x14\xc2X\xb6\xbf t"\x94\xccF\n\x9a\x19\xe13\xf2'
    b'*.;\x07\xba\xff\xab\xd5\xe2\x186\xc7"\xc8\x1c\xe1}\xcf\x9b\xcd\xb4\x9e&1Zs\x96\x9au\xc5\x02\x0e\xaa\xdf\xed\xee\xf3\xec\xe4z\x8a\x84\xa6c\xb1:\xb9B\xe9\x06\xbaqd\x17}I\x04c\xb7z\x9bi\xe1f'
    b'\xe6\rG\xd9)\t\x1a\xe0DJ\x03\xc6[{>=\xbe\xdc4\x86R\x8d\x0b\xa9\x1b\xdf\x08?\xa1!\xd6=M\xeeq\xbb\xa3\xf0\x1c\x1b\x08\xe8&\x0cH\x1d\xfc\xc7},\xaa7\xe8O\x81a\xb1q\xfci \x16\x98\xfb'
    b'\xf7\xf5c\xf9\xac\x9f\xbe3m\x83\xf2\x1dI\x87\xea\xd2\x8c\xa3#;\xc2"\xfcsm\xdc_g\xfd\xb7\x92C<6\x197\xb3\x17\xb9\xd0\xcdF\x87\x12\x02\x05\x1a\xc6X@\xa1\xdcd^\xba\x19/\xdc\x88\x8d\xc4*1z'
    b"\xc4\xe4\xa8\xf9\xf48\x93!\xcdB\x11\x91e\x85v\xfb$\n\x9d/\xc6\xd1y\x0b\xf7'\xcc\xcb\xd7\xc7A\xde\xefL\xb6n\xbc\xba\xdby\xd8\xf9qc\xf3\xc6\x9d'\xe9\xd9\xc3\xe1\xfd\xce\xbd\xf0\xff/76\xc3\xdb\x97\xf8"
    b'\xb9\xb11\xbc\x1f\xcat\x05&\xe1\xe5\xf3\xefk\xd5l\xb0\x9e{Y5_Y5\xf7P\xcbWY->MP\x90D\xa2;\xcc@\x8c\xb7\x84\xc5\x9dL\x97B\xac\xc7)\xa5\x9c\x9aS\xccEF\xa7%\xc6\x8f`\xf5P'
    b'\xf5n\x19\xf3\x08\x95\x19\xcc\x9a\xb9\xc2J\xdaBjP\x88N x\xe3\x95wMP\xe0\xcc\xce\x8bUT\x88\x08\xb6x\xba\xe2,\xdb\xb2r\x99\x92t9\xc2\xe0\xe7\xd8\xa0\x83\x94\x8c\x19j\xf2\x18\x04A\xf5\x0b\x91\xed\xab'
    b'<\x0c"\xda\xaa\xc4\xd8\xe2\xf0\xe0\xcc\xc9\xf2\xf9d\x1a\x8e~x\xfdS1/g\xdd~+\xfc5}G\xb3\xa7\xd2X\xf4\xc8\x9f/\x9eA\x0f\xd4K\xe0+\xc5\x85,\xb0\xbf\x80P\xb4Fod:1t\xaa\x97\x92 '
    b'.\xc7_\xc6qM\r\xbc\xec\x8aCXMx\xb0\x12D\xcb\xf5\xad-\xa1\xd8a\x83h\x91\x83\xb3\xe6\x9f\xb6\xb9\x9a\xe0\xebn\xecu\xf4\xaa\x08\xfd\x8a\x0f\x03Yx\xb6Z-\xa7a\x8c\xd0\xc3/\xa7\xc5m\x82\xfa\xc1\xf6'
    b'#\xc2\x86\x16\xf4rO\xf7\xeb\xea\xd7\x83\x0e\xe0r\xbeY|\xda\xbaA\x93\xf0\x83\xf0\x7f7\x84M\xdf\xba\x11\x8eW`\x92\xd0\xbc\xfc\xbd?\x9d\xcd\xb6n \x84\xe0\xc6:b\xd7\rw\xec\xe2c\xb9uc\xefd\tm'
    b'\x14\x02\xcb\x967:\xf2\xf4\xb6\xd5;\xfc*>\x826x\xaf8\xde\xbaAA\xf1\xb2zY\x1c\xd7\xba\x95\xa7T\xd6s\x0e\xc2\xaf\xde\xbc~\xf3\xe1\xfb\x17o\xdf\xbd\x0f\xeb\xc4\xf3>\x16\xf2\xc1\xf9\xfd\xfaN\x18\xf2\x934'
    b"\x99\xbf\x8fJ2\n^\xf7\xb7\xe5xPxZ\x82\x11\n\x06|\x04\x01\xf7\xf4\x13\xad7='qZ\x0b\x91\x98\x8d\xd1\xfc\xdd8dq`\xff\xbbX\x1c=\x9bO\x90\x06\xb9\xea\x85\xa6jJ+1\xa9_E\x82d\xc9"
    b"\xba#\xb9pn\xa1\xda\x9c{86\xe7\x92\xfa\x9bi`(\xbf\xe1\x89\xec}\xf3\xec\xdb\xff\x087\xd8\xdf\xe7\x93E\xd8\xaf\xb5T\xdf\x97dS\xaa9'\xf9\xe4\xe1\x11a\xf1\x82\xa6\xdf\xbc\x0e\r\xbf-S\xc3Y\x96\xec"
    b'\xcfn[\x13ok\xcb\xe7ryax\xf9\xa5\xf3\xc0.\x98\xcd\xf0?\xe1\x8ay\xe0\xae\x98|\xfb\xbb\x8f\xa4\xec\x8f\x8f\xc2?\xcf\xeeu\xee\x89\x07G\x07?7\xdc\r\xf7\xe6u\xde\xd4\xa3x%\xde\x95\xb6\x1e\xadi+'
    b'\xbb\x13\xa5\xa9\x07\xbe\xa9Q\xe7\x81k\xca!g\xa5\xc9\x84\xf8L\xdfz\x90\x9c\x01\xa2\xef\x06\x84\x87q\x96\x88\xdfC\xa1y.\xfe(:8\x99V\xb0i\xd1,\xb2\xbf\x7fe\xf2\xf8U\xf8\xbfD\x1e\xef;\xf2x\xff\x8f'
    b'$\x8f\xf7\xffP\xf2\xa8\xebr1\xfd\xc3B\xb5\xd1\xa7\x9a\xca\xfb[\xc9s\xf2\xbb\xd4\xde\x86\xdf\xe4u2\xebT\xe1x\x9e\xed\x82\xc3 X\x83=]Y\xac\xf7g\xa9\x06\x9b\x8aA(\x03\xba\xf1U\xad\x0b\xdf\x126>'
    b'\\\xc7\x98\xc66-\xcf\x1a\x86\xbf\xb76w\x12U\xd4*\x87\x8a&5\t\xa5\xed\xf2\x97m\xdb\xa8M\t\xe4;I\xb4\xcc9$\xae\xdc\x07)\xcaI\x93\xd1\xc0J\xa6&/a2\x15iI\xbd\xf1+\x8b\x9a\x96\xda?'
    b'\x96\xa8\xd9\xd4\x00\x0b\xb1\xbe\xb9\xaa`~+b\xbc\xb4\xe1\xed\xa0\xde\x18K}XTQ1\xe9u\xe8\xd9\xa5\xec\xa2\x99\x07VM\xad\x08\xde\x85"(Y\xcfu&\x1f\xe4\x89\xae\x9eZ5\x8aal\x9bL\x18^\xcc{'
    b'O?\x0f\x7fZ\xb4\x03\xfe\r\xebk\xf0\xcc\xf8\xb3\xdf\xcf/\xc9\xb0\x16\x03\xb57d\x8159\xae]\xe0\x94\x8f\xc1\xc7J\xc2\xa8c\xe2\x14\tTo1\x99H&\x1f\xb3rR\xe4Kj/\x18\x16\x07\x19\xe8.\xfd\xd7'
    b'PY8\xb4\xe5\xa9`\xd1\xb11vHc\t\x1ag\x92%\x1aG\xd2\xbf$\xa3\xedK\x10\x85 \xd5\xdcf\xcd\t\xcf\xed^\xcb\xbelIusAC\x7f*u\xb8z\xf0\xf2:|\x15\x9aG\x96\xc5\x95\xdc\xfaP\xae'
    b'&4p\xcc\xb1+\xa7\x87\x8b+\xd5s\xb8\xa8\xd3\xa0E\n\x1a\xb9\xdc\xec\x84\xef\xf3\x8bj\x97t\xfe2\xcb\x91\\\x00\xbbO\xd6\x18\x9e\xda\x8cb\xbd\xf5\xe8\xe6*\x97\x90\x86\xa9\x80\xd3n\x0e\xe9\xaa\xa6\xe5\xea\xd6\xb18'
    b'\xd9\x999\xe8p\x91\x07=^l\xf9J\x16\xa9d\x89\\\x9d\xccE\xf3z\x05%\xbc\x94\xad\x05\xfa\xf2Y7+\x90{C\xef*\xea5\xa3\xdc\x16\xb3)\xe3*\xbe\x89`\xdd\x1c\xe3\xbb\xe3\x12\x0ev\xfd\xb5\xd5\xd0%f'
    b'Y\xab\x04`A\xfc\x1c\x1cu\xfc:\xc2&K\xc1\xa4h\xbc\xb4w\xa8\xaf\x1f\xf5\x86\xeb{!\r\xe7\x96\x99\xc6\xda\xc8\xe7\x11\x0c\xa6~\x87\xa1\xbc\xac\x9d\xc3c\xd3\xce0\xdd\x88_$\xbe\xb9`\x8d\x84\x9f\x8b((\xe1'
    b'G\x8d4\xb0\xc6\x1c{\x1b\xa5\xacs\xc9iC\x06\xf8\xb1<\xcbPW\xa0\x0b\xb9Ha9G\x1a\x16\xf3\xfaC\xe1\xe1\xea\xecX\x18T\xfc\xea\xfa7G\xd3\xb9%-\x8a\x8f\n\x90\xc1\r\xff\x08\x14\x96\xa8\xb1\xa3\xec\xf1'
    b'\xaf\xc5\xec\xc4\x05\x1b\xd1\xab\xc8\xbf7u\xe0~\xe8i\xc5(S\xdcv\x86\xd1\xa3\xdeQ\xca7HVju{\xd4\xab?H\xb3\xa5hq\x8ebR/\x070M\x00\xbd\x0e\xdd\x9d*\r\x8b\xe1\xa5u8\x9dO\\/'
    b'\x16s\xce\xc8\x1a\x0b\xdc:\x92\xbc\xad\x01\x97\xafO\xc4n\x94\x06\xec\xf2t\xe1V\xf9I\xf0|kV9\xc3`\xc0g>\x91\xe4{\xcf\x16\x8d\xf5\xd2\xadD7\\T\xd1/\r\xd6\x91\xe4w\x1e\x0e=\xdeg\x1e.\xea'
    b'\xc3,H\x83\x9a\x1b\x07<\x96K \xa9Y\xff\xa8\xb1\xa9\xdf\x85\xef\xd0\xbe\xc3Y\xe7\x96\x0c\xc3\xfd\xe6\xcd\xb3\xb7\xdf\r\xa5\xc2\x0fq\x9fn\x8b!H\x19\xa2\xf0\xe9\x18\xb9#&\xe5\xb3@9\xc1\xee\x8e\x85\xeb\xc5O\n'
    b'=c\xa9/\xe5\x87\x08,b\xfe\xec\x03\x1eI\x06D\xa9[\x90a\\\xdd\xdf\xe4u\x7fS\xaf\xfb(\xc2C\xf9\xda\xf1T\xea\xdei\xf5\xffhq\x9d]w\xe1S\x91-\xe6\xdc\xe8(\x82\xe4\x15\xdc\xf0\xab\x06\xd6j*'
    b'E\xaf.\x03\xeb\xd5\xec\xa2\xc3\xcbB&\xc1\xc8\xc8\x87Y`\x15=\xb9#\x1a\x1d\x9c\x1a\x8b\x14\xac\xb0&\xd0 l#8\xb4\x14UK\x86F\x96\x96\x9d\xa2\x89\xd6b\xd8\xe3ba\xc9\xa6\x88\x00b!f\x812Vb'
    b'\x83,\x8c]W\x0e<Q\xa4\x05\xd3\xeb\xca\xec\xdc\xb2\xac\xab\xe1\x00U\x12\xbfX\xf5\xb39\x92\x94\x11d\xcb%tP\xdc\xd6\xc8\xcf+\xd0\x8dj\xad\x89\x12:\x1b;\x9d\xaeF`B\x07\x193%S\x1bj5k\xba'
    b'd\xede\x96F\xc5e\x84\xa0\xcfuIWP\x08\x15\xea\x01X\x1e\x1d\xaf\xceb@h\xb8\x1d\xa8Yvq\xa1j1\xc0!\xe5\tU\xbb-}&\x0f\xca\x95P(F\x1d\x08\xab"\x06\xfap\xd7\x88\x85\'\x88\xf4\x04'
    b'\xed\xb2\xa92_\x15\x08\xe4J\x95Sa\xf5\x03\xe2\xdc\xe6\xbe?\r\x89\x13\xbd\xea:?\x14J\xa0\x17ol\x14\xd1M\x85?[yW}\x95\x99\xf2\xf2;\xe7}\xf8\n\xde|\xac\x92\xa7\xb3\x9f\x05\x8b]\xd9\x1df\xcd'
    b'\x96\xa0\x83\xa5Bq\xe8\x9c\x85}\x08\x14\x8f\x81E\x97r~\xf4\xa1@\xc0\xcc\x93\x0fM>*Vp\xcdB\xa0l\xb7\xf6\xf4P\xe7\\#8\xc2\xc47\x86_\xcc\x86\xa1\xa6\xadk1Xi\xdd<E\x99\xf8<!\x15'
    b'\x8b\xa7@\xa5X\xac\x12\x06`)O\xb1\xd7\x97\xbc\x19\x02\x95\x0b\x877Z\xbfS,\xa7K\r.!\xb9\xc86\xa1H(\x983\xd9\x8azL\x1aq\xa0\xdej\x02\xb2g9Y\xd4\x0f\xc0\xd0DN!\x1e\xa0\xfa\\|'
    b'}"\x1c\xc2v\xa4\xf2J\x92\xdbhl\xe2\xf1\xd6\xed\xbfP\xa2q \xd0r\xe38\xc8\xe4\xad\xc5\xcd\x11@\x9b~\x8b+\xe9\xc9\x9c\x93\x0c\x95i\xa8\xb8\xe9J\n\xc4Q\x8d\xfb\x0bK\xf1\x87%\xd4\x88\x93PV{\xc5'
    b"q\xf9\xe3\xeah\xd6\xc3\x16\xccP(\xf0 \xdaF\xef\xfc\xed\xceA\x98\xcd\xbf\xc1\x7f\xde\x81\xf6\xdf\xf9Z\x1e\xcfV\xd9\xd3'\xf2\xf4\x00O[`(\x00\x03\xebR\xc60\xbd\x07\xc2k\xc2\xf4\xba\x0e\xcd,\x90T6%"
    b'\xb3Cc5\xc5\xdc&\xa1mb\x14\x9c\xe7\xce#\xd8(\x96\x8b\x93@\x1c\xe0J4\x89\xbd\x06RY\xc69\xa9]\x02\x83Hz\xb5\x01\xb9x\xe0\x071\x17\x19\xcb\xc4 \xe4\x97\t\x95,\x9f\xadz#\x91\xe0\xba\xdb\xdd'
    b'hG\xeb~\rZA\xb8\xd6j\xebFu\x9b\x9d\x16\xcd\xa1\x0cP\xf4\x86\xa1\xcc\x93\x88\x96y\xe7\xbf\x7f\xa9n\xfe\xa55\xf3M\xbd\xbap\xa7`S]P\xe1\xc5\xb9wZ\x12\xf5\xb2\x96\xc7\x19//\xb0\xcf\x95\xdb\x10'
    b'qK\xf0Y\xe0\xbb\x03_\xdb\xbb\xd3\xdd\xfe\xef\xee\xce\xcd\xee?\x7fyw\xeb\x9f\xbfT\xb7\xee\x1c\xf4\xcd7;\x07(^I&n\xef\xc0\x15v\xc1\x92i\xee\xc3\x1b\xab\xee\xbf{\xdb\xff\xbd\xf5K\xb5s\xab\xdf\xdb\xea'
    b"\xf7\x867\xfb\xffv'\x87-\xc6G\xb1\xdf~\xe3\xb2\xfeZN\xda\xfa\xd4\xe1\x98\xc9\xbc\xb9/Q\xe3\xf6\xc6N\xdf\xcfb]\xee\xaeWt\x1c\xc6u\xe3\xc9\xd6U\x8b\x93\x11oo\xf8n\xde\xb0\xc5\x8b*js\xb7\xef"
    b'\x13\xe9\xa9\xbfF#\xf3\xd1 *\xf3\xb2\xccG1\xa7\xa0huTg\xb1%\xf0\xf8q\xbe\xc3\xbe\xeb\xf7\xc2\xea\xf9\xd9v\xb7\xb2}\xa7\x86Z\xd7}{\x13\xe7.\x1f\xb3(O\x1a\x83\x8e_m\xee$\xed\x86\x9b\xf7\xb4'
    b'\xf3b\xc90Ej\xe9\xf5t\x01y\x07\xac\xaf\x9aYkK\xe6\xe1\xf2\xb1\xad\x8a)$b\xf9\xac92y\xbef\\\xf2\xb21.\xfd\xe6\xd2Qi\xb9\xd61\xb1\xf7>\xf4\x94kp\xab\x85\x02\x04jw\xe3\xc9\xd8\xd5'
    b"\x8f\x11e\xf7\x86\xd9(n\xff\xc1\xff1\xa9\xb0\xa1\x965\x18\x12S\xa8/$m\xc1\xe9X\xa4D\x8a\x8e\xa0\xc9SB\x92\xc4\xd4j\x14\x9a%\x9c\xf6T\x19XzV\xd8'x^yE\xaf\x08\x8f\x83\xc0\x16\x84\x9b^"
    b'\xe5\x08\xc9\x83\xbd\x8a\xdd\x02\xdb}\xcd\xf2x\x9c\x9a\xaa\xf77i\x96)\xfb,|\x8by\x1f=F\xa6\xcd\xdbi1]I\xb4\xd5,\xef\xa8:w\x08\x1a\xcbi\xe0\x06d\x98z\xeb\x08H\x12\xc2,i\x00\x8a}\xf8\x11'
    b'\xae\x91)\x99H\xa4\x8b\xe2!\x1b\x9d9\xac\xa8\xd7\xa8Z\xde\x88S2\xfcS\r\xf5B\x82b`)\x1f\x9d\x08\xba\x9buq\xa0o\x8b\x89\xc9Sg\x10\xae1/\xec\xedJT\x17\x9a\x0f@\xaa\xdf\x85\x9d\x1c\xc9U\x8a'
    b'3sz-\xd5\xa9\r\xeb\x08\xd9\x81\x88\xec\x91\xcb\x85\x06!\x03|\x95\x01\xcb\x12"J\x0c\x85\xbe\r-\x1d\x95\xd2\x02\xf5#\xffs"`\xa3I\xea\xe0\x9c2\x8c\xbc\x00\x0c \xf1\x1cE\x05<\xec\xbc[\xa4i\x0f\x8c'
    b'je\xf3\xac\xfes\x93\x18u\xadc(\x0f\nb\xe5i\xbfU\x1dsT\x16s\x88S\'\xa2\xb80_\xd1\xc2B\x8e:b"\x15\xcc\x1e\x02\xdd\xd2\xa4\x9a\xf6\x1b\xda\xac\'B\xb1\x0c\x14l\xe9?\x8d\xa8\xa8\xbbc\xf6'
    b"\xf2\xbf\x0c\x06\\\x8c\x02\xb2\x01/\xb3\r\xa8E\xc0a@D\xcc\xa3z\xbe\x9d\x8e@\x99D\xe1\xbd\x81]\x99\x1e\x02\xe2\tv\x99\xb7\xcc'\x0b\xdd\x88{iVH3\xdc4\n 2\x07/\xc3\xbf\x17|m& A"
    b'\xc5\xae7\x8eg\xd2z\xed-+\xc73\xa9]\xdf\xca\xba~\x83c.V9\xc2+\xcd\x13\xb80,#\x03\xc1"\x8c\x90\xbc\xab\xc5b\x86\xdc\x15K\t\xa87\xb7\xe7\x08\x14*N\xd1\xd7L\xf6\xceS\x02\xa1\x0e \xce'
    b"K\xf6\xbf\xd8=U>\xa5\xfe\xbeG#\x9c\x0e\xfe\xd5u6\xad\xdcJ$\xf3)6\rW\xe8Z\xab2\x8e\x90\x13\xae-.\xfe\xb3\xd9\xac'_\xa4]\xc4\xcdy\xc5M\xa4v\xbbl\xc3\x12\xeeI7s\xe0\xd5\xf2\r"
    b'\xcb\x97\xd8\xca\xfd\xfc\xc5\xfb\x85\xe6\xef\x19\xc8[\xbbl\xa8\xe0\xa1\xacX\xad\x8a\xbd\x8f\xc9\xde\t\x9a\xc2\xd5\x11\xbc\xbcSz\xda\x89dH\xfb\x90\xeah\xd4\xd0\x08U\r\x80N\xca\xca\xf2\x91\x98\xa1\x94\x91\x8b\x04\xcf[\xea'
    b"u\x93\xfc\x1f\xd1\xee\x8dj(\x9b\x04\x88\xc0\x1duZ.\xd5\x8f \x06(\xf2D\xa0;\x96\x1a*\x19{EP\x90\xe9\x88\xa6C\x85\xd1\x9aF\x92QK\xc5YWH\xf26\ngr\xad\xf4\xa7'\xaf?X/ \xda"
    b"\xf9\x10\x90Q\xd4\xd8\xb2\xc84\xe4\xfd\xe6\x14/G\xd3\xf9\x8f\xa5\xb2\x7fA\xc0\xd7U\x17.'\x0c\x9a\xb6\xaf\xd1\xa5\x15*(\x8f}\x10\x13\xd5\xe9\xa3\x01\x1b\\\x13\xb0?\x94\xb9v\n\x84/\xe9\xbb5~\x0b\xc8,\xdd"
    b'5\xd0\x85<\x0e.\xdb\xe6*Q\xbe\x8brm\xa2d\x96s\xd1eq\xb4\x19\x8bx;\xeb\x80\x10\x89+\xc3R\xc8aG\x94\xc3Xe^\x8b\x02,\xd61\xa3q*\xd9w@\x11\x02\xff\xf2\xfb\xb7\xcf^=\xaf\x1f\xf5'
    b'\xb6\x04G\xf8v \xc5\xc5%{$\x95\xa7\xec\x13\x91\xef\xa3\xb0Yu\xfe\x04\x8eOdo\x80\xef\x0e\xc0\xf1\xd11\x89\xf1\xfbvJ\x97%\xf90U\x06\x1dY\xca!\x11\x7f\x85(\x18\x1b<4Y\xfe\x06\xcf\xfa\xeeb'
    b'r&g\xed\xd43y\x82<>]\x96\x13\xcb\xb7\xb2g\xb9\xe1D}\x14\xe6\xff\x06]*\xaa\x81c\x19\xb3\xec\xda\xd74\xd6\x84)\x8d\x8c3\x85S\xdaP\x18\xc4@\xb5V\xc44)V\xe3\xce\xed\x8dP\xfb\xec\x94\n'
    b'\xfa\xdf\xd0)\xc5j\x1d\xe8\xb4f\xfc\xa25g\x9ag\xf0.\x8a5@\xc5\x82\xf0\'\xf0\x08\t\xed\xdf\xc6\xc5\x05\x1b+\xfa\xc1\x81\xe48\x1b\x84\xa4\x96\tq\x91"\x0c\xa8\x89N\xc4a\x8e\xa8n\xcc\xedJ\x8a\xe0\x83\x84'
    b'S\xd7r\xbc\x03fDM^\xc4\x8b\xe3\xb3,s\xa9\xe5Y7sR-,&\x17\xdf\x1b9E39[1\x12\xbca]\x80\x12Rl\x9b%\xcd\xf0v\xe5vw@\xc9@h\xe5\x8e9U\x92\x8a\xd0\xe7\x8dI9'
    b'\t\xed\xa9ZoZ\xeb\xdc;\t\x8c\xb9\xeb\xa1\xfc\xc6\xfe\r\xfb\xa8*]\xdd\xf6\xa4\xbd\x1e\xc5\xc7\x8a\x83\x10\xe0\xcf\xdd v\x7fDv\x900\xc5\xdf\xf0\xefh>\x97W\xfd\xf6\xda\xcaO\x81%\x90\xcf\x9e\xe3\xcf\xf8\x15'
    b"_\xf4aA:\xc2ii+\xa2\xaf\xfa.n\t\xd4\xd77$\xa6\xc1\xb1\x0b\xeb\x05\xde\xa9\xae3\x1cBEQ\x10\xda\x11'My\xa1\x0e\x9b\xfa\xee\xbc\x8e\x7f\x1bQ\x13\x98\xb8>,LJ2\xa7\xa7\xf6F\x9e\x1e\xde"
    b'\x90*\xc8\xe1#\xe5\xee)\xa4s\xf1\xa4\x07\x19\xa0\x9aWd>p\x08\xf4\x9f\xd2\x93\x1fQ/\x18B)\xbe\xf7\x11\xf5B\xbc\x1f4\xd7\x99\xe4\xaa0\x00\xbc\x08-\xc0nF\xa1\xd2%\xb8\xbf!cQ\xadvI$u'
    b"\xe8\x08\x17\xa5\x0b\x94\xc7\xd8~b\xfeM'\xa1\x89\xc5Qz\xf9\x81}\xc81r\xd9\xfb-\xbd\x8e\xea\xd8\xbdz\x1b9\xc4\xfb\x98\xa0)\xe6gJ\xe6\xb36\xd0~i\xa0\r\xae?\xf3\xe3H]\x7f3\xefm\xcbG\xdb"
    b'\xd3\x9d\x9dL\x97\xe6\xb3C\xf3\xc3<\x87\x949.fU\x89M\x15\x9c\xcaN\xff3\xb6\x86\xf0}\t(\xa8\x12l\xf3\xb6\xb9\x0e\xad\x14\xa1\xfe\x03\x97\x0fI,\x7f\xf1\xaa\x17\x08\x0e\xf2)\x86\xd7\xc2/\xfe\xd8T\xdb\xde'
    b'\xc1i\xd8\x96H[\xbb\xb5\xed\xcb\x80\xb7\xe8\xb5\xbf\x08\x9c6#\xa9\xd6\xe5Uf{\x1c\x16\x80\xbd[\xabx\x12\x9f\xa3\xdcN\xdff\xc1\x97Z\x9b\xa8\x1be\x13n\x8a*\xd2\x9dU0\xde\xa5\x91\xeb\x16\x14m.\xaf\xc4'
    b'\xb7\x18dm\xca\xaeM\xc03\xbd\xe6%]6\xaaW3L\xb1,\xbd!\xc7\x8c\xbag\x04\xb3\xc5F\x12\xeb\xa4^m\xacES\x1a\xec\x15\xc7\xa1\xcf\xe5\xa4\xe1\x01xM\xdd*\xbd\xba\x89\xbe\x9a\xcca"\x83\xf2\xf7e'
    b"\xb8r\x07\xa6z:\x00\xee\x0c\xb9\x93C\x85\xd7\x95V@ \x8e\x8f\x03?\x1by\x85\xdd\x19\x81\xba%M'\xaa\x1fd\xb9h\xa5E\x98\xf9\xf6\xc4X7\xb0\x1a\x03[\x14C\x91\x8c\xed!:O\xa4AZP\xf43\xf4"
    b"\x8cH\xc6\xe1\x82\x86\x9e\x1b\x1a4#\xc9\xf7\xd0\x9d\x94\x08r(\xe2\x16\x0fPRQ\xe0\xe7\rM\xe18\xb8P%&\x92\xca\xe4\xec'>R\xe7\xc7L\xa1\xc71s\x86\xd1\x97\x08f\xf7\xfd\x7f\x06\xf9\x93v\xcc\xd6\xc9"
    b',\x04\xae[\xcf7K"\x8d\xf4\xa4Ri\xeb(\xf0\xfe\xe1\x13\x81&\x99K\x06\xbd@\xdc\xf6\xc3\xf6+\x97\xa4s\xac6L%r\x1e\xb3\x0c\x10\xa1\xfa\x83x\x07\x08\x14\x12\xcc9\xe5\'ZUav\xe4\x98\xc3$\xb1'
    b'\xf1hn\x9c\x87\x12\xc2$\x1a;\xa9<\xf1\x8ci84!p\x19~\x81S\x9b&D\x9a\xd4w\xc2\xa9\xcc\xa0(\xc0\x8e8\x80\x89\xa5\x17\x8a\x00f^\xf6\xa9B\tuz\x07\x90\rT\xcb\x07\xf4q?\xb1\x89\xf5\x92'
    b'\x8d\x96\x89\x8b\x13\x98\x11\x7f\x13\x9e\xc8_4\xa6&\x18[N#\xc8\x17\xf4\xfc\x04Oz^g$\x94\xdb\x1bw\xfe\xfd\xdd\x9b\xd7Cf\x9c\xee\xf1O\x1c\xc7\xf9\xc1t\xff\xac\xa7E\xfa\xfd+\xc8I\xe8\x17\xa4\x9a<C'
    b'\xbdg\x1d\x1fG\x11O\xb7QKe\xd8J\xa8\r$\r\x7f\x0fu\x02\xfa\x1d\xff\xab\x87*b}J\xa5\xf0,\x97\x9bp6\xcf\xa4\xac!\xd6+\x7f\xbb~\xc8\x1cF\x1c\xf7\xa5\xc3\xf6\xb8\x1en\xb8-\x93anj\xee'
    b'.\x11(\x8e\xf83\x150$\x15\xbeN\xa9x:\xc6~\xe9\x9b\xf0\xff\xe9\xb10_\xfaF~$B\xae@-Wg.$K\xdc\xd6\x96,\xab\xa6\xc3\n\x95m\x8fx\x1dI\xfa\xab<\x87\xe1g-+\x97F\x17\xd5'
    b'-S\x8e\xd0%D9\xf3\x930>\x8d\xfe\x12\x02\x87\xa4\x86Z\xa1|t\xaa9m\x83:\x13\xe1\xec\xf6bN\xc2R\xec\xe2%\xadb\t\x94j\xcfr\xa2\x89\x1f\x05\xc8\xf4.4\xd2\xb6o4\x96P\x19\xc8\xb4\xcfH'
    b'\xf4\xbf\t\xfdo\x1e\xd3x~1C\xde](\xee\x90V$\xaaZ\xeeCIT\x936\x157\xd4\xe3\xcf\xe3M\x1a\xa9(\xc1\xffD\x861m\xac\xed\x9d\x96=%\x0f\xd3\xf1\xcd*\xb1g\xb9\xf8\xf8\x99\x1b\x82s\xa8\x1b'
    b'\x82\x7f_\xf1\x8c\x87ER\xbf\x17w\xd0\xb5\xf4\x9a\xf9\xae\xe5\xf3\xca3x\xc6f\xdcL\xa7\t\xae}\xeaf\xd7b\xb1=?\x15y)\x1c\x994\x1b\xb5Jl*\xcc\xa0\x8e\x19H\xa3\x02\x83_{T;*\xce\x89v'
    b'\x81HqI \x9e*\x94\xa3\xf0ug\x84\xd8\x0c\xa8,\x86r\x14\x98\xaa\x08?\xe5\x8e\xdb\xd6\x8c\xe8\x9d\x8c\x82\xcefa_\xa7TVZ\xe5\xb6\xafg\x88\xee\xecX\xa2\x1a_e]\x11\x80\x87~\xae\xf0\x9b_\xa7 '
    b'=\xa7\xf3Z\xc8\xb5g\xc3\xd2&W\xfda\xe3he]\xae\x02\xbd\xd8;|\xbf\x88\xf3\x002%\x95\x91bi5t\xd2\r\x05H\x1dI\x80\xb2\xe9\x1b\xca\x1c\xaf\xc9\xc4\x1a\x98\xb5w\xe8|\xafQ\xbdE\xd6\xa58\x07'
    b'?\x1fyvf\x8d\xc03\xe0t\xd6\xd8\xd9\xe8Z N\xb8\xb47F\x03\xe6b\x0f\xeb\xafy\xf9\x06\x1d\xd1-\xc5\xc1\x9b\xe3e}A@/\x12Y\xe26\x94@X\xe7\x14*\xbc\xcbV\xbe\rZ:\x0c\x00\x1d\xa5\n'
    b'\xad}fHA\xdbw\xf0"p\xc3Q\x1b\x96\xfe\x1e\xd4\xd4A:L-\xa4\xbf\xe3x\xa1\x1f\xc1P\xf45\x97\xe7<\xa6\xd2\xf5m\x13\xf4\x1c\xfd\xac\xaf\xf7\x9a\x91\xa5\x1d\xc00\xbc\x0b\x17^@Ge\xed\xdb\xf7\x17\xdd'
    b"b\x85hf\xed)\x80#?r\xe8\x8e9\x04\x0c\xedLr\xeb\x01\xa7\xc6<\xbek\x97\x9fj\xf9\xd2E\xe5\\EW\x8bk\xd1\x85\x13\x97\x9c\x93\xab\x0b\x98d!\x90yS\xae\xbb'KoV\xe7\xe4\xd3\xda\xb5n\x17"
    b'\x13\x96\xcf\x11\xa5\xc6\x0e\xec\xf7\xd7\xeeLL\x90\x1c\xfc\xcbW\xe8\xa9Z\x14\xa6s\x9b\xbc5\xeb\x88\xbc_\xb77\x1a\xe79\xa7\x1bkW6m0\xb9E\x8cH]\xcc)\xf6k\xc4G\xad~\xecZ\xef\xaa\xf1VLZ'
    b'wIV<\x05~W15\xea\xc5(\x83\x08\x9fb\xc8\x98D\xc3\xa8>\x8a\xe2\xeb\x88Qm"e\xc3\n&\xb9\xdc\xb03\xa4N:G\xea\xf6\xf20CA\x90\xa6I^\xd3m\xc6D3p\x80[L\xf7\x88%\x82'
    b'H\x05\xcb\x8a\xbd\x9e\xc851lB\xa1\xf7\xc5n\x0f\ns\xbf7\x06\x9d\xee3\xb9\x97\x16\xb0xv\xd5\x9aJ\x05\x03?\x8a\x81/Yk-,\x0f^dI\xa1\xd6\xf6a\xaa\xday\xfdG\x05&\xf9[\xa9\x14\x8cJ'
    b'\xd5z4\x99\x14f*_)\xd9\x82\x87\xe7 \xc9\x95\x02A.0\x881|G\xfd\xb3\xa2\xff\xe2Iu\xc5pl\x14\xcd\xdd\xa2\xf1\xa4\x1b_5\x03\xa7-\x98y\xc3\x05I\x87\xbf\xf3x\xea\x8d\xf0\x7f7\x1c\xf4\xca}'
    b'\xc4\x98\xaf\rr~\xc9\xd7\xa3\xce\xab\x8d\xce}\xc6\xb4\x8f\xf0\xaf\xc5J_\x16T\xfd\xf0J\xd1\xd3.\xd8\xfa\xce\x13\r\x97n\xff\xaa\xd7N9\xba\x96\x98X6\x10\x16\x00tX\x03\x89\xa5\xb4\x9b\xd3\x18\xc6\xde^\xd9\xb3'
    b'\xc9\xa4\x93Wx\xd9\xa6P\xdf\xe9wl\x93q;\xaea\xa1\xcdbu\x0e\x94\xc6-`\x8a\x047F\xa3-\x1a\x19E\xa3\xaf\x03\xd40\xfbKl\x07#\x0e<\xda\xa1\xafUI\xfd\x97$w\xd4k\xc1\x8ezL\xc7`'
    b'\xb6!P"\x0b~\\\xd6\x12\x857\x9c\x92\xd11\x90L\xcd\xe9\xbel$\x0cg\t\x90\xc9\xb5\x0c\x02\xbc\xd0\xf9a\x02\t\xb5\x94\x97Ii&9=\x99\x19\xab\x92,\xe0\xa0a0\xfbO\xca=\xda\xe1M\xc5\xe6\xf3\xf9'
    b'\x00P\x07\x9e\x904\x91\xb1N\x19\x11\x95\x81\x8e\xd6\x1d\x95E\x05\x85a\xe6\xd0qp"\xa8\xc2Y:R,\xc0?N\x02=z\xa7\xee\x850\xbbv\x87\xe1m7^\xfdX\x94\xf7\xc4^k\x94\x0eEyN\xfb\xc3\xc5'
    b'\xfe>,\xb4\x8bc\x1f\xf5zL\xc9\x89\x19M\xa3/\xfaF\xb8d\x9b\xf9xPf\xdb\x17\x04{\x96*\r\xdf\xb1\xc4\xc8?\xfb\xe7?\x9b{\xd5\xfa\xdaR\xbe\x9f\xc5\xfbg\x1e\xe7\xda\xd7@\xde\xf4\xaf\xe4*\xa2\xa3@'
    b":\xc8\xb6\x0b\xc1\xed\x10\x87f\x8fT\xe4u'\xefH\xa0\xed\xc6\x0fW\xf9\xa0\xa3\xd4\x19\x01\x07\xf1f\x95\xa8r\xc7Cl9\xbe\xde\xc9\xe1,\xf7\xd4\xa9\xd3\xc6\xac42!\xba\xccW\xa4\xc0\xa1d#\xed,\xf7\xb86"
    b'\xd3\xc5\x1d\x96PoQ\xdcC\xb7\x0b\xd3\xf5\x84\xce\x15\xe6c+\xa6\xad\xab\x00\x0c\xb3d\r\x176H\x9b)i^=\x1e7\n\xec\xb5`\\\x89U\x85\xee\xbd-\xb3\xa2\xc3\x8a\xba\x12v\xb0\x0frY\x97\rQ*\xd5'
    b'[\\\xc6\xd1\x02\xe8iw#\xa6-\xbb\xb6\xf9E\n<6r}I\x8e&\x16\xabqU\x96\x99J\x90\tl52s\xdc!\x03)\xaf\x84p\x1b\x8a\xd6\xb3\xc6\x9eXfR\xbe\xbc\x08;Q\n\x18\xd8\xdc\xfb\x88\x9c'
    b'(\xac\xde"\xaf\xa8\x15#\x89\xb0\x88m\x90\x88Mi%\xc2$\xca\xa4\xe4\xa9l\r\x1a\xa9e\xea%\xe2)\xce\xbc\xf0f\x17\xcc\xceQ\x106dzX\xb4\x9e Kab\xea\xad\xb0\xac\xb4\x82Wk\x00e\x1d\xc7Y'
    b'H\xfeA\x95\xc4j\x92?\xc7\xbav\x8d\xa5\x81\x98\x1f\xa61\xa3\xd72%\xf9{\x92\x86HX\xac\x82\x8b\x12\xb6\xd0J\x7f\xf5\xfc1\x8d\xc2\xed\xd9c\xdeQ\xfc\xd0\x11\xd6\xf3\xa2\xd9\x88J\x1e\xb6|\xd2\xb2\x81\x88\xeeO'
    b'\xc5\xa0\xe6\xf7Hw\xb2nB\x88\xb3\xe5\xea\xda\x92\xda$\xa5p\xf6XW%\xb7|\x96k\xa1k[\xe6\xb3\x96\xe9\xa4\xd1\xcf\xf6\xacxyE\xf54!\xcd\xf1\xf2\xb6n\x1d\xeb\xfa\xce\xfe\xceYp\xfa\x02\x0f\xce\xcb\x13'
    b'/\x08\xbc\xe5d\xba\x12d^I`/\x11\x9c\x81\xd9\t\xf2\xd8\xea\xcc\xb27E\x0f\xaa3^^\xd5\xe1t\x7fU\xa5Ji\xd2bTw4\xa0#\x96\x8e\xc0\xfe\x05\xb0\x0f3H\xe4\xe9J\x00\x19\xe2\xd1\xc2q\x89:'
    b"\xc3L;\x84\x9co\xe3,\xc7\xb2\xcfm\xd1\xa6\xf7H\xb3\xe2\x94\x1f\ra.W\x92\xb8\x1c\x16\xbe,5\x05\xd6\xdd\xbc{1`I_'\x95@\xe3,\xfb\xce7\xb0\xa6\x9d\x0fC\x98\xd7\x88\x1e\xd6R\x813T S"
    b'\x92D\r\x9b\xab\xda@\xd2kM\x8f\xc4\x18k\\*\xb2}\xadh\xed\x93\xc0\xfe\xa1[}:\xb3\x86w\xa8\x17\xb2\xe4\xd9L\xd6\x0b\xdfW\xc7\x04x\xdc\xd7\xd8\xe5h\xd0\xa08\xdf\xa6\x82x\xbb8\xbd\xba\x12\x82\xed\xbf'
    b'\xd3\x9ew/\xcc\x89\x90\x11`\x17\x0c\x96\xf2%\x94\xf35z\xc5\xb0s\xe2-\xb2d\xee\xbeK\x19\x1e\xc0\x1d5\xc5\x8a0\xc7\xddX\xd3\xbc&\xaa\xac\xc7\x89@\xc9\x08\x12\x81\xb1u\xe3\xd3\x88\xf1\x10U\x01\xe9\x03\xbb\x9e'
    b"\x7f\x16kR\xbc\x9e\x11\xd4\x01\xe7\xd3\x89\xd3\xa4a\xcd-\xccP-\xeaP\xd3\xa4\x86\xea`\x112 F\x98\xa5B\x17a9\x18\xb8\xf62\xf0V\xe5*\xe5\xefapO\xf4\x9d\xd0>\xa8\xfb$\xc2\xceV'd\r\x84"
    b'\x9d\x88\xa3TvH\xc6\x9fB0\xb7\x7f\xd9\xfeeg\xbc\xc3@L\x9fZ\xc0\xcd\x15\xee\xdeTO\xff\xa2i\xec\xd4Tc\xfeY\xe6\xca~\xde\x86\x12\xc8\xea\x13\xafLo\xae+A\x8c\xd1S\xac\xb6\x85\xe5\xf3p\x8a\xda'
    b"Q\x12\xf1\xd6\xb5\xa5Z\xa0+m.-\x1c\xf7\x97\xd0\xde\xae\x7f%($\x1b\xfeQ>a\xfa\xd4\x17X\xb3_\xf4uV}`\x99\x0e\x154\xa5\xb9mr\xbd\x96\xf3\xd4\xde\x18\x18\xf8G\xd6'\x9a\xad6\xfa\x8ddq"
    b'\xad\xd3&\x1fz\x16qz5\xfe\x19\x05\x1bK\xe4\x86Vo\t\xe5S3\xe2aq%\x84\x1a\x11\x19\x14`\xef\xd2\xb5D\xc9\xb8\x90{\x87\xe5\xde\xc7@\r\xbb\xf1\r\x9f\xc8m\xe7\xf5~\xf1\xfd\xba\x85\xc8\x8bC\xe0w'
    b'\xb5\xd5X2\x8e\xad\xc6\x86\xef\x89\x10\xd7|\xb5\x0e\xaf\xa0\x9b+!\xc5[\x06\xc4Z\xd5\xa9RS$pH4.l*t\xca\x07\x88T\xe3\x0c\x8b\x1e\x96WYt\x8bQ\xbbC\xc2\x82\xac/\x15?mOV\x1b\x8a'
    b"\x8a\xcc\x1f\xbd\xcf\xa3\xa1^\xe2\xbb\xa8\xd9V\xf5\xf4i\xe7\x8b\x03\xd5\xcd\xc7\x10N\x847,\xdd\x19\x1cD\x97\xf0\xfe\x9c'\x15\xad8FU\xeae\xb6b\x96\xf5j\xa1^\xe1z\xbd\x9b\xaf\xb9\xf8|\xc1\x1f\x80\xbe\x04a"
    b'2\x8d\xfc\x0bn\x1f\x1d\x8bB\x03\xea\xa0\x04\xc3\x8bj\xa5\\\xe0\xfc|\x850\xab\xc0\xab$\xb3\xb5w\x84\x88q\nsFla\x00\x88z\x0f\xa4\xb3\xe9\xbe\xa1\x91\xf0\xd1\x1f\x13\x91\xbc\xa1\xf6\xa3\xde\x97\xb9\xdch\xd7\xfa'
    b'\xb1q\xff\x94\xdd\x1b\xc8\xab\xbau\x9e\x0fk\xee\x1b7\xe2e8\xa4\x05\x83!3\xceg-&U\xe7\xde\xd2\xd0Iz\xddWq\x91h\xd9B9Mk:\x94\xfa\xed\x92mTY\xff\x94\xf80\xf4\xd0I1\x99\xb2\x83'
    b'U\xab\xa8\xaaRf\x07\xaci\xa1~\x94F\xa2\xf1\xdax\x17\rq\xd6\xd3\\L\x8c/\xe2\x0b8\xe5\x02(\xc3z\x01\x8d\x98\xbbo\x91\xed\x1d\xaf\xf9+\xbe\x8b4\xc1^\xdb\x83\xa8\x03d\xe5\x89\x80\x9b\xd0\xf1T+\xe0'
    b'\xe4A\xb1\x95\xd3y\xab\xceHt\xcd\xd7\xc1w\xd4G\x8c\x1b\x13\x0b\xb7T_\xff\xd3\xce6\x98\xff\xed\x16+\xc9N?z\x01\xd4\x8c!\xdb]\xfd\xbb\xcbow\xfc\xae\xe9n\x8bz8N\x90\xee]\xdc>b`&$'
    b'I/\x06\x80$\xdd\xf1\xb8\xe3\x03\xa45\xf0\x1d\x08&T\xbde\x90\xba;]\xdb\x98?\x1b\xa1\xf1q\xc8<\xae\x08\x85\xf8\xd5m\x8fj\xacG\xa0Z-\x0b\xc6\x1a\x89\xe2\xc3X:\xdd\xdb\x88\x0e\x83\xe3\xe1\x80.\x7f\xf4'
    b'\xef+\xc4\xf8\xce\xcf\x07Fvb\xe5\xc9IS\xbd2iY\x9bM\xc5\xe9\xd9\xf6\x1f\x1d\x9d\xb1\xbf\xf9\xf95\x01$\x9cqC\xc2\x02\xcf\xaeh@2j\xb6\x00\x13\x97\x16\x82\x16\x18\xdc\x04\xed~\nv\xbc\x13)j\xda'
    b'p\x1f_\xbb\x9a\xbd\xcd6\x95\xf8\x9a\xd2\x04\xdfu\x907\xdf\n\xf0D\x95L\x96\x137\x1fz\x90\x07)\x1b2\xcej:\xd6\x88\x86\x8e\x95+TA\x95o\xb5=k@\x10$\x1e\xd7;\xd3r\x96}\xa1z\xa5nJ'
    b'\xa2\x93\x8aO\x9fz\xb1\x859\x87A\x10\xdf)[\xba\xa1(\xc4Z\xa0\xb1HQ\x03\x1d\xd6\xcf\x88\xb4\xa3\xdd\x99\t\xe5\x8f\xf4\x96\xef\xfc$\xc7\xda9\xa9\xbf\xb3v\x11\x16\xb1E\xb7\xe4_\xc2\xadD\xe51\x1f\xf5]\x1f'
    b'\xf8 J\tz\xaa\x7f|\xfe\xec\xbb\xe7o\xc3\xe9d99\x99\xbf\xcc%\x85W\xf8\xd7\x9fM\xe9@:\xd6\xf2\xd3}\x82l\xf2\x9d\xd7\t\xd3\xca\x9c\x00\xcf\x02S\xac\xa6\x83z\x88+;Vg\x81\x9b"\x88{b\xa2'
    b"/\x1d\x03\xfa\xc9\xb9Yf\x02\x18Y\x95^$\xd5\xe1\x141*\xc2\x12\xe59%\x1ahDe\x8cq\x15\xb6F\x83\xd1\xd0}\x0b'\xd5\xf8\x87\x84Z4)\xab\xbd\xe5\xf4X2\xa0\xb3]\x9c\x88p\xfd\r-\x87\x13\x02"
    b"E\x08'\x14M\xf7\x96GIB\xde\xc4\xd2w$Y,0S'\xf3\x8fs\xe0\x98\x11\x96\xfc\xa7\xe7\xaf_\xbc\xfe\xe1\xc3\xcb7o\xfe#\xe1\xe0\x85v\x88\xb1\xa9\x1a\xfakyVY\xf1\x91\xb7\x84hg{\n\xdb\x94"
    b'\xa0\x0cqsv\x0eO\xca\x98\x85~\x80\x18\xa2\xc5\xfe\'hE\x02\x17\xb8\x1b\x9d2Q\xf3[y\x12\x03>4\x9f\x05\xb4Z\x073\xe1\xd6$g\x06\xa3w%3\xab}\xa3"\xf5\x01\xc3r\xcf\xaea\x14\xefLq$'
    b'?L\t\x94, ]\xfd\x18\xa8\xc2\xb7:\x1bT-\xfd\xa6\x92v\xd8\\\xdf\xca\x8aa\\e\xd7"\xc6\xba\xef\x8a\xb0\x91)0\xc3%+\xc8+\xe1:\x00H\x1d\xb2\xc0\xbdZ\xcc\x17\xe6\x91E\n\x19\x96$\x10\xe0\xee'
    b'_\xca\xbbw\xe1\xbc\xf0\x97\xb2\x90\x7f\xef\x16\xf7\xe5\xdf\xbd=\xf9\xf7\x81\xfc[\xdc\x95\x7fQ~\x07U(\xc5\x19;q\xc1\xb2?\xa58\xb6\xda\xd5\xbd-%2P\xd9\xb1M7\xd4E\xe5d\x0b\x17d\x98\xa8\xe3\xdeh'
    b'8\xba\x1f\x06>|(\x15\xd6\xf1a\xbba\tW\xbe\xf4\xe6\x00\x13\xc5V\xc5\xf9\x13\xbd,f\x0c\xf6\xfa\x8c>BY\x12y\xc7\x96\xd2\n\x19\xa9\x07\xee\xf9Q\x19J\xcc\xf7\xce\x10\xed\xa5\xa8\xd6r.\r\xebz\x7fV'
    b"H\xa8\xf7\\\xce\xd6\xee\xc9\xb2\xd2\xc4|a\xd7\xef3\xd0@\xd2}\xa8\xe97\xd4z4\x9dLf%w\x94\\,\x13\x8d\xd5\xe0~\xed\x14\x10}\x9d\x02':\xb9\x80i?]\xc4|c\x88\x12)f\xe55GWJ"
    b"\xeb\xaf\x8c:\xbe\xd0^\xf6tBl2(qS^\xeaq\x96\xc3\x04\xdf\xd7y\xa0#Q\xd8\x06V!#\x15!\x91}/UQ\xc0Jo'\xe5\x8a\xd7\xddV\xe7~\xfeB\xa7:\x93;\xd7/\x12\x99\x8a\x99\xa4\xa4"
    b'\x0c[G\xfell\x9c\x07\x83\xce\xe6\xf0~\xdc7\xb0\xd9K\xa7X(\x1fk\xd3=\xa3\xabQ\xc9[\xa3\xe1}\x97\xd3\xd3\x88\xf8\x96b%\x0f\xf5A*Ad\x90-+X\x87nG\xa6c\xce\xe7~8\xe7\xcb^\xad'
    b'\xd4\x9d\xce\xa6\xc3\xe7\xb3;\x9e\xee\xbc\x81\xd0\xa7\x19\xd1\xaf"$\x12\xda\xec\xcb\x18\x85\x14n-\xe1\x9b\xa0\xa3\xdcIj\xb0Z{O|\x8aA\xc7w\\\xdc`\xad\x92\xdb-\xcdc\x93\xb6:\xbd\xc8Z\xa1\xe4\xf1aQ'
    b'\x95\x9c\xdd\xbeW\xc7\x1f\x10I;o\x10\xf5\x0f:\xed\xcdz\xdbF\xf86\x9a\xed/\x18M(\xd6\x17\xa2C$\xbb\x0c\x988\x97\tUm\x94\xf6))\xc9\x15w\xe9\x05\xe4\xce\xad\xd2U\xb7o\x8d\xec]\xb0\x95\xf3\xad'
    b'\xbb\xa3\xa38\xf7\x17K$X\xe2\xd8\x15\x03\xde\xc5U!0$D\xdc4<[\x18\x93\xc2]Gh\xd2\t\xae\xcb\xca]\x93\xe1\xe7\x07|q\xc5+-\xbb\xb4.\xbc\xd7\x18\xbb\xee\xee5\xfd\xa9$D\xbc\x8c?\xfb~'
    b'\xb3\x7f\xcb\xfc\xdf\xbb{\xf7\xf3\x7f\xc3}\xf7\x07\xdfo6O\x1d\x82.\xfcZ\xcc\xb8t\xcbM!\xa9\x9b\xb8\xe36m\xb5[n9\x8c\x9e_\xd4\x89\xf1\xddp\xe1m\x1a5\xfe\xd7]y\xef\xf6\x80(\xb8\xe4-\xf3-'
    b'N\xb2 qf\x00\x01\x1a\xe2"/\x04\xd15Z\x85\x10\x9a6etZ\x10GNgg\x03\xc8XA(%,@rv\x03\'\xb5\x9cVeD4\x08\x8b;\x1bX\xba2| @$\xf4\xc0D\xc1\x8a8\xb9R'
    b"'nI6\x1b\xa6a6Sg\xd3\xc8\xbf\xb2W\x82\xd2\xbc\x98\x0b\x8f\x8a\xca\xed\xc6~\xbf,\xc4\x85TK\x8aS3\xba)\xa8\xdf\x0eg\x97*7b\xb2\xe3\xda\x17\xc4g\x1c\x18D\xe3\xed\xc37z\xaa\r\x8dm\xda"
    b'\xc0^Bs\x07\x077\x8e\xa6\n\x07\xed\xf8\x03\xe4\xf5\xd9\xf0\xf8\x8c\xbe\xb1S\x8d\xe9\xe3\xec\x82\xb1@\x06\xc0\xf0\x886\xb6\x939\x1d\xad\xd13F\xa0\xda\t\xe6\\M\xeb\xf5\x85\xaf\xc1G\x91\xfd8^.\x8eCE\xcc'
    b"\x9d,\t\xd8\xc8j\xafN\xe6\xa5\xa6\x9a\x90\xb9%=\xb2 N\x1c\xfd\xa9v\x15\xb2\xf0'8\x9e\xa1)u\xf5.d\x9cU\x1c\x1d\xe55\xf6Xt\x033\xc9m!6\x1e\x86\x852\t\x0bL\xf6\x95F\xd7r\x96\xa9"
    b'x\xdc%866$D\x98\xfd\x88\x99\xc3\xc9\xc7\xc0dUip\xfeD\xe5\xbb\xa0\xc0*\x86\r;\xac\x19\xf1RR\xc1\xe4t\x16}\xed\n!C\x11{\xd9&o\xe3\xfe_Q&,\x1f\x91q\xe8\x85\x88\xe8Y\xf6'
    b'VC0\x11\xc8\xbf\xa7+#\x04\x1c^\xf0\x98\xe7\xcd\nP\x942}\x1b\x03%\xc5\xe1\xf9=<\x9e\x9c\xac\xce\xc2\xdf\xf7\xa33\xbc\xb5Yt\xfeq\x02\xdfu\xf6^\xad\xdeRo\xf8*\x82\xf4\xb0V\xcdg\xf8\xee\xf9'
    b"\x877\xdf\x7f\xf8\xee\xe7\xe7/_\x12\xfa}\xe3\xfe\xe3\xec\xcd\xf7/\x9f\xbd\xfb\x91o6\xef{\x05\x8b\x98w^\xcc{\xa2\xe5\xf9X\x86\xb3G\xef\xd0\xd3\xd0\x95\xa4*\xdcW\xe7'\xea{\x04_p^\x9ev\xde\x96\x07"
    b'\xcf?\x1dC]%\x08\xf1 n[\xbd\xdbO\xb7\x7f\xf9e2\xdc\xb9\xd5W\xfd\xbc\xd2\x14\xa9D}\xe1\x8b\xdd\xaa\xa7\x06\x1b>\x07\xdc \xa4\xe4\xd8x-h!<A&\nS\x00\xfaH\x9eh\x03\x02\xe2\xfd\x00T'
    b'4\xaa\tYI\xa6\xe7\xe1\x9e\x1c\xc8j\xa9FI\x9eEf\x95g\xbd+\tMB\xa1\x96\xe7b\x1f\xe6WP+P\x87*u(\xc5|\xec\xaa\xfd<f6\x86\x15\xc5\xdak\x85\xc3v\xa9c\x8b&\x10\xd9\xe8\xf8\xc5'
    b"\xfd\xb6U_\xdd.\x9fw\x07\xd1 f\xb8\x9a\xc2\x946\x8a\xcb\x8bP~3+\xaf\xc7\xacY^^4\xea\x9f\x9c\x8a\xd7\xddf\xe7\xa6}{',\x05\xfbx3\xb3\xe0\xb9@\x88:\x96)w^4\xec\x92\xd8om"
    b"s\x97\xdd\x01\xfa3\x7f\xf3\x0e\xd5\x8d\x92\x1f\x89\x9b\xd2\t\xf2C\xff\xbc\x82'|\x86yB\x06l#\x9c\xd2x\xb3f\xde\xef\x19p,\xb7\x8c\x1894\xf2\xbdeu\x85\x1b\xbdl\x11M\xa6\xa9\xcf\xb2\xd0\x90.\xb6\xc2"
    b'\xbd~\x18Y\xd8\x11a>/_\xea\xdf9\x91BAnJ\xb7~\xc7DF\t\xbee*\r\xf1\xc2&\x11\xee\x96<\x83z\x88\xf4\xdc>S\xbe[\xde\x91\xb9I\xc7\xf5\x8b\xce\x9b[\xb6\xf8g\xcb\xc1\xf3\xccOj\xf1'
    b'\x0b\xc4\x80z{\x1c\xd1\xa5\rf\\\xbb2\x0f\x80T\xf3\x1c5jK|\xfc\x9b\xb9d[\xdd\xdf\':\xbf\xd6<\x9b\xea\xdd\x9a\xd0#D\x0fQ"axd\xe6\t\xde3\xec\xfc\x00\xa8\x92p\xe9\x86+\xa7\x98\xa9\xac'
    b'R\t\xa0\x8cB\xffx-\xda\x11u\x164\'2\x8aG+\x8d\x8a\x89\xe5\xc1\xee\x07~\x05cH\xd9\x19=\x90_\xc3\xff\xa9\xfa>\x189<"\x0f\xd5\x13\x81\'\xd9\x05e\x13\x05>\xf7\xae\xb2\xc7\xd09\xe4\x1f~\x17'
    b'\xae\xd5\xba\xd6\xc2N1\xa6\xf5\x91\xcd*"W\xae&\xa8|\x03\x83\xf4\xe1:\x19\x85\xa0GI8\t\x93\x0eC\xe0:\x8d\x1b\x7fe\x02\xc9\xfe\xfe\xe6d\xa3\xa0\xac\xb1\xc1\xff\xf0\xcf/x\xfa\x87J)\x99X*K\x96'
    b'\xc4\xd2\xc6\n\xd5e\x14\xf06\xa9dZ\x92\x7f\x9dP\xf2R\xd8\xc0\x95\x86&"<EPk\x03\xf1\x0b\xab\xc9`\xc4b\x15\x98,\xe0\xeev\x02G[\x1eA{{\x00\x1c\x98\xa3b\xf9\x8f\x93\xb2\xac\x1f\x86\x0f\xa7\x81'
    b"\xc1\xa5\xe5\x16>\x06N\xab'\xcc}8Q\x04\x9a\x159a%\x8e\x8a\xc4O\xd1\x100\xd1\x06\ns\x1b\xb8k}:\xfd\xb4:\xb4\xac\xc8\xa5r|<\x8fL\xc7\xc1\x18\x7f\xc8I\xe4\x82\xa7\xde\xb8\xab\xbd\xfc!\\$"
    b"\x97(\xe9\xc2\xcd\xf5\xc0+\xe9\xae*\x9f+5i\xdb\xf4\xaf\xa4q'\x93\x8bX\xe0\xa5\xf2\xfb\x9fq\x04\xf66\xbfjl\xebl\x87_\xad\xc0\xe7\x1f\x81\xa4g\xaa\xcf\xe7\xe3\xab\x1e\x91\xd3by4v[\xa4\xa9\xbf\x81"
    b'&z\xbd\xfeF\xf8\x1e\x96GOn\xf9\xf3\x13\xd8\xd9\x8dp\xbfCM\xf5{\xce\xce\x15\xbb\xff\xb9=\xafw\xb3>\x85\xda\xe7x(\xdf\xc2\xcd\xd0\x94\xd7\xaa\xb4>X\x96L\xde\x82_\x82\xb8\x03\xd5\xb7\xa2\xa8\x05\x19\xf3'
    b'\xa72\xec\xd2"%\x02g\xbc\x99\xf8(\xee\x13*F\xa5H\x81D\x93\xafM3\x9b\xb2\x9d\x9f\x85\x9b\xe8l!^\x86\xc8A2\xa3\x80[\xad\x82\xe4<)\x96\x1fE\xe67uL% @\xa0\x15\xc5LD\xc8\x83y'
    b'1Cj\xc6(1W\x03\xb5\xc0\xef\x95T\xaa\x1b\xf0#|e\xaex\xbe\xea#\x0bG\xad~\xcc\x82\xd4\xb1\xbf?\xdd\xd3\xecx\xf1\xb0}\x1f\xd8\xb4t\xc1hX\xfdE\xc7k\x14\xfe\xa3\xe7\xe4\xab\x87\xfa\xe7h4\xd9'
    b"|\xb8w\xc1\x99j\xfe\xf9e\xc7\x8b6\x07B\xef\x9bv\xeb\x9e\xdd\xde.O\xdb\x11\xa1\xe3rMz\xd2j\xdfue\x97\x02\xd3\xdaZ\xf4n\x96\x01\x8a\xcc\n\xb4\xe6\xdd%\xd9\xe1n\x1a\xbe\x8e~'5\xe1\xb3\xa8\\"
    b"E\xf3\xce\xf2\x99\xa6\x1b'A\x1bU\xe3\xef\xa0=\x8ba7P\xf8\xaalZ\xb6\x8cJ\xb7~\x83\x95\xe5n\xf8`Z\xb4\xc9\x87\xba\x02q\x03R\x16\xe7{M\xbb\xf8\x88G\xad\xf1\xe9e_\xf2\x9c~~\x83\xed\x8d\xdd"
    b'\x8d_9\x83\x04\xd6\xf5*:{\x94kQ\xda7\xd4\xf5\x9eT\xe2\x88$\x1b\x1dM\xda\xa2\xba\x8bI~\xc0\x12\x1b\xe0\x16Tw\x03\xd1Y\xa9\xc5\x9a\x04\xa0\xba\xd1\xc1\xc9\x13W\x9b\x8akh\xbaJ\xea\xcfH*fL'
    b'\xbb.\xca\xcd%`\xb1\xcc\x1b\x8c\x8e\xf4\xc7\x96\xcdg\x10}p:\x87\x85\xc4@HEI\x97(:9R\x07\x81g\x13\xe5;5;\xef\x9e\xbf\x7f\x0f\x13\xf8\xebg\xaf\x9e\xbf\x833M4\x10\xf3.\x86\xe7\tv\xf9'
    b'\xcf\xe1:\xca\x9f|\x1bvm \x95|\xfa\x02\xee\xaa\xd5tu\xd6]\x93\x9b\xbcI\xa2\x8c\xf8\x04yD\xe8Z\x8b\xa3F\xcc\x93\x89E\xcd:\xba\xcd\x80=\x01\x93\xea\xc4\xc4\x91\xa1\xfb\xebJ%G\x86g\x89\x08+\xfa'
    b'\xa7@\xa2\xebT\xc9jV"vDL5\xf2c:\xa1U\x19\xae\xa6\xb9\xa4_3\xfc\x0e\x81:\xc7\xaa\xc1\xb3\x8b\x8b\xb0R\xb2\x1f\x9b\xe3\x068\x8b>\xe9)M\xafv\xc3\xa4\x1ba\xfb\xe6\x86\xa9\x9d\xb9\x16\xa8\xdb\x81'
    b'\xa8W\xcd\xa5n!\x16D\xc1Y{\x1e\xbb\xab\xfe\xf7\xca^J\x00\x86\xc4\x8dF\xdf"\x8b\xbdP\xa7y\x19;zt\xba`\xb6\x80\x81\x1b\xa3\xec\x96\x17?\xbc~\xf6\xf2\xc3\xfb\x17\xaf\xc2$s\xbb\x84\xd5\xa9].\xe1'
    b"\xa6 \x99\x8cg\xb5+\xc9\xec\xbbbT\x00\x0f9\xdai\xdf'\xf2]~\xd2\xf5\xebt\xd3wYG`$7\xd6W\x93\xd3\x18T\xf1\x03\x9e\\\xa9\x0b\xcd\xe6\x9fi\xb3w\xadY~\xdb\xb6\xa7\xd7\x8e\xfc\xe1\xc5\xad\xb2"
    b'a\xaaDB=\xd9\xe7\xdf\xeb\xc3.Y\xef\xd0\xfc\xe6\x85u\xac\x1f\xf8\xe6\xe8\n]\xb8\xca\xd8\xaf\x9d;\xe3\x9enH\xc5\xa5\x8f>\xc5k6\xe8 F\xec\x10\x15S\xe8\x12w9\xd09\xe4\x80\x89-\x85\x99\x04\xe8\x0e'
    b'\xc4\xbc\x18\x81\xe7\x11\x15\xb5\x82J\xbdf\xbc\x8c\xc6\x1dE\x8a\x01\xc7\xa0wR\xc0\xf0\xa8\x06Bc]\x94\xb4\xe6\xe3\xb1j4d U\xaa?\xe8\xbe\x1e\xc4\xaa\x8c\xfbe]\x06!\xb4?\r\xc7zf%\xb2:\x0e\xc5'
    b'\t\xf6\xdc\xbbY\xeap\xd4\xaa@W_A\xd3\x96\x19t9\xb6d\xf2\xf4H\xbb\\R\xfc\xf7\xe5tE\xc28 X\x1b\xfd--(\x9c\xb0\xa6\x88\x87;\xca\xf4\xda~V\xe4\x1b8\xda\xea_\x88[y\xf5\xe2\xbb\xef'
    b'^\x86\xf3\xdcyjO%\xa0m\xd0\x128\xe1pn\xaf\xd6\x13s\x14\xf4Zx!x\x81\x87\x15r\x14S\xddb}$\xfd\x87\x9bM8\x05\xc7_\x06\xd8l\x0ex(\x1d\n\x84\x7f$u+\x86\x03\xaf\xc2\xb06e'
    b'L\xff\x12_;#BN\xc8\x14\xdb\xac\xe1M\xde\x82G\x06\xd4?\xf8] \x91\xad\x80\x00no\xeepx\x1eb-\xaf\xfeb\\\xbb\xd6@u\r\xf3\x89s\xf2\xd2\\3q\xa39\xf3\x80\xff\xfdy\xbaC\xab\xb4\xad'
    b'\xe4\x85J\xe5\xf6\xa9[\xe7K\x1fi\xcdL\x14\xb1\x99\xde\xb8a\xfc\xb1\x19\x86\x01H\xad?\xdd\xfe\xe0B\xedp\xf3Cfr\xca\xb7\x98\xbeN\xe6\x80\xf36}vM\x1fo\x1c\x03\xa2\x05\xe8\x85%\x8c\x1e@(+\xc3'
    b'\xd7\x80\xe4H.O\xeck\x90\x19\x95qw\xb8\x1a8\xe7?\x05\x1e5\x10CxB,\xc4\x13B\x91\xef\xafyA\x0e-u\xfb\xd1V\xa4\x1fu\x1f\xb7\x15\xca\xfc\x9e\x9c+\xe1\r\xb9\xd0\xc1\xb1\x85?\x85a3\x03\xb4'
    b'ZF\x14\xfb\x08\x91\xaf1\x95\x10\xf4\r\xd3y\x94ta\xa0\x84\x7f\xf7\xc2\xc4bI\x8eV\x18\xd0q\xe4\x15L}e\x86r\xb5z"\x83\x18\xfd\x16\xc3p+\xb17\xc2\xe9\xd3\xaa\x97\x18\x055\xca\xce\xa6\x80\xce\xec0'
    b'\xd6\x9a\x9eN\x9e\xd7A\x8d\xa7S\xe2Q:b\xc8Q\xbdEX\x91\x00E\xe7`\xfc\x81u\x1e\'\x8bP\xb8\xf5\x9c"K2\x7f\xc2\xde\xf1\x00b\xf2a\xe8\xd0\xa5e7\xfb\n\xe1^\xeb\xc0KNgO\xc9]:d'
    b'>cw\xb3\xab\x8e\x0cI\x86ix\xddgN\x18\\\xff\x9b\x1dM@\x8d.vn\xa7\xb2\r|@\xb6\xf0\x0e\x13\xad\x87\xf9\xe2^\xa8\xbc\xbb\xa63\xf5\xd6\xa0\xb4\xab\xdb?\x93\x1bk\xd85:\xf5\xf2\xe8\xcbh\xd1\x85'
    b'\xde\x9bkTa\x97\xb8p:]X\xb6V~\xf0\x99O\xe7c7\x88t\xb4\xdc\xdc2\xa9\x08\x14\xb7\x7f\xd8\x10M\xdc\xdf[,f\xe3\xce\xf1I\x10-\xd7\x0cv\x83\xdc\xd7\x1f8R\x0ed\xcd0\xcf[\xdd\x853\xfb'
    b'\x10\xc5\xc1h\x1e2Q\xf0\x06A\x9dD\x12\xf4\xeal\xaa\xd8\x80_\x81\xccpt\x18\xc7\x01\xd7\x14\x80"v\xed\x92b\x84\xebH\xd3u\x04\x82A\xff\x9a\x94j(\xc9K\xdf\xa4\xb2\xd3\xc45\t\xce8(1\x9a\x95\xfa'
    b'\x84\xfe\x0e\xa9f\x97\x8c\xd9\x95\xe6\xd2\x9d\x94A"\xf3[zO\xc7`\xf0\xc8\xf2\xeb\x8f_\xeb\xfd\xfd\xfb\xc5h4\xb6\xf9\xf8 \xe9\xf9\xa6G\x18N\xb6\xe2\x99}\xb3\xb1\xe82\xbe\x0f\xe1\x92\xabm\x93p06\xbd{'
    b'\xaa\x15,>\xf9\x82\xf7Pp\xed\x8e\n\xdd\xa9\xd7<z\xd8\xac\x9a\xc5\xf2z\xef\xb2\x94\x1d\xcaV7\xc1\xa87\x90\xed\x03\xf8d\x8f\x02\xbd-\x88\xb7#I\x8f\x96g$\x86A?\xd4\x99}\x02\xac&\xe5\x9e\xbc7\xff'
    b'\xe3k`\x0f\x9bI\x8d\x03\xb3\x98{\xf93M\x1a\x97\x8f\x85[{\xd2\xacF{R\xfb\xc8\xf5\xa5\xd9\x08hhK\xa6\xa1U\nc\xf8\x83\xb3\r=\xd3|\x1et\x04\x02l\xf2l\xaaY\xbd4}\xc7\x98\x98\xd1\x02\xc3'
    b'f\x89p4L#bK\xabVD\xf8|u\xdc\xc2W\xc7\x06\xfc\x169\x02\tI!\xae*\x8e\xdc\xcf\xaa\x01C2\x10\xba\x8c\x1f\x16\n\t\xafI\x10bz\xf7\x1b\x950N\xacZS\xb7\x9b\x03\x19\xcf6\x9c\xee\x0e'
    b"\xe5'\\\xcb\x96\x84~\x08\xdf\x1a\x87%z|\x8d\\\x95\xb3\xad\xee\x80\xf4#S\xfe\x85\xdf\x11\xdc\x1a<\xc7\x8c\xb1\x93Y`\xcb\x8d\xca\xf2\x82\xd8\xd4\x816-U\xb7gd&\xb6'\xa8\xa3\xa2\x18\x06&\xbf\xe4\x917"
    b'\xf9Vk\x8c\xf9\x04Dq\xa7\x15-\xcb\x1c\xa9[\xa2\\v\xc5\x91Q`&\x8b\xc9\x04\xf9\xc2\x97\n\\4q\xe1\x9a\x11\xdd[\x80Q\x86~\xad\t\xbe\xefbf\x90\x1f\x04\xcb\xef\xc8\xab\xcd\x16DR\x05\xe0\xaf\x8c/'
    b'\x9c\xce%\xab\x12\x1d\xe4\xe62\xf8\x81\x11`W\xef\r\xbf@6yq\x9c:M\x12J\xca\xd6\x14(P\xb6y\\\xaei\x98\xaary\x041Z\xb5K\xef\xdf\xbe\xf8\xe9]<=\xba\x1a5\xe4d<tH\x1ei`'
    b"[\xd2\xc0\xd0?\xf2\xe2`\x10o\x19#:n\x94s<\xd0o\xd3\x89\xbd\x17\xc9A\xec'\xfe\t\xe3\xe8\xed\x11\x7f\xc0\xe3\x08\xa0\xbe\xfa\xa8\x84\xe2\x8cs\x87\xd8K/\xbdp\xed\xad\x9c$\xdd\x19\xb8!\x8c\xdd\xdf\x03\xe2"
    b'\x0bgO\\E{\x8bpLp\xb5Xe\xf1\xc1@\xe6\xd7\x9e\xcbd3\x12\xd0$\x1a\x87+\x1dJ\x00\xa2\x7f\x91\x85\xf3\x12`]\x1f\xeb\x90\xa9\xf5\xb6\x0c\x00\x9amg\x8b\xf6!{6\x85\xbc\x82\x0f\xa6\x13{\xc4\xa9'
    b'\xd1\xa7\xfc;\xbe(\x89\xb9\xc0\xe7\xa5\xe0;\xe0\xb1\x1c5y\xce\xbf\xed\xc5J\x91\xed\xf0B\x92\xfb\xe8\x8bl\xf1\x89\xa3\x9b/\xe9\t\x12bO\xecS\xc3\xa2\xc6\xe38]\xfa.\xfe\x8emr\xde\xb4M\xfc\xed\xf9\xe4\x93'
    b'\xb9O\xda#\xd3\x81i\xd3\x88N\xcc\x19w\x80\xec7\x83\x13\x9eZJ\x128\xe2\xce\x17\xfa\xdd\xee\x99\x9c\xc5y\x1eo\x8dwN\x13\xe0\x14\x05\xa7\x9c$\t\x0e^\xbc\xc4\xcfo\x8b\xaa\xec\xf5\xf3\x0e~~\xda\xa4\x18\x8f'
    b'\xcd&\\\x82\x03\xd1\xb2\xd5\xc6\x1b\xce\xbb\xe6\x19\x11\xa5u\x18:\xf0{8\r\x96\xfeU\x12\x98\x99r\x99oV\x81%\xda\x1fH\xda\xa2\x14,G\x88\x8d\xaa6z\x18j\xc27\x03}\xeb4D\xd4#\x08\xadh\x8e\xd2'
    b'\xe8Ct\x81\xe41\xc0\xf6\xdc\xda\xd2\x9d\xaac\xab\xa7!\xd0vZT\x19QA\xd5A\xe3\xa2i\xda\xd2~E\xc5\x12\xf7\xcd\x9awY&\x07\x95k-\x8e0\xde\xd0\x94\xd4\xd4\xc6\x90\xec\xcd\x13\x07\x04\xc1\x97v\x19\xed'
    b'2\xcdOs\xd7D\x8cMN^\x96\x90\x89`E.\xbb\x1c\xe7d\xe44laG\xc5yj\xf0;\xf5\x9c\x18\xf9\x86\x93\xfds\xab\xa5\x81T\xb7\xe6\x08W\xe0\xb6\xac \xe0\xd15\x95w\xf3\x05\xb8\xcd\xdb]_y\xe8'
    b'\xe7-\xf1\xeelI\xd6\x8d\r\xf2\x07\xf2Q\xdf0\xcb\x10\x832\x11R\xaaJkx\xda[,\x8b\xe6i\x84\x8f\x1a%\x17\xd1\xb4\x14\x92\xdd\x9a\x80\xd3KU\xf8\x08\x86\xebtf@\xd4\xb2\xaeQ\xd5\x91\xe0\xcf\x05\xee\xcf'
    b'\xe3\xb0*\x1fd*\x14I\xfb!`\\\xef\xfe\xdf\x1f\xa0-:\\\xad\x8e\xc7w\xee\x9c\x9e\x9e\x0eO\xef\x06\x12zpgs4\x1a\x01+\xb8\xeb\xc9\xfe\xaa8P\xadX\xb1Z-\xdd\xc1RZ\xd9\x8e\x08\xf3\xfa]/'
    b"4#\xf7a#\x83\x87T\xb4\xf6\xe4\xb0f\xa0\xf8=\x0b\xe5\xa6\xbb'\xab\xb2G\x0fq~\xc6CR\x87\xcf\x10Z\x9d+9\x8a\xf9\xdb\xc5i\x95\x14\xfb\xe4T\xdc\xbd%HH\x92o#&}s\xcad\xee\xa7\xc7\xe1"
    b'\xc9\xd7~O\x86\x07)\xfb\x9b8=/V\x12,\x06\x05\xa5\xf7\x16\xa0j\x1f\xcdl\xa3\xcc0\xfcE\xfa\xd8\xab=\n}8\x1b\xb3\x9a!\xd0A\xa0\x8a\xe2\x8fO\xa6l\x92_1\xdd\xc8\xe2\x94j\x96\xad\x04\xee\xae\x8f'
    b"\x06Z\xd2\x15\xa4r\xc6\xc1\x15\xd9\xb3\xac\xe8y{\xda\x0ft\xb3\xae\xd9\xad'\xc8\xe0Pb\xf6\x8b\x9a\x9e\t\xbb?\xcb})\x16\xc1\xff\xef9`\x9c\x820\xf9\xc3\xb3\x9f\xe0\x9e\r/\x9f\x9f\x9e\xbf\xfd\xf0\xf6\xcd\xcf\xe1"
    b'\xe7\xdd\x91i\xb1\x9f\x7f\xf7\x03K\x06\x81\xea\xfd\xb3\x17\x88/x\xf08_;\x0ek\xaf\x9c\xcezrG\x9f\xd0\xc5[\xeb\x8a\xda\xf0\x98@<\xcd\x97\x95\x1e4\n\x9fN\xb9\xa7\xf5\x9b\x9b\xd2\xdd@H\xf4\x01\xe9\xdaM'
    b'\xf4<\xa2\x16O\x05|V\x0bbL7;\x9b\xf6V\xe7\x9f\xfd\xbd\xa9eo[\xa1P<\x16\xa4\xf2bK\xc6,\xaf\xd0\x93\xc7\t\xa1Z(\x82\xa0\xc1\x16\x9ad2\x12\x02\x82\xeeTYv7;\xf5\x08o2\xa4!'
    b"\x0b2\x91Z\x8d\xfcM5-`\xa8\xf6\xa8X\x02\xb7\xc8\x93\x91J\x9d\x04V\xd6\x07u\xea%eZ\x1cK4\xf0b\xb5Z\x1c\xe9H\xde\xbey\xf3*\x8c\xe4\x1e\xb1\x1cR\x1ea\x1e\x8fi\x96\x99'mb\x89C\x9d"
    b'\xd6\x16/:\xd3\x84b\xd3\xce_\xed\x9d\xf3\xdb\x085\xfc\xb5\xb3\xd9\xd72\xb6\x89\x10^s\x1b\xcf2\xf7\x8c\xdf>\x8dez\xe9*\x03miZ\xb2\xfe\xa0\x13\x8e \xaa\xb3E\xa2\xe7\xe1\x12g1\xfcO\x046L.'
    b'\x90\x0c\x8b~\xb3O0\xa6\xec8\xf8\x1a\xc2\xff\xb3\x8d;a\x9d\x13\\=P\xe5\xb7HU\xbb \xb5\x83\xceo\n&\x1f\xae\xb2\xdb\x98=\xd1\x96\xf0\xfe\xaa\xff\xe66\xb9%s\x0c5\xf3U<\xe1\xf5SnE\xf7\xe9'
    b'z+\xc9q\xe0\xcc\x90\xca\xfdYu\x1c\x88\xc1[\xc4\xf1\x07\xc1\xe4\xd3\xab\xe9\xfc\xbf^\x05\xc6\xe8\xa8,W\xdds\xc1\xea\x88ts)\xc92\x97\x9d\xafe\xb3#9Hg\x99S\xcab\xf5V\xb3N/\xb1l\xc2M'
    b'\xa4\x85\x06\xc4\xa2\x15yjK\xc5\xf3(\x0b\x97J\xee\x9e\xcc\xa8\xa4N\xa5?\x85\xa2\xfcb\x1c\xfe\xbc\xed\x8a\x87\x19\xcea\xc00\xed\xc0\xe9\xef\x0e\xa2\xad\t\x8em\xaf0G\x9f\xe2D\xa7\xf5\x95\xc9\xff\x96.\xc5lv'
    b"]\x91,*a]\xd1\xc8\x9et\xd6\xb5'\x89_\xb4\xa6\xc0\xad\x06\xc9\xb1Kg\xa3\x81f\x02\x00\xa2\xc7\xde\xa3\xbd\xbb\xbb\x8f`n\xf7\xd9\x01\xba\xe3\xce\xc6\xf0\xe1y?\x12\xf5\xb4:<jX\x9f\xf0\x87\xac\x10\xff\xce"
    b'\xd7\xa7\x14l;\xcbb\x95\xdd\x89\xb2\xb3\xed\x04\xe2Rl%\xa7<\x92\xb7\x84H\xc6\xa3\xeco\xcc\x0e[\x11\xf7*\xbb2\xe3\x8du\x1eO\xf6u\x962\x97,$k\x99\xceO\xca/XR\xeb\xa4fJ\x133u\xc9'
    b'P\xae\xe6\xdc\xe3,{\xe0\xa3\xceK\x9e\x1c\xbb=[\xeb\xc0\x01_S\xd7 b\xaf^e\xdd\x06\xd9j\xc7U\xb4\xfb\x81N\xa6\xc6f\x8c\x04\\\xe8\xa2\x89\xe0\x0c\x8c\xf2N\x8d\xa4\xa3\x1c\x15+\x1c\xb6\xec\xc0\xd1%\xf6'
    b'\xd3\xdf7\xa0\xd6>/\x03\x99A\x9f\x03\x05\x1c\x91\x12\xfb\x1e\xdf\xee\xdc\x85\xfa\x99\x15\x8f;\xf7\xe0\xaa(\x898\xc6\x9d\x07\xa1\x91\xcb\xfa\xba\xfc\x84\xce\xdc\x8b\x9d\xf9\xcb\xc3\xfd\x87\xc5\xc3\r\xe9\x8f)\x85\xc8\xb1G\xb8\xa1'
    b"\x96\x04\xc0q\x8bg\xc9\x7f\x1b\xec\xdf\xd4\xdd[\xbb\x82\x16T\x1f\xa0\xb1v\x8e\xe5\xd3\xa1a'\xa5\xb1\xc9/\xf4~3\xf4\xfe\xda\x95\x96cy\xb0[\xf4F\x03\xfcw\xb8\xb1\xd9oY\x96\xd1\xf0\x81\xf1\x91\xf5\x95@\x7f"
    b'\xf5\x15\xe7C\x01\x8a\xec\xe9\xb9f\x97H\x02\xe9\xb4R;\xcaT\x12d\x1c/\xa6s\xc4\x0b\xc4PV\x15V\x02#\x9e"W\x9d\xf2UD\x16\xe8\x88Y1t\xbeQf\x91\x15\xa1\xc82tMR\x94B\xae\x84\xa8('
    b'\x9ck\x03\xd0//%\xcb+\xfbu\xed\xaa\xe9\xfd UD\x94\xcf52C[\nK\xde\xfb.l.\x94dF\xfbl\xbd\xbb\x04\xdf\xed2wJ\x01\xa7\xaaO\xe3\xc8\xbf\x0b\x1bx\x07>V\xc2{\x0c\xcf\xc2\xb3\xcd'
    b'\xe1\xe6\xa5[Z\xf7K\xe4\xefo\xc7:o96\xf4\xd2j\xfcN\x0b\x9f\xdc\xc3!\xc1~\xbb\x97|\x1d8\xa8\xb5`\xf2`BEk\x10\xa6\xb0\x81\x89\xae\xc7\x03J]\x9d\x15"ebZR\x03x]G0U\xce'
    b'\xb5\xdbP\x0e\xc4\xbb3l\xb66\xe9\xfe"f\xa8\x1b\xa1;:\x17\x86\x0f:\xcbS\x9e\x85:\x08n\x96\xb9M\xe1\xb4\x02\tq\x18\xbd6Y\x19\xb2+\xf2m\xc4\xa1\xd6\xce\x1b\x8b\xf7\xeb\x89\xa3\x13\xc3\x9f\xfbn\x8a\xee'
    b'~@\x16\x1c\x8a\xfey\xd4\x91\xe9aC\x8a*\xd3\xfe\x1c\x0b*0f7a3*\xac9\xc5\x08\xfaQ\x18\xee\x95\xfa\xde-\x96\x1fYq\x94k\x14\xa4\xd5\x1f\xa3\xed\x94au\xc7\\\xaa\xb4\xe0\xdf\xfe\x16\xea\xfa\x89\x7f'
    b'\xcb\x9eHE\xfb\x8d\xf3%\xcf\xafz\xbc.\xbc3\xd2\x11\x93\xa9\xf9\xa3\x0e\xd9\x1fx\xd0.9l\xcd\xa4Va\xa1^/h6\x0b\x02\xd9\xc7\x8a\x19X\xc4\x1d\\\xd5\xa5~\x915\xb6\xdf\xd6\x1e\xfb \xcbI\xa7\xb9\xc5'
    b"\xa5\xda\xf0\x06iI\x13\xda\x80\xd4\xc7d\xae\x95\x1c\x0f\xd2\xe0\x88(\xab\x87\x11\xba\xc3\xc9\x02\xd5\x98^\xb9p\xecH\x92\xbeok\xe0\xaf\xa4\xf2\x0b\xe5\x8d\xe3G\xf9\xa1\xcak\x89\xf1\x97dI\xd0\xfb\xf9\xd2O\xa5\xf4'"
    b'\x9b\xe5\xb1\xfe\x8eH\xc4\x0b\x90"\xa1\x08\xbd\xec;\xea\t\xc6\x9d\xdb\xf8\xf7\x8a,\x12y!\xa9\xab\xc6\x08Y\x97\x1d\xd3\x04Bs\x85\xd5^W\xd1\xbf\x9c\xb1\xda\x9b.\x05\x97\xed\xb7\xbd\xb0\xd7V\x8bAg\xcfsW\xa9'
    b'c\x9d\xa5\xf0\x19\x91K\xda\xdf\xdf\xef^ac\xa7\x0e\x17\x8f\x8a{\x8fv[;\xfc\xc0x-\x93\xc4C_\xc7\xe80\xcc\xfe\x81g\xf0\x01=\x05\xa2\xe5\x7fk\xca\x1f#\x919\x843\x11\xb9\xa0&W$U\x7f\xa8c'
    b"{NU\xdbo\xb3\xf2W\xd8\xdeFpL\xff\x88n\x96\xf7\xca\xd1\xe4Q7\xdeQ\xac0\x94\xce\xb5\x8d]LC\x97>\xfdC\xcb \xf94}\x1d\xb6X\xa8\xee\xd9\x8a\x860'\xbb\x9c\x9f\xc7|\x07?\xbc|\xf6\xee"
    b'\xdd\x877\x7f\x7f\xcfDr\xb2\x0e\x9d\xbdO[7\xbe\x1an\xde\x08\xab\xa0\x7f,\xb7n\xdc\x1b>B\x8a\xb6\x98;nc\xf4\x7f\xa9{\xd7\xf66\x8e$K\xf8\xbb~E\t=3\x04l\x10\xe2EWJ\xb4\x1eI\x96'
    b'\xdb\xda\xd6\xc5\x8f\xa4n\xcf\x0e\xcd\xd1\x16\t\x90\xc4\x08\x048\x00(\x8a\xed\xe6\x7f\x7f\xf3\x9c\x88\xc8\x8c\xac*\x80\x90\xe4\x9ewwv\xdb"\xaa\xb2\xf2\x9e\x91q=\xd1{P\xf0?/7\x03\x99(\xf0\x9fP\xa0\xe9\xd6'
    b'j\xb9\x8csE\xa8\xafx\xf9 |\x80\x8aC\xf9\x87\xbe#/^\xff\x13\xfb\xb1\xb0\x1b\xc5+\xfc\xe7N\xf1\x12\xff<\x90\xcf\xbdf\xf9\xef\x93\xc9)d\xa5\x9a\xa1\t/\x88\xa0N\xb5\x89^\x88\x15\x9dW\xf4E(\x15'
    b"\x84\x80\xe9#\xcc/\x01\x06\xf3\xf1\x00B\xed\x7f\x9f\x97#\t\x8b\x99i\xb0W\x89\xac ^S<\x1a\xce\xcd\xe1\x99W\xd7E\x96'K/\xbf\x15\xae\xc2\x9bV4t\x9d`@\x8f\x02\xb1\xc3\xdf8\n\x00D5\xe3\xca"
    b'#m"\xe5~\x98\x0eN\x07D%a\xb6\xf7\\\xc1.b\x89d\x1a9\x1e,\x15TvYq&\xa4\xf0\x1bEr\xcd\xb9)\xe7@X\xeb\xe1w\x05\xb4q\xece]\x9dp,\xed\x1d\xeb8\xc2_\xa99\xaa\xee\xd9'
    b'\xda\xefhfG\xda\xdf;\xde\xef\x06\xfa\x13\x7f\x81_\xdb\xc7m!^b;Y\xf2\xe7\x1a\xdd\x81sP*\x92\xdc\xa8\xd23\xfc\xea\xaa{Ez*\xbf\x13\xc8C&\x11H\x90\xa4\xca\xf4\xfeM\xb7pk\xdbE~8'
    b'\x05{eb\xdcj\x16TS\xcf\x9e\x8f\xd7f~\xfb\xd1Ub\x9e\xb6-Q\t\xf4\x8e>EX\xa89S\xc8*\x13\xef\x1d~n\x88\x8b\xc0{\xc9b\x82\x88\xf1\x08J\xaa\x8d\x04\x12\xefS\x96\xa0\x88\xee\xde\x99l_'
    b'|\x9e\xb6\xaf\x06\x9bW\xb6\xafF\x1f\xfa\x81\xa6\xbfqy\xa1\x8e\xb8\xaf\xb5\x8e\xa8\x90\xb9f\xdf~\x1c\x9c\xcd\x9b\xdb\xdbX\xd4\x8c\xe8\x07\t\x98\xce\xa6\xf6\xf2&%O\x9f\xf0\xf9V\\v=|\x13\xe9\xea\xd2fB\x95'
    b"\xc8\x8ad0\x8d\xc2bX\xd5\xd0%\xe7\xd5\xef'\xb1]\r\x00v \xf0\xa9Rx\x8c*\xdb\xd9\x10u\xb1\xa7\xeb\x8a0\xd9\xd9\xa1C\xaa\xc0\\g2g\xd9\xe9\xf8v\xd96\xe7{\xbf\xc7\xf9 \xdf\xe0|\xe4ww"
    b'\xc1\xc6v\xa3\xd1\xa0\x00\x05h\xda\xf6\xc5.\xc7\xb18I3A}a\x17~ZN\xdb\xe4"\xb9d\xab\xe6\xc2\xe1\x17\xc9\x9aR\xce\x16\xa4s\x9c\x1dN\'@\xa1mU7\r>y\x8c\xffj\x91\x97`Mwd\x0c'
    b"\xf2M\x1f$u\xe3\xba\x94\xbf\xff\x11\xae\x10\xe6\x19\xe8fl\xf1\xb0o\x86\r\x1e(\xdc3\xc39=,\x98&\x88-@\xf1@;\xca\x90A\x98\x94\x92\xa4R\xb2\xc5p\x85s\x80\xbbd=i\x9c'F\x97X\xe8\x11"
    b"C3\x1c+\xf0\x1b_R;2\x98F\x18'\x19\xfeJY\x0b\xb5l5\x93\x8fN`\x84\x9d.W\xaa-\x14\xcb+\n\x0fZ\xf6B\xf2\x0er\xef\x03\xbb\xde\xdf\xcf\xdf\x05^@\xf4\x87\xff*s\xfc\xe5\xea\x95\x86\xe3"
    b'e\xf7\xcd\xc3US%\xfaT\x92\x9a,1\x9f\x96\xc1!U\x03\xb9,\x8a> \xb5\xa4\xd0\x9dV\x1d\xe3>S\x01\xb0\x8f\xdf\x15\xb77<=\t\x0f\xee\xb3\x8eq9\r,\xb3KQ\x99\xe5l<\x1a\r>\xcb\xf8D'
    b"\xfd\xbfYl\xb4\\\xa1\x98,\xe4\xab\x95\x1c\x9c\xfb\x94\xc7\xc8T,\x99\xbc'\xf2\x9a\xe4\xcd\xd2\xa8\x91\x14yW\xaa\xb9\xafW\xbc;\x99\\\xa8i\xcf\xea\x14\x1f\xeb\xc2\\\x0e\x89\xa0u19\x1f\xf5\x03\xa3\x9c\xfco\xc2"
    b'4"\x15\xa8\xc6Y0\xdf\x072\x8d8y\x11>\x88]\xab\xb4\xd4\\\x11g\x12\x9d\x92\\<i\xb6$[!\xb7\xe3e\xe0&B\xb7&\x0e0\x1bg\x16\xc0\xa2\xe2\x1ba5\x1ar\xb8:\xbf\xc0\x85\x96H\xc3\xd0\xdb'
    b'\xe4\x1eD\x92\xa2 \n\xc4\xa2\x1ed2L\xa6\xa8]\x10M\x95\xa9~\xdc\xdd \xc8X\xab$\xb6D\xd1J\xa2\xd1\xe1\x9c\xeb\xc9\xc6\xc2F\xe2\x0e2\x14r\x9f%J\xf4M\xac\xa0!\x0f\xa8N\xcc\xaf\xe1\xb5F\xd3\xc5'
    b"\x93\x16\xd5.\xf4Qv\xbb\xce\xcb\x85\xa8\xd76\x91S\xd0\xad\x94\xac\x13\xca\xba\xfc\xb4\x85'-\xf7\xd2\xa7\xcf\xb6\x81\xc6\x98\xea\xc2\xa9\xced\x8b?\x1a\x9cB\x9e\x88\xa7\xe5\xd1-<X\xd0qU\xa6\xd9\x16\xf85y\xc9"
    b"E\x89\xc06\xea\xe1\xb9\xc2Z\x8b\xde\x922\x82\xf8\xa9F\x0f\x9c\x8b\x89n\xd58\x11J\xf3W\x9b\n)\x9cO\x06\x0e^\xab\xc1tVs'Y\xe4M\x12\xab\xcd\x12\xbb\x9e\xcf\x7f\xc1\xd5!\x84lLk\xc1\xa0\x9bU"
    b'\xda\xc9\xccg\xb5\x89\x93Jm\xea\xf8\xfa\xeb4\xba\xb8!\x1ar\xcezz\x04\xa1L\xd6D%!"}\xb9,\xd9\xe3p]\xef\x14\xcc\xe8+|-(\x05aF\xd9#\xe5u\x91\xc9u8\xb7\x8a\xe9\xba-n\x83\x00'
    b"\xb7\x10\xf5\x17C\xce\x87\xe2'\x1c\x86\x17OO\xe4\x02\xe3\xdd\xe4]\xd2~\xcf\xd26\x1e\x0fV\xb91M\x88\xcaW\x1bOZ\xd9\xebH\xdb1\xba84\xce\x86l\xc8i\xda\x8f:B\xf1-\x0f\xe7\xda\xb2mcXy"
    b'\xad\x93\xf1\xe9\xe4|6\xe8K\x9ckc\xae\xcde\xd96\xb3\x9b\x028h\x83\x83\xf3\xe1\x88\x99\xc0%.\x8f\x94\x1a\xea@S\x073\x9cfB\xdc[G5G\xe2\x18>\xee\xfbzA\xc3#s\xa5\xae\x9a\xb2N\xf1\xce'
    b'\x08\xc2\xf9DA*\x84\xcb\x1a!p\x08\xa08\xf4\x83\x9bbXe \xfb\xb1Z\xc4\x06\x0b\xb6\xf9\xefa\x15w\x84\xa8\xb1Ra\xb8/\xc4%Z9\xd3\x93\xb2\xbf\xd3\xb4\xdaWi\xfci\xe9RvTm$\xad\xef\x95'
    b'\xcf\'\xea\xbc\xea\xcee\x894&\x93\xd0\x18\x1a\xcc\x13\x835\xc7\x04E\r"\xe2\x11\x96Iv\xba&\x17\xd5-\xacp\x94\x92-u5\xc6\xa6`\xf1|\xc7\xe1I+{\xbd,7\xb2\x15\xb1M9\x8f\xd9\x91uP]'
    b'n:\x1b)\x8eS\x94^\xf3*\x96\xed\xc0\xe6\xe4\xc9W\x95\xef\x9b\x13/\xbb\xdd[\xaf#\xbe\x0c\x9f\x9c\xcf\x13M\xaa\xae\x17W7K\xe66\xd5\x14\xecM\x14\x0b\xa5\xbd\xbe.\xe7\xaf3kh9\x8dy<\xb3[H'
    b'\x0b\xe7_:Q%\xc9W\xf1m\xd8\x96\xfc\xb3Fn3\xa1f\xb7\xa9:K\xc4\x8ch\xdd\xf0\xc8V+\xec\xfe\xc1H\xe2_\xed\xfc\x81W\x9f\x89B,\xe1E\xa7\x9cK*~t\t0\x15\xf7&E\x9a\xc4\x17\xa9U'
    b')4?\x18(\x1a\xb5lKX\r\x12\xfb\x07\x8c\x0f@\x81;xE\x12\x0f\xcb\x05&\x15\xa3C)\xf9\x04\xf8\xc99!\xaa\xb2\x89\x91\x814\xee\x0c:xE\xee\xfb\xd1n\xb1\xb9\x95\xe7\x02^D\xf4\x94\xe0I\xd58'
    b'\xe9\xb3e3\xf2PfP\x87yB|.\xa8h\xa8#\x07\x87\x89\xa1Y\xbd2G2?\x96H\xb8\xd4\x8f\xe9653g}\r\x8bIf\xba\xb0.\xac\x1c\x945\xf9\x08L>o\xf9\x85\x0f\x94\xe5)\xf8\xbc0o'
    b"\xcfF\xc30\xb4\xb7\x81\xac\xb5\x1d\x07J\x15I\xbbi\xdf\x05\xce\x12d\x0e\x1f\xfd{\xb8\xebPs\x0ff\x9dN\xa7\xb8\xc5s09:\x9a\r\xe6\xbfB\xf0\x92\xfa\xb0@\xef'r\xb4rI\xaf\x8dP\xcf\xd1\xbc\xfc\xdf"
    b'\xc8P\x8b|\x11\xbd\xad;\x05\x9c\x07\xeew\xba$\xc2\xcd-i\xf4\xde\r\xe5\xcf\x86\x11P\x9b\x1b\x84y\x89cT\x12\xf6C\xf8\xdf\xd1\xe0\xa2\x18\x8c\x89Wc\x80\xd8a\xa2\xc2\xbdq1\x99\x06:*&)\x01\xc2\x91'
    b"j\x8f'\xde\x8b:\xb3z2\xa2\xe2\xc0\xd8\t1p]\nZHI$\x1b\xa6\x13\x08\x0c\xe8\x8d\x05\x9b+I\xa9s\x86\xec\xaf\xc4\x1b\xb0hN\xa8\xf9\xa8\x89\x13T#\x86s&\xa9Y0\xae\xc9\xb2\xe9yPK\xb4"
    b'\x99]\x02\xed,4\xa3\x15\xe8|+,`\x0c\x97\x81]d\xa7\x18wL\x8f\x96F\xd0\x98+\xd3xJP\xc1\xc0x\r\xa6\xf3\xa7\xc4\xafg\t \x16xjx\x95\xfb_C\x0f\x02%\xcc\x93q\x9fi\x13`\xd3\xad'
    b"\xa8\x92\x98\xcca\xb5l\xb4(\x99\xcf\xf2qy\xd6\x9c\x85V\x01\xde\x92\x1aH\xa9\x10\r\x9b\xd0\xbc\x86\xcb,\xc9\xcb\xba\x11\x89'\xa3\xc2\xab\xa2\xc9\x84\xc6\x03\x019\xa4\x0flh\x03\x9bP\xea\\B,\xf0\x0bV\xd9D"
    b'\x1cV\xa2\n\xb5\x1d\xf9\x83\xdb\x90\xd5\x01\x0e\x03\xaf\xf1\x94]hG+S\xb7ha\xa4\xb8\xd7[\xf9i\xc6\xde\xeemll^k\xcc\xabc\xb7,\xfd\xbfE\xd4\xe3\x16\x0c~\xddhc\xfc\x1b\xb2\x13\xe3\x85\xbb\xd2\x17'
    b'\xfc_\xb4\x84\x8bX\xca\x08\xb1\xd5\xc4\xd2a?\xdf\x1aa\xb9\x8eT\xab\xa5\xaf\xf3C\xe2\x0c\x1f\x8bU\\MS\x8f\xba:\x0fW[\x95\x17\xafmQ\x86\xe3\xca\x9a\xfc\xb0[lm\xf7\x1e\xfcO-\xc9w\xdf\xba$t'
    b'JX2\xe0\xa7O\x9e\xfd%\x0c\xf6\xaf\xe3\xfe$\x8c\xf4&\xf71\xf4L\x1a)\x06e\xaeZ\x0e\xae\x19r%\xdfo \x1bOK\x91H\x19\xf0\xd1y\xb8\xbc\x1fo^\x0b~V\xeaEXb\xe8\x01\xb4#\xf2\xeb\xab'
    b'\xfb\xf2f\xec{\xe2\x89\xdd\t\x116\xa7\xc7\x07\x19\xacH\xf8]\t\x9f\xf8T\t\xfco\xb76*\xe9T>uz\xf3\x89\x06<m\xde\xedt\xd4n\xb2\xbe\xa5\x1eB\n\xef\xd8\xaav\xe0|\xf0\xf6\xf8\xa0\xdd\x1f\x1c;'
    b'\xe4*\\\x07xT\xfck\xb1}\x97\x1b\x9b\xff\xf0W8\xa7w\xa3\x0b\x064\x96[w\xee\xe0\xe6\x87\xe7|L\x94\xd0>\x11\xf7\xfa\x08\x8c\xcf\x1b\xaa<\xa0D\xb1\xb7\x17>\xe9\x16\x9f\xbb\xc5\xc6~\xb7\xd8\x0b\xff\xf27'
    b'\x7fl\xe8\x8f\xcfu\xec0\xbc\x93\xb2\xfa\xd5F\xfc!\xdf\xe3+\x8f\xbc\xc4\xf6\xf6\\\x98\xc0\t\x86pw\x9fS\x9bf\xae>!~E\xc4m\xe4\xcc\x85\xc2d\xce\xbc(\xf70EL\xbaX\x91\xc6b\xa0\xd5\xacM\xa2'
    b'\x1fa\x8f\xc0??\x14\x1b1\xe8M\x82 \xe35\x87\xdb\x1f_\xac\xa3\xa0=\x0fKS\xad-\xb4\x00\xd8!\xbc\xe2\xea\xe17\r\xa5\xf8ck\x1f\xe4\x15\xb5q\x06\x98\x14\x8a\xe1\xf3\x95\n6S\x05\xf2\x99~\xbf\x11\xbf'
    b'\xb7\xc8\x13~\xee\x8anX\xd1M_\xf46\xadE\xa1\xd4w\xbb\xbail\xfb\xe2\xa1\xdfU\x15\xd8\xae r>\x01\x92\xd2\x17\xad\x03\xbc\xb5\xee\xdcYq5Ra\xf3-\t\x0b\xbf\x93V\x7f\xd1\xf9\x8b\xde\xc1\xba\xc7\xdc'
    b'b>\x0e,\xef\x8e?\x92\xedO\xd2\x8a,\x1e\x9al\xc7\xa5\x04q\r\xaf2J\x1a\xa8\x03-T~\xeb\xcf\xca\xf9\x0e[y\x9c}|\x8b\xcfv\xf2\xb2\x8c\x05e\xe9\xab\x1a\x95\xc1!\x0f\xffddf/L\xf1l\xf0'
    b'"\\\x8b\xe1\x8d\xd2\x8bM\x00\xd7v\x8b@A\x88eU}\xbd\xdd-\xee\xe8\xeb\x1b\xde\xfeX+\x18\x0e\xe4=)\xb8\x9f\xf7\xa5D^\xdfKXp\xa0[\x8ck+94w\xa9\x92\x13\x8e\xb3\n\rV\x9ef\xd1\xb6'
    b"('\x08\x0f\t\xa8\x18E|BUa\x89v\xa5rs\xfeI\x8e\x92D\x9e\x9a\xcd\xc5\x97m\xac]\x90\xe0\xf0\x01E)C\xce\xd2\xbc\xa24\xf49\xd8MJ\xc2h\xe7\xfc\xec\xfd$s\xb7\x98\x8c\x7f\x12\xcbq\xc5\xdf"
    b"\x82RX`\xe6\xa9kTN\xbe\x9c'V\x1e\x15\xed\x95s\x84\xf6mV\xc4\x80A9\r\x92\x93F\xcb\xd8\x8fG\xe1\xeb\xf8+\xd3\x07\x1f\xc1\x1a\x15\xc6\xb3\xa7/\xf7\xe1r\xc1\x07\xa1\xfa\x8eo(\x86\xf8\xd9\xb3\xae\xbc"
    b'\x8d\x1f~\x1fsr\\U\xfd9\x98\xe9{\xb7\x88\xa6\xeb\x87\xf2\xe4\x07v\x12\x7f\xae\xaf\xa7xfL\xc9\x1e\x1e6\r\x0f>\xad\x18\x1c\xbf\x87\x8c\xa1O\xe24\xf1g\xf3\x10\xf9j?PQ\xf9\xc9&:\xd5\x06\xe30'
    b'\xfd\xf3\xae\x95\xd2*\xeaC\x15R"\xfbd\x01\xed\xc1l\x99\xa7G\x84~\xa3\xc3;\xd3\xb8\x0e%o\xa6\xe4uu;.\x08\x12\xe3\xa4>\xa1o\xa5$\xbdT\x10\x0b\xc9\x01;\xd6\xf4\xb6\xd0\x8a\x82,\xaa7&\xf1\x1c'
    b'\x99\x8e\xcd$\x82\xe8\n\x01\x99)\x86\xa7\xb2o\r6V\xd1\xc2\xb8\xc0V\x8d\xd9\xc6\xf30\x0b:+|Oo\x1b%r\xec}G\x1b\xd9ci\xccm;\x7f\x00\x1a\x16\x05\xc5,\xda\xd6\x9d\xeeZ<\xbd\x9c\xb1\xacK'
    b'r\x94\xde\xd07\x8f{R;tM\x07\xb3\xe8\xbd\x9bm\xa9!pr\xdaKW\x93 ,nv\xf2\xd0y\xd0\x06\x8bq\x14\x0c>\x0f\x8d\x8b\x80\xec51xtL\x91u\x1ac\x13":\x8a&:\xab:IS\xbf'
    b'\xa0\xc9w\x93\xab\xb6\nvg\xe51\x91k\xa8\x18\x86\x07\xaf\x87\xe5\xac\x1b\xa6\xbd\xe7\x1b\x07R\x86\x92\x9f"\xd3j\x8e\xd8x17\x7f\xb8\x9f\x91w\xddB=m\x90\xf8\x97i\xd0\x10$\x08_[\n\xa4\xc3\xe9\xfc2'
    b"\xe2\x030\xa2B\x14\xd9\xe7\xe3\xf0\x17]\x04\x7f\xfa\xeb\xcb\x97\x88\xd4\xfa\xf0\xe3\xdb'\xbf\xc2QP\x13dY\xfc\xee\xef<\xbb;\xc5\xf6F\xb4;\xcd${:\xfd\xe9\x98==0\xaa\x9f\x8e\xaf\x11'\xa0\xder>\x96"
    b'\x1a\xf5\xd8\xea\xd0\x15k\xce\xec\xf3\xe0q\x1e\xde\xf0\x085tq\x87b\x11(]t\x9cJ\x91\xad\x90\xaa\x93B\x8fZ\x0f?\x1f\xe5,\xacy85\x8d\xee-\xdf\xe4\xdb\xd2\xecxR8o\x81:&B\xc5\xa9\xcf\x07'
    b"G\xbb\xcb\xcc\xfa\x0e\x07T\xd9\x8a\xe2\x8dA@X\xbf\xb0\x1e\xf1\xa1\x14\xc4p\x83\xcc\xa1\x8eW {\xa4\xe2\xd9\xf0\xef\x83\xf8M\x97f\x9b\xe3\xa9\xda\xfe'l*\xb5d\xbci\xe8\xc78m\x05\t\xc8\xfft\xbc\xf2\x12"
    b'\xaa# >\x11#v \xb7\xbf\xaa_I\xf4\x97\n\xe2vW[\xbaU\xdd\x85Ua\xbc\xaa\x88\xb7\xea\xd9\x16\xdd\x88\x07Sust\x86#\xf5/\x16\xa7D\xfc}\x95C@T7\x15\xd3\x12\x8d\xbf\x19\x11\xc2\xc8\xcf'
    b"\xe1\x89a,\xe9\xb2\xca\xca\x08\x14\x14\xb6I`i\x1dx\x94\xa1*I.\xc3\xc3\xb9\x06j\x18 \x95\xe4\x8a\x8f\x86'\xaf\x8fW\x8cM\x01\xd8B\xc6\xc1\x93r|,j~q\xe6\xe0\x03\x01\x8c\x82#EXq\xd5\xb7"
    b'\xfa\xc3\x96\xba\xa0pS\xd2\x7f\x85\xaf\xea\x15 \xc0/\x9f\xff(\x1d\x94\xadV\x9e\xcf\'G\x9f\x03\xc9:\x1c\x9c\xcd\x1d*\xd3\x87\x9f\x9e\xff\xfa\xfc\xdd{a\x11\xd2\xd3Wo\xf8l{c#aB\xf3"I5B\xe1'
    b'\xa6\xe6\xd1\x1c0K\xfbD\xc8\x1c\x05\xc2\x97\xbc\x17\x15T\xaa\x08@\xe5\x80\xa6*\x00\xd3\xd4\xc6\xd1\x13\xc1\xf5\xed\xcd\xdb\x1f\x9f\xbf}G\xc9\xb6E \xec\xb7O\xd9\xe8\xe9\x04Y%\x89-\xd5\x82\x98\x8a0;\x02u\xff'
    b'\xf9\xa9\xfe>8\xe6\xef\xa7\x7fn-\x06\x18?\x98\xb2\xce\xa7o\xe5\x9b\x83)\xbfy\xfa\xf6\xcf\xfa\xfb\x98\xef\x9f\xfe9\xbc\xdfOs\x93\x00\x8a\x06i\x86hbT<Y\xa3\xe6\x98\xb5\x83\x81x\xf6\xac0U\xa8_g'
    b'\xebk\xa6\xea\xe9\xdb\x17\x7f\xfe\xf9\xfd\xeb\xe7\xef\xde1\x07\xc0\x9e"\t2\xc5\xc6\xb6\xe6\xd9`\x82If\x96\xd8\xe8\xddSlB&\xc1\xda\xdc\xaf\x81J\xfd2\x98\x1eB\xaf\x97\x86\xdb\x9cT\xc8\x018e\xf4\xa1p\xb8'
    b'\xd9G\x93\x91dB\xa8\xeei\xbd\x9d\x05SI\xd2\xd5a\xf6\\\x9d\x93\xa9\xdbt\x8af\xa6s)`s\x92\xda\\\xeeP\x9c\x8d\xca0\x02e\n\xff\x9b\xa8cm\xbaV\xf4\xc3%\xeaL:F\xb6\xa2r!!Q\xed'
    b'\nj\xb9\xb1R~\xa76b(\x0f\xa7\x95\x88\x883\xf5]_\xd4\xb4\x14H6\x05\xf9\xdd\xa3\x10J\x9f\xd9\xe1T\xb1\x8f\xdc\xdb\xfc\xeec\x99\xcd}\x9f\x04\xbb\x9d\x00\xba\x02\x1b\tg;\x8cD+\xebX52l\n'
    b"\x8c\x86\rF\x17\x15NWF\xed\xe5\x83,R*\x96\x8b&\xeeHL<\x0b\xd7\x80\xbd\xd7C:[\x80'\x81\x18\x1e1-\x104\xfc\x8c\x19(\xc7\xc2\xb6K\xe9V\xd6P\x90\rN\x14\x1e\xb7I3\x9b\xa3P\xfd\xae"
    b'\x80n\xfa-\xe7\xf3\xcaY\xf7\xc5\xf7\xd6\xd9\xb2c\x8a>\x947\xd7]\xd2f\xb7Ci\xcd\x12,d9\xddH$\x04L\xe6\xa3@\xe4\xfb\xf4\x1f7\x06w4\x9cy4E\xd8*\xa2\xa4\xab\xe5\r\x16+;\xcfQ\x0e'
    b'\xcf\x11\xd3:b\x0bt\xbb0\xfb\xc8\x04\xa7\xfc\xa3\xfd\xc0\x18\x04\xc6\xc4\xed\xd0\xb2[\x1c\xb8\xb3]\xc2\x80\x08Y\xbf\xd8YP3fB\xbb\xdb\xb0\xe13\x82q\xe3+7}e\xcb\xe7\xa0p\x0b\xf6\xfcB\xb2\xf5\xbd\xef'
    b'T\x04\xc7\xe2a~\x8c(\xd4R\xc0\xce2\xffQ\x9c\x98\x86\x8f|\xb5\xcbN\xcc\xf2\xf3"\x9b\xae\xe9\xacD\xcc\xca\x1cO\xf7H\xc9\xa0\x02p\xeb-!|\xb6w%%e\xfd4\xb0\x9c\xb5\xd7\x1f\x91\xca\x01\xf18\x86'
    b'\xcaf\xfa\xc3\xd2\xb1\xd3\x92\xce\xca\x95\x93A\xed\x9c\\e\x89\xe3\xe9\xb4\x1aN\xde\xac\xeb=bO\x84\xad\xc0980V\xa8\xdf@\xbb\xe1\x10\xeb\xe0\x8a\\@RF\x8c\xa1\xc4\xcb\xe9\xdb\xf1\xf4\xa0\x05\xc5\xfd_\xc3\x12'
    b"(\xbc\xde2Yh'\xdf>\xd5\xb5N0\xbc\xf8\xddj\x1ac\xf5v\x1f\xce]\xc4\x89-\x99E\xaeU0F\xb1\xde\x95\xc1\x0b\x02\xf4\xfbR\x90\x94\x12\xf8[\xc3=\xe4&E\xc6\xffX2\xb2\xba';&\r\xa5\xa2"
    b'K\x8e\x04O\x02kX6)\xb5I %\xa4\x9a\x89\xe4\xd0&$\xf2>\x82\xa8\xc7\\k\x83y\x02W4g\xe3(\xa7\x1b\x85\x94\x04\x88G\xb8\xf1E\x19 \x94\x15\xfbI9\xa1l\x1a\xe9T:\x9e]\x0c2\xe9\x12'
    b'\x90\xd8a\x0c6\x91]b\xb7-\x9dNG\xb4\x14\xce\x12\x9f\xd4\x91\x1a5}\x85\x94\x81e\x9f[.~\xd4j%\xd3i\x95\xb8+\xb70\x9b\x9c\x0e\xea\xacBJU\xc1\xab\x99u\x0b\x98f\xbcf-\xff\x83V\xfb8'
    b'^m\xfc\xe7J\x93\x7f\xd8\x8d\xc5x!\x19\xb6\xa9\xe4\xfdA\xb7)\xb8\x8a\xf8Y\xb2\xde6pI\xf2}\xeb?\xdb\xbf\xf5\xbfo?\xde\xf9\xad\x17\xfe\xed<\xee\xfc\xeb\xbf\xdc\x8a\xea\xe0\x0c\xc5\xd3>\x7fl$D\x1f\xa8'
    b'\x05#\xf0\x88E\xa4.\xec\x95\xdb\x98\xae\xa2\x1f\x14\xd7\xd0=\x82\xe1\x1c\x83m\x86[M\xc3\xbe\xaaHP\xa06]\x0f\x92k9\xb8\x945\xd1\r\x99r7E0\xe1\xd0\xab3\xe5D\xc4O&\x82Y4)0@\xb0'
    b'\xfe)J\x0c\xe1X\x87g\xab\xf8\xbf\xa0\\\xc5\x0b\x1a_r.Z\xb1@\xe6\x9f\x97W\xf9>t\xe0\xf5\xa4?h\xb78\xa8V\xa7\xa6\xf5_\xd4\x87\xe1\xf8\xec\\Yf\x16\xed\xcd/\xcf\xd8\x03\x89\x06m\xa5\x17\xa7\xc3'
    b'q<\x0c"\x96\xbaw\xe5\xe7\xf8\x0e\xc2izc\xec\x80!\xd0\xa67K/9\x89\x13\x18{5s\xdb7\xddM\xea\x8f\xd4\xaa3\xd2\xb8\xc6\x91>\t\xa6\xa4/Hv]\xfb?\xdft\xc7Q\x12\xe9\xe2n\x1a^\xee'
    b'[W\xb9\xaa\x05\xae\x18\xdfD\xf4\x98\x88L\xdepE\xd7\x16=\xa5\x8e\xa0\x9de<\\\xb6\xb0\xb3\xd3r4\x92\x85E\xc9\xea\x1e}\xf9\xfc\xc7Y\xf3\xd6B\xe9N\xe3\x9b&\xe9\xac\xd1\xbd\x13_\xc6~\xae\x1c\x1a\xb1$'
    b'0\xa2\t\xe0d\x81\xe2\xa6\xab\x92\xf7\x89\x86\xd2D\xdcnzl7*\xc14&\xc2)\xb4\xcc\xeb2I\xbfp\x91\xfb\xa3\xa0Ms\r%\xe0\xc2J\xd6\x7fp\xa9\xf4\x0cJ\xa5\x8b\x89\xa0\x9d\n\xf5\n\xb7f\xaf\xf8\x99'
    b'nV\xe6\x83~\xc4P\x96\x83\xcb$\xa6E\xe0\xf3b\x18A\ng\x03\x8d\x0f\x1a\xda\xd5\x8b\xd0\xd8P{\xe4\x03\xa8\x981\xc5\x9d\xd3\x1e\x119^\x8c0d\xf8\xfe\xceP@Or\x19_nn\\\xe5\x94\xd2\xfd\xc9\xb0'
    b'\xdf\x87\xbec\xde+^\x9d\xcf\x10\x96+\x88C\x02;>\x0b$\xfb\xff\xe4\xfeY\xff\x87\n\x91\xffx\xf3\xe6\xd5\xbb\x0fo\xfe\xf6\xfc-t][^\xb5Qs\xb8I\x8eo\r\xe1\x7f\x95\x08\xc9?\x19O5D\x9cl'
    b"\xebi\xf8\xaa\x124)\x11\xe7\xe6\x81g\x97\xdaF\xefN\x1e\x11\x18\x9dE\xab!\x98\x08\xfc\xf3\xd7\xe1\x02\xb7R\x17~\x08\x97OQ\xe2\xde\x82[H\x83_\xa9\xecDs\xba\x13m'\x1chi\n\xb9\xc8\xd4\xf5\xea\x7f"
    b"\xdb\xe4\xa3\x1c\xdd\x8a#\x9e\xffEyY\x947\xd4\xabX\xb0u\x19m\xa9\xf8%\xea\xd5\xb7#6\xb7\x8b\xe1L\x18<a\x7f\xe5T\x95C\x84\x83\x1a\x12/C\x0e2\x1c\x02s\x9c\x02\x91\x13'W\x86\xd6p\xc9`p"
    b'\x19\x8c4\x0c[\xd3\xfc\x1eZzM$\xd4\xfe\\\x1e\xceC/7\x05r\x80\xee\xa7t\xff\xf3\xae\xc54\xf4\x85M\xbf\xd9\xbb+b\x14\xc7d\xe8W\x872cdh\xa1\xf3%"\x0b\x1c\xf7\xb2\xff\xdb\xea\xea)*\xc3'
    b'&\x1fN}8+UY\xe1\xe6\x97\xb4&\x12\xc7\xca\xbc-U\x8f7>\xa1\xf6lC9\xa4\r\xdbM\xd1\xf1\x87e\x180\xf3\x08\xf996;V\xcf\xa6Y9\xb8\x0e\xee\x8a\xdbt\xf7\xda\xd6m\x99\xc6<V\xfe\x9f'
    b'\xbd\xf3\xbft\xd7G$\x99\x12\xd3Q\xd9\xc9a\xf0\xed\x08H\xed3\x02,:\r\x85\x04e/\t\x0b\x88S\xb5\x81\xa8\xf1\x04\x8e\xbf\xdc\xff\xdf\xd3\xf6\x0bI\x0bh\xd6F\xe0Y\x85=x\x88d\xaf\x83<\xef\xe7|2'
    b'\x19}A~\x10\xe6\x01M99R\x13\xe2=\x7f0\x80\xc17\x0b\xa1D(\xfa\xd9p \xc4\x9a\xb6\x1f\xc9\x19\n[\x12\xab\xd0\x98&\x8d4@\x10h\x10\xbe\xb8\xbb\x99\xe1\xda\xf2\xddJ\xd2\xc2\x9e\xbfXT!\xc1J'
    b"Y\x0f\xedS\xa1\xb9K!\x05\x16\xf1\xa9\xf9t\x98DUS\x8a\xd1\xf2A\xc5]\xca|\xcb\xc8\xaa\xd3\x04\x16\xe7&\x0f\x9f\x98n\xdb\x03\xd5^\xce<\x12F\x9e'\xac\x86U\xf1\x8d\xe0\x14Y\x92\x86p\xed\x00W \x96"
    b'\xe0o\xa4\x1d\x06r\xde\xc0\xd5hO\xba\x85\x02\xdc\xc4.\xe1\xa7\xaf\x93\xd9\xd5\x91\xb9%\xcc\xdfS\xfe\x1d\x83[\xe5U\xa7+\xe4K\x8a<\xc7\x9f\xb1\x04_d.B\x9aN\xb1\xa9\xb0\xbe\xaa&>\x0b\xa2B\xd8<\x7f'
    b'\x0c\xaeJ\xf5\xa8Kn\xce\xea\x8aep\x12\x1e\xe0\xc2[f+\xf1b\xe2c\xde\x88\x03\x93y\xfe\xa8\xf1\x16\x86x\xfe\xf9H@\x1e\x9a\xe3\r\xa5=z\xc1\xa0p\xf2zQ\x94\xed\xc0/\x0e\x8f\xc7\x19\xf6\xc8\x1e\n\xee'
    b"w\xe3\x98\xc2\x08\x13\xfeJ\x13`\x03\x0eG\x15\xf5#\x9c\x88\x17z\xcfe\xc0!\x8a\xd1\x9a\xd8 \xcd\xeb\x83\xe0\x1e\xb0J8\x99+\x1a\xb1\xbf\x01T\x84\x0ea:\xbe&\xc4\x90\xac\xb4\xb0'\x0b N\x9aV\x86\xc1W"
    b'\xb66M\x0b\xfd\xd5Ka\xe8!\xb4<\x87\xd5EK\x9d:\x92H\xe3r\xf9\xe4MB\x9b\x85\xeb\x91<K\x7f\x10s\x0e\xeb,\x9c\x03LO\xa5\xab\xdb\xd5\x0cf\xe3I\xe4\x95-}\xb3\xe4\xd7)\x91\xe7\xa9k>H'
    b'\x12\xdc4[\xb3\xa8&Z\xefwHeI\x91}\xaaE[\xe4\x1a\x0c\xd3\x19\xd3DC\x8f\x8c7233\xc1\xc1H\x85\xcc\x83\x01\x14ZM\xb6\xa7\xf1\x9a\x10\x02.K\xef\xdb\x0cd<\xea\xfb\x1c\xb2\x8e\xee\xf3\x01\xb2'
    b'\t\x1d\xd9\x96\xefIr\xeb\xa1\x08\x17c\xce\xc8\x88\xf78\xa2\xe9\xcfbhP\xb8\xef\x06\x10\xce\x0e\xd5"H\x05\xb2\x00\xe4r\xf2\x84\xb9\x92\x8e\xeb\x03\xc7\xd8i\xfe\xe19\xdcvx\x1d\xc61\xc6\xe0\xd0\x92\xf9\xb5\xd9o'
    b'\xbb\xf8T2Z\x06n\xa5\xa2\xe1$sP`%\xe27\x16\xea\xec:\xd7\x0f\x0c\x90\xa8|Q\xf1M\x0c!=\xdbB\x86\xd1\xb2\xe6r\xaf\x10h\xd1\x00\xeb\xe9\x02{\xfa\xad\xf8Wdq\x1f\x05\x96\xd8\xfe\xfe\xa1\x8e\xfa'
    b'q-\x90\xd0r\x02\x9f\xc1cEB\xa0`?y\xd4=\x1fV\xf28\x08\xdc\xc6\xae\x1b\xadG\xaf\xca\t\x83"\xfeH\x86\x9a\x0c\xf3\'\xd5\xd85\x1cA\x0e\x17\xdc\xf3\xd5\xf2\x10\x83\x8c\xc8\xff\xf1 U^E\xd3tu'
    b'\x80\x10i\xe0\x04b(\xbaf8\tlpW63\xadEN\xb1(\x14a\xb5\x18f\xf9;*\xe5\xf4\x95{\x93\xebK\xe6\x93\xe3\xe3\xd1\xc0\xbf\xf7X\x12\xadGtE/\xa7\xc3r]\xe4\xf4\xdd5\xd8\xbf\xd6\x08\x1f'
    b'\x81\xde\x0b|\x04J\xfd@\xd8\x14\x8e\xc5\xd5\xd6\x1f\xce\x10G\xc0\xacSGG\xbe\x83j\x11\xe3\xbf\xfe\x83r^\x86\x19\xec\xc1\r\x87.y^q\xcc"\xf5\xd9T=\xb3*\xef\x98\x91C\x92m\x1c\x85\t\x03\xcfL\xb5'
    b"\xe1BM\xedb\x05'U\xb5u\xf5&\x1e\x8brS\xa3\n\xf8\x80\x1aM\xb4kOL\x93\xc9\x7f\xed\xa1\x8d\x8f]\x83&\x13\xff\xda\xcb\xa5\x1aNy\x15Q\xd1\xdb\x1cg<\x0f2`\x9d\x89\xd8zGc$:\x9d\xa5"
    b'F\xbdP\xbe\t\x8f\xea=\xae\xcco\xd2u\x93:\x85\xc2\x9e\xe2,\xd3\x7f\xafF\xf3\x1c\xa0\x91}\xf0\xb8\x0e\xf6\xb7\x93 \xcb\x04\x87\xffZ\xad:B\x9c\xf2\x88R\xf2\x0cz9\xf0G+\x82\x97_\x88\x96R\x02\xad.'
    b'\x99\xbbm;E\x9e\x8c\xa8j\xc5\'\x7f\xc6\x9d\xd7n\xfd\xdb\x9f\x1e<\xb8\x7f\xf7!\x9c\x8d\xde\xf1-\xaeh\x0b\xb2\x0c\xbf\xf3@\xd0\xb4\xa9/(lF1_R\x1fc\xf0\x1d3\xb5"\xe9\x12J\xb5\xbe \xaeM7'
    b'\xc7\xef\xa9\xfb\xb6M-\xdcK\xb8\xcd)\xb3\xce\xa2;O\x0e\xa1z\x8dH\x05\xd2\x87\x08\xb4\xa8\xa0\x8b@!\xc5`\x16v\xa5%@%\xb5{\x97\xfc\n\xe9\x07j\x82!V\xf0#\xd9\x83\x96\xfa\x1a\x86?\x17"\xa8x'
    b"q'\x9e\t\x99;N\x96\xa1#\xd4\xe7\x9a\xf5\xa6($\xe5\x99\xdc\xa0\x95\x03\xc0\xed\xd2\x12\xd9D\xef\xd4p(ZZ~\xc9\xdc/\x1a\xb2\xb0\x19i\xcc\x0b+h\xcb\xfa\xec\x8a]\xac%\x1c\x89\xa0\x18I\xd7\x04\xd5g"
    b'\tO\xb2\x0cy\xbb\xc5h\xed\x05\xdc\x8a\xcc\xbc\x8e\xf1\x9a\xb9\xcf8\x19\x91\xe0\x16M\xb9V\xd8i\x0e#\x1e\xd1\x9a\xa0\xebA5\xc2\xae\xbf3\xc3I\xda\xdc\xd8\xda\xde\xe4Q\xfa_\x13\xf1\xaalu\x1beA\xd9\x92\xa8'
    b'c\xd9\x02y\xfdD\xc2\xcf7k\xbei,"4\xb3c\x7f\xc9I\xc8$\xa1\x91\x853\x84\x97OD`\xb4Y\xa9\x8e\x1bE\xd2\xb0\xc9z\xaa\\\xa6"_8f1k\x91\xf2\xe7\x15\x02s\xff\xee\xed\x07\x9c\x95\xb7|'
    b'mJf\xfc\xbd\x88\xba\xa0\x1dR\x97\xfb\x9e\x9ah\x93+\x00\x11/\xa0(IL\xcd\x89\x8a\xf9\n2-\xc1\xd9\x90\xaa\xdcbFX02\x92\x19b\x9a\n\x14ZW\x8a\xec\x9e\x0ef\xe7\xa3\xb9\xf0\xfeP\x05\xcd\x980'
    b'\xd7\x01\x05^\x94\x06}AK\x92\xb9c(\xa6\x84\xbc.?\x0e\xc6\x7f\x0cP\xa7\x99mW3Y\xb1d~\xc9\xc8\n\xf1EK\x08\x9d\x08\xb6\x0b\xb1\xfd\xbc\xc9sU\x08\xb5k\x0c\xcb>\xae\xbbn[N=\xfc\x12$'
    b'5\xd6\xd3\x80\xa4\x06$\xb4\x9f*y\x0f\x05\xa4\xd3w\xc0\xf8\xc3ehf\xa9\xf8\xac\xd9\x9ax\xb5\xe8\x08\xf0\x9b\xa4\xb1\xa2M\xc3\x91\xfc$\xd6\xb6\x1a\x96\xbd\xf8\xa1\x89\xd8tm\x9e\x16_~\xf5[\x80\xf3)\x87\xdd\xe8'
    b';f5>\xd9Zx\x02q\x13\x98B\x81(~\xeab,\x8bboR\xfd\xeb\x86o\x18\x0b.\xce\xdb\x80A\x1b\x04\xae\xccM\xa3\x9c\x9f\xa5!6\x18+\x1e<\xd9\x0c\xfct!M\xach\xd0\x8c,\xd6\xd7\x8a\xd5\x18'
    b'\xf9 &\x1b\rJ\t_T\xd5\x0b\xb3(\xe4\x0bm\x11%v\xd9w/\x04\x1e+\xb4\x81^gy\xc5\xca)\xc0\xa7\xda\xe9p\x85\x8a\x9f\rF#\xdegM\x99\x12\x00\xc2\xe6A6=(&\x01\xafD\xb2j\xeb\xa6'
    b'\x80\x88J`s\x89\xa4\x02\x07\xe1\xf6\x95<{\xb4\x80\xc2\\[9\x00\x89\x16W\x9e\xd5\xe4@\x99e\xa6\x15ej0\x96\x00\xc2|\x8dlZ \xf3UVH\xbfc\xee\xee\x85\xdfi>\xe2|i\xfb\xfd\xe7@\x0f\xc2'
    b'8\x06A\xd4l\xb7(\x02\x11\xacay\xeb\x9d\xebk\x11\x1c\x8ek:\xd3\xc8wH\xbdr\x03W\xcd\xfd\x80\xeaO\x0eG5\xc8i\xf1s>\xd0\xe8\x9d\x99\xa6\x19\x1dj^\xee$Te[*\x89R\xb4\x9b\xa54\xbf'
    b'\x8fs\x1b\\K@xI\r\xa8L\x0c\x07\x1f\xff\xea+ \xcd<U\xcc\r\x15\xe6\x9eL\xa7\xe5e\xefl:\x99O \xbb\xcaE\xd6;\x0c\\R\xbb\xd9\xf4\x07\xceD\xac\x7f\xe8\x0bh\x04\xacu\x81\xca\x81\xc4\xb5R'
    b'\xf2\xd675U\xde\x0eGN=\x00QOE\x91AM\x9d\xd1\x833\xc2\xc5+\xaco.\xb6\x0b\xe3\xe2t iRDQ\xb8\xca}\xc5\x92\rR\xdb`\x9e\x84\xcaU1M\xea\x88&\xac*\xf9\x94\x84\xd7\x7f\x90z'
    b'D\xba\xdd\x88q\xa2\xcb\xc8\x12i\xd7\xa9\x12H\xa7\xb2\xd4\x19"\x13DW\xca\xc8\x9e\xca\x0bt:\x9fm\\l\xff?j\x9a\xd0\x85\xd0\xa4\x7f\x9f+\x01\xfe\xa74G>;\xf6l\x8d\xaa\x81x\x8f\x8a\xe6~M\xc3\xd1'
    b"\x06\xc9\x80\xe0 \xfbN\xed2\xa4\x1b\xab\xe0\xdc~\x9d\xed\x80\xe6_\xe5x\xc3\xc1'L\xa3\xa2\x1f%\xa7b\xebS4\x14Dob\r\x93Q{\xabx-\xd1\x13\xc1\xa2ii<p\xbe\xe6b\xf9\xbc\xd1\xae\xaa\x964"
    b"\xdb'\xa34\x96\x1c\x13pr\xc9\x84/=\\\xac\x03\x02a\xfa\x05c\x91O\x9e\xbey\xf2\xf6G\xa1p\x8d\xa8\xd5\x9a\r<\xa1\xc2\xf6\xcd\xd9\xdf\xe5z\x12n}<X\x06T\xdd\x1f\xc0\xddtf\xec(\x8b\xe7;Q"
    b'jH\xae\x92V\x88M\n\xdd\x95\x8e\xfb\x97\x93pP3\xe7\x7f\xfd&\xa7\x06\xe7\xa7\xe1\xb2\xb9\xfc!:U\xf7F\xe5\x01\x9a?)\xa7O\xe6\xed\x8d\x8a\xabz\xa5\x94"H,a\xcb\x84\xdcp0\xbbk8\xe1k\xae'
    b'\xa9\x99jN\x94\xdc\x84\x7fRo\x16V\x18Dw\xab\x0f\xbe\x86ka\xfc\xbbk$^\x9c\x87\x97x\x16\xaa\n\xc5V\xad\x86q\xc3\xe8\x10\xae\xc9Juo\xc3\xa3/\xab\xeddP\xf6\xab\xb5<;\x9f\xafZK\xfea'
    b'\xb8\'\xbf\xeeC\xeaA\xbf\xee\xd3g\xf0\x9eK\xa3\xd6\x9c\x018;AH\x9e"_\xf7\xa4?\xc81\xde\xb8\xb3\xbaZ\x08\xb8\xbd\xef\x86p\x198\xee\xb8\x8f\x19\xfd\x15\x8a\xa9\x04$\x877#\xa8\xdf\x87\r\xd9#Q\xa0'
    b'8\x95z\xf4{\x12\xc6v\xd2\xee\xd1\xd8\xbb\xf0\xfe\xea7!\xe2\xc2&\xc5c\x86\x95\xa8\xf8\x96\xb2Qp\x07\xedN\xe7a\x85\xb0\x92\x84\xd2\x14\x1e\xc5\xf8H-i\xae\xa1|>1[\xa1D\xd0\xa6(]\x92+I\xa0'
    b'\x15*\x88V\xca\xa1\xf9[\xf5/\xcd\x9e~X\x9e\x01\x13}\xa6\xfa4@9\xb0Y\xb2T3\xb3\xce\xd0\x1d\xf7\x1dM\xe0\xec\xdf[qDM\xa6\x9aZr\xfa\xd8\xe7?\xc2J|\x03\xb5\x12\x8d\xaf\xa7k\x0fSW\x95'
    b'\x0e[\\\xae\xddB\xa2}&l\x8a8\xda\xc8\xac\x9a\x9d9OT\xe7 \x12\x14\n\x98\xae\xec\xa5F\xa2\xf3\x86\x01;&2\xc10y\x04\x96s{;\x0e\xacti\x98x\x02\x86\xd0\xcb\x08\xf32Z\xcf3\x82`\x9c'
    b'\x06\xcd\xfe\xf2/\xe5\x88,\xf8T-s\xb3:\xe0E={\x11\xfb\n\xfe\xbe)\xb1\xddy\x94\xec\x1c\xc8\x01-\x99a\x9aEq\x8a\x8b\x9d\xfeu\x8a\x1a\xe8\xbdU=\xf0\xf0D\xdd\x04\xffn\xa9.2\xdcT\xef\xb6\x01'
    b'\xd3grTM\xa2\xa2\xf3\xe4\x8bp\x90\x15\xa7\xb4\r\x8f\x03)\xe6\x18P\xe3v\x12\x0e\xf0S\xd4\x131`$\xa1,\xa4ba\xabg\xa5,D\x9e\x9e&>u\x933\xb1\xb3o\xc9]\x01\xa7R\x9c\xd1\xe8cY*'
    b'nA\xe68\x86\t\xb2\xfaM0\xb7\xb4\x1e\xc4j\xc9gK\xfa\xfaL\x8e\xb8\xeb\xed3\np\xa9\xb7u8\xcbE[)\xaf\xa3\xb3`b\x90]%\x97\xaf|\xc1\xeb\xeb\xfe\xbam\xee\xfa\xb6l\xb3\xc7M\xe4\xe0H\xdc'
    b'\xa6q6\xb9j\x87\xfc \xe2\xe4\xb2\xa9z\xdb\xbelBc>\x1aB\x8e\x9c\xb5=(\x06\xe9\x9f`<\xf4\xa3\x0e\xa5?\x1d\\\x84\xdd\x80\xabJ\xdd\xc5/@\xcaq\x94\xd4\r\xe3(\x90\xe3\x13\xc9\xc3+\n\x17\x03\xec'
    b'\x94\x9a\xfb\x02\x1b,\xfe\x85a\x13\x0eG\x11\xa1>|\xca@\xbb\xb1D\x06\x17\x07Ad\xf8h8\x13\x10Sq\xdbD\xa0\x92pA \x16\x12\xcc\x93\x11\xbd\x84Q\x12\xa4\xfd\xd1\xcc0k\xbb8\xb7\x08O\x9a\xa6\x1c\x9e'
    b'\xc4\x86\x0f\xfd\x95le\x82h\xaf\xfa-z<\x0b\xb8:\xc1\x9eO\xce\xf5BP\xd8\xdb\xae9\xadK\xef\xcf\xa2N\n\xd4B\x93n\xcc\x05\xcd\x1c\xd7\x15\xb2\xddt5\xdd\x14=n\xce\xc7z\x18\xd2!\xd9\x89\x9e\xf4\xa1'
    b'\xfd\xed\x8d\r\xe0=0\x05Gq\xff\xfe\xfd\xb3\xcfbm\x83\xadc\\\xdc\xbf{7<\x80\x8e\x82\x18Ia\xf4\x96\xf6F\x01\x06py\nz\t\xc62\xe6\xa8\xa0\x99\x0bt\x92\x07\xf0\x82x\x16\x02`r \x0e{)'
    b'\xeeT>L\xa9B\x04A[1\xa4\x9d\xfb\x9b\xee\x16\xee\xce%j\x05\xe7A\xdc\xc4\xf6G_\xe2\xc4\xf9\xaf\xeaGl\xc6\xe5r\x9a\x87\xd0|RPnR\xd1jr\x9d\x7f\xfb7\x89\xf8\xf9i4\t\\A\xe5m\x07'
    b'\xe1\x05\x1bJx\x93S0\x0b`\x1b\x1c\x05\xe6\xe5\xdfC\xa5Z\xfb\xe3\xa2\x05\x14\x0ejad?\xb4*\x9f\xd6\xf5u\xf2)`2o\xca\x9fNEoI\xe6\xd0\xab\xa5\x80\xd4(\xd00\xd3\x87 {M\x9a\xca\xf3y'
    b'\x8eM@\xcbQx\xba\xbc\x155D\t\xc4.A\xaa\x886\x1d\x08I\xf8\x8b\xf1xD\x01\x8c\n\xcaP_}\xbc8\\\xf4\x98j\x19\x0ej\xb1\xae\x99\xf1X\xd9\xa3\xe2\xf6F\xe7\xfa*D\x11/\xdf\xb1\xe9P\x8bV'
    b'\xe7j\xb8\xaa\x00Q9\xe7\xed\xb1rUk\x96\x8b\x10\x96;\xc3\x10C\x9a\x0c \xe1E\xb0\x96\xd5\x83r\xc6\x81\x16jrC\x80\xbd\xa8Kx\xd4\xc5H\xa3\xeam\xdd%\x086M\xa3\x88h\x9c|\x1c\x8c%\xc9\xc18'
    b"\xc67@\xb1G\x88\x10Ti\tu\x18\xf8\x10\xca\xd1\x8b\xbb\x9c)\xa2\x19\xd9u\x94\x13'\xeel\x04\x84#1\xe8\x11gOS>z8\xd5\x0b\xdb\xc0\xf8\xfa\xe5\xf4\xa3\xb5\x06\x079b \r\x9dG\x9bXah\xed"
    b'T\xf2y\xea\xf9}V\xdf<\xc7p2\xff\xc5:\xaf\x1e\x84\x18\x90(\xae\x86\x12\xf8\x9bpu\xa0t\t\xf52\xc2\xc8\x80\xc9m\xf6\x8c\x1f\xa1\x83 G\x1a\x04\xa05s\x8f\x17\xa6\x04UK\xad\xb9g\xf9\xa0\xff\xf4\xb2'
    b'=\xb1\x83 \x88y\xa7g)\xa5\xa3\xb0\x98\xcb\xb8\xc6\xc4\xda\xd5\x8b)\xbe\xe1<G\xd7\xe3\xe2`\x81\x19\xdb\x8b\xb6\xe5{\xc1J\xd2\xfe\xef\xc8\x1a\xea\xaf\x1a~\xe55Y`\xc5\x02\x95g\xe2\xd8\xd3?\x9e\xa4\xec\r\xfb'
    b'W\xb5\x13\xa2l\xb0\xb5\xab06\x96\x1f\xc69N\xe2x\xcc/&\t\xd8\x9d\x1b\x1d\xcc\xa3\xe4\x86\xb2\x1aD\xd7]\xe8\x18\xafA\x9f\x88\xe3]/\x0e\xec\xef\x1a\xf2$\t\xb8,\xcf\xa2\x89G\x1eXwu\xc0\x8cax'
    b'\x8a\x80\xad\xa8\x8a\x0cp\xf8K\xbd\x08\xbfzb>\xc5\xfa\x8c\x07=o:Eo"\xfe\n\xb1\xfdB\xdd\x1d\xb6\xd0\x839E\xb2\xfc)\x92\xab5(++\xc1\n\xd5\n\xbbi\xb5\xdc+1~\xed\x14\x9b~eHw'
    b"'DL\xd4\x9a\xb5'q`\x0b&Bb\xd5\xc7\x83\x9eZ)QIO\xfc\xd3\xb5\xbe\xf0\xf2a\x8e)\xc8\x17\x8f\xa5\xa89S\xe5!\xd6B\xe7\x90NH\xec\xed\x14@\x95\xe8\xc9\x03\xc5x M\x85H\xff6\xb0k"
    b'\x07\x93\x8b\xb5\x04\xfe2\x9f\x96\x9f\xa0\xd6\x14c\xa2\xa8&\x1d\x91\x83\x05\x8e\x8e\xd2\xacu\xee\x1a\x1cf@AR\xcd(\x81"=y\xfd\xe3\x87\x17\xaf\x81\x85\xf4{K[EJ\xf2_C1\xe4\x1a\x8e\xe0D\x92\x0fP'
    b'\xa81\x98*\xa3\xd4\xea\x1b,a\x92\x0c{\\\x1fR]\xfe\x91\x1b\x9fvBn\xfd3UFh\xdf\xb5*R\xb5Hle2\x88\x8f\xd7\xefI\xe4\xda\xc1\xa5\x16\x15\xf47K\xf4!$\xd3\\\x1a\xa8\xb9\xb0x\x9a\xd1'
    b' \x87C\x8cyM\xc1T\xcbl\xa9\xca\xa3\x9f\xb2;Q}\x92(\x9e\x8e\x0e\x18\x8fm\xb7\xe1\xf5\xb1\xcf\xed\x1b\x87\x9ce~S\x97\x97nJe\x17\x96\xbc[IY2\xf0X\x16%\x99\x88\x17\xe3\xcc\xa8\x9f\x88\xed\xe9'
    b'\xe0\x14\x11_\x86W\x90h\xa9\xe8<\xbd\xcfp\xb7\xa8$\xde[@o\xfd\xb9\x17w\xe5l\xd4{F}\xdd\x11F\xb1\xc0\x00buJq\xa8\xca\x9c%\xac\x97\xe1}\ry\x13\xafr\x0fI\xb9i\x7f\xe5\xb5\xdb\x96\x1f'
    b'\xf0P~\xc6\r\x9fE/\xb9S\x9a81\xf2\xae7\xe5\xd6\xdeC7{\xca\x11\xdc\xdc\xddu\xd5T\x19[\xb9\xcb\xd47;^j\xaa\x91\xce\xdfa\xa8J\x8b\xf4"\xf6qS\xfa\xc8\x87M\xe9#FM-\xbc\x82,'
    b'\x9aJ\x0b[\xd4\x97\x86CYC\xd5h\xa8\xfc\xff\x1ab\xa3\xf4\xc3\xc5\xa1QZ\xa0\x1e\x19\x95\xff_C\x9c\x94~\xe9\xc2\xa4"o+\xeb\x9d\xef\x9b\xb4e\xfa\x81\xbb\x9e\x0f\x16\xbeVw\xdc4\xff\xe4!*h\x1f\x8e'
    b'\x810~z<\xa8z\x1a\xd5\xee\xa9\x8a\x9f\x8f\x03\x03\xf9\xb2\x93C\xc2\xb2\xe0\xdcd\xd5VY\x95\x04\xab\x9d\xa0\xb3\xdc}\xa8\xdb\x17c\x89\xf1\xcf\xb4\xae\xfb\xd72\xef\xbe\xb9F\x7f%\xb77\x1d\x9a\xb7\x00\xde#\xe3\x17'
    b"\x01J\xf0Gt\x19b\xb3yQ\x12\xa0\x17\xe3\xac\xe2x9\xec\xb9&\xf6\xdd\x87\x02\xdf.'\r\x87\x85\xdb\x01\x02b*.V\xf7\xf0<\x10\x8c|\xe2\x02\xfd|\x1aY\xdatut-\xb8\xd2\xf9\x9cT\xae\x1b\xe6'"
    b'\x16\xed\xf2\xe1@\x0b\xe4\x15\x13LP\xee\x06\xf7"\x0f\x8c8%\x8e\x9e\x9eo\xf6\xf0\x9a\xd3\xcd2\xcb\xcfv\xe5\x88\xf3\x8b%\x07\xfc\xca\xcd\xe5UB\xc4\xe7\xbc\x85i\x0cL\xc1/\xa1\xb4&\xcb\x945\xec\xe4\x93\xd84'
    b'$\xdd6\x8dU\xdb2\xbb\xda\xf5\xd1\x177\x10\xe7\xee\xe3\x80h\xeaRM\xe7*C\x94\xaf\x1f}0\x1a\xe5\xac\xfa\x95\xa5\x98\xce\xe8\xec\x17\x10\xd5\xa5\xc4\xd5\xa5\xd4\xbb\xba\x91\xffk(\xfa\xd1(\xd9\x8c\x12\x02\x9d\xff\x1b'
    b"r!\x8eZe\x81\x00N^><\x99Lf\x12\x8d\xacB\xe6\xfa\x1f\x85b\xf1\xd7\xb1\xc3\x08\x14^\xc3\x02\xb2\xc2\xfa]\x0cF\x9f\x06\xea\x0c\xaa\xce[\xa5\x86\xe6\x9aXH\xa1\x11\x96Xp\x9e'\xe7\xaa(,\xc3$"
    b'\x94\xaa\x95\x02\xcfE\xae\xa8\x04j?\xcd\xe1Qq\xdd+\x9e&NR\xf5\xf8\x12\x01\x07n\x99\x98\x9e\x04\x85\x15w\xd4\xe1\xccCqZxZ\xc6\xb2Q\x12gE\x17\xa1=\xbc6XV\x98\xacg]\xa9\xda\x84Vv'
    b'MP\xc3\x80\xf3\x1fY0\x89z\x8b\xc0b\xfc\xd4>\x0b\x92\xba\xe0i\x99~\x13\xc2WX\xce\xd0\x86h\xdd\xf3\x0e\x0b\xa4\xaf\x8c\x89r[\xd8\x18\x85F\xc5H\xdamx`R\xcb\xa8t\xcb\x86\xc8\xce3\x98Pk\x13'
    b'\xa3RD\x87\x88\xa8\xb5\xa0\xb6\xbf\xbey\xfb#Yn\xf28a\x93\xc7\x0c"HB2\x99\xe2^\xb4\x87\x9b[\xf7\xe5\xf1\xe5\x00\xf0\xa0\xf68\xa6,9F\xd4\xe3N\xca\\\xb2A$\xd7\xc3\xcb\xd2?\x94<%\x07L'
    b'\xcf\x80\x871u\xc9\xd9\xf9\xf4l\x84\x87\xd2\x8c=>-\x8f\x07\xe3y\xe9:\xc6\xe7P$\x07\xfe"\xebZ\xf8\xcf>\xdc\xd5\xa7\xa7\xf1\xf1\x83\xadn\xf1\xe0\xee>\xa7|>\xc8zl\xd5\x1cN&\x81\x18\xee=\xb8\xab'
    b'\xc5\xad\x83\xe1F\x88=\xdc\xd8\xbf\xa1\x12\xc8sj\xacN\x08\x8b&\xb0\xe0\x13$O\xfd\x1c\xfe\xe8\x0f0\x013\x11\xb8\x9d\x01\x86M\x17\xe5\xe7\xa1\xa6pE\xbf\x05\x005\xecb4\xa3\xd1\x95\x14*\x04 \x0c\xbeX\xe2'
    b'\xf0\\F\xe4|:\xfa\xc8\xceqR\x94\x14\n;A\xfdh\xe5\xc1\x01rDOE\xae\xfa\xf5\xc9\xfbg?\x0b\xc4lkJ}eK\x96\x15\x7f\xc9J\xe2/.\x1e\xfe\xc0z\xe1_,\x11\xfe\x95u\xc1_\xba\x14\r'
    b'>\xb1-\x8c\tE0\xf9\xfc\x17cfmav[\x0e\x8c7\xd1\x04/\xa4\x188e\x9c\x8f0\x19cK\x06vj\xa0>\xa5\xa6\xc2S\xe5w\x9a\x10\x1eNaGHV\x84\xf5\x8ch\x0e&\xb8B1B\x0c\x0eU'
    b'\xbc)\xf4/\xaa\x9b-\xe9\x1f;7\xc3\xe9d\xbd\xb1\xda\x19\x08G9\x8a\xd5K9\xd99\x10;\xbb\x12\x17\x8b\xeaQ{\x14\xf0,\xdb\xfd\x91\x13\xba\xb4\xd5\xaa+u\x92\xbaDQFf\xd3@\xed\xc9;\xeey\xae1'
    b"\x06\x91zY\x88|\xcf\xd3\x97/^\xff\x05\x1f\xe6\xc0\x05\xf5'=\xf3?P\xa3\xe7\x0f\xc5f(\xa4\x0b.\x9d\x08\xdf\xf0\x0f-\x1a\xb9\xc6\xbd\x16\x87\xde\x8aa\x94\xb6\xf5\xbc\xf0e\xcf*!j\xc7\x07/\xc6\x1f5\xc5"
    b'\x8d\x15\x05Ft\x9b8&\xc7\x07\x9a\xb2\xa9+\xe11\x9d\x96\x97{I\xef\xa0\xc7\x88\xb7\\E\xb85\xb7\x05\x9b\xe5\xaep!\x90`S\x17P\x0b\xa6?f\x86\xd1\xcc9\xf4\xcf\x00\x91WOcxWv\x01;Z\xc7'
    b'\x17\xac\x0c\xb1.\x0b\xe0>\xf0J+B\xc4\x92\x02\xef\xe1\xd5~\xc7\x12\xe8\x08t \xb0\x04\xff\xf1\x8fL\x7f\xf3\x921\x12\x17\x84q\xd2\xc1\x1ap\x87\x98v\xd3\xe6\x9c\xd3]\xa3\xb2IMu\x11H\xe1/%\xa8\x17\xf9'
    b'[\xb9\x8f\xa1o\xc5\x9d\xcc\x18nsE\xb3\xda%\xf9\x83\xc1\x1e\x84\xa2\x92PR\x90H\xe4v\xf3\x08"Q3}#f\x9a\x9fi:q\x1a.\xad\xf3\x8a\xa3\xee\x11\x81\xf4\xb0C\x83\x84\x1c\x16S\xe9\xa8\xd0\xb2\xe7\xef'
    b'?\xbc|\xf3\xe6/B\xcc\xf8\xdch\xcb\xd3\xb0\n\xc5 \x9c\xc0\xc3y\xba\xec\x87\x82B\x7f4\xfc<H\xa0&:\x06\xa0\xa3\xc7\r\xa3|E\xecut\xd2\x90\xdc\x0e/\xfe\xfd\xf9\x8f\x1f\x9e\xbdy\xf9\xe6\xafo]\xfb'
    b"TL\x01o|\xa4\xc4\xefU9\xfd\xef\xf3\x01\x9f\xbd\x83\x1a\x8d\x8e\xdc\xadg'\xa1k\xd6\xcd_O\x064N*\xb5\n\xfbS\x04\x04\x07\x99\x8d\xbd\xdb+\xdeMF\xc3\xbe\xba\xff1$@r>w\xa3n\xcavA"
    b'8\xbe\x93q\x9f\x1a\xa7\x11\x91\x8c\xb0\x0f\xce\xa0\xf7\xd5,c\xd8\xfc\x13x\xd4s\xc8ds\xc49D\x8e\x05\\F\xf8\xa1W\xca\xa7\xf9\xd2\xb0\x7f\xf75\xd0<\x07\xfe\xe4\xb0\x93"zi\xb4\x88au\xde\xe4 \xc3\x16'
    b"\x8e\x0b\x97\x12\x14Y\x0c\x083\xf9m\xd4EO\x93fQn\xc6\xc9`\xf4k\xf8\x05\xfe[\xf0;\xa5\xd1\x16\xde\xd4\xd7hQS\xcb\xe0\x80\x1c\xdf%D\xe4\x13\xc3+\xf0\x1c6l>'\xb4^\xb1j\xf2\x02\x03\xcc\x9e"
    b'\x1b\xd4\x90\xa0\x19\x10\x85g\x1e\x0b\xd8U\x84\xae\xaeQ\xc4\x0c,\x80\x1c\n\xd9\x08Qy\xa8\xaa\xc5\x82H\xd5\xb8\xa2\xb9jr\x8d\x8b\xf1\x1e\xbd\x8b\x83\xe0\xd7Z\xa3\xf0gzn\xe9\xd2\x15\x81\xb0M\x8b\xcb\xc8\x0b\xcf\xd4'
    b'\x0b\x93\x9b\x0c\x06\xaa\x1d\x86?/jK\x97\x1a\xf8\xdd\x1do\xce\xb2\xa9\xe4\xd5\x07kt7\xd2\xa2\xf2p:\x99e\xed\xc0\xf2\x03\xab\xadY\xb2\xd3U\xae\\\xf6X\x92\x02\xcdL\x1dM\xa36\x99ru#;\x14GZ'
    b"\xbb\xbd\xc2eM%t\xd3\xc2\x92'\x0b|\x8a2f\x9cw\xea\xaaq\x14{\x96\xe8}&\xc6}\x93rTG\xae'$\x9c\xac\xd9\x9a\xe3\x15`U\x9f}\xe4\xd1%\xc5x\xf5\xe6\xf5\x9b\x0f\xbf>y\xf73\xdcA\xfe"
    b't\xb4}\xf8\xe0\xfeA\xebar\x12\xd69*=\x0c4\xe7\x1e\xdb4z\x07G\x1c\xf6\xcb\x98\x97\xe5\xb4K\xfaL\x1dx\x8d#\x91\xbd\x913%"\x82\x18,\x88Sy\xca\xfb_\x85R\xb63\xabF%><\xb9\x13'
    b'\xb35\x18ts&\xc5\xb8\x0e\xf3"\x8c:j]\x8c<{\x99\\\xb0.\xbf#n~\x97\x96-K[\xb6HoT\x85\xb18\xd2x451a.Q\xd6\xeb+\xba\x15|\xa9\x1cY*G\x94jTT\x0f+\x06'
    b"*\x89D\xc0cC\xdc\x95\x8fw\xdb{\xff\xf9\xdblg\xff\xfb\xce-\xef\xdc\xc0\x98\x80\x9a\x12\xd8p\x05\xf0vos\xbf\t\xb4\x98.\xd4ch\xda\x84U\xe0'\xfb\x88-\x91\xb9\xf3Os\xc8\xec\x9d\xe2\xd6\x7f\xeem"
    b'\xac?(\xd7\x8f\xf6\x7f\xbf{\xf5/\xb7z\x00a\xb4\xf0\xce\xc7\x85\x04\x8aH\x17\x12\x02\xb1\xf4\x17-\x82\xd3\xc3\xc4FR\x1a\x1e\x12\xce\xae\xa3\xcfi$\xc3\xc3\x9a\x92\x9d\xefS\xc4\x03\x0f\xb4\\ue\x95B\xc8\x116'
    b'\xe3\xd1 \x06\xe9\xeaV\xe6\xb1\x17f\x85\x87^NG\xb8\xfaz\xac\x1a\xe2\xbe$\t\xd3\x0b\xd5\xd5Y%\x0b\xdd\x8c@I\t\xac_b9\x02\x9b\x03s\x8c\x00Yg\x08k\xb3\x9d\xe2Y\xa0\x01\x81\xf3\x1d b(\x94'
    b'\x0fw\xeb\xd1\x08\xe72\x8d\x07\xb4\x91\xd4\x10Qr\x9aP\x85\xa4\x97\x88\xc4\x19`8\x8e\xfd\xafe\x98\xbe\xfa\xd1\xeb\x92v\xa5kT~Y&\x0f#-\xb6\xf5\xc9\xc7G\xc1 a(\xacp\xc2w\xf4\xbc(\xdet\xf5'
    b'\x1a\x0f\xd5Q$H\x01\xd8\x1dkM\xaeej\x1f\xc2\xe5\x9bj\xf1\xe5\x7f@\x94\xa2\xf1\xf2\x98\xe6r\xba~<-\xfbpNi?\xd8\x08\xe2r\x97\x9e\xcc\xf8\xa4\xca\xde\xa7\x8d\x84\xd7\xca\x08C (\xdb\x9b\xdb\xf7\xbb'
    b'\x9b\xdb\x9b\xdd\xcd\xad\x8d\xeeFo\xf3n\xa7U\x83\x87\x8a\xe4\x95{\x82\xae\x11*{\x7f\xb3\xde\xab\xb2\x95\xed~\xd16\\j0c7-\xa6\x93\x92&\xa3\xd3\x95M>&\xc2\xea\xdc\x05w\xe8M\xa0\x05\xba\x11~5'
    b"\x82\x7ff7s9\x13\xcfU8\xe4\xb1\xb8z\xcd\xe1\x99\xa5\xd8\x9b|\x94\xaa\xd57D\xe4~e.\xbb\xc0x\xd5m\xef;\xd6u\x83y\xf7\xe6\xe5\x0b\xe3\xaa\xd2\xee\r\xc3\x93}R'\xb1IKm`}N\x98\xe2"
    b"\rg\xa4\xdc\xe0\xd1\x18*\x1bv\x1aw\x14l\xca\xa2'\x7f\xec\x1e\xb4\x97\xd4~C\xe8\x1c\x0b\xc3'p8\x98-+^\t##Q\x8f\xdb\xab\xd5YN\xc8kd<\xcbP{-%\xd7o*D\\h\xb0\x17\x05"
    b'\x95\x92\x7f\x15\xf5\xf6Bu\\&]\xa3\xbab\xc1P\xe9\x17\xadg\xed\xba]z\x87\xdeX\xea\xd8\xd2\x8b+\x90$\xf7\xe3\x12\xaeu\x97\xca\x9f\xaa#\x97d\x19\xc5!\x0b\x87\x83\x8ear\x19\x88@\x96B\x05\xa6\xaa\xb4'
    b'\xd5\xc3N\x05\x00SrY\x84\x01\xf8#\x12_b\xa65\xdd@b\xdc\xb1\x8b@xozS\xc5@\xecx\xdcLL\x8b\xe7I\xf2i\x11s\x8f\xda\x86\x03=o\xe4\x98B\xab\xef\xcc\xcd_\xf2OF\xfd\x12\xc5\xb5$'
    b'+g$\n\x81\xd0\x93tq\x99;E\xbd\x17f\xbf\xb7\xe9\x11\x902s\xf3<\x87\xc42\xefE\xd1A\xeb\x96\xd4wIw\xd8-\xd4^vxy8\x1a\xc4\x02I\x07o\x05d\xcc\xd0.\x842Qc=\x1b~\x16'
    b'\x12\xf5\xcb \xdcv\x88e\x02W/>\xe4\xc2-#^\x9b\x12>3\xb0\x05y4\x1cP\xf1c\xd5i\x10\r\x19U\x04\xe9\xdb\xfe\xc4\xfcA\xde\xbe\xff\xf0\xea\xcd\x1bQO\xb78\x98\xd6\x0e\xf0-Z\xbe\xdf\xf9#v'
    b'\x13\x8f\x8a[\xc5v\xe3\x8elU\xbb\x1bJ3\xf5V\xeb\xfd\xb4<:\x1a\x1e*&\x8b=5\xa1\x1e\xbf\xb7\xee\xe8J\x9aX\xe5\t\xbd*\xf5kk\xe5\xc8\xa9)U\x12K\xd0U\x0fc\x8a=\xb2\x00\xf4W\x8e\x8b\x14'
    b'V\x11\xf2\xbc(\xf0\x138mRe\xf1\xbeC}\x86\xc4\xe7g"\xe9q\xce\xca\x11t\xc2t\xc8+\xa7\x1fM\xb9\x9cX\x17\xd1\xcb\xc8\xd4;\xaaO\x01\xa6B\xa1z"nv\x9cO\x8e\xee\xe3\x98P\xd1\x18\xaf\xda\xf9'
    b'\x15\xd7i\xbd$3/\x97\xfe\xcb\xe1\\\xa9\x0f\xae4\xc2\x04\x86\xe9\x19M\xe6]C\xdd\x9c\rO\x13W$\x85x\x81\xbcz\xf1\xe3\x8f/_\xbc\xfe\xb3\xdd#\xf1>\xa1\xe2\xc0\xc5\x8a\xfc\xe8e@\x99\xc3\xd0IgU'
    b"\xa1.q\x18\xc5Nu\xfc\x8e\x02`\x90\xf9&\x0c\xd9\x9a\x9d\x84a$Q\x80\x07-\xba\xa0\xa4\x81\xfc.&\\\xeb_f\xc4u\x1b\xbc'\x17\xf2\n\xbe\x82fU\xf4Kt\xd5<QY\xe2\x11\xe9!\xbdH\x14\xec\x16"
    b'\x0f\xd4\xb9\xa3\xa0!%\xab\x92\xfc|2\xd6^3\xd7n({Q\xdb\xb2O\xf7\x97\x88\xfb\x9cE\xec\\K\x8cq\xb0\x0c\xb4RIe:I \x93\xe5L\x02\xd0\x92\x03\x08\xb5B\x0b\xba\x92\x04)VA&\xa4\xce\xed'
    b"\xd6\xe6\xbf\xe1b\xc46x\xcf\xcbQ\x132t\x9bV\xd7=t\x8cGQ\xd8<.\xdd\x18\x15\xa8cv8\xb0'\x95\x1aW\\\xa2\xda8\xbd\x08\xfbqpI\xb8\xd7K\xd5\x92yq\xd5\xdfa{\xa1\xc8~%'\x1e"
    b'3\x9b~\xd5\x04\xc5\x9f+\x18\xd2\x9b\xa7\xb1(j\xbd\xbbfNWo\xd3\xe6\x1d\x03\\0\xebf\xb4\x8f\xabY\xebM\xc2\xe5\x90\xd3W\xa5\x0b\xcb\x08\x9cg\x90D\xd1\x1b\x88\r\x14\xba\xcczsV\x86\xbbY\xa9\x91\xaa'
    b'\xf2\xd4U3a\xd5:\xf7K\xc9\xd3\x8e NR\xf6\xa7O^\xff\xe5\xf9\x8fN\x87\xfd\xfct\x10\x96j|x\xd9\xaa]\x80\xdd\x86\xab\xd2\x19\xf2\xcci\x14\xde\x18\xe5(\xa6\xd8P\xb7\x18w\x192d\xdd\xe9\xe1\x0e\xcd'
    b'M\xfe`4\x81M!0l\xbct^\xfc\xf9\xf5\x93\x97\x1f^>y\xf5\x8b\\\xf8\xd5\xebx\xbb\xdbxw\xf3Jv\x99\xa1\x9f\x96cd\x86N\x8ahK~}\xd3\xa8\x95\x9f\x84\xeb\x94\xc4\x1c)\xe5\x16\xbd\xe1L!'
    b'\x8ah\x1b4$O\xc9\xa4A\x02\x9fLc\xecO\x7fP\x8e,j\x08eg\x0c\x10\x10\xafY\x8f\x9e!\xf5\xbcD#+\nS<\x9f*\xe5\xf4\xc2\x05\xa5\xda\xf0\xd0>U\xe1\xfaB\xa3=\xc3\x83\x9b\x95YIe\x9c'
    b'\x0c\xd6\xf1\xd7\x05\xca\xad\xd8#\x9f\xd2\x9ci\xd0\x96~\xe6\xf0Gl\xa2\xbaE\xdc\x84\x9c3\x99\xa7\\9l\xa0\xcbT\xa4\x93\xd1\xd5\xcdN\x9f\t\xd9\x81b+)MA\xee0\x92\xc57\xf9\x08\xf9\xc0\xd5L\xa8\xdb\xc7'
    b'\x05e\xc8\x8b\xb9\xdfs\xa6\xf5v\x9b\x97\xacj\n\xf3\x80\x80\x02\x7f\x13\xd9\xc9f\x9b\xa1\xd1\x8a6\x13\x85?6\xc5\x16\xe4\xd3K\xef\x8cr6\x98\x8a\xd1\xcb\xec\xc3t\xdeem;\xaa\x9c\x12~\x8aV,(\xea)\x1c'
    b"\xb1@W,2\xec\x1f'`m\xa6\x18\x8f\x06V\xa3\xcat\xf2\x93\xf8\xc2\x05\xc7\xcah\x05\xef\xa9?\x9d\x9c\xd1xm\xa8P\xd5\xbcv\xcb\x17\x94;2\x01!\x87\x05\x147M\x04\xb9[\xb8\x85l\x8f\n\x1a\xf0U\xaa"
    b'\xeewlb\xc1\xbf\xc1\xa2\xb6"P\xdf\x8e\xfd\x91\xa0\x8e<\x96\xa5\xa7\x19\x95\xdb\x9egD\xe0 3S\x92\xe9\x08\xa4\xa3z\x0cd\x9a;\x95\x8d\xaa!lB\xa5L\xb5\xec\xd0\x9172\xc8\xe43\xe1+6\x1e\xca_'
    b'\x8f\xa4\x93\xf2+A\xa5\x93\x05A&q\xcdeq\x14:5\xcd\xbba\xea\xb3[\x85v\xbf\x06Q\xd0\xd6\x16\x1a?\xfbW\x9d\x9d\xc7A\x06\n2\x8b\xbb\xd2\xd1nG\xc7#\x9a\xdb\xbc\x02\xf1B\x15\xfa\xad(\xcc\xfcD'
    b'\xab0\xa8g<\xf3\x8baj\x9d\n\x84\xb4l.\x99\x10\xfe\xf9H\x9b\xde\xdb\xd8\x8f8\xf2|\x93\xcf\x8e\x1e\xf5]\xebh\xcd\x88\xce\xe7>\xeb\x9e\xaf=\xd6|\xb50yd\xc5\x1cQ\xad\x8e\xbf\xf7X\xe9~\xca\xdf\xc7'
    b'A\xca\xa45l\xa3\xa6\xfd\x83\x1c\xbd\x156\x80\x95$\x9d8\xa56qK\x14\xb0\x18f\xeeY\x8b\xb2Ztc\x98\xa9=L\x08\\\x96\x9d\xa3\x86\x1d@Jb\xf0\x01YF\xeb\xdc\xcd_\xdb\x08\xd2\xedG\x87\x1cc-'
    b'/\x82dy\xfd\xae\xdd:\x99\xcf\xcfvn\xdd\xba\xb8\xb8\xe8]l\xf7&\xd3\xe3[[\x1b\x1b\x1b\xb7f\x9f\x98\x8c\x1b\xff(\xc4+\xab\xea\xcd\x1a\x93\xdd\x87\x92\x1b\xc5F\xb1y7\xfc\xffe\xe5\x19B\x88\xd2s8\xae'
    b'i\x99\xfc\x03\x07\xdbrC\x90;\xce\xc2\xc9b\xe0\xdb\xee\xda\xe1\xf9\x14\xc0\x1c`R\xa7kE\x7fw\xed\xd5\xfdb\xb3\xb7U\xde\xed\xdd/\xf0\xbf\r\xfd\x7f\x9b\xdb\xbd\xbb\x87\x9b\xbdM\xfc\xd9\xbb\xb7\xde\xbb\xcb\x7f6{'
    b"\xb7#\xdejkc\xbd\xf7`\x9d\x0f7\xe5\x9f\x07Ext\xbfw7\xfc\xb9\x1d\x8a\xdf\xc6\xbf'\x9b\xbd\xfb\xe5v\xb1\xad\xd5n\xafo?\xdb\xbc\xd3\xdb*\xb6C[\x9b[h\xba`\x07\xfec\xedV\x04\x1f\xd9\xdb\xbb"
    b'\x8d\x0c\xdf\xf0]\xdb\xbb\x83\xbf\xc2O\xfc\xfd\xa0\x1b>\xe3_\x9b[\xdd"\xbc\xd9\xdf\xaf\xec]\x1f\xa5f\x8a\xf6G\x87\xc3)\xd49\x87\x9f\x05\xba\xa4\x9cC\xbd\xf9}\xd1Z+\x0e/\xe3\xa3M}4\xdd]\x0b\xbdY'
    b'\xd3\xd9\n[\xa0\xbd\xbeN0\x92\x0e:h\x8e\xa8\xaa\x9e\xcf2]\xe9\xf4\xe7*G\n+*m4@B&\xee\xa5A,\xc9\xd3\x92\x88|\xe1\xac\xff\x8fs\xb5\xc4\xcer\xf5\xa6]\x01\xa1P\xcc\x9c\x9b\xe9!Ex'
    b'y\x98\xbf\x11\x07\xd5\xdd\xe4\x84pU\xe3\xc5SR9\xf1]\x8d\xc6*\x8ai\xa2YP\x1f\x92\x18/5\x99\xdc\x80\xc3\xb1r\xe6\xfb\xcbb\x13\xf3X\x82?\n44\xe1x^\xb3@1\xe6Vu;LhD\x8b\x9a'
    b'\xba!\xcf4\x11F\x7f0\x8a`&\xe4r\x97\xc59\x11H\xe0$\x14\x1f\r\xa6\xd1\xf5\x97\x9a\xd3\x8a\xff\xf0\x85&v\x16[\x8d\xe0\r\x90\xe1\x0e\xb4+0\\\x96s\x16\x8cvr\x0fb~\xa5^4\xadO\xc1"Y'
    b"\x0c\x17X>\xf9*\xa9\xce\xf0\xb5\x06\x0b\x83A\x1b\xcc\x92D\x83PT\xd9\x03\xc9-#\x83\xb1\x8diH\xb3l\xcf](\x7f\t\x0ep>\xd6lK\xf0\x93c$)*\xe7P\x15\xc2\xc5y\xf8\xaa'T\x98\x9d\xd8("
    b'l\xf5\x07\xe2>\xc8\x00cu!\x94|"k\xf2N\xb1W\xc1\x05s\xd4\x7f1\x15t\xb72\xfdb\xd4\x14\xa8\x02\x81q\x98X\xaeD\xac\xa8h\xaa\xd9\xf2\xb3h\xe1\xf7\xaa\xea3\xb5a\xce\xbc:\xbc\xa1\'\'p\xa2'
    b'\x9fh\xe2\x14\xb8\x9c\x99[\x04\xb0\xab\x0ci-1\xf3\xc2\xeb\xd2\xd9\x03\xdcZ?9Y\x9c\xca\xba\x08\xdc\xef\xd0\xb0\x16\x04\xdf\x81\x13$\x8e\xd7\xc9)\x03\rF\x0f\x94\x93\xc1g\xb2\xba\xe6"N\xb4\x07o\x0e\x0c+4'
    b'\x18\x1dUq\xf1e\xec\xbf\x84\xb1\x02i\xbf\xe2\xfa\xb0\x1a\x84}\xac\x11\xfb\xad]\x05\xb2i\xfa(2O\x96\xb1\x83\xb1^\t\xddC\xc0\x9c|\xf6\r\x03\xaa\x9f\x96+\xe5\x94E\xb9JNY\x8e\x13\x1d(d\xdd\xf0g'
    b'B\xc0\x8f\x8b\xb6B\xe5V\xb6\x92~\xc2\x1eG\xac\xc6\x94Dy\xa1\x7fk\x02]\xc6Y\xf8y\x80L\x04\xed\n\xa5\x86i\xeeOG\xfc\xbfVg\x057\xccT\xdf\xaf\xd0\xe6\xeeF\xef\xe2E\xfe\x98^HY\xe0\x93\x19'
    b'\xfb\'\x142\xf3\xcc,R\x035\x82\xed[H\xd3\xbc"(\xa3\xcdt\x13,c|\x97\xaf\x01\x9f\x11(\xd8\xcf\x002e\xa3\x04p\x86\xc3\xf7L.\x9e\xb7\xd0\x00\xed\x9cy\x97\xc8T\xe4\x9dR\xe8\xc6\x1c\xd2o^\x1e'
    b'/\x1b\x9d5\x1b\x8aUPsR5Z\x7f\x86r^\x1e\xe7\x8d/\x00"V^H\xcea\xba\xe9\xeb6V?\x9eT\xbev\xff\xe7\xc15\x9ag\xc3\x1d\x80\x0c\xf3\x93\x0f\xe3\x15\x9a\x90wx\xaf\xc4\xf0\x92\xb9\xf3:U'
    b'=\x07\x92X"\x03\xa6\xc4\xa1\xd0\x99E\xcc\xe0\x89B\xaf\xb8c\xa4p\xd3~\xd17\r\xbbE_q\xd3T8!\xe8\x8e\xdc>\xaam\x1f&I\x9b\x19z\x87^\x14\xf9\r\xaax4\xd5\x0bs\xe9\x95\xd8M)=\x07'
    b'\xa7g\xf3\xcb\x04,$\xf7\x82L\x8e\xf7so\xeco\xcc\xb5\xe2\xef\xb8\xbdDq\xa93n\xce(\x98\xd1\x9c\x15\xec2M\x19\x04ki/!\x8fg%\xae\xbc\x18\xad\xd9\xdb\x16v\xd68ZI\x99\xa6\xcb)\xc760'
    b'a\xbfL\x03;:\x9d_\xb6[\x81\x7f\xe7%\x83\x1c\x12\xf3\x14$\xc5\xefb\x04 \x7f\xb0\x0f\x9dl\xdf\xe8\x91nA\xa9e1Y\xc0n\xea\xc3\xcb[\x93V\xd2\xda\xe7"P\xd4u5\xacp\xca|\xbe\x12\x158\xac'
    b'\x13\x81\x96\xeeE\xd7\xa7\x0c\xa6\xd0\xe8\x80\xc0\xbe\xc9\xb6\x11\xa0A\xf2\xe5\xa9S\xea.-i\xe2\x19g_c\xb1\xd2\xceL\x8d-#+U"\x91"\xf5\xd2\xb2,"@n\xf2+4G\xb7\x8a[\x11oa\xa8d\xf8'
    b"i\xa4;\xd2\xa1t\xeb\xd7i\xd2`\x96\xd1#rQ]\xca/\x9a\x18\x98\xe7P\x07f\xa7\x98I\xbe{\xc5\xcf\xd8\x05\xe2\xaf[\t\xd0\xeb\xd3S\xa2\x9cK\xc5t\x1d\x10_\x14e\xb6'\xe7\x96\xcaM\xa7\xe1tP\x8e"
    b'UD\x10oVj`\xe7\x8c\xd8KKgY\xcb\x985u\x05f\x84\x8c\x86\x00\xba.\xa5\x06(+\xa2B\xce\x16\xb1\xac\xb46s\xbbO\x8a\xca\xf9\xea\x0fg\xb4\xb1\xecJC\x96-\x01>\xc9\xadZz\x9d \x07='
    b'\xc1\x0fsi]\xc6\xcc$\xf7U2\xb6+\x8c\x96\x05\xf3\x11\xf0Q+K\xd8ym5\xe5<\xaf\xa3\x14,\xe7r\xae#\x1eI\xba]\xc9\xa7\xd3\x03%\xb8Ul\xdf\xdd\x90\x94\xc7\xf4\xd1\xfb\xd7\xfc\x83\xf9\x04li\xbb'
    b'\xbdY\xackr\x9f\x19\x94\x13\x0b\xcb7q\x1a\x1c\x88\xca\xa6\xb1\xe1\xae\xab\xce\xcd@\x96S`\x1e\xb77q:\xfa4\x1eCD\x12\x04\x9c^\xf1\xc6\xbc\xed\xe9\xfa`z3\x04\x94\x9e\x06!A\xf7\xbf\xcf\xa7\r7\xd2'
    b'\x84\x83\xa8(\x88\xb2H1!\xe1t \x06/\x11G\x86s/\x08\xb0\x9e\xb0\xbd\x9f\xcc\xdbH\xbe3\xcf0\xd1&\x9f\xb7@`8\x8e\xa5\xa8]\\O9{y\xea\xe3\x98\x14i\xb3[H\x03\x9aJ\xf9\xdf\x01\xc2\x13'
    b'\xea\xe7\x022\xb98~\x08 \x9a\xab\xb4/\xda\x95\x95\xaa\xfc\xdfVeX\xe2X\xe3\xc9\x80\x98a\xae\xca\xb0\x866(]B\xed\xf9w\xd88\xdd\x02\x1b\x03\xcdF}\xeab\x0e\rQ`\x0f\xaf!\xb9\xb5\x9d\x1a[\xcb'
    b'7\\}\x8br\xecK\x8a5\xed\xcc\xd4#\x04\x82\x99\xa3_v\xbdf\x03\xeaf\xd4\xdd"\xb7\xa7\x03h?\x9b\x9a\x89\xb5z\x88\xcb_\xa4|;j\x91e\xc7L\xc6\xbaIu\x11\xd3E\x95\xed4)\x0c\xce@J?'
    b'\x13\x9c\x19]Z\xad\xe2\x85\xc5\xe6\xd7\xf6k\xbcr*\x8d\xf2\xbc,l\x14\x17\xa1|pR\xce\xaei\xb8\xb3z\xa3\xcc\x1ePIS%\x17\xa3\x14\x17Z\xedI\x02+\x88T\xe1\t\xe3\xc7\xc3\xc1=ap\xb7q\xa6\xd3'
    b')\xc1~h\xd7\x00\xd4\x87\xa8\xdb\xe1P\xe1\x00b\xc1J\xf7\x8bp\xe5\x9dX\x92\xf8\x13\xe26\xe9\xad7\x99\xf6\x90\'\xd8.M\xad9Z\xf8">D2ez.x\x91rG*?\xa1\xb9ST+\xd2\x8d\xe1X'
    b'\xe2\xfa|[F\xcc\x12\xef\x03\xc5\x91\x85O\xf0\xb3\x15.\x04\x16\xcc\xef\x840g0X\xc4\x9bE\xd0)\x17\xd7\xc5\xf7\x9ad\x8c\x18\xe8\x15\xd6.\x08\xcf\xad\xd4T\x96B\x0c\xc5S\xbe\xd2\xc1\x8a\t\x1dqjL\xd2A'
    b'[-{\x18H\x9a$0\x0bo\xee\xd9\xc3\xd9\xd9`4\n\xbc\x90pw&\xe0-<\xcf\xcb\xe4\x81\x9c\x8bO}1\xee9\xdf\n\xb2\x8f\xfc\x86\xa0G\x80\xf3\xf0\xfb%\x08\x88\x16\x99\x17U\x8c\xb8t\xeb\xf0\xe4-\xde'
    b'k\x81W<\t\x93<\x8e\xf8\xa7\xca\xd2\x19\xbb.\x95\xc7\x00\xd8\xda\x06\x81\xe3T\x9c\xad\xc9\x98s\xda\xc8\xf3:W\xe98S\r\x1a\x98\xe9\xf0\xb4\xed}\x87\xa2\xdf\xf2\x93\xf5\x9f\xbc\xeb2}\xa7\xeb10\xdc\x11oy'
    b'\x81(\xd3$\xd7\x01std\xea\x1dw\xe1\x1cO\xe6\x19\xbbe\x95,\xbd\x93\xc2G\xc2T\xe0\x8fY9\xff\x9a\xdb\xc88\xf6x{\xfe\xf4\xe4\xc5\xeb\xf7\xcf\xdf\xbdOi\x1d5\xd7,\xd4C\xdd8:"l\xde\xb9\xf3'
    b'\xe5W\x9bvz\x01\x0b\xb6\x80\t\xb3\x01~\xfdU\xb7\xe4\xbeZ\xb4<\x8b\xaf\xaf\xb4\xd9\x0eF\xe7\xd3\xe5\xe4\xbcN \x10\x16f\xc4\xfci\x0c\xd5\xb5]\xaf\xca\xdf\x05\xfa^R\xd9\x11\x0c\xdd\x85\xa4\x92\xa3Z\x19\xae\xe2'
    b't\xbf\xa5\x03\xb2\xc0\xaa\x1b\x1d\xd65\xc95\xdc\xc2\xe0\x89\xf9\xbe?XIK\x1a\xcaU\xf4-R3^\xb4b\x89L\xcd\x85\x91\xa7\x8c\x9d2\x83\xab\xb4ek\xd5\xd4\x9c\xbek\xf9r\rk\xfa-\xd4\xcf\xaa\x8d\x14\xf0'
    b"\xfd\x17Q\xc0\xe6\xc9\xd0J;\xcd7<\x8a7\xcb\xbc,\xdb\x9c\xfb\te]\xf2'j8\xe6Nt\xed\x02\xca\xf5\x9c\x10\x13\x13\x00+k\x84\xe8\xc1%\xa9\xeaQ\xa9\x118I\x06\x1e*\xfbpt\x9e\x03*'\x8aC"
    b'j33C\xad)\x99\xcf\x07\x8cv<\x1ft*\x16\xddO\xcez@j\xc2\xe5i\x7f\x82r.\x10\x8fp\xb0?\xe1H\xf3\x88\x8bH\xe40r\x9fT\xa3\x0b\xe6\x9a\xb7\xa9\x8c\xfe\x85\xe70b\xcd\x92\xc7U\xd8\xeeG'
    b'a\xcf\xd0\x93<l\x168\x02AV\xd2%R\xbc\x9a\x88^Q\x16\xf3\xa1hNh\x15\x8br\x13\xa2\x8e\x91\xcc l\xd6\xc1X\x0cm\x93b>\x80_;h\xb3\x86\xc4\xbe{\xff\xe1\xfd\x8bgt<\xdc\xbc\xeb\x9d\xf6'
    b'\xfa\x03\xf0\x08\x83\xbe\x18`4E\xb18\x8fFK\xccTS)cI+0\xd2\xbc\xbe\xf6\x901h\x9dy\xc3\xc4\xc8\x9d2`\xc2\x1dcm\xbf\x95Bx\xa4\xae\xb0\xa9\xc5\xfd\x8dqm.\x89:c\xa4\xe0>\x8f\x8e'
    b'\x06\xaa+~\xacL\xba\x97"]\xf1\xe4\x077\xa8\xaa\xfdz>\x14\xaf\xa1\x85G7tw4\x9c)+\xc3\xd2\x92\xb4&\xf5[\xa6ENGt\xab)\xd5\xc9\x88)\xe6\xd8\r\xfc\x9d\xbb\xd0\xccE\x85\xb5\xa8\xe9\xc9\x19'
    b'f=j\xe2Ca\xc7\x02\xd5\xc7k\xbd\xcb\x08Ux\x92\xbc[8a.\x03J\xb5\xa4&\x87\x95y\xcd\xdc;8\x03\xdd8\xfcN%\xa9S\x1e\x10\xc7\xf4\xbfj\xecS\xe2"Z\xaa,wai8\x08\x9a\rC\xc0'
    b'\x10\x88\x80pC\xb4A\x92\xbb\xa3\x92\xb5\xe3[\x12c\xd7,\x85\x86\xd0\xb2,\xe7\xb5\xda\xed\xed;\xf5\xa6_`\xc2w\x08\x87\xe8\x94\x8b\xf3\xc4\x9f\x0b\x10;m\xb3\xe2C\xbf=\xc6\x93\xf9J\x17X\xc1\x92\xd5\x1c\xf3l'
    b'\xab\xe5\xde\xe7l~\xca\xed\xc94\xc6~ep*#\xba\x9d\xbc\x167a\xf1W\x16\xbf\xaf%\xe9\x8d[\x0e\x9a6\x01Q;\x94\xbeZ\x03Ey\\\x0e\xc7=\xedm\x03\xe9\xe8\x1dZ\n\x07\xbfg1\xac\xb8\xbb\xc5U'
    b'+%\xd8\x00\x8d<-\xe1\xaaz6H\x0cxD\x81\r\xc4\xf5\xdd\x19t\xcf\xf0Z\xd5\xfc\xd3\xfd\x89Eu\xc9 u]t%\xb3\x80\x15=\xf31IK\x13e\x04\x97\x00\xb7VW^\x1c\x80m7\xb7nXZQ'
    b"_\xa6\xbd \xa6\xafc\xe1\x93\xd6\xb6\xb7J\xa8\xbdY\xbb\xbal\x06#u\xe5'\xd0\xbd\x8a\xc7I\x85,\x9e\xd3!`W\xae\xedj]\xf2\xd6\xd5%\x0fl6\xe2\xc7+l])[I['\xd5K\x81\x1a\xdf\xa0m"
    b'\xb9u\xf7Q^JT.,A\xa4\x93\xe2\r\x14GD\xb8\x14z\xab\xa9g.\xe07\x9c|p,&I;\xd8\x94:\x84[.:\xf1[\x06\x1b%y\xf0\x0cQ\x8f\xbe:4\xd4"L\xa8\x04\xe3@u@c\xa8'
    b'\xf7\xcd\x9b\x8d\xf0N.\x85\x88q\x17\xd7\xe0\xcchN\xa3\x99\xbaL9GE\xf31@\xfbRm\x04f\x86\x926#\x04\x84^N\t\x9f\x19\xfc\x00[\x8e+\xe4\x02\x98\x15\xac\xc6B\x81\xc6\xa0\x94n@7\xab#\xe2'
    b'^\x0c\xbd\x1d\rf1\x9c\xbd\x11W\x86\xc1\xf7\xf1x\xa6"\xbfxWD\xacm;\xceo\xf8J"\xf6\x11~cm\xe0o\xdd\x92\xd8m\xe1\xae\x8ca\xf2\xbb\xc5\xed|\x87\x07\t\x1bz6\xbf-\xe3W{\xdb\xfb\xf9'
    b'\x0e_Vv+\xb9\xa0\xa6\r\xfb\x8e\xcb\xa7e\xd5m.\xdde\x19nM\xa0`e?\xa1\x9e\xc8\xc2c\x81\x896\x830T\x8f\xe7\x1d\xe1\xfc\r_\xd0\xa3\x82\xa4\x00\xb0\x9a\xdb\rN\xa2\xcfc\xb3\xfcd^\xf9\x04_'
    b'N\xd9\x91\x81\xf8|s\x98\xff\xf3\xfc\x14\x97\xd9\x81O#\xd5\xa3\xa0\x01\x85\xe0f\xba\xd1\xb9\x9f\x8c\xb4&I\x0b\xe2AO\xc3\xdenDP\xd8\xb2b*\xd7\x98\xc3\xa1\xba\x11\x96s}\xb1F\x90\xc9n\xd1\x1f\x9e\x9e\x0e'
    b'\xfaK\\\xc2\x86\xb3\x1c\x12#%d_\x9bid\xe3\xf8pt\xdeG%\xa9\xb1\xb2\x8a\xc4C\xb9n\xd7\xe8\xda\xec0\xectq\xda\xf20\x04)\x89\x84@d\xa9\x0e\x04\xccio\xe3\x8e\xe7\xee3\xc1\x92\x03\x11\xc1\xd1'
    b'\x85\xb2\x88J\xe5Q`8;\xce\x0f\xc79\x9bz\x85\x8c\x83\x8aYUx\xfaN\x9b\xd4\xdc\xf5W\x19\x14\x17\xd3d\xb8\xbd\xd3\xbc8r\xf5R-\x9c\xa1\xd8\x1f#\x18E\xc3A\xc4\x07\xad\n\xb1\xf3\x82j\x88\x85\xee\xb0'
    b'_B\xc1MY\xd4`\xe84\xf8\xbae\xe6F7\xa1_r\x03\x10\xa2\x97-\xa5\xa9+\xc5\xa3\xa5\n\x13U\x13\xed\x05u\x1e\\;\xf1/\xa8\x8e\x16\xa9r!\x9e\xa2C\x8ck\x00n\x953\x96\x01\xca\x9a,\xa0\x9e\xf4'
    b'\x95\x0eh@i\xb621\x1e\x0f\x91-\x8b\x16Fg\n\x9d\x17\xf0q\x9bZ\xe2\x96w\x17hKW\x02K\xaa\xc0%\xf9\xb8\xca\x91`\x8a/\xe0\xd5z3e\x96\xe8$\x08\x9d\xdd\x07\x99C\x05\xach\xe4\x9e=\x0c\x13'
    b'K\xd39F}\xba\xff!\x90+\xc5\xecl0\xe8\xef2o4\x8a\xbc\xc3\xcf\xb6\x07{hLe\xda*\xfa\xe7\xf3\xcb\xf4\xd9\x8f\xe1W\xdb\x83B\xb84f\x12\x02\x81s8\nU\xefa\xa0\xfbM\xca$\xf3}pS'
    b'\xb4\xe4\x089\x00\xcbDE\xaaN\xf1\x8dxP\x7f\x08\xb8\xc5\xd7j\xcd:yF\xc0\xb8\xd3\xdeI\xa9v\x1ce\x93{[u.\xffy\xc3[\x04\xe2\xb1`\xdd|\xce\xa6\x14\xdf\xb8\x02\xe7\xf1\x85\x0e\xb7T\x84 \x89)'
    b'N\x8a\xf0<$Xd\x17\xfe({\xd5\xd3\\?\xa9\xedd\xd9]5]\x1d\xbb\x12\xe5t\xd3T\xad`\xc1\x12\x95\x88\xd9\xb0\x04\x947=?\x1db\x1e\xecfu\xcf\xcb\xcf\x96k2\xd3U\x85\x8b\xd7=\x8cp4_'
    b"\xe6\x93\x96*\xb0\x14\xdc\xd4\xa9e\x8a)\x16t\x1d]fAZ\xb4\x8c\xd1\x8c\xf2\x9aq\x9am\xd7\xe9k\xcc\x08*\x90'\xce(a\\\xa8\xc2\x9c\xe9\x06s\x9bW\x9e\xf2H \xc2\xa8\x1c\x108=\x85x\x1c\xcc\xdd\x98"
    b'4\xfd\xd6rSE\xc3\xa6\x98J\xfa\x10\xdb\x14K\xe3\x88-\xecT\xe3 K\x1f_r\x01\\\x10\xfa\x1d\x91\x99vN\xe6\x8d\xe0v\xd7"/=tB\xe8B\x80\x0c\x81\x8c\xf1\xd7\xae\xe8\xc7\xbb\xd5k5a\x8a\'\xc6'
    b'Q\\\xe9\x8a\x18\x11x]d\xf3f\xeci\x85\x91\xf3P{\x19\x11\x8f\xb6G\x0f\x91\xb2\xbb\xd9~\xbc\xfb\xdb\xec\x1f\xff\xd2\xb9\xd5M\x8e\xcdJ\x8c\x04 \xe1\xf7/\xeaW-\xbe\xf9\xeaFM2\xd2h\x152\x8b\x86\xb4'
    b'cN\x87\x91\xb7\xee\xb9\xc0!Ek\xcdegQK\xb2n\x89s)\xf9(F\x1e\x9b\xcc\x8f\x8d{1\x85\xde\x0ea\x112\x07.e\x90F\x92\x18F\xa6\xe2\xd7[\xf8\xa0J\xda\xb3\xe4iK\xf6I\xce\x8e\xc1\x7f\x8a'
    b'\xd1B\xb7H#w\x18C\xc6#O\xe8vYf*6^\xd4\nP\xd3\x8e?Wp\xdeO\xab$!\x97\x8d\x1b\xa3yK(\x0f\xa4\x98]\xb7\xba\x16\xf3\xb0k\xc6\xca\x88,y\x15\x1dC.\x00\xc2\xe6\xb6{dU'
    b'\xc9\x0f\xa9\xf8\xf6\xf7\xc1tb.!\xe4\xf7\xc3\xa9\xa5y\xa8\x9cyu\x0f"rn\xac\xd4\xff\x94&\x92\x80\xc5\x06D\xd6\x9b\x9d\x8d\x86\xe1\x86\xd8iu\x10\xa0\xa7\x90db]\xd7w\xb7~\x9b}\x7f+Of\xf6\xeb'
    b'\x93\xbf=O8\x06R\xa3\x824\xbai\xca\xd0`*GIx\xbf\xf6o}\x1e \xfd\xb9\xfe/\x9b\xad\x06gva\xde\x95\x93\xaff\xaf\x96=\xaetnj\xb0\x8a:\xb7&\xed\x91}~=\xb9\xe8T\xc2bc\x86'
    b'\x8f\x8f\x83\xcbY;\x96j\x8a\x82\xe3!\xca,\x1e\xea\xe7b_\xedI\x117K7\xc5\xb6\x9a\xf9\x1ep\x07\xcc\xa7\xe5pd\x0e<G\x82 \x86\x93\x82\xe9&\x82\x95:\xb1J\x13\x0cs\x1a(P\xb5$~\x99\xce5'
    b'\x8d\xbb\x00=Lc\x93b\xc7&\xc6\n\xb5\xb3\xa1\xae\x96w\x11^m\x9b,\\\xb6\xf6o3T\xb9\xbb\xf7[\xbf\xb7\xff\xfdo\xff\xe8\xc8\x1fX\xc2\xb0ta\xcbK\xfb\xfeJ\xf5)\x80\xfcD\\\xb9\xac{b9\xdc'
    b'e6\xcc\xb7\x83\xe3\xe7\x9f\xcf\xda\xad\xf6\x7f\xfe\xe3\xb7\xdff\x9dT)\x06\x158\x81\xdd\xf6\xfa\xe3\xd0,\xdbm\xad~|\x97\xd0\xf5\x88A\xe8\x82\\q\xfb\xcc\x94g\x1d\x1e7eR\xe2\xdbZ\xe7x\xec\xc3\x07\xf9T'
    b'Tg\xe2\xaa\x8e]\x9a\xc5i+L4\xb3\xb0\x87\xbb8\xa9\x99\x98\x99~\xfd\x0f\x00\x94\xb4\n\x11\xac-a\xa41Y#L\xce\x03\xe0\xa4i\x07\xecb1\x845\xda%\x98\xf5\x93\xf9C\xe8\xe7ZF5\x93\xcb\xcb\xa9'
    b'vj\xea\x93\xe7\xaaWf{\'\xaa\xc8\x0b{\xdcN3s\xf5\x11\xe5\x98Y[\xa9\x13\x99\x0e\x90\x85L\x15\x81\x0e\xae\xb2&\xa1sZ"\xcbc\x80\xec\xec\t\xeeJE\xf7C\xf3\x96\xcf\x98\x98\x18)?\x9f\x02@S'
    b'7\xba+X\x1f\xe62NM\xd3\xfb\xb7\x81\xde\xbd$\xbc\x113Z\x08\x1e\xf4\x87\x0b\x05c?;\x0f\xf7}\xfcE\xa14\xfe\xa2\xa5\xfb\xc3l\xf0\xdf\xe7\x83\xc0\xf41Z\xfdb08k\x0c\xf0h\x1d\x0c\xc7\xe5\xf4\xf2'
    b'\x83\xa4i$\x90\xfb\x99\x80\xcf|\x88\xe03\x08K\x17\xc0\x90\x0f\x112\xe7\x10\xf0\x01\x86\x93\x13\xb1\xf2x\xcd\xd8d\xd0\x87R\xc2\x84\xcfJ\xe4\xe9\x18\x9b\xbb\x81\xd0R\xec\x00\xcdX\xa0\xba\xf0\xc8\xb8\xaanJ\x00\xfb\x87'
    b'\xa7\x0cf\x9duS\xd2C\x0c\xa7k\xe6\xfeA\xf2\x0e\x14\x84\x10pm\xc7\xc3\x04\xac\xc5\x96P\xe4\x98\x06*\xddu=\x01\xb8\x935spv\xfe\xe2\x8bN\xfc\x17\xcc\xbc\xabzAC*P(\xb5\xf2\x93^\x03v\x01'
    b'\xb8$\x18H\x17P\xbba\x93!\xe5\xb4\x1c\x9f\x03(\xdc\x9ctB\x1f\xdf\xa2\t\xcb\xcf9\xf3\xb3\x83\xbd/\xb9lp\x13~\xeb\xae\xd0\xa5\x13\xc0a\xf5\x8d\x10\xe5\x15qb\xe8\x7fY2\xf7\x8b\x02K\x1e\x0c0O\x92'
    b'\xf3\xc5\xe6\xfb\x0c\x98\xff\xb3\x8cI\x94<2\xbd\xedm\xcb$\xb4\xd1\xbb{\x0f\x8e\xc2s\xafO\x1e\xf8\xc41l\xc4\xfd\x16\xfb\x8bd\x17\x0f\x12\x9f\x06\n\xe7;\x07\xb5\xf3\x8ca{\x04\xc6\xf4\x02\x8a\xf4~\xd7r9\xa8'
    b'\t\xd2c\xc4`\t#\x17\xa8{"\xe3k\xb0\xf27\x1c\x15\xc7P/=fD\xf8\xf9R\xa9>\x7f\x18:\x86\xa04\xb8\x07\x990\xb5\x08K\xc6!\x0cX\xc5Me\xbfBd\xe0\xaa\xecn\xfc\xd6koo\xff\xe3\xee'
    b'\xbd\xceo\x07\xb7j\x17\r\xe7\xbc\xe1\x8ai\xd9\xd7=\x06\xca\xc9\xfa\xf3^\xdf\xden!$\xe4\xee=\x06\x85\x84_\x9d\x05WL\xb8Q\xda\xc9\xc6\xaf\xe9+:\x9dN\x9e\x19\x829\x07f"\\9\xc5\xb4\x04\xc3\xabL'
    b"\x9a\xe1Rw\x8b\xff:\xef\x1f[\xfeS\x83\xb4\x9e9/d\x17\xf2\x1c\xc8\xc5\x93_+\x89\xdc*\xa0\xb0Y\xe2\x86\x0c'\xca9\xca$\x0fZ\x0f\x01\xf3\xed\xb8\xebQ\xc0O\x19\x00\x04\x13\xca\xb3\x99\x8c,\x8a\xa0\xe08"
    b'K\x0eA*\xd0\x11\xf9"\xdf\xd3&\xfc\x92+i\x00\xa86\xffK\xcf\x02T\x13@\xfe\xd1\xdc\xbb\xb6\x95n\xb4\x1a\x17\x0f(2\xd4t\xcb.Du\xa4\x1dY\xda\xc4\xe4\xfc\xf5s \xa3\x04\xa3b\xb2\x05\xc3\xc7\x92Y'
    b'\xe0\xf5\x00\xbf\x94\x8c_\xf0\xc4X\xf36\xcf\x98RB3yu\x99dB,?\x82\xe6\xd6\x1f 9-|MT\xcb\xc5\x1az\xdf\x19c\xa2y\x95\xc2\xdfN_\xc1\xfeH\xca\xba\xd9\x8f\xa1\xd9\xb6\xe5\n\x9e\xfb\x14\x03'
    b"\xc4!\x13H%q+k\x97HO\xbf]|\xa7/\xbf/\xb6\xc2\x06\x14\xdc;\x99\x8cL\x00 q\xde-|>\xcd\xbc\x02\x1a'\xf2\n\xb7\x9d\xaf0\x13f\xca\xe7{\xe5|\x9f\t4\xd7\xd5\xc1*\x16\x92\xa9\xdd\xd5"
    b'\x048M\x199\x03\xa1\xadQ\xa1\xe1\xec\x99\xcc\xae\xe6\xec\x84\xee\xa5\x92\xa33>\xb3\\\xdax\xbe\x15:0\xccs\x01\x8a\x83\x05{\x01\xdb\xb4\x0c\x04\x96\x9b\xf1\xe0\xf3<\xa5\x05D\xc6\xd0n\xb1\xbe\x19\x88Kq0\x1d'
    b'\x94\x1f5\xcb)\x8aK\xb2k\x87J\xa4cTX6\xdd6\x82\xcc\x90\x94\x03\xc6\x87\x96M\xdb(\xf1\x7f\x14\x8f\xb03\xd2\xf2\xa3&d\xd7\xc455\x93\xb5O\xeb\x8e\x9d\x92ck\x95\r\xdb\xa0y\xd9\xc1b^L\x80'
    b"\xb8w:\x01\x93\xc1Y\xa1\xb5\xde\xf6~\xd6M\xcb\xf6'\xc9t4\x91\r\xb6.\t+F\x15.\xc3 x\x1c\xf8-\xc1jv\x97m\xe1\xb4.V<\x9c\xd9-\x97<\x1e#\x14g3N\xcc\x8b\xf0\xbb\x9dm\xb3n"
    b'm\xd7YM\\\xc5\xd6w\xadN\xbcQ\xb0\x85w\xb9\x87\xb5L\xc4\xc3\x9c`\xa41udB\x87)iX,u\x13\xeb\x9c\xde\xcc\xb7$\xdb\xd6}9\xe3\xe6\xa9L9\xb7X\xf5\x1b+\xbb_\x85N\xad\xbc\x8en\xf5'
    b'\xbb\xfe|E5\xd2\xb2/\xed\x84\xa4\xe76E\x84\x8cw\x9b\xbeRB6?\x87c\xc9\xddW_\x88T\xcbb\xabH\xe3\x04>.\x9e\xfd\xfc\xe4\xf5\xeb\xe7/\xdf\xed\xb9\x81J\xb9}\x85h\xb7\xb5,\x85\xdc\xc8H+'
    b"'\x12\x96\xb9A\x1f\x1d\x9c\xb5\xd9\xedNfxM<\xb9\xb8\xbd\xc1L\x14\xb7z\xf22\xd3\xc3i\xa9\xd0\x14;\xb7*Z\x9a\xf2\x9c\xe9\x7f\x08E\x0eXj'\xf0\x9aH\xe7\xd2=5\x9a\x97\xe2\x99\x8e)[TXx"
    b'\xbf8s\x8b\x00\xea+\x07 \x8c\x8f\xf8\xcf\xdc\xcc\x18\x95\x06\xa7\xc8:\xef\x92nr\xbe\xb0\xeai\x7f\x10$\xcc\xdfkt\xdc[\xd9\xb9\xd16\xbc=1\xc8\xc9x\x96\xd24\xebaX\x97\x05[\x80k\x181\ro\x98'
    b'\xe5L,\xb6;\xacH=#\xdb\xd2\x83\xc7\xf5\xcaa_\xd9l\xad\x80\x04\xbd\x93\xd0\x0f4E4\xbf\xcd`\x1c\x14\xc5/\x1c\x85n\xd4:ak\xec\x14M\xc8\x7f\x1d[\x82v\xa7[\xd8j\xec\x903\xca\xe1\x17]\xde'
    b"\xeb\xd5\xf3W\xc7\xbai7Q\x88R\xb3f\xefV\xae\x89\x98\x16Z\x0b\xc6\xbd\x91\x02eDO\xedT\xd2\xd1\x87J\x1e\x1a0\xd7.\xbb[\x95\x16$yv-e6\xceb\x93\xe5@\xebD'\xdf\rrCW\x10\xaa"
    b'j7~>\x18\x18\xd1\x1ap\xdbb:\xfa\xd0=P\nuN\x890#W\xde[C\xb6\xf4\xd5\x02\xc0\xf5\x82I\xdc\x98>T\x99\x1bQ\x0f\xe9\x1c,4,!\xba\xd0\x98\xc0<\x07\x89\xf7\xd4 \xd8\xed\xd2\xcc\x97\xb9'
    b'oF\xdc;\x91NaGX\x1e\xdb\xc4JP\xd1\x13\x91\xb5\xeaaq\x8a\x90(D\xce\xc0\xf13\xac%\x97\x93\xfaZ\xc8x2\xecP\x0f#\xcaL\x80\x9b\xc3Y\xd7\xbfnz\xd4\xec\xc7\xfaT\x1c=\\b\xa4\x9aG'
    b'\xc8\x8a\x9e \xcb\x9b\xab\xba\x00\x93D\xf8\x9c\x9d\r\xc4@;\x98\x92xf\x0f\x9arx>n.RK\xfb\xd4\xe8\x94\xc2ox\xfa\x04}\xef\xf9\x8f\xbd\xe8z\xd2\x06\xad3\x14\x95\xeb\\MV\x81\xb8O>\x07P\x10'
    b"\xedx\x7f\x14\x1d\x02\xddQ\xbe\xa8*x\xa9\xec8\x17\x15\xad\x88\x8a\x84\xaaJ<B\xe4\xeb\xa8\xd5R\xfd\x9dA\xac'?\x934\xa9\xf2h'\xd09\x05\xd3\xb7o\xc3\x7f\xaf\xaa<\xd9\x81Q\x86\x86\xad\x91(\x1d\rl"
    b'\x12e\xb2\xd9\xbc\t\x8a\xaa8\xdf\x00\xbd.\xb5:9\x07\xfa\xa6\xdd\xc5\xe9\x16R\xdf\x1e\x171\x0c\x04\xb1F\xa0.;\x8b\x92\x0c\x88\xca`H\x98\xfa\x9b:\xa4\xf0g\x13$=J\xd4&\xb2\xe3lA\xf3\x87\xcb1\x83'
    b'G\xd0V\xdb\x12\x85\x1fqy|\xa5W\x15\xe1\xf8\x89\xaa\xbdT\xf39\xa8 \xa7z\xde\x88di\x8c\xe8pu"\xf0L\x90X\x8cT-\xaeJ9:b"3\x04b\xea\xba1\xbb\xb8\xf7J\x98\t1\x04p{ '
    b"\x95/'\x13@\xa2\x8bR\x93M\xafQO\xda\xd5\xc45IE\x87\xcf\x87\x87\x93\xf1\n\xfdv\xd1T\xc3\xa9\\\xbd\xef\xd9\xcf\x05\\\x9a@C\xad\x08+%\x7f7\xc1J\xad\x86@)N\xd9\x9f\x06\x9a\xa7\xcc\xef\xd9\xe5"
    b'Lb\xce.j7*\x01)\xb2\x1aq\xd4\x19\x03\x14O\x13\xa0\xab\xec\x87\x02X-\n4\xa9\x7f\x1c\x8e\xa2\xf4\xbe\x06\x80\xa5=\xca\x83\x9a\xca\xe9\xb0\\\xd7Uw\x8e_\x8d\xd5\x81\x9ba}\xd4\xa7e\x95"\xc7\xe6\xc1'
    b'\x88T\xf7&\xcb\xfb\x95\xd0@\xcb\x9bV\x91j\xecB\x8d\xbf\x92s\x1fp\xf3\xf9\r\xd2\x8d\x9e.\xe2\xd0\x9c\x14lX\x91\x158\xce\x1dAm|s\x94PH\x1f\x15[h\xf2\xcdx\x10\x1d\xf2\x19\xaa\x90\x16c\x95j'
    b'\xb3\x90!\x07\xb3J\x03\x83\xa0\x9e\x0f\xa9\x1a\r\x83j\xd5`\x9dw\x8a\xa6\xc5~g)\xcf\xea*\x8c0\\\x86\x91\x80\xd4\xad\xc6h7\xd4\x86dvyuz t\x81\x1c(q\xd1z4\xfbt,\x93\xb7\xbb\xb6u'
    b'\x7f\xad\x10\xf4\x94\xdd\xb5\xcd\xed\xb5B\x01\x91w\xd7\x00\x17\xbcu\xbf\xc03n\xa0\x93a\xbf?\x18\xef\xaea\x87\xacE\xac\xe0\xda\xe6\x8c\xa1>\xadG\x98\xf3"\xd4\xb4\xf9`\xad\xb8\x0c-\xf5\xee\xacY\xab\xae\xd1\xf0\xe7'
    b'4\x14\x8a\x98\xbf\x19Br\x02%vH\xca@M\xde\xbcW\xdc\xed\xdd)^nn\x86\xff\xe2\xafW\x9b\xb7\x8bmy\xa2on\x17\x0fB\x8b\xa1\x86\x1bq\xdeR\x97\xfe\t=\xb2v\xef\xd6zt\xaf\xda#\x8aF\x8f'
    b'\x00Q\xfd\x83\xd9\x91Z1\xd8!C\x86U\xff\x99\xb3\xf2x`\xf8\xfe\x8bpm\x11\x1c\xf1\x89\xef4\xcb\xf8\xc1\xe0dH\xec\x0e\xdd\x03\xcb\xc0\xc4\x0c\xd8\xad\x9d\xc2\x1e\xe4v\xfe4\xb8\xc6\xf7Q\xa0\x03\xbcDt3{'
    b'\xf0\xb0\t8\xcc\xb0\xcd\xd9\xb1z\x02\xe4\x13\t\xf3h\x08\xb9,\xbe\xd5\xbcm\x0ePk\x96\xdbV\x9c&\xa0\xe3\x14\xef\x10\x97d|\xa6\xb6\xae\xa8\xb3\x88)\x81p\xa1\x02dV\x94^\xa8w\x13f\xec{\xdd\xe2\xe5\xf3'
    b'\x1fg\xc5&\x7fmmD\xb3)\x90\x134\xb9\x84|Sl\xaf\xc1qJn\xe5\x94\x07\x99i\x8b9\\\x15D\xc5\x0f\x04\r\xe0\rO\'\xa4!\xe6M\xb8\x10\x99\xe5"\xc6\rD\x0b$\x8c\x9c\x86\x18\xac\xe1G\x9a%'
    b'xm\x16\xf9\x0f\x98\xf7\xe0\x1f\x85\xf0\xeb\xf1q\xf8}B\xeb\xf6\x8e\xb8m\xcd/&)\x1b\x85\xf3T?\x9b|\x1c\x8cU\x0b\x14\xcd3\xa2\xcb\xf2i9M\xd5\xcc\x17\rh\xdd\xf2B\xe4\xf4\rj\xc7,\xe5f\xa1\x0e'
    b'\xe0h\x9c\xe98Qr/k!\xb0\x80\xfb\xb6i\xc4]s\xe6G\xc1Tb\xf0Q\xb4\x94\xd5\xa6\x92\r\xdb\xff\xf4@\xf2N\xd2\xb3\x86TW\x92\xf6a\xc6Z%\x83\xd9Z]\xefW@\xe7\x03\xbc\xc5\x84\xc1p9\x9b'
    b'\x14\x9b\xeb\xf7\xb00-Ys\xe9\xea\x9d\xee]>\xbb\xc3_w[N\xe1,=|\x17\xe6\xba\xad\x7f;\xffb\xf1P\xbbN\xdf\xac\xdf5\x18\x1a*\nUI)E\xf7[\xfdf\xaf\x14\xe5e\x98\xb5\xf4\xc49"I'
    b"if\xbd\x0c\xbcp\xfc\xb5\xee\xbc\xd6\xb5'N\x19\x9b\xf7\x87\xbaO\xad;*K]{T`\xb2VT\x9f\xabA\x93o=\xbf\\\xc7\x04\xe4\x1ak\xc2zPO\xea\xfa\xcf-\x12f\x1f;$k\xc64\x16^[R"
    b"\xd84\xb3\xaa\xc0\xbf\x1e\x96s\xab,\xdaf\xbaQ\xfb)\xa6\xdcw\xe1\xb8\x8e\x8fs\xc7\xf8eJR=\x19\xe2\xd7\x17\xd9\xfc\x9a\xea\x01&Tt&K\xa9\x9dL\xa7uO\x9br\x16\xf3\x99'\x7f\x1bo\xcd\n\xb4\t"
    b'z\x87j\xe0\x88\xb5\xec\xbcn\xa9\x83\xf9B=Y\xd4[\xc6\xea\xe4\xd3L}\xb6P\xb1\xa9\x99I\xaa\xfa\xbf.\x96n\xb7\xd2T\xda\x92y\xd7\x1dT1q\xb7\x14}:\xa6\x00\xd9\r\x95\xd9\x03\xa96\x14l\x08gh'
    b'G\xadj(\x15\xf8\x93@\xa9\xb9}\xf8x\x87\xbfg\xe9\x81\xdb_\xf3\x89P$\r\x19\x97\xe9;\x10\xd7t\x8d\xcc\xfd5\xb3q\x82\x02\x88\xe1\x07f\xe8@ad\xaf\x81\xae\x18\xf9\xa7\x96+\x94\xd0\xac@\x07\x97z\x1b'
    b"\x89\x12\xea`\x8a\xbd\xb4\x1e\xcaJ\xf5\xf2\x11\xa0`\xcc,\x1a\xa4\x8c\x81\x84\xd4\xd1\xb9\x02\x01wg\ri\xda\xb1\xabt\xf5Y$\xd9\xb6d\x15\x1b\xb2\x8a\x8b&\xb2J_\xe4\xeb=\xf9'\xa7\xc31\x8c\xff<\x02\x87\xdf"
    b'l01\xbe\xf9\xeb\xfb_\xfe\xfa^,\x11\xd0m\xee\xf7t\xecP>\xe5:\x9fX\x93Y\x80\xf4\xdf^$\x9f\xfe\x97\xd0\x86E\xd5\xeb\xf9\x8di\xe9\xac\xee\x8e\x0eI\xbe\xfe]\xeb\xda)\xf6\x16U\xb4\x7fU\xad\xaa:'
    b'\xcaJ\x958\xe6\xc6"\x90\xf8[\x8d\x9dZM\xd9 \xbd\x91\x89\xc5\xe5\xb1-\xbd&}q\xc6Y_[\xd6\x83\xf0\xf1N\xac\xa6\x1b7O\x18\xa4\xff|\xbf\xc1\xe3P\x89\x99\xd6\x96+\x8b\xf9\xd0#\xec\xf1A/\xbb\xda'
    b"\xfc\xb1\xcb^\xdb\xd6\x91\x0b\xe7\xb1\xa5X*(s\xda\xf9!\x07\xe0\xaf\xcd\xbc\x85\xea\xc5!o\xb3<\xc8\xe9\xd1\xc3\x8a\xf94\xecN[a)\x84%\xce,\xea3p\xbcR\xd8\xb6\xe8\xaenQJ\xc8'\xc4A\x8b%"
    b'\xc2\xb1\r\x04\xec\xafgg\xe65\xbe\xaa\x1ep\xc7\r\xfe\xfb\xbc\xc1L\xe5$]Bv\x14!O~m\xd2\xae\xc8\xd7\xc8vFu1\xd4\x1e\xf8A@\xc7\xa3u\xd0v\xc2\xbeY\xf7uGt2\xd6\xbcL\x89\xbd\xa8'
    b';\n\xd7\x95\x04\xae\xac\xaf\x7f\xbb\xdb\xe9s\xf5\x11#\x0bn\xf6\xfe\x83Ks\x98\x99\x8b\xa6\x00PJ\xd6\xaa\xc5\tK\xb651\x13\xc2\x80PR|\x10\xd6\x1b\xbc+\x0c\x89b\x1e\x9f2Z\x99+\x1a\xd9\xee\x02 e'
    b"\x92\xddb\xceD\x81b~\x10\xbfq\x97@\xc5'9b\x90\x8c\xcf\x12,\xdcu\xe0\x98\x8f\x86\xc7\xe7S\xa6\xba\xd0\xa4\x0f]\xf5`\xedkx\xaa \xa3D\xbf<\xe9\x02^]\x94#\xa4v\x05z#\xe5\t\x03\x8dq"
    b'\xe2^\x98\x04\\\x01\x12\xb9@i\x81z\xbd\xf0\xe22\xb6\x88\x92\x98\x1ed^rY\x0c\xa1\xb8\xdf-~\x9fB\x7f\xdd\xfa\xd3\xe0\xfe\xf6\x83\xad\xc3\x96\xce\x05\x9e\x1c\xdd)\xefnm\xb7\xd4\xd1\x06O\xb66\x0e\xb6\xef\xa0'
    b'L\xbf\x9c~\xc4\x83\xed\x83\xed\xa3\xdb\xb7[W\xd5\x8c\x8b\x9a\x8f\x84I \xd5\x98\xb7)J\xd1\r~\x0b\x8f\xc6\x968.V:\xf5\xee\xfd\x93\xf7\xf4\x8f\xc4&\xad\xa5WDg?\x10n\xf3S9\n$kS\x1c\x16'
    b'\xf7\xb9\x8c\x1f\xd8\xf3\xca\xebM\xben<~\x1c\x96/\xbe\xc1\xda6\xf7u\x0e*\xafX\xd3\x15\xaaj\xca\xf0\xb8\xa0g\xb1F\x1bk\xa5\xd2\x16\xa2.\xa5T\xf8s\x7f\xa1\xbd`Q_m\x80\x0b{l\xfd\xbe\xa1k\xf4'
    b'D7\x11\x04\xc6!\x1d\x8e*[\xbf\x94\xb4\xc1DS74\xd1\x98ZxG\xf8\x90\x8bYxsL`\xd2R\xd6\x86\xfe\xa2\x87\x87\x88J,\xb9\xc2\x08Y\x00\xee\x8d\xd8\xe8-\xeds\xc4=\x82\x12E\xb2\x85\x82\xafE'
    b">?\xb7\x07\xde\xbfx\xfd^w\xa6\x1bQ\xda\xb5=\x9e\xd9\xa6\x15o\xfd\xa9\xbc\x7f\xf7\xee\xc6F3\x1c~u\x12[\x7f\xda\xbc{\xff\xc1\xed\xb2U\x9f\xbe\xe5\x155,f\xfc \xcb\xf4)t\xe8'xv\n+\xf7"
    b'qp\xe9#\xde\xe6)?\xa0l|\xc9\xf9\x10\xd3\xb3&Cb\x98\xfd6\x0f\x14m7\xfe\xa6\xbd\xc9\xc7\xf1\x96s\xd3\x84u\xc8n\x8d\xf0e\xc4\xe9\x8d8p:\x96\xb6V\xf3{J\x94\x89\xe3+Q!t\x1e-\xa8'
    b'\xd3\xde]\xb3/\xd6D\xc7\x9c\xf2\xc4h\xb0\xeb^u\xa5\xdc\xefRx^\xf7\x84\x8bR\xcd\x19\x16:\x9a|\xef\x9a\xd3\x86\xddM\xa9\xc2\xda\xb7{w\x981\xac\xf8\x0eJ\xb5N\xcc\x1a\xb6\xd5\xbbk\xfa:\x94\xe3$\x86'
    b'I\x87\xac\xa8\xd3\x98\xa9\xd7[,\x15\'DK\xb2:\xcd3V\xc92F\xe6@\x90\x167\xb7\x12L\xba\x90\xfb\x0c(\xc7\xa5\x8e?\x1b\xf4\x07\x90\x89\xca\xb1\xd7\xcc\xc4\xeb\x8br\x9eT\xb1\xfc\x9e\x90\xaak\x97E\n"'
    b'\xb5Cg\x1d\xc2wL\xed1\x8b\xb9\xed\xe3\xad\xc8\xd3\x1d\xddO\xe7\xc9(\xbbmk\xa0\xe3\xdc\xda\xca\xd2T\x13\x951\xce\xeb\xf6~\xb7rL;]\xf6\xcb\x17\xba\xbd__\x7f\xcb\xde\x98\xa6.ie\xa9\x90\xbd\xa4z'
    b'V\xd5\xb2\x0f\x92Zvk\xab\xa2\x97\xfd\xd3\xe6\xe1\xe6Qx\xeaU\xb2\xadG\xc7\xfa\x16h\xf80\x82A\x94Z\xd7\xda6{\xdb\xf1\x11\\V\x0f\xcb\xb3\xdd5\x82r\xd8c\xd9=2\xda\xefe\x97\xdc\xc8\t\x81\x8e\x9e'
    b'[\xe5\x07\xbfK7\xef\xc96\xdd\xc6Nd\x1e\xbbM\xbf#S\x9d\xb1)v1\xef\xbdWp#O\xdf\xdf\xee\xf7\xee\x16\xaf6\xef\x84\xff\xde\xed\xdd.~\xde\xbc\x1f\xfe\xfbj\xf3no\xbb\xc0\x9b\xbfmn\x86_\xf7'
    b"z\xf7\xecW\xa8\xee\xd1\xad\xe3?|B\xb8\xb0K\xe6\xe3v\xe3|\xf4n\xcb\x8cl.\x98\x92X\xeb\x8a3\x12\xe6\x83\xc9\x0b\xa1c\xbf_\x84\xa9\xd8\xd6\xa9\xe1\xef\x97\x9b\xf7\xf9'\xa7G_\xbf\x0c\xafo\x17[\x9b\xfe"
    b'\x99\xab\\>\xd9\xda\xe8\xdd\xb7y\xab(u\xc4T\xa2\xc4P(\xfcQ\xa0\xf0\x153\t\xc7\x823\x03-\xc1\xd6\xed\xb8y\xe3\xf3\xef\x8a\x8d\xde\x03O\x80Zn[obr\x1aL,\x15c\xc5F\xacvs\xc3}}'
    b'[\x0eEX\xc6\x0ck\xa3\xd5pD\x84\x02|\x1f\x8f^\xb4A\xb4\x1c`\xa7q\xf8\xc2\x8a\x0b4VAo\x87\xb5\x18\x12E\x96\xaft`CBaf1\xf5\x80@\x94\xe1~\xfb\x7f\x1b\xe20\x02\xbc]\x8b7W,'
    b"\xc2\x8a\x8b\xc8s\xfc#r=\xaf^\xbc\xfe\xb3O\x11\\\xc5\xa5\x93`\xa4\x88&\xf1\x85\x08\xa3pH1\x84Q*\x95\x19\x0f\xba\xab\xb5>\x96\x7f{pW}7<\xa0\x1a<\xb9\xddP'\x8c\xf7K0\xc0\xe4{\xc2"
    b'\x1bL\xceg\xbaBZ\xd5b40\xa9\xd5i\xcd\x9e\x973F\xf3\x95\x07\xd0yH\x84\x8f2>\x12\xdc\xac\xd9q\x88c@\x8d~W\x87\xf2\xb4\x9a\x9eePRl\xff\xba\xe9\xaa\x02\xb2\xa2\xb2,\xae"\xfc~\xa9\xe8'
    b'\x1d\xf8{\xc1\xc8\x93\x02K\xe7{w7}\xda\x89\x8b\xc0\x1a\xdc\xdcg\xf3\x95!7\xc4\x8fu\xd8\x9d\xe5E\xf3R\xcb\x9a\xc3\xfc/\xdc\x8a\rJAD>\xe5J\xc1\x95\xa1L\x0c\xcc$w\x92\x90\xf0?,u\xcb\x17'
    b'\xf2Vj\xc7O\xc7\xbeI\xf2\x15d2&\xf1B>G\x126>\x95\x14\xb2\x81\xa2\xf1\xa9C]_\x1d\xff$\x01\x98\x00\x8eZ\x84\x1c\x9a}\x13\xef\x0e\x81eO{\xb1\xef\xbf\xa9\xa3\xa6\xe4\xb8)\xfcf;\xfbD\x80'
    b'S\xf8\xe2\xf6~\xde\xbe\x02\xa8\xdc\xf1O\rA\xe5z\\\x9e\xe8\xa7I"\xfe\xe6\xa8i\x06S.\xe9\xeb\xe0U\xa4\x96\xf58\xd1\x1b\xfbM\xdf\xa9\xeef\xb7\xa9L\xc4\xe1\xd6\x8b\xa2[\xb8Uk\x84l\xbf\x16\xc7\xa5\xe6'
    b'\xf9\xbb\xd8>]\x88\xc7\xad\xddh\xbb\rN\\\xbe@\xa7\xe9\xab\xb8\xe4\xcb\x10b\x1a1bb\x92\xbee\x80=\xd7\x9cn\x83p\x89\xc5|N\\\xd1\xcd\x8d\xc51\x0b\xaa)\xd1\xc8h\xe0\xfc\xfa\xfa\x1f\xa6\x9d\x8b\xda\x04'
    b'\xfa\xc6\x88\xd7\xce\xec\x14\x08\x05\x04\tS\xb5\x93\x91kh\x80\xd4 \x81\xf2\n[\x8a\xc0\xedh\xd3\x12W)\xaa\xbbNJ\x8bA\x9e)\xbe\x81\xd8\xe4\xa7\xe2\t\x00U\xc3\xf1\xa8\x1c\x03\x97\xf3IU\r\xc9\x8ck\x99\x9a'
    b'n\xd0G\x9d\xda\xa1Y7\xe67\x14\xf8\x87\x13\xf1^\x93\x08f\xde=Um\x9aHc\x9cP\xa2&\x9eHb\x18Q\\<\x7f\x1fh\xc0\x9f?\xbcx\xf6\xe6uT^9l\xa6\x9d\\v\xbd/,\xf0}\x15R\xc9'
    b'hF\x96\x16\xa9\xb7\xef|\xda\xec\xdd\xc7_[\xbd{\xfc\x13\x1e-\xf7\x91\xb7\xbb\t<\xad\xf5\n\xe5\xe4\xfd\xab\xed\x1e<Ln\x8f$\xdf\xf7\xf6\xabM\xfe\x11\xfe\x13\x9f\xa0D\xf8\xe0.\x1e\xac\xc7"\xb7{\xf7\xec\x01'
    b'8C\xea\xb9\xc8\xe2\xb1\xf3\xb1w[\xfc\xf8I\x90<\x90\x85\x1c\xffo\x1b\x0c\xf6Vu\x08\x1b\xbd-x\xdd\x04F\xbc\xe2\x1dC\xfe\xbd>\x17\xe1\x83\xdb"\x0e\xacE=\x03uD\xb13?\x01\x9a"\xeb\x0b\xb9\xfc\xf0'
    b'\xdd3\xf8\xd0l#\x0fyq/\xb0\xd4\xdb\x94\x8b\xee\x97\xb7CW\xf1?\xa6N\x0f\xb2\xd0\xfdb\xe3\x10\x99\xd37\xd7\xc1\xfe\xf7\xee\xac#\xe3y\xbd{\xae\x01\x0c\xacw\xfb\xe4\xf6\xab\xbbh)\xd4uR],\xc8_'
    b'\xa1\xad\xc3P\xdb&\xab\xc6Bm2\xdd\xfa\x1d7\x8d\xd8\xb1y\xdfuA\xb7_\xdd\x0est\xe7%\x7f\x16\xb71\x9c;a5\xe5\xd9m>DF\xf6\r_\x1b\xd8\xe6\xca\xa2`\x15\xee\x9cl\x7fZ\xdf\xf6\xff\x89\x9f'
    b'\xbc\x07|Hu\x13bh\xf9>\xdc\xaaO\xbd\xef\xf0\xdd\xd0\xe1\xbb\xdca\xe8\xdf\xd6I\xf8_ua\xf9.\xf4\xf6>^\xa6\x95\x93\x00\xf5\xbc\xcf\x0fP\xb2w\xf7\xe5\xed\xf0\xef\x83\x93\xed\xde\x83\x11S\xd4\x07\xd1\x0c\xfe'
    b'[\xf7\x8b{?\x87\xb5\xfc{\xac\xe3\r/\xae\xc1\xd2\x93t\xa7v\x92\xc2\x98\xca\xf0\xb4\xc0\xffd\x1bl\xe0,\xdc\xfd\xfb\xa2M\xf6.p\xc9\xa2\xd0\xcd\x9a\xa1")5\xb4\xc9\x99\xabN\xd5\xa2n\xa1t\xed\x0cTN'
    b'AX\xbf\xdb\xd7\xb6\xa0]\x8c\x99\x1d\xf2\t\x05\xdd\xb8\xff\x8c\xff\xd5\xa3\xc0\xfd\x1d\x96#;\t\x1br\x12\x9ea\xf9YF\xbe\xe0\x7f\xd3t\xbf\x00\xc2\xdcl8\xbf\xac\xb7q\xf7\x10\x9b\x15\x04\x07\xfb\xf36I\xc7\x9dP'
    b'\x13\x0e\xdc\x1d\xfe\xcd\x99^\x7f\x80\xe3\xb6\x8eE\xbe\xbd\xbe]l\xad\x87\x0e4\x10\xaf\xd6a8\xb1\x9b *\xfc\xdf\x83\xf8?|\x1a\xceS\xd8\xd7\xe14\xdd\xe9m\xa7\xbe\x19\xaaq\xbdg\xa5\x1cG\x1b\xe8\x06\x8e\xef\xfd'
    b"C.z\xa8\x04s\xc1\x93\xb9\x1d*\xef=X\xef\xdd['1\xc0?\xf7\xf1\xe8>\xdfn\xd5W\xaa\x10\xc2\xb8\x15\x08\xec\xbd2TYl\xe9~\xda\xc0_\xeb\xe1\x7f\xcf\xc2a\xbd\x87\xf3\x8b\xaaxT\nn\xb3\xeb\xd6"
    b'\xfdv\xef\x81,\xfb=\xd5\x86\xf0\xf7\x92\x9du\x97\xa7\xf4\x12_\xde\x8b\x1f\xd4\xdbXV\xc5\x03\xe8wX\xc5\xc2\x16[4\x17\xfc\x13\xc5\xf4?@\x88\xf6\xd2q\x04CV\xf5CJ\xb7*L\x9fs\x1a\xb4\x98\x12\xcb8'
    b'E\x15.\xf1\xb4\x14\x1b\x86\xde\xca\xdd\xa8\xca\xb0\xd4\x8a\x81?8c\xba\x0c\x17O\xa4;Q\x00`\x08{\xa0v\xbfS\xb1\t\x06\x9e#\xb0\x1b3\xe7NH\xf7\xe6\xf0Qq<!\x7f\xa1Y}\x14\xb3\x9a|\x05\xdc3'
    b'\x06\x8a\xd0\xa1X\x81\xa5\xa2\xab\xa0k\xfd\x88\xbbv`\ty\xc9\xbc\\H!\x02Z\x81\xd7\xfa\x1f\xd1\x87<\x99N\xcb\xcb \xf9N\xe6\x13\x88:&%\xf6\x0e\x03\x03\xd8n\x92\xbb\x9f\x84\xe7*z\xe3\x83]2\xb1A'
    b'\xca\xf6\xb2\n\x9fy\xc9\x92\xc3\xc6\x08\xbc\x00\xb0\xbaL\xc0\xf4\x12\xa8\xa2#5I\xef\xa4\x95\x87\x19\xaa\xed\xa7U\xe4\x06\x86M!m\x0c0\xfa\xa6\xcf\xc2_\xf4\xb2\xea,*\x1b\x16\x069\xde\xf8\t\xe2e\xc2\xbf\xb5\xad'
    b'>\x1a\xce\x13"\x07\xfa\xcb\x8ft\xee;\xac\xa2)\x1d\x12\x9e\xc7p\x04t_\x01g3\x11#e\x93\x89x\x91\x9d/\xc2\x8f\xbc\xfa\x86\xa5\xde\x99\x1dN\x82\x08\xfcC\xa1\xd2\xbf_g\xc9\xa8\xe7\xd6Yl \xbb97'
    b'\xbdW\xc3=\xf5\x80i\xf2\xc9?\xfe\xa1\xba\x82\xea\xbc\xaa\xc0\x03\xa6\xbdU\xc9\xe9&.65HU\x98\xbb~\xaa\x80\xa0I)\x13W\x01F5\x9a\x84s\x9eP\xa2\xd4 ?\xa1n\n\x94\xc5\xf0\x8a\x8e\x8e\xba\x1ey'
    b'@\x152Dl[\x98D\xa4%9a\x00*\xa4\x14I\x93@\xb6\xbc\x8f\x8bS\xa0\x00\xbe\xb9W\xf6\xfb\xed\x16\x08\x99\x8c5W\xa0@j|\xd2\xff\xaf\x12\xaa\x0bhR\xda-J\x8d\x04Z\x82sm\xa6\xd0NSV'
    b"\xd1hoB\x91\xbe\xb6,\xf9I\xe3p\x9a\x03\x05t\xb1\x93\xba9\x17a\xff\x89W\xcf\xc5\xc9d\xb5{'\x14l}\x9d^\xd9\x100\xa8\xde\x8d\x81(\xb92\xf7\xfa\x80\xa4PA\x1e\xa2\x11\x83\x99\xc4\x11\xe6\xda\xdc\xe5"
    b",\xd6\x90\xfa\xc6r\xaePd\x0f\\\xd4kI_\xd1\xb2F\xb343\xa8#\xc1\x06'\x87\xfe\xa6\x88\xa1o\x08\x9b\xaa\xb6[\x19\xda\xfb0\x08\xa4mj#\xb6\xa9\x88\x9a\xda\xa5>\xae\x9dX\xb1\x9d\xdd\xeb\x00\xcb\xff\xf9"
    b'\x9b\xef\x8b\xaf\xe3/\xdf\xad\x1e\xaf@P\xf7O&\x15^\xe9\xbd\xea_b\xf8\x9fDQB\xcdAS\xf2\xd9p \xd9\x90\xb0w\xba\x1ef/P\x07\x81\x11s\xd1~+nJ\xa8`[\x1d\xe7\xc4\x8e\x95I\x88\xd8\x1d'
    b'\xdd\xaeY*\xbc\xbc\xc4\xf2\xfd\x897\r\xf4\xf0\xa2\xbcl5\xef\xb0e!\x88UU\x1aCe\x85\xb9k\x8e.\xffj-\xdaS\tZ\xe7\r\x82\xb9O!\x1a\xdaD\xaf\xf8\x15\xfc\xa95\x18\xee\x03\x8d\xa8\x9e\xa7\xa8\xa0'
    b'Sj\xd5\xc2\x02w%p\x81xo\x0e\x15i8K0\x7f1(Z\x81\x7f\x11\xf31\xac\xa6\xd7\x90&b\xd04ad\xae\x88N\x141\x95Q;\xb3\xfe\x1a\x97=\x85\xdeL\x90j\x8d\x17~\xe8\x82\xe7\xcd\xbb\x99\r'
    b"\x9e\xa8\xb6\xcf\x8d\x18\x17\xdd\xe8\x02nk'e\xbf\xe7\x02R\xaa\xc8\xb7sU\xcb\x89G\xc3\xc9\xe0\xf3 F\xde',\xc1\x86T\xc6\xcc\xb1)iC\x18\xc4\x11\xf3\x12\x84\xc9\x97\xe0\xb8\x81\xbc\x17_>\x01Y\xc5\xe4\xf6"
    b"nP\xc9'\xa1\xee\x00]\xc7W\xad\xe4\xf3\x16%\x828\xd6|\x85\xba)X\x08\xe3>\x15\xc3U)n\x1b\xe8\xb1\x84\x10\xd9:j\x9a\xa0\x84M\xdf\x9c\xa3\xa1)1\x87Q\x94\x05\xf99h\xc6s\xd7\x0c\xdd\xaceX"
    b'\xee\xa6\xb2\x88}D~dO\xaa!\xfb\x88\xac\xfc\xc7?\x94\x19\xd0\xb4\x1c\xa8\xc7\xe7\xe5\x88~I\x15|\x82\xe6\x9a\x93\xcd9b\xa7c\xa5\xbba\x0e\x80#\xe82\xc3(\xd8\x17\xe8\x11\xf1$d\x05\xe0\xb3\x99\x81@ '
    b"\t\x1a\x1cD+\xb3)7.\xb2\xb3d\x19/\x07\x9f\xaf\x01\x7f\x16\xfep\x83\xffG\x9f(\xf6\x0b~P\x06'-Y`\xb3\xd4\x02\x061Pk\xaf\xda\x15D\xa3_\xdb\x858E\x07\x8a\xd0\x193Vu\x1d\x1a\xf7\xac"
    b'N\'\xa2\x89\xfe\xf0dx&\x02\xad;\xba"\x08h\n\x1d\x90gA\x9b\x97\xdb\xa5k\x995\x11f\x1e\xe68\x10\xd7\xb0o\x99\xbeGN\xdcD\\\x02\xb8\x9fC\x99\xff\xabn\xd03\to\\\xe1\n\x95\xa9C\xf9\xc4'
    b'\xf7\xd9\xe1r\xf2\xf05\x07\xec&\x1bt\x87\xa7\xe1\xa4-?+\xb9\xe7\x1fs0\'\xf3\xdd\xc2\xe1F7<]\xf6\xdd\xa2~\x9e\x8d\x9c\xef\x14{\xcdy@\xb8\xb1\xe1N:\xdf)6(\xfd\xe5\x07tO\x7f"\xdaj'
    b'\xb7\x82\x8b\xc8\x04\xb9y\x93\x9a`fFp\xee\x94s\xe8d\x12&\xbc]f\xe6c\xb5\xda\xc9pE|\xa1\xad-6\xe8\x02\xda\xf8"&\xc2\xf6\xc5\xac\x9b1\x9aM\x8aZN\xa2\x9b\xee\xc8\xb9J:\xb5x\xd4\x1b\xc6'
    b'\xf0NVJm\x1c\x8a\xe5\xc6l\xb6\xc3\xc4\xa1\x0f\xf3\xa0\xbe\xeb\xb9#\x89G\xabU6\x0b|L|\x9d\xf3\xf4\xcb\x00U\xe4\xb2\x8aD\x80.\x9b\xfaH3d\xa2\xefY\xd2b\tV\xab\xae|\x83\x07\x00\xf3d\xe5\xab'
    b'H\xda\xb2\x1a^C\xc1\xc2Mx\r\xfa\xa6>\x07xL\x87\xcfR$\xf5\xb47j\xa0\x07Z\x87(M\xc2-\xf1\xcbtr\x16\xa4\xe0\xcbvk}\x9d\xd5t\x0b!\xd5\xa9#*$4V\x9e\xe790\xa2)\xb8\xc0'
    b'\x8e\xdf\xe9J\xcc\x8ajU\x9a\xe1\x1b\xda\xcdd\xdfweAP\xb6;8\x0fM\xbbS]=|\xef\x00O\x16n\x8d\xdcd\xde\x9fNV_\xb6\x82\xc5\x9b\x17N\xdf\xd5\x97\x0e\x8f\xf32\x95L6\xbf\x9dol\xf4\xef'
    b'U\x8aD\x17\x01\x04dD\x1e|(\x12\xe0\xf2\x89\xd4*\x96\xc5\xb7/!=U\xf2c\x13\x08\x88T\x8d\x0c\xddtE)\xd0#\x9e\xbb\x91\x1a5WI\x8a\xc6\x0cp\xe1i;\x7f\xd3em.\xa4\xae\xda\xadH\xfcP'
    b"n/\xffx\xbfZv5\xea\x17\x95b\xaeeFdu|\xb7\x0b\x97\x9a'}\x97(\xa7S<\xd67'V\xc4Ej]9\xdc\x95\xe9`\xc5\xfd\x87\xa2M{\x8f\xcf\xeb\xfb\x0e\x8f\xd3\xfb\xca\x9e\xfb>r12\x13"
    b"\xae\xa0\xed\xbc\xe5\x98b\rRW\xab\x9e\xa02\xb0K\x83\xbe\xa58?\xbb\x8c\x00\x00\xa5 \x91\xe9\xfa\x10\x9462\xb8\x92AU\x08I\xc28\xa5Z\x9f\x1d\\\xb6\xaf\x17\xeci2'n)\xab\xeb\xea\x98\x03\xb7;2"
    b'f\xa0\n\x1a\xb6p\xb3\xdby!\xf3g\x97r\x85\n!R4R=\x12\xb6z\x01\x87\x0eQ\xd9K\x98\x05\xbe\x05-\xaex\xc6\x00\x05\x81\x8f3\xe5A&\xd0G\xa4\xb9n\x82q\t\xab\xa9\xfe\x86\x87\x830{_#'
    b'\xcd\xfflI\x9d\x08b\x17\x96\xfc\xe0|8J\xf2u\xbd\x95\x1d\x15e,\xcc\x91>/\x80v\xea\x97g\xf3\xc1T@\x1e\xe6\x04\x19\xc8\x15\xcf\x0c\xab\x0e\x15\x1b\xde\x83\xa4\xc1d4\x00\xa4\xfd\xd1\xf916\x0e\x93>\xb2'
    b'\xfc\xd9d\xaa.-\xc0\r!\xa3/}\xa3!L\xd1A$\x0f\x83\xd8\xa1\x86\x86q!\x81o\xf0\x8bA<\xdd\xd8\xf0%\xc6b\x93B\x1cT\xda\xa9=\x05\xffCo\xc4\xe2\xd5\xd8\x19\xed(\xfa\xd4\x85\xaa\x03.\xde\x9a'
    b'\x19B\xc2\xf7\xfe>\xb09\xe3L\xae\xcdv\x922\x03B\x08\x02\x9b9\xad\xa7L"\xc0\xa9&\x01\x86\xe8\xce\xce)\xe4\x95\xf4{0\x0f\xc7Yc\x8c\x9e\xbd}\xfe\xfc\xf5\x87_\xde\xbc}\x0fO\x9d\xa7o\x9e\xbc\xfd\xb1'
    b'g\x85\x1f\xe7\xbf{\xe8 \xe0\xe7\x10\x1emg\xba\x9c\x97\xa3\xc9\xf1y\xb5\x83\x85\xc0\xf7\xc2KI\x16\x9f\x12V\xa0\x93}\x97&\xd8\x0f|\x06\xf3\x00\xac~\x18\xfc\x8dJ\xb7\xfc\xcf\xb0\x8bGa+x\xd7\xcb\x89\xb9^'
    b'Z\x08\xe7\x93\xf7O^\xbe\xf9\xf3_\x9fk\xcf?\xb0\x81\x88\xd4\xcd\xb5G$\xec\x0f\x84\x91\xc0A\xb0l\xc9a\xa6g\xd1\xb1J\xd6\xd2\xc1\x0bLO/0\x7f1\xe0\xf0TeL\x9b\x03\xe46;?P\x9dP\x18\x9e'
    b"T\x83J\xfd\\\xbf{\xf1\x1f\x0c\xe9kg\xa3\xd2C\xfe\xd8u\x9e\x13\xf7\xc1\x80V\xf6|\xf1\xbd\x8d\xfd0\x82}\xae\x05\xa2i\xeb\x93\x12hg\x10\x82\x9d\xa4$\x0f(y\xb5B/[\xe2\xdcH^\\\x96\xf7'\x1e"
    b',P\xbe@a\xf2\x19\xaf{\xbb\xca\x94\xe7\x9f\xee\xe9\xc4\xee\x8bv\xbe0\n\xf3\x14p\xd6\x12\xaac\x11\xc6\x0c\xb6\x0e{3\xfc\xad\x10\xb8\x96\x18\x1e\x18\xb8P\xa3M2\xe2\x13o\x16\x9e\x17\xa4\r\x05H\xa6\xe1S\xe2'
    b'\x18\n\x06U\xc9\xc8":\xc0\xe1;\xfa\xbf\xd1\xf6=\xc1==146\x88\xdc\xb2J\xf4m\x8b\xf1\xaf\xb2KIt\x04y\x9a\x16\xd2\x9d\xd8M\xea\xe8d\x04\xcc\xe4\xa0{^\xf5\x00l\xc1\x03OHo\xde\xa1\'\xb3'
    b'\xb6\xd9\x1a\xdd>M\xf3\xc9\x18v\xb9\xae\xc2\xed7\x8d\x97\x14]\xab\xfbC\xcd\xefC_\xbe\x9e\xc71QG\xc2\xb0f\x17C`q\xec\x14\xff\xeb\xdd\x9b\xd7\x04\x99\x08\x1c\xf8\xd1e[\x1ew\xba\x82xP{\xcd\xa7\x9d'
    b'\xab\x98[I\x9c\x18e\xcag\xf1\xbe\x8dzFb,\x9d\x0cF\xf0 \x182\xc7\x0fg\xc9\xdc\x1a\x05\x97\x9b\x03\xd0|\x073\xabXf\xdb*\x8c\xc9w\xa5)y\x89q*8\x16*\xfc\x19\xcd$\xec\xd8\xa2@\xd2\x19'
    b'\xe3T\xf7t*\xa8!\xdd7\xbc\x12y\xc8:g\xcdI\xa8&s\xcf\xed\xca\xe4\x84F8+g%\xc0:dF{:o\x89\xa7\x13\xc4\x88\xa6\xa22\x87\xa9d\xb8\x96G\x97l+\x9c\xe0\xfe\xa5{#\xc3\xe7b\xa7'
    b'\x87\xb0\x125\xf45j\x84\\\xb9\x1e\xbc\x1a\x0c\x9d\xc2?\xc7\xce#\x83\xe3_]\xb9Fbo\x08$y\x16v\x9f\xe3\xedc\xce\x0b\xd0\xe7r4J\xd3\xec\xd6!&\x8f0\x93\xabmF\xf8\xcf\xcb\x0eU\xa7\xfa8\xfc'
    b"'\xf3\xb6\xbe\xe9\xf8\x99\xc8p\xae\xaeD\x99L\xc4\xfb7\xe7\xf3\x17c9-\xd0n\xd4\x0f\xcf\xaf\\\x94\xb6\x15\x96\x9f]\xe9ZG\x89\xd9t\x80\x90\xc4\x95\xea\x91\xa2V\x0b6\x9aK\xec\xc1\xe4<4g\xcf\x08\xe9\xa8"
    b'\xb7[\xe0\x11p\xbb!Q\x07<\x17\x8aW\x93O\xa6,\x17/\x1bG\xb5\xd6fJ\x95\xc4\xb9\xc6S\x19\xe4\x06D\x13\xb0\xd0\x19\x05902\x89H\x0f\xf8\xd0\xe8\xfdiZt&\xd9\xa1\x96\x93\xf7\x0f\xedN\xe4[\x06'
    b'\x12\x03\x82\xe0zCP\xce\xd2/\xe1\xa3\x97\xa1\xe1E\x93\x926\x1dJ\xca\xae\x93\x02:Q\xb9\xd8Mu,\xea\x93\xe2\x0f3OkK\x89R\xa6|U\x07$\x10dy\xc2\xa9O\xe0\xe6\x98\xd6\xff\n\xcc~\xb8)/'
    b'z\xcdS\xee\t\x90!m^\xe8z\xcd&\xc2\x98\x19W\x86\xdc\xebl\xedF\x16&<\x0b+\x04LF\xaf4\x0c\xe5\x9e\xf7\x91\xf7#\xcc\xf4/\xb8\xa3[\x18E\xc5\x80\x11yPV\xcd\xc5\x91k\xeb\xe0R\xa6\xc0\xa7'
    b'\xcb\x95\x95\xd3t\x03mg\x8cP\xd7\x149\x97\x8a\xaa\xd1p\xda\xa5-"\x9f\xa1\x9f\x94M\x14\xee\x82(9\xff\xf6o\x86~\xc1\xb6\xc2\xbd\xce\x9aE\xa0 =\xc9\xc1I\xf8\xd6\'2\xb5\xc1\x08lNL\xc7\x12X\x9d'
    b'\xc0s\x01#IH7qS\xfd\xc0P\x9a\xf8"N=m\xfbt\xb7>\xf0\x87\xb1\x0c\x9bI%\xea\x0c\x8a\x0e5\x024cU\xf7\x08&#\x1f\xdb\x888\x17\xf2\xa8\x82\xedev\x03k\xa2\x82\x9b\xe2`e\xac\x88\x85'
    b'\xc5\x14\xc3\xcc\xba(x\n\xab\xe0^\xb6\xe4x+\x0f\xd0T\x8b\x8b\xddz\x9f!\xab!\x89\x17\x15\xa8\x87#\x08\x10\xc4"\x82\xf1\xa0\xb0\xc8\x85:\x88\x95\xb0\x98\xe6\xdf6\xf9,\xf7i\xa8y\xcc\xdc]\xa7\xe7\xf0\xb8\t'
    b'"\x90\x01\x13\x88\x0c\xa0\x96E:1\xb8\xf5N\xc6\xc00mg\xf4\xd7W\x92\x85\xc36\x9dLNox\x90"j\xabe\xd6\xafY:\xc3\x8ai\x04,\n\x8b\xc8y\xadD\xb4_[\xc3C\xa7\x0e9# \xaa\x1d"'
    b"\x884m\x07\x03W4\xa0\xbf=\xccB\xd3x\x02+\xe94\x06\x0c4^\x8e\xd3\xa6e\xf6\x15\xdb&>\xdc\x17\xe8\xfe\xf0WLTq$5:h6v\xba\x11\x93m\xdd\x03\xb2\xa1:\x0fN\x14G'\xf7y\xe85"
    b'\xffz\xb4\x8b\xe6\xf8\xf7\xf7\xdfg\x95\x0b\x06[l#\x14\xd8\xcf\xf2U\xe8 |.\x00\xd5\xbdK%Q\xee\xd8k\x7f1\xfe\x90\xd4\x90@\t\xf7o,;;\xb2|\xb6\xa7\x9aH\xa0\x91\xbe\xa6\x1de\xf8B\x1d\x07v'
    b'\xe7N8\xbe\xae\x12A\x16\x94\xde\tTb\x87jROJ\xd2 \xc3\xc9\xe1\x00!!+\xbcb:;\xad:\xfef<\xab\x84R\x94\xf0\xcc\xa4\xea\xf8j\xdcM\xd9\xeb\xa2I\x87]QBv \xe0DA&\xb5\x82'
    b'\x98\xa2\x1d\xe9\x0e\xe5"\xc4U\x0cS4(\xc9\xc1\r\xcdS<\x87\xddRt\x15V\\pRc\xda\xc2q\xcc\xfa\xc7\xcc\x92\xe5\xb4\x0b\xc4\x9f\x93\x1ad\x9a\xf6\x11L\x872o\x13B\x93\x8f\x07\xb4pB\x18\x91\x0e`'
    b'\xc95"\x0b\x7ffP \xf1\x1b\xbdX\xf2:z\xcaZ7\xb0\xf0DG\xfc\x9d\xb3\xd1\xeex*1\xc7b%2\xb1\x9a\x00\x9b \x1e\x1b\x05\xd9\x8e\xd6*\xdbM\x9f\xa6D\xa5\xcd\xdf$\'QK\x15:\x04v\xb8n'
    b'\xb8\x83)#\xec\xc4\xcdh<\x16\x08\xd3\xf33\x0b\xe7\x1dj\xeaA\xcf\xdb \xa5\x99JJ\x96=FRD\xcb\xe4\xf7%K_&\x12\x91\xdfn\x94\x8b*\x84\x98\x0f+\x17*\x9f\xb1\x86\x08qebJ\xf5&\x10)'
    b'%3\xc6b\xb8X\x97\xe52\r\xba~.\xaes2\x82j\xe26\n\x0c\x99U\xe6D\x04\x11J14]\xf7/{L\xe8\xea\x7f\xecY\xc6\x96\xfdJ\x86\x00~\r\xcc\xfe\xf0o\xb4\x18W\x1bM\xce$U\xc7\x0c0'
    b'\xf2\x0f+\xd9\x01e\xe7\x9c\x13\x85\xd1\xef\x13\x974F6\nM\xe4\x83\xfe\x8c\x10\x17az^r+\xbc/\x87#N\x89\xdb1\x96\x99\x8f\x88\x8d\xac1\xd2\xe7\x16\x8f\xc8\x8e\xc2-\xf2\x9d\xd2\xb6@\xaev\xd4\x1d\xb2r'
    b'\x8cx\xf6\x96\x9c"m\x8a\x87I\xf2\xd3\xd5\xb3\xeaVH\x9f0\xdbN\xa5\x0b\x9f\x93\xc0O|c\xf0$\xd9\xaa#\xe4\xee\xa8\x92\xd2\x0c\xbb\xcb\xb2(ZD\xfc\x8e\x13\t,\x86A\xaf\xa8\xae\xe0\x8fU\x8e\x9f\x96Q\xa0'
    b'\xe1R\xcf\xb0fO\x89o\x0f\x05m\xf8\xb9\x11\xd5\x99\xf0\xcad\xc1\xc6\x96zI\xb7\x86Fmz\xf03\xf6\x89p\x97\xd5Y*\xe7\n\xe9>\x16o\x9d\xf0\xe8t\xd2\x1f\xf42\xd9)}N}\xcbpfy\x05\xd2\x07'
    b'74\xf1\xf3\xf9\xd9\x9bq\x12\xce\xd3%"\x00\x98TfMF\xfd\xa8\x84=b\xee\x13\xeb\xa2\xf2\xad\xbc\x0b&\x14W1@J\x97\x1a\xc6\xf9\xec\xfd\x0b\x8d\xe04IIX\x80\x19p\x9d\xde\xbd\x7f\xfb\xe2\x97w\x8d\xbb'
    b"K Nc\x05{|\xa2\xa4S\x04.\xfaK\xe8\xd3\xa4)\xf43\x90z,\x86%(\xe5\xbd^6\n\x87&C\xa6\xcb\xc5\xe4;\x16\xcf\x0e3'\xccd=\xeehqv%Ll\xc9<\x10\xe4\x0f\xff\x88\x1d\x9eg"
    b'\x8a\x16\x9f\xc3\x8f"\x043\xad\xf2\xd02\x02\x99\xff\x96,/\xa3g\x00L\xd4\x9fX\x1a\xf3\xf2LcY\x18r\x83z\x8d\xbdW\x10#\xfe-\xba\x06i\xa4\'\x19\x87\xa0/\xd2VC\xfb$\x81\x07\x971\x17u\xd7\x1d'
    b"\x9e\x1bQGw\x04\xa1%\xf4\x91\xaa\x86\xa1n\x97\xd4\xfb\xf2\xb8\x14S\x88N'\x18\xcc\xd9C\xa7\xdau\x12\xc7\x84\x06\x9b\xa8-=\x1d\x94c\xf5\xa6J\xdd\x1a\x07\xe2S\n\x86/R\xefR\x0c\xa5\x02\xf6` \xb5\xf0"
    b"\xdc\xb3)\xe160\x8a_\xc4\xd6'Nt\xf6\xf0\x8d\x81W\xcac\x07;6\x98\xbf\xc3\xf7m\x9f.U\x9c\x97n\xea\x96\xf0\xd7Rr\xa9\n{\x0f0\xed\xd1\xbfH\x7fgQ-\xae;\xf6\xe1c\xce\xee_\x06\x97m"
    b'\xfd\xa0\xc1=\xaa\x93e\xf1i\xe8\xbe\xb0\xeb\xe9\x88O\xc6Q\x18\x9e\x8c=\xe7\xe2\xbe\xbd\x19yd\xbb7\xd1UM\xb7\x97\xca\xe5\xf8\xcfV\x07\x06\xe1\xc00\xcf\xeb\xb7cE%\x19e\xb0\x04\x96\x0c\xdeB\xc7\xde\x89\xe6'
    b'\x96XynX\x17Ii\xa3\xc3>f\xbe\x9cO\xd4\xb5\xb3\x9cw\xbc\x9eT\xce\xb0~V\xd3]V\x17c\x95\xc9=\x99\\<\xa3\xb3[\xf2#|\xddp\x98\x94&\xc8v\xa7\xcc\xbf\xa3\x19\xaf\xa7\x1f=\\\x99Bq'
    b'\xd2\xa0(,|D\x1f# \xa0\x9a\x8e\xc6\xb0t\xc95\xc0\xef\xd2F=\x1f\xa3J\xe5\x88\xa3\xf5\xbf\x1eF\xc4\xd9\xee\xe1\xd8\xc2\x10\x8a\xfd\xa9{2\xfc@\x9a \xfd\xd5j\xe2\xc1&\x89\xdd\x83\x951\xb9\x88\x0b\x0cM'
    b'\xbb%\xd52\x03\xb7\xd6\x92\xd8\x93e}\x82\xff!\x02g\xe0F\xae}k\xec\x00\xf5\xea\xc6pBm\x13\xc4\x89P%\xc2\x192(\x9c\xa8\x7f\xf7)\x81\xd2\x9dk(\x06\xb8\xb3\xd4\x0c\x07g+\x02\x12\x04\xa2"\xd0\xa2'
    b'\xa2\x0b\x89\xc9\xce%\xa7\xc8\xe1\x9c2[E\x16y:\xf9,\xf7\x85\xc0\x7f\xcc\x16\xbac.\xf4T\x83/e\xe6q\xc1\x0e\xb1r\xfe\x05\xc6-\xde\x88lj\xdf>\x8b\xfe\x15\xcd\x06\xf3n\xf2[_`7oYM\xde'
    b"'\x80\x95\xbc\x08\x13\xd2\x96s$\xe2\xfar\xe8\x9aj\x1d`\x8b\x82\x84\xc8\x18\x07z\xfb\x8a\xed\x08\xde\xbe\x8bbR\xa4\xba\x1d~S\x87M\x0e\r\xe4\x0e\xc1\x84\xc7h\xd3\x83\xbd\x86\xf9\xbfp\xd2\xf1\x8d\xf3\x0f\xcc\x1dY"
    b'XWE\x0f\xe0u\xa1f\xa2\xc6\xaat5\xff\xc1hpL\x8f\xf5\xb0o\xba\xbc\xf0\xe5\xb1\x06w\xe8\xbc\xa3U\xe4:\x98IX\xbc0X\xb4\x84I\x1a\x04e\x14\xa5\xaey\xb1y\xf7\xecse\x97\xc9j\xa4a~:'
    b'^8\xca\xd7\xef\xda\xad\x93\xf9\xfcl\xe7\xd6\xad\x8b\x8b\x8b\xde\xc5vo2=\xbe\xb5\xb5\xb1\xb1\x81\x081\x9cO\xfc#s\xf0\xe9\xb8\x92\xcfH#\xd5P\x8a\xb1j\xb7\xc3\xff_T\x96\x90i(\xb9\xb9\xbd\xa8\x88@\xa9'
    b'-/\xc3\xad\x8f"\x1ch\x8a\xbb\xab\x97t!p(\xcf|J\xb1h\x9e\x85\xc7\xf0\xdd\xb6\x89\xef\xb6\xbd$\x15MD\xcd\x13\x0c\xbf\xe6\xb0\xbc\x96\x81\xe8e\xf9j\x1a\x00\xff\x1a\x02\xd5\xabh\x18\xb7\x8b\x8d\xde\xfd\xbfm'
    b'\xbf\xba\xa7\xffnn\xe8\x1f\x08{\xff\xb4\xd5\xdb\no\xf4\x8f\xcd\r\xfdkA\xa5\xaf\xc2\x87\xc5\xed\x9f\xb7\xf9\xef=\xfdws\xe3g`\x91\x14@\xd9\xd8\xc2\x1f\xf7\xec\x8f\xcd\x8d\x13\xa2S|\xe3\x18\x17\x80\x1a*\xb6\xa7'
    b'\x9d\x9dO\xc7\x99\x00h$tF\xe4\x1a\xdaA\xfe\x00\xfc\x9c\xc0,\'\xb3\x9b\x93\xe8\x02#\x0fN\xd81\xfb\x91\xcfd\xfe\xb5\xa9\xf8\x9b\xd2\xd5\x85\x185\xbf\xca\x89,\xe9f"B\x93\xd8j`<\xa2\xbak<\xa1\xae'
    b';\xea\xdb\xa5\x121\xb7\x190PlA\xccuj\x1b\x19"\xa8f*\xd6-\x92\x85\x9c9M\xc9L&OP\xa7;\xe6cQ\xe6^\x7f\x85\xd0\xf1G\x9ct\xcf&\xa1AaC[\xe5\xc1l2:W 0\x0b '
    b'\x99\xa8h\x1e\xdb\x15`\xa5\xc0\xe9\xfc\x84\xf5i\xaf\x1aO\x00y\x8e_\xa4[\xac\xe2\x17\xb8\xf8r\xc1\xa5\x99\x8ch\xddb\xaf%\x16C\xa4P#Y\xf7\x06\xa4\x8e*\xa6\x99\xb2\xb2n\x81\xf3,8\x8d\x13\xabLX\xc1'
    b"\xa2\xf9\xb5\x8b'\x0e\xdb\xec:s\x95VQ\x19\xf3\x8f\xd3\xf2\xd8\xd0\x9c\xebf\xcb\xb0\xb5.\x89\x96\x04sp/\x9d\xc3v\xd5\x16\xa5^\xe7\x05wD\x90$\xcf\x00r\x9cd%\xf5\x83\xc0MC3\x9f \xe0r#\x8a"
    b'qZ\x02\xae\xa2ij\xa7f\xecB\xe5\xef\xe36\xd6`\xd0e\x96/v\x81\xb2\x96k\xfc\x9a \xe6Vs\xe7f\xda;\xeff.s\xa9\xecLub\x1f6\xb2\x18(\xa5a\x06\xd5\x8c\xd9t\xe9S\xc7\xbcr&\x89'
    b'\x1au\xe0Q\x95}4\x19\x8d\x04\xd7>\x82XD\xe5\xb8\xe32P\xd9ST\x94\xc4\x18\xa7\xb5T\xed\\\x8b\xb9\xa9\x04z\x8d_\x84\x1e\x9e\xbd\x83\x9b\x9f&\xfd\xba\xaa\x18\xb9c\x1f\xd5\xa9H{\x00^\x18\x1d\xd4\x9fa'
    b'\xe8\x81Q+\x0b\xc9A\x86\x97p\xd5C\xd4{\x9e\x06\x92\xb5\xbdGM"\x00\xb1R\xd1v\x87\x17A\x86\x95\xc7\xbf\xf3\xf9\x8e\xbc\xbe\x12\xd3\xb5\xd3}\x9c\r\xe7\xe5h8\x1b\x04\xe6-L\xbd\x87\xba\x0b?\x91\ra\x1a'
    b'\x04\xac\x8dN\x9e\x91\x01JE\xbc\x96t7\x9b\xd1\x1e\xfe\xeb\xc9e\x1cf\xa2\xc6\xe2\x83\x195/\xea\xb4(\x92S<)\xa1\xf8N\xfc\xd6\x82\n9o|4[#Q\x1eLO\xe1t2\xab\xd7\x9e\xe0\xfa\x03\xb5\x1e'
    b'O4]KL\x1bP]\xdb\xd1\x04\xd2\xca\xd3\xcb\xb4\xbe\x96rG\xa7\xd1\xf0j[)\x98I\x1d\xde\x9au\xdb\x93\x9ab\\\xa83\x86\x03{<\x90\xef8V\r\x82\xe2\xfd\x12\xa5^\xbc\x86\x12\xb8\x13\xc5\xd5d\xce\x96'
    b'\x86\x9b\xad\xd9~\xfdb\x1a\x1d9\xbar\x81\x99B9Y\x0f\xc2\xbb\x88\x06\xba`\x12+\x07\\;P\xb1\xc9\x8e=\xde9\xfa/)|\x12\xccw\xb2\xa2\xb5z\xc5[\xcaj\xd5\x9a\xf3\xb1\x19\xfd\xc3\x1a\x92L\x00\xd8\xc3'
    b'\xf2\x06\x1d\xf1\xc4\xc2\x9fl:\xe8\xb5\xbc\x81rn\x04\xfb\xdb\x17\x86?\xb2\x851\xed\xbc_\x18\xc5b\x8c\xa9\xbb\xd9\xfc\xe3\xfc,)\xd9M\xcbq>\xd3\xd5\xd0WnA\x9a\xd8\xb28c\xc3\xb9\x8d\xde\x0e\x87\xcc\x80*'
    b'\xf1UNQ\x8fI-\x01m\xda\xe1hPNgQ\x05\x1e\x13\xed91\xb0\x1bMy3\xc1\xc2\x91\xf4\xb84T\xd2Y\xb2\x121\xaa\xe9\x10\x1dY=\x1fG\x80\x8e\x18\x0co\xc3\x9a\x1c\x1d\xb9\x94\xb5\xd3\xc9\x19l\xcf'
    b'g\xe9\xbc\x05\xc92\xf0\x16\x7f\t\xed*\xa6\x800\xf5\xc9\x9f1p\x04Oi\xeciw\x1a\xe3\xa7F}\xcf\x04p\x00\xbbb\xb0i2\xedP\x17\x86B9\x92\t\x9eD\x95\x1d\xecb\x07\xa3r\xfc\x11\x19\xf4"\xa1_'
    b"G\x16\x08\xf4o\xdf}\xa2\xba\x9e\xa8[\xe2\xc3\xdc\xe1\x8e\x8f*\xbevW:\xc8\x9cr\x8bK\x1a\xc7\xec\xdd\xe1\xccg\xce\xf9\xc3\x997\x9cs?\x82\xe7\x15aS\xa2\xf1\x82\xfa\x83\x06\xcd\xb4\xb8L\xaa'\x8f:S\xc3"
    b'\xb5z26\xbf\xd8\n\x95\xfc1\xacZ;\x0b6\xfd\x82X\xa7EqN\xf5\x18\xa7\x18\xdetMhS\x1e\xd6\xf4\x1eA\xb3\xd4\xf3\xa7M?9\xaa\xa99\x96\x052U\xb6\xe5\xc3,\x95&\xde9U\x12\xdb\x00\xb5T'
    b'R\xa9\xfe\xe7\x12j\xc2 \x15;&\xb4\xc5\x9a\x1bnZ\x00\xd8!\x18\xe8\x0b\xf3-\x10\n\xa0U\xa2_\xfeeF\x8b\xab,:\xfb\x17x\xd06UW\xdc/f\xa9\xf8\x1a\x06\\\xb5V{-\xd6\x1bY\xefV\x1aZ'
    b"\xcbXo\x89\x87\x9d\xe8Fo\xb87\xed\x86\xd2B\xfe8bT\xab\xb1\xe4\xa1d5\xe1sh\xc8\xda\xc5,\xb5R\xc1j\xec&\x0b53\x8a\xa1x\xc7'\xf0\xf0W\x06|%V\xdb\xc5\xa1d\xd3&\xc6\xe3\xac\xd3\xe1"
    b'\x01\xfb\x1d\xdfV\x16E\xbc3l\xb3\xc6R>\x05tn\x87\xb2\x12\xcbb\x95j\x1c\xe04"\xe7^L\xa6\x1f\xdf\x8c]]\xb5\x8c\xb1\xd5\xf9\n\x8du\x9aD\xc4\x97\x81\x06~s\xe0\xb9\x98\xe2D\xf9\xef\r{\x99\x9a'
    b'\xb8R\x83\xf4\xdd\xe9\x9c\x05F\xa5-\x1b\x04~6\xdd\xe2f\xe2\xd8\xa2\xc1\xc31qv\xed/=GM\x9b\xc4"<\x94\xa2\x8a\xc9\x160/\xe2W\x17\xee&\xe8\xef.}\x0cKt\xbd\xa3R\xf9\x18v\xb9\xa4Y\x96'
    b'\xebQ\xe1\xf0|\xc2a!\xd8\x02Z\x91\x0b\xbb\xd2\xb9\x861@\xca\xf0\x0b\xe2r\x8a\xe0\x8e\xdfm\x0c\xd3\xe79r~\x08\xf8\xdda\xc9\x0cP\x1eO\x1fV\x03\x92\x9b\xc3\xfe\xc3.\xee,\n8^M\x97]\x89\x1d\xfe'
    b'6u\xb6V\x96\xc5\xb29%jW^W\x00q\xf4\xa3,\x82;\xbb\xf8\xe4\xb8\xf8\xd4\xa7\x8b\x08\xee\x97\x93\xdc\x8a\x90iT\xf7*S\xa0\x85=\x89kD\xacI\x93\xf1\x1f\xa2=\x13\r\x9a7x\x9e\x87~\x80\xb6\x19'
    b'|6\x1c\xcd\xcb\xc3\xb9;\xeb|\xbd"\xcd\xb4\x14\xf6u\xb2\xa9orr\x8f\xe6\xb5\x0c<\xeeh\x12\xad\x04\xa47\xaa\xe2Ks\x9fW\xcf\x0f\xc5\xe7\xbe \xdf\x0bS\xb4\x84\x9b\x90\xea\xc2\xd1\xd5\xd4\x85\x97\xc5$,R'
    b'\xea\xcd2#HC\x91E\x86\x0c\xe1\xf5\xb3\xaf\xfa\xfd\xe7\x9fBI\x10\xaf\xb0M\xa7\xd0z\x03\x1fC\xe6\xb69k7\x88\xb4\xf7\xc6\xa9\x00\x80\x98*"\xd7\xdd=\xb4\x9c\xa9\x0c\xa2!\x97\x92y\xc4@\xbfI\x9b\xbaG'
    b"'\x11?\x05O\x7f\xe9\x16\xd5@n\xb1@\xb0\xa0t\xcd\xc0\xdcIx8j\x0f7[\xa4\x18\x8e\x86\xe39\xac|Ma\xa3\xe6\x8f\xff\xc7:N\xbc\xc8|y\xd6H\xaf\xe5\xca\x11\xbd\n\x9d\xe3\x164\xd8\xcd\x02\x11\x11"
    b'\xa4<NR\x0c(\xfd$\xb2q\x92\xd0P\x82\xca\xbc\xd7\xbf\xe2~Q\nBwX"\xa5\x9cU\xa4\xa7\xc0o\x0b~!\xd4\x95\xf4\xa5\xa2\xbc%{\x18_\xab\xb7&c\x1a\xa0>\x1e\x0c\x00\xec\x7f\xc0\xe8i\xc6n('
    b'&\x1cc\n&\x82\xa0nPb\xfcH\xb4\x1e\xa9\xf7hN\xf0?%Nb4d\x0e,M\x1c7\x1e\\h\xfe\x19\xda\x9b\xd5\xcdG\x94\xd8\xcaLW\x92\xdf\xc2&\x1d\x16\x90\x8e\x181\xcck\x98|\xc0\x87\xb0[\x8d'
    b'\xfa\n\xf9\xf4\xee\xe5\x8b\x1f\x9f\x7fx\x05\x87\xa0\xdb[\x1b\x1e\xf1)N.\xb4\xe4\x92\xe2\x86\xbe\xa3\xb8-\xa3\x8bit\xccJ\xd9J\x86\xf0\xdb\x9c\x8c\x04\xbb\xca"\x1do\xd4\x8e\xc7\x17b\x8f\xd0v\xd8\x92\x8d\xf9vr'
    b'\x91@G\xd8\x9b%\xaap\x16P[\x14\xfe\xf4\xb6\xe9zL\xb5\x14qyCp<\xda\x16C$.m\xb2\xf4U\x0fZ\xd9\xb0\x98x\xcb\xc2\xee\xed\x1a\x0cg\xa4\x7f\xceD2\x05\x89\x92\xd6\xf2\x98\xba\xc4\xd6X9D'
    b"\xe2xm\xbf\xa5\xb0\x16\xf1T&\xa1\xd9\x0f \x86\x9b\xd8'\xe2\xc4\xa1N\xa3\xdcH3h\xb2\xbck\xf559\x91%\x95\xee\xc7\xc1\xa5\xd6\x06'\x18\xbe\xaa:\x16\xa2\x9a\x9aM\xd6l2\xa1\xc5\xf5\xc9\xd1\xba\xcc\xd7\xf4"
    b"|4P\xdb*\xbd\x918\xed\xb6\xa5\xc8;H\xb66\xaa7t3\xcb\x97d\xd1\xc6\xa2\xa4\x97G\x95\xa9{\x17jr3'\xdf\xeef\xd3\x1a\xa5\xa6\xcb\xbfpP\xbf_\xe9\xac\x0e\xfaKf\x81\xa5\xf7l.\xf6u2"
    b'*s\x10C6Y[\x8c\xd0\xe4?\x15\xd5\x1c\xd7\xc2)\xe7R\xfd\x98`y\x0b\xc8\xa3\xce\x95\x9fS=\xf8c:\xbaT\xa2\xa2D\xa9\x9d\xe9\xc1\xab\x90\xb6T\x05\x0b\xa0\xedb\xbf\x0f\xf2I\xad?\x85\x15{{>.'
    b'\xe8\x98"Y\x840\xeen\xf1\'X\x0e\x1a\xde\xb4:\x15\xc9\x04\xafy\xe9\xc6\x94\x90~\xa7ho\xeb\xaa\xc0q\xf8\xc4\xcd\x0b~\xc6l+\xdc\x85\xbb\xbbH2\xf9Pt|\x80D\x11\x07 S\x02\x80hw\xa3C\\'
    b'\xd4y\x81v+\x956\x12\xcd\xc3(P\xd5>>*,\xe0OR\x00=\x87uD\xe5)\xfcj\xd8!qxK\x9di\xfedf\xb1"N\x99$d\xc2\x98\x90\rn\xbf\xd1\xb5FgC\xb5\x8f\x9c\x8c\xfa\xe5\x8f\xdd'
    b'v2\x81\xa85\x19g\xee\xcc\xc9\xcf\x06l\xfbQ9U\xf0\x81\xbe&K\xcc\xac-D\xe7\x83%#3\x82\xaa#\x8eFK\xdb\x05tPNs\xe5\xa3\x8aU\xee\xdap\xaa\x94t\xaea\xa7M\xbeW\xac2\xb07\xf4'
    b'\x1c\x1f\xcb\xf9\r\x1cA\x93\xbf\x1f\xba\x8cw\xf9\xfe^f\x00}\x8fK(\xccix\xf5\x14V\xf0\xd0\xd6\xb3\xd10\x94x\x1b:\xd8\x86\xad$\xb01I\xab{\xdd\x05\xb2\xac\x9e&\x89\xfcY\x9c\x89\xd5\xcd\xb6\xe9z['
    b'j\xb7e,\xd1\xa8\x7f}M\xf0\x1a\x9f%\xcc\xd4\t\x94\xb1\xb8\xfa\x17\xb8gMT\xe0\xe21\xd2\xfb\x8c\xc8\x18\x16!T\xd2\n$\xb7\x19\xacj\x86\xf9\xa0\xa6\xfd\xc0\xb2\x90,\x15K\xd7Em\xc3\x0b\xb6q?1\xb0'
    b'\xd0\xf5\x0bX\x85\xd4\xff!Ee+\x02\xac\x14\x03\xc8\\C9=4\xf9\xber\xfb\xa8\xaeQ\xf8FD4\xb4\x93\xf6\x7fk\xd5\xab:Y\xb5\xa1([\xa5\xe5B\x8a.i\xdd\xd9\xca\xcf\x86\xe3\xd9j\x95\xa2d\xbdN'
    b"<u\xd5\x81\x06:\xf59\xb7\nM\xc9y\xfc\xa4\x18\xd9'cc\xba\xbb\x11\x1cUY\x1e\xba#\x07i$\xa9E\xc2DQ\xc3\x90E\x8a\xa1j\xed\x9d\xe7]\x9a<\xde\xf4>u\xd1%g\xc3\xf1\x8a\xea\xcd86\xc7"
    b'\xe3H\x85\x0f\xa3\xd7\xed\xb8qn(\r\xb3\xa8%\xa5\x8fam\x94\x90\xe9\xf4\x0f!Y\xc7\x87g\xf2gfc\x97\x06\xb2k\x8e\x97\x9c\x03\xcc\xcf\x1b1\xbf`\xf1xf\x85\x1d\xd6\xd1\x00\xa2\xaf\t\xef\x91\x8c\xf6\xdd^'
    b'V\xcd\xbek}\x96\t\xd0\xe1A\xec\x1a\xef=\xca\xb8\xb8\xea\xf2p\x19\xd9\x89\x95/\xbdzj,\xf3u\r\x90\xb7@yW\xa8] &\xd39\xe6\xbb\xfd;\xe3B\x18\xe1,2\xdd\x0e\xd5\xa8\x8b;Ak\xa0\x7fi'
    b'\xfa\xabJ|\xa1\xe82\x06\x1a\x9f\xec&\x13\x0b\xd5\xf5\x8e\xef\xc9\xb5"[8\x1e\x00l4h\xbe&\x13\xcd\x0c\x86 \xe0\xe1i\x01\x98\xb3\xea\xc5(Z\x0e\xd1\x01P>\x84\x07\xd4\xdc\x0f\xa3\xa6\x908\x9d\x9c\xcf\x06\x03'
    b'$\xe2nU3\xde5p+\xa2_\xae.Ps\xa54\x16\xaeR\xa9\x1a\xbfR\xf2\xbc\nV\x15[q\x9e\xa1U5[(\xdfyx\xc3\xc9l\xc6\x93\x0b\xbf\x1e3v\xce\xe6\x81a\x85\x9b>\xff\x08\xa7\x1deE\xcd'
    b'\xce\'\x8b\x19\xf4\xb4\xe1&\xac=r\x9f\xc6\xb2;\xbd\xaa0U\x15f\x8ax\xda\xd2J\xab\x12\xbeu\x8d\xeb\xea\xd9"XKJ\x83\x1e\xd5\xd2{B\xea\x80\xc4H\xcb\xae\x85-\xf7\xe8\x80\xa9\x03\xb2w\xb4L\x07\xe1\x88'
    b'\x1e,a:\x04\x9d\xc4\xbd|t\xeb\xe0\x07\x9fi\xbb\xa6\x17p\xb9\x7fk*\x82\xee\x02\xf5@\xe0\x18\xe1_\xcd\xff\x98\xd3\x14@\xa3\xddN\x0e\xbb\xdc\xd5|\x12\x8aH1\xc6\xdc\x0ca\xff\xbe\xa1!\xf6*8\xcb\xdbY'
    b'.<[\x84;\xc4\xaf?\xa4\xd1\xa6\xfd\x17!?\x9b\xd5\x1b#\xa0\x0fCc\x93\xf9\x9570\xbd8\xe3\x1f\x8b\x83\xc1\xe5D\x9e\t\\\x94\xd4+6\xfa\xc0@\x8f5r\xado\x80Y\x89\xd55\xf3\xbc\x04\xed\xcb\x0ef'
    b'\x18\x18\x00\xa5\xe4X\t\x01\x0fw\xe3\xf1p\xfc\x9e\x86\xdc\xc4\xf5\x91"\x12\xa0\xd015\xe9\xba\xd9\x08s\xed_\xadW\xf9\x1d\xaa\x03Y\xc7\x0f\x08\xd3hn\xaeM(\x9c\x9fF\x93r\xde\x0e\xfc\xdb\xb3\xc9i\xa0\x98\xa1'
    b'F\x14\xe4AN\xa5A?Y\x1f\xdd\'\xce>\xb7\xcc\xfcM\xce3\xd9\xc0\x7f\x8a\xea\xb4@K\x04\xe9\x00\xce\x8e;\x0e2\x1d\xf0\x82\xc0G\x1fu\xbd\x86K6BZ}\xcb\xf8\xae\xc8\xea\xa2"\x88Z8\xc3\xcc\x0e\xa5'
    b'\xa6Sq.\x15M\x81\xe8[\xbd\xa7C\xecb\xe4\xcd\xcd\xfa\xb5\x02\xef\x1a\xbd\x8d\xa6D\x9d\xe4\x97\x8b\xe4\x03\x1f\x02:\xfb#<\xc3YQ\xa6\x0f\x136?\xbd[\xe0\xc4\x8d}1J\x12\x81W\x89|;YM\xfc\x96'
    b'\xccF\xd5\x14\xa5\xecRE\xf6\x8d\xaa%\x15\x80\x9d\x17\x08\xdb\x03k\x0fN$\xf3\x06\x91\xc8p\xecTR\xf0%\xf3nB\xd7\\\xd0A\xc1\x1e][z6g\\D\xf1\xfb\xe7\x1d\xfd\xb2G_\xe4\xef\xed\x17\xdd\xad\x8b'
    b'[\xc5V8^\xd8\x00|\xdd-.cq\n\x96\xf2*\xfc\xe9P%\x05\xb5\x02\x15\x87\xe7V+\xfe\\\\%\xdej\xff\x1b\xab\x9c\x0e\x99\x00\xba\xcd^\xf7.C\xa1\xd0H\xef\xb2\x83\xca\xdc\xc2\xc0\xc1\xfd\xeb\xb7\x1e>'
    b'\x8fB\x02\xe0\\\xf3\r\xc6\xc0\xa2W\xe2_\x89^|\xe6\x85\x95~su\x8bg\r\x05\x168\xa8\xba\xd1`|\x9dX\x1f\xc6\x96jos\xa8p\x9dk*\xb4\xa0\xeeT\xe6\xd2\x8f(\xe7\xbcm[\xfa!\x0b\xcc2\xdd'
    b'\xeb\xadD\x8d\xe1\x0f\xdb\xd5\xa4\x17\x16\x88"\x0c\xae\xf6\xb0\x10\xed\xf5u\x8a\xd5o\x820\xddi}I\x8e\xa1k0l2\x0e\xdf\xf7M\x19|\xa1\x0b\x19\x97\x1e\x06\xe5\xb8\x1c9\xb4\xbe\x00?\xe9\xd4\x02\x05\xe8\xee&('
    b'\x99\x7f\x98\x953\xd7\xac\x9f\x0e\xca\x99D\x81\x89IA\xac#1\x8b\x04^\xc0JF\xdaKe\xc4\xa8\xafA\x0b\xced2Q\xc79K\xe1\x01x\xc1!L,\xc3#2\xdc1\xb5@`\xd0\x144\x14\x80V\xd8\x18\xb8'
    b"\xa8}R\xbb\xe3\x81\x06\xc8\x82'#\xabA\xa3\x9faW\xc1\x03\xc9n\x1e\x89*\xd0\xec\x06\xee\x1a;\x1d\xf6\xd7\x99\x01\x8f\xdc\x80\xd8\x92\xd0D\xb8\xac\xe7\xc3Qj\x07\xd7T\x90\x80x\xa9\xf5G\x83\x945C\xf2\xe7E"
    b'\x90\\\xd1\xa5\xf1\x94\xa0\xb7"\x1a\x8b=\xc7\xccGu\x15\x9aA\x869D0\xd6\xfaS\xa8\xd4"<\xf9\x8e\xd1\xac\x1d\x85"\xcea\xc6\x14\x1e,\xf9L\'|/E)\x1aV\x8c|\xb2\xb1"*+\xd3U\xcc\x0e\xa7'
    b'\x93pZ\xf2\xf9\x0c\xf5pJ\xe6\x13&F\x96\x10wc\x91\x14\x9a\x10{\xa0\xd4\xc5\x8e\xdb\xc4\xb5*W8\xd3\x1bZ\xca\xc34~~\xf6b\xcc+\xdc\xa9U\x93Z\xee\xba\xdb\xe4\x0b\x99\x84eU\x99\xb9\x00t~\x87'
    b'\xcc*o\x83u\x9d.!\xff\x81\xd2\xcb;\xb9P\xe4\x95\x90\xff\xab\x8a9jMcb\xc4s\xfbHM\x8c\xd8K6\xa9\xba\x83h\xf4\xc4\xfavSr\x9a\xech8\x95k\xdc\x1cZ\xc2YU\xe8B)v\x93\\\x99'
    b"\xbfH\x7f\x8dO\xf6\xaa\xaa|\x18Q\xea\xabbBf\xda\xc9\xbf\x87\x8fwPC\xd7:\xbbc\x7f\xa8\xe9f\xdc\x07';\x98\xbf\x1f\x9e\x0e\xc2\nT\xd0\xed*g\xa2\xb8\xea\x06\xe67\xd7\xd9\xe2\xa4\xbd\x1b%\xdb\x91("
    b'\x18\xe5\xbbj^3\x19\xbd\xbe\x84;\xa9\xbd\xb0\x99L/\xf5\xc9\xea\xf3\x14\xafle-\x1b\xa7\xcdqI<\xaa\r\xdcQ\xf3\xcc\xa6<\x84\xd8\xef\x91\xd3\x08\x9bk>\xe1_\xae\xc4\xa5\x95\x90\xdd\x17\nP\xd1\x9d\xf2\x12'
    b'2\xd9\xc8M \xbaT\x93\x0e6\x9al\xe2&j\x12\xbbO\t\xb9\x18UA(!\x17n \x11\xe3\x144\x05\x99\xa1\xd5\\&\xcc(\xe6\xab\xc5\x1f\xa3\x12|\tR\xf0}\x16\xb9\xa4\xcb\x1f\x97\xf2\xa3\xe3\xabX\xca\x0f'
    b'.\xecHj\x92^SfC\x0f\xd5\x9f\xce\x82\xd8x0<\\?\x18\xfc}8\x98\xb6{[\xdd\xde\xbdn\xf8\xeff\xe7\x9a\x9e\x9b\x03\xe5\xf2\xcd\xdcl\x08\xb2@\xef|\x1e\x97\x0c\xc02-v}\xe7ooT\x8cF'
    b'\x8bP~\x93\x01[\xc5\xb43C\x878\x8a\xb1"\xa2\x07\x9e\x05y\xb9\xaf\xde\x18z(\xe8#\x11\xd1\xde\xed\xd2\xa63\x08v\xec\xc3\x88\xcc\x8b\xef\x05A\xd8;\\\x184&!\xf7\xa8J\xb0\xcaPq\xb8iqq\xaa'
    b'\xf6\x83}\x94\xcbG\xa2T\xf4:\x86U\n\xf0\x9c\x96u\xb6?\x91\x84X\xbc:*\x18\x90pF\x8c\x8a\xfaD\x13\x89\xc9\xe0R\xd8Q\xb9\xe8hB\xb4\xe4z\xd5\xa5\xf0d\x82\x12q\xd5\x89\xf9t\xf8\xb9\xad\xed\xdeF'
    b'\x17\xae\xec[\xfb\rDB+H\xdb`\xd5\x06\xf5\x8f\xd0&h\n\x9a\xcb\xac\x84\xc4p\xcb\xd1Z\x15\xd16\xb7k1d\xe4\xba\xc9\x90\x8d\xb1\xeb\x06\x92\x1b\xbe+\x83\xb0\xa0\xd4/\x1e\x89lU\xb3\x1f?\x9d\x84A\x95'
    b'\xc9\xe9I\x96>\x0f\xc7\xf9\xc2\xe5\xc1\xcdc\tRyOK\x9d\x81\xe78?\xcc\x10\xa6\xceO\x99\x1e\xc1\xa3\xd2\x9c\x9f"f\x0f\xf16\xa0\xaar\xe3\x14\xb7\n\xdf\xab\xae\xd6\xcdk\xfek\xaa\x06=n\xac9\xe5\xc6\xbd'
    b'"\xaf\xe1\xd1s\xd3\xba~\x81\x13\x9b\xb7eRZH\xb7e\xf2\x1e{\x1f\xc3T`C>\x18\xcc/\x06D\xd0\'6ZB\x9aF0=\xd4\xa9\x9cr\x85\xd2P\x13\xb4\x9e\xf3K\xc0w+\x19\xac\xeb\xad\x03\xc3>\xfc'
    b'{]g\x9d9\xba\xc5\xe4\xbeU\xc7\xb6\x97\xcf\x7f4\x9er\xd6\xd53\xcfnI\xd8\xff\t\xcc\xe0\x13\xd5D\x15\xf3@\x7f\x8b\xd5a\xfe\xa2\x9140\xa9)\x7f\x81\x89\x06h\xfd\x18X\x03SI(@\xb8 \xc1\n\n'
    b';@\xc2= e\xcc\xe6\x0e\xaej\xe6\x13\x1cZ\xf4\x01\x90\xd0\xd9gt\xd7\xe8d\xea\xf0it\\&\xfd\xa5\xa4f\xbf\xe0o\x0eW\x1aj%M\x80\xb1^\x05\x06\xfe\x88\xceI\xc2g\xd3M\xd9\xb4\xc8 \x9e3E'
    b'\xb8\xa2\x81C2\xb2E\xd8D\xc9\xe9\xad.ea\x92?\xfc\xf2$\x88\xa3p*\xdbK\x1cq\xc4\xaeS\x94\xa9\nj\x9d!L\xd9>\xaf\xe1K=\x14\xdc:G\x90\xce\xc7\xb37G\xc2\xe0\xb8h\x0b\x1a\xcbJ\x13\xcc'
    b'\x1dGnU\xbfz\xf3\xfa\xcd\x87\x9f^\xbc}\xf7\x1e\x18\x99\x90\xcfi\x8b\x9d\x11{\x7fBw6<\xf4\xf1c_\x04\x95g\xd1\x83\xbe\xf3\xec\x0b{\xf5\xd0]\xb0\xef\x9d\x1aX\x96*"?k\xc8\xa9[2 \xbb\n'
    b'\xb0\xbe^\x97Y\xe2w\xe7\x07\xe5\xa3\n"\xcf\xae\xe9R\xeas\xf6\xff\xb1\xf7\xae\xedm\x1cI\x9a\xe8w\xfd\x8a\x12z\xdc\x04\xda \xc4\xfb\x05\x14\xad\x87\xb2\xe5\x96wlK#\xa9W\xddMs\xfc\x14\x89"\x891\x08'
    b'pP\xa0I\x8e\x9b\xe7\xb7\x9f\x887"2#\xab\n d\xbbwg\xcf\x9e\x9eg,\xb0*o\x95\x97\xc8\xb8\xbea\x14\x13\x99N,\xa2NP\x8e:\n\xe7\x93\xf2\xbf<,I\x8c\xa21v\x1a\x94\xe9a\x7fb\xda'
    b'\xb6\xba\n\xc1\x1fB\\\xc1\xf9i\x99\xfdF\xfd\xc1\x1b\xf3C\x04\ta\x9eVV\xc2T\xf7H\x91i\xcf\xb4K\x84\xba\x8ac\xa3;\x07\x92\xe9F\xc7\x07L8I\tb\x07,X\xf4&\x01\xe5>\xac\x91\x08\xf0\xa2\xb3'
    b'V!\x97\x93\x05\xf6\xb2/9\xfb\x8b\x04\xffQ\xd7rFUu\xddx6\x17\x1dL\xd0\x16n\xa5\xd4`\xc1\x863iY\x14loA\x91\xd0\xcb\xdek\x12\x10\xa4\xc1U@\xd2\xd2\x11D\xdf+#{I\xce\x0b\x89\x01'
    b'V\xa1\xf2\x8a\xf3\x96\xda\xd6\xc54F\xf7P_]Q\xccb\x9e\x01\x01\xbb\xe4\x1a*\xc7\x07\x8c%D\xba!\xd4\xfd\x1c8h\xf9\x95\x89\xef\xb9\xd8\x05b\xeb\x9a\xc7\x10\xda\x1d\xbb;\xcc$ \x10\xa6\x93sY\x18\xf1='
    b'\xd4A\xe4\xa58\xcf\n\x13(]e\x8a\x9d\x99\xbd\x8f\xc6\x99\xc4\xf1\x18\xcd\x88G}\xcc\x04\x1c8K\xfb\x0enX \x97\xc51\xf8\xaa\xdf\x04\x15(\xfb\xc4\\\x99\xa3^\xc3\xed*\xdb\xa92\xa7\xb4@\xc0\x96\xe7[\xc2'
    b'\x80\xdb\xecJ\rg\xc79\x8a+\xe9\xfdp\xf4\xf2\xc7\xef\x8f\xbe{U\xc5\xf7\xd3\xe3\xc1\x10\x7f\x9a\xfe\x05\xe1\xda\x8b\x80\xfeBS\x8a\xf4g\xe8\x97U\xac?\x1ao\xbch\x1d=\x0bKH\x05\xba\xe1\xdc\xb3\xcdF\x96\x7f'
    b"|\xaf<\xb9\xde\xc0\x1c\x9b\xd5\xab\xf8\x1d\xc9(\xc5\\)!\xb2\xd8\xd8r\x1e4\xc1.\xbb\x1b\xf3\x94I\xc2Ix\x92_\xf3\x1e\xd78}y\xcck)qsa\x9a\xc2\r\x15\xaf+\x8d\x94\xa7oa\x8a\xe6'\xeaG"
    b'4\xd3q\x15\x85]r\x7f\x97\x97\xc3\xf3\x99x\nKT\x0e\xef\xd4\x0ftL\xfd\x154\xbf\xe5$\xd5mH\xdbbx\x8c\xd5\x8b\xa7\xf9\xb2\x84@u\x10c\x9f%.=\xb4\xd7I\x06\xe5^T\x82\xbd\x1ej\xb8\x8d\xe9'
    b'\x15\xa5g\xe31\x8e&$\xb0\xad\x06eV\x8dq6*\xa2\x89\xdf2D[\xea\xe2\xe7\x96\xc7.\xa7\xf0\x19r?\xd1u\xfb\xc4\xa7\xce\x08\xf7[,\xd7\x83\xceu\xe1\xcd-\xd2(\xbb\xd5\x08\xf2\xa6\xbb\xa5E\xcfF\xbb'
    b'l\xa5t\x1aI\xa6\xbe\xc6\xc92\x19\x16v+g\x95\xa48\xecKHCJ\xb62v\xe40\xda\x05$E\xa8\xed\x86z\x11\xf2\x85Q*\x19\x10\\*\xde\xd0g\xe9\xed\xa1H\xf1\xa2\xe5TO\x12\xcd\xd3\xe8\x11\x14\x1c'
    b"\x12\x1e\xe6\xd3\xed\xd5&\xbc0'\x929s\xdf\xe2\xb0?\xa7\xd0\x80\n\xc0\xa7v\xc1SA\x84JS\x8d\xcc\xf1a\xa5/\x0b\xf8Q\xc2\xbd\xf1Z\xc4%l\xac\x0c\xe5\x11\xd5<M1\xedL\x1a\x01\xe0\x1f.;\x17W"
    b"\xc4\xd4\x04\x0c.\x87\xdc\xa8\x82Ao\\\x10\x92\xc1\x04\x9b\x15$7\xdc<\xd2\xa8\xf8\xebL\xbb\x0e3w\xde\xd1\x90\x0b\xd4\xdf\x9eK\x04\xf1\x8c'\x182\x87L\xd6\x0f\x85\x83\xcc\xd3\xad\x88\xfb\xbe\x1b\x91\nq\xe2\xb09"
    b'\x80e$\x04\x92\xf6\x07\xa6\xf3\x89\xa00\x9c\xbe\xd7\\\xca\xaa\xc0\x8d\x1b&\xbck[\xc3\x01k\xd5U\xd3\xc8\xc0J\x99\x14Z$=)\x11\xbf\x02\xe0\xd0\x8f\x02\x8c\xf4\xb2of\xe0\xd0\xb2\x8b);\x1b\xea%\x0b\x13\x80'
    b'\xd0\xf6\xb0^\xae\x0b\xe4\xb9\xb8\xbd\xbcO\xbeG\x03\xa1\xab\xac\xb00\xb0uN8\x85\x8c\xf0\xc9\x97A\xc2^4\xa2\x92\x04\x84\x87zD.m\xdb\xc4\xf97\x9f.\xb2\x1c\x8c\xa4\x82\xba\xfe\xe6\xd3F\xd7\xdfO;\xc43'
    b'P\xfa\xe5r\x9eR\xd9\xe6\x84\xa7i\x80ymVc\xed\xc4\xf5\x89\xbe\x86\x9e\x89wd\x90\xc5\xe2\xfd\x93\x04\x0fJ\xa6S\xe9\x81_\xe8\xef\xc4\xcf.\x89`\xc7X\xd5\xa1/\t/\xe7\x17\xa6x6S\x8d\x08]\xbf\x87'
    b'?bd\x89|x,\xf79\xc7\xf5\x10\x069\xe1\xca\x97\xf3C\x95\xc2\x95\xa0\xf5\xb33y\xdc\n\xfd5\x9e\xd3\xe6\xd1H\x19\xffrn\xbcc\x93\x9e\xd9s\x0cn"5\x08\xbaN\xa3\x9aB\xda\xab\xa8\xac\xf5\x84\xaa\xc1'
    b'W\x91v}\x82T\xa9t\xff!\xfa\x0e^\xe4\xd7K\xcd%\x95K\xa7\x91\x1e\xb4\xecd\xf9>\xe8\xb9\xbf3p\x05\\\xb0\x88\x80;\xe2r\xca\xc9Q!$\x05)A\xf8K\\\xcc\xd0AGQ\x84\xaf\x16 2\xc7\xeb'
    b'FZ\xd6\xc4PN\xb5\xd30\x12\x1f\xe2k\xbe\xedt\x1c\xbeb\xa3\x07\x9c\xe8\x06\xac\xfef\xf68\xfa\xc8w\xe7$G\x15\x1b\x15\xf7\xb00l\x01\x8bcP\xcaO}\xe0h\xba@f\x94\x80LK\x94o\xad\xbb\x04\x1d'
    b'[\x1cy\xc1C\xec\x84d\x04\x150X\x13\xbaKey4^\xf6|2\xe2<\xb3,Sw\xed\xc2V\xd9\xea\x12\xec\x8f!\x07Fb\xcc\xf8.oh\x8e\xabw\xc0\xd2\xfc\r8\x8e\xfa\xa1\x91+\xbb\xf1\xd4\x04\xf7%'
    b'0E\x9dF\xfeH\x99K\xc7\xdc\x1a9\xb7\x01[\xc8!4\x89\xe6)X*n\t\xdf\xf1%\xc0\xb4\x03*L&X\x03\xa5\xe6\x1f\x8di\x80\xa0\x00\xac\x07d\x9ab\x11m\xb1\xf1>\xea\x1fDl\x1e\x1bBc\xa9\xb8'
    b'\x9c\x82\x10nR\xb4.\x8b\xd0\x80\x9e\xd7\x80\xae\x182\xb2d*\xb5>Drfq\xedv\xa2!H\xb7P\x06\x97\xb3\xd8\xf9\x13\tw,g"\xb1\xbe\xc3M\xcd*\xb9\x83%\x15\xd6\x98|\x03\xf9\x16)\xa9\xda\x9c\xbc'
    b'5\x01)-\xebq\x1c\x10@\xe4B\x89\xbaiK!\x80\x04\x1ar\xa1n\\X~6\x96~\xf8\xd4\xa4\x1b\xca\x80\x80\x15\xd6a?\x9a\x86\xc3\x0f>j!\xed\x13\xa6\xcd\x03\x8f\x05\xc3\xf0\xad\xa4\x058&L\x8d\xaa\xfd'
    b'\x1b\xa3z+|\xce\xbc\x80\x13&N\r,C\x19\xa8\xb4\xb88\x1a99\xf0\x02\xf2\xf2n\x9a(>7\xe6\xf7\x943\xe2\x88\x04\x8e\x1b\xc6T\xf9\x92\x96\x85\x04\xb3\xa2A\xf4\x1b&r_\xcfQ-\xa7\xcaP\xa7\x16n'
    b'ir\xae\x90"\xc4>\xb3}#\x00\x99\xf2\xb1|\x12\xbc\x0e\x97\x8b\xfdA\xc1t\xdex\xd2\xf8i+\xbe\x97\xa9cN!\xbcX<\x11\xa8\x16\xa7"\xcb\x1a(\xd3\x1cFSzl\x04_h$\xaa\xd1\xc6\x1c\xe2\xaa\xa1'
    b'\x1a\xce\x83z\x92I\xcb\xef\xe9\\\x86{\xfd6\xa4&>\x9d\xdc\xf1\xa5}\x04W\xf7\xd1\x8dH\x83/\x81}{3\xbd\x1e\x15j\xaeV\x07\xa2\xd2\xa5\xfc5\xc7u\x03*G\x86\x05\xaa\xddU\xd7\xb8\x01\xc75K\xd6\x03'
    b'\x97\xb89f\xafN\xf2:\xf3I\x07\xd0\x17\xbd\x0er\xe6\x95*\tf\xaa\x0c\xbd\x1e\x9eqb\xcfR\xc7\xc40DH61\xe1\xff\x1e!\x89\xfaKHR\x0cqE\x84\xd9kg-\x85k^\xfe\x04\xbd\xa8|\xcbE'
    b"\x91@)\xc4yQ\xfd\xaf\xf5h\xec\xca`JT'j\x9e!\x8aA\x95k\xe6\x08\xd5\xcc\x95!\x1f5\xdf\xdd\xbd\x90{\xd9\x92i\x1b\xbafH\xe0\xad\xda\xa0|\x9a\x0c\x08\x16/\xcfO\x85|\x91\x8f@C@\x98/"
    b'B\xa2L\xcb\x01\xe31\xe5\x0f\xe4\xd2\x13$R\x19\x87\x98\xfc\x0c\xb5F2|vM\xe9\xc2:\x1b.<\xbe\x87\x8e\xd6\xe6\xf6\xa3_\xcb\xdc&\x0ci\x8e!\x89\x03U(\xe6\xd7\xd5\xd7\xb9N\x1bz$\xf6\xa9\xb8V_'
    b'C\x9a\xe7K\xb1}\xca\xdc\xda\xfc\xe8\xf6\xe9\xda\xdb\xd0\x12\xdf\x9a\x8c4\xear\x7fE\x05\xfbm>\x9e\xe9j\xf7\xe3\xe0\xe0\x1a\xc1\xe0\xa4\xe5\xfd\xd5UA7\xcb\x99e\\\x91](>\x14\xd8z\xa2\xa6\x9f\x04\x07\xb2^'
    b'\xf6\xde\xb2X%s\x04(?K\xe2\xe9\x06\x11\xa7\x15\x86J\x1d\xf3\xb8\xb8%\xbeE\xe7\x14\x8e\x8b\xa5i\xd5%\x93\xf5,2\x03\x96,K\x0c\x94l\x97E\xa3!\xa5\n\x02(\x8c\x1fg\xd8&xgb\xfd\x91\x8b\\'
    b'\x95\n\xbd\x98;\x87\rQSK\xe6Z\xc9\xce\xce\x8a\x93\x9c\xa3\xc0\xa1\xd89\xe2!\x8d\xb3\x97<v\x9f\xb6q\x18\x10\xe3e\xf7\xc1H!V\x96\xbe\xb6v$\xfc\x15~\xbf\x14\xac?\xc3\x84\xe0\xadp;\x11@9\xe9'
    b'\xb9\xfa\x9a\x13\xa4\xbb|\xe2A\x87\xffp\xe0\x1e\xf3\x939y\xd0S[*\x8f\x8e\xc1\xbc\x07\xc5\x9d\x03\x91\xc0\'\xf2\xbdp\xf4\xb2e\x98\xb1R\xc6%W\x13\xf9V\xca"\xe9\xb7t\x83\xfc\x86,\x11\x8b\x8a\xdc\x9e\x9a\x83'
    b"E\n<\xebA!\xd0P\xc5I@\x06\x92'\xab0Tt\xcbS\xe2\xec\x83\x9b+d\xf5\xbc\xbe\x10\xa2;\xba\x19\x8d\x9c\xba\x13m}\x8b\xa6E\x047\xfcJ\xc9\xbd8\x94\xc4\x92\xc3\xec\xb9M\xa6\xe5\x95\xcc\x86\x9c~"
    b'1\xb2\xee\xc9Dh\xd9\xe3\xe1\xc9\t}\xe3\xb7\x1c&\xa4\xe0\xbap\xfa\x86\x8e\xc0?\x0e6\xe6X1\xfaa\x08\x9eA\x02V\xa0S\x90;\x0f\t%I\xec\x17\xaay}d\xbe\x82L\xc9\xc4dZ\xc8\x8eR\xaf\xe8\xa1'
    b'\xcf\x9a[\x081\x9a$X\xc9\xe8G\xdc\x0f\xa5\xbdD\xc9\x9eN\x89A\xbc\xca}\x0c\x177\x1dC\xdf\x1e\xb6\x12\xa0\x0f\xb1\x92\xc9%\x16\t\xa2\xe8\x1eof\x86\xe3l\x0b\xde\xb7\x83,\xcd\xcf\xfd.#.\x12+\xad_'
    b'\x88kD\xb1\x91.S0L9y\n\x91\xb5\xe47\xba\xef\xba\x04\xaa\x0c}\x95\xa5\xd6\x93\xdbL\x0e\xa1Un\x88\x93q=%5\xdd!\n\xe8\xce$\xfduq+\xf6\xc3qd\x17\x85#\xce\xbd\xd1\xda\xe8\xedA\xce'
    b'_\xefmo\x11\xff\xcd\x83\xeegk\xddEa\x02\xc1\x1d\xb6\xc5Zs"z\xd7\x13F\x1f\x81\xb6\xbd\x0b\'jyu~]\xf6\xb3\xed\xae\xec-qpZ\xd8.\x1fE-\x86qP\x9d_\x1eD\xa2y\x1f\x9bx\x88'
    b'\xe7z\x0e\xa5w\xab\x1e\xa8\xbe\xc9\x8cG\x02\x9d]\xc22\xfd\xb1\xe1\x02\xc1\xa5_\x8c%\xc7v9\x83:\x1f\xc1\xb2b\xf9N7\x83\xef\xb6\x1b.\xdb\xb3\xc9\x15_\x12\x12\x08\x8d\xb0V\xef@\xc1_\xe6\xf4\xc5\xf4\xd7\xd7'
    b'\x13\x13\x88\xc2\xb2&\xa3m7\xae0\xd4\xdf\xf2\xe6\xaa\x18\x0cs\x8d\x8fWdX\x89&z\xa8gC\xb3\x1d\xc6\x0e\x1f\xec\xbf\xc5\xd8$\x81\x0b\xce^\xdf\x9c\xda\x8d\x07Y|0\xd1h\x01\xfe#"\x83I\'\x977\xa7'
    b'\xb0\xf8\x8eu\xed\x1f\xd4\n\tK#G\x850%\xff\xc3Z\xce\xff\xd7\xd2w\xe0\xee\xe3;\xfc\xcf\xde\xbd\xfa\xee\xed\x87\xbf\x85w\x1b\xf9\xc6\xf9\xe6\xa6\xbd\xfb\xf3\xbb7\x7f\xf9\xde5z\xbe\xbe\xbe\x1e^~\xfd\x8e\xc8f'
    b'x\xb79\xd8\xda\xd9:K\xdf}\xfc\xe6\xabWL\x8b{\x9b\xfa\xf8\xcb\xd7\xdf|\x1fj\xaco\xae\xbb\xae^\xbf\xf966V\x9c\x17g\xc5N\xf2\xea\xd5W\x7f~\x85w;\x83\xdd\xcd\xdd}{\xf7\xbd\x1fC\xb1W\x14'
    b'\xe7\x1b\xf6\xea\xbb7_\xfd\xe5\xdbW\xea\xd9\x87\x13G;[\xb30\x1eo\xedu\xb3\xbd\xbd\x93.RO\xd2\xdf\xfb\xbd\x9dn\xb6\xbb\xdd\xdb\xa0G$\x93p\x89n\xb6\xb5\xa5\x85\xe8\xc9\xbb|0\xbc\xa1\xc3\xb0\xe5\x0f\xd3'
    b'\xb5\xd8\xdc\x8f\xd7zt\xe0\xf6{\\e\x97\x7f\xeen\xd1\xb9\xa6z#&\xed\xc7[\x9b\xbd\x8dn\xb6\xbd\xdb\xdb9y\xe0\xdar\xea\xdd`6\xf9\xf5Ne0\\\xcb\x0ffcO\x0b\xcd\x1b\x8c\x1b\xcd\xc6\x16\x0fgg'
    b'\x9d\x86\xb2\xb9\xde\xdb\x95\xd667\xb7\xc3\x906v{\xbb\xd4$\xfd\xf7\xe4\xe1\x89\xed\xa0\xb7\xaf\xde\xfd\xf8\xddw4a4W\x9b\xdb\xf6\xf0\xdd7\xdf\x7fx\xf5Ue\x1ai\xd4+\xdf\xedn\xf4\xb6\xf7\xb6\xbb\x1b{\xbd'
    b'\xbd\x8d\xad\x9f\xe9\xa3vw/W\xb7{\x9bk\xbb?\xaf\xae\xf76\xf7\xf7F\xeb\xbd\x8d\xed\xd5\xde\xfe\xf6\xc6Yow\x7fs\xb5\xb7\xb3F\xc5{k\xf4\x93J\xef\xec\xea\xef\x8d\xde\xd6\xe6~wm\xb5\xb7\xb9\xb7\xb7J'
    b'5\xe8?;;Togs\x1b\xbf\xca\xd5\xde\xee\xf6VocwW~\xecmo^R\x034\xc6\xb3\xde\xda\x16\xfd\xda\xda\xdf\xed\xae\xf7h?iS\x1b\xbd\x9d\x8d=\xfdMo7\xa8qzFK\xb3\xb7\xb7\x89\x1f'
    b'\xf4\x9f\xf5\xed\rzJo7\xf7\xb8\x05\x9a]z\xb1A\x956\xb6\xd6\xe9\xe7\xfe\xee\xceh\x95\x1a\xde\xa1i\xe3\xcc-{\x1b\xbb\x7f\xcf\xbe\xa3\r\xb2O\xadm\xec\xf767\xce\xd6\xba\xbd\x9d=\x1a\xe1\xf6\xc66\xf7\xbe'
    b"\xb7\xbe\xca\x9f\xbb/\xbfK\xfec\x07-\xc8/<\xe5\xb2\xf2\xab\x1b\x1fvQ\x8dKv]\x03\xd4\xdb\x1e\xcd\xef\xda\x0e\xcf\xef\xe6\xde\xee\x19\x0fv\x83'n}\x83\x07H\x07\x91\x06\xbb\xb7\xbb+\xbfK\xfcA\x1d\xd2'"
    b"\xeaO<?\xa3i\xdd\xdd\xdb\xecmmqo\x9b\x98\x90\x8d\r\xfa\xb9C\x0fz\xdb\xfb4\xfe\xcd5\x9a\xf0\xfd\xcd\r\xaa\xbb\xbe!\xbfhBv\xf7hE0\xa9Tcm\x8d?n\x7fm\xab\xcbK\xbe'\xbfK\xfe"
    b'\xbd\xdf\xdb\xdd\xdd\xc4Sn\x99\x9ebZv\xb9\xd9\xcd]\x9d\x96\xde\xfe\xd6F\x17M\xd2P\xb6\xb8?|Joog\x13?\xba\x18\xcd\xdf\xbf\xdb\xa3c\xb4\xb3\xce\xdf\xbb\xb1\xb6\xcf\x03\xa7\xaf\xa7vvh\xd9\xf760'
    b'\xb2M\xfc*1\xc8\xde\xe6\xfa\x8e\xfc\xa0G\xdc\xeb\xf6\xfa.\x17\xee\xedmm\xc9\xe3\xad\xadR\xeal\xd2F\x97\xca[[\x7f\xff\x8e\x87\xc1{o\x9b\xdaG\xc5\xadm\xac\xb2\xec\xad\x9d\r\xfe\xb7\xe4\xc1\xd1^\xdc\xdf\x93'
    b'\x1f\xf4\x88\x07\xb4\xc5[\x90\x8a\xae\xf2W\xaf\xea\xab]\x9a|\xd4\xdb\xd8\xdf\x95\x1f\xf4\x88\x97o\x9b\xf6\xc7F\x97>tk{\x7fDs\xb6\xb6C\x7f\xd1\x02\xed\xf0\xee\xa5}7\xa2\xff\xec\xae\xca\x13:\t;\x9b4\x05'
    b'\xb4\xd6;\xfb\x9fPg\x83:\xda\xa7\xef^\xdf\xe3y\xdbY\xdf\xa1s\xb8\xbb\xb7}\xb9\xbaE\x1f\xb9\xfe\xf3\xea\x0eO>\x97\xdc\xd8\xfcy\x9b6=\xefe\xa2\x9fTk}\x8dw\xdb^w\x93f}m\xfd\x8c\xb7\xcb'
    b'\xe6&\xad\xf9&-\x1f\xce\xd4\x9e\xfc\xdc\xa4s\xbd^\xd2\xd6\xdd\x94\xdf\xdd\xf0\xf4\x8c\x16|s\x8bN\x11\xd1\x96\xfd\rl\xac}~\xbbN\xffY[\xa7\x11S\xb7\xbb\x9bg\xab\xbd\xf5\xdd\xfdU\xd9\x144\x8f\xbc\xa9v'
    b"x;q\x83\xf2\x1b\x1b\x84w\xdb\xce\x1a\xad\xc2\xfa\xb6\xfc\xa2\x06wi\xfb\xafa\xffm0!\xe0'\x1b|J\xf4\xed\xc6\x0ev\x1f\x97\xd8\xdc\xa2.\xb6\xf6\xb8\x88\xb5{i\xddo\xac\xf3\xde\xdc\xddE\xbb\xbb\xbb2\xba"
    b'\xd58P\x9e\x8cu&E\xb4\xf7v\xf8\x80\x9f1\xb9X[\x17\xd2B3D\xeb\xbea\xdfN?\xf9\xc3vw\xf6\xe2\xe4\xd2\x1fg\xdc\xd9\x06\xe6b\x9b\xc7\xb6\xc53k5\xd6\xffN\x1d\xac\xd1\x1a\xecJ\x07\xbc\x95\xf6'
    b'\xa9I\xda\xf62&>\x9b\xdb\x1b\xbb\xf2\xfb\x92\xa6\x89\xe8)M*u\xc5?\xcf@\xb7\xf8+\xb9\x0cM\xd0V7\x14\xdf\xdf\xf9\xfbJ7\xbb\xebg\x1b\xf4\x07\xbd\xe0@\xe2\x8d\xad\xfd\xde\xde\xda\xe6Z\xf8\xdffz\xed'
    b'\x80x\xd3!\xe1o\x93\x9d\xf6\xb3|\x89\x9c\xeb\x9f\x99\x86\xef`\xc3m\xae\xef3)\xdf\xa6A\xd1m\xb4\xb1E3\xb5\xb5\xd7[_\xfbm$pgy\x12\xc8d\x7f\x8bw\xf6\xda\x0e\x08\xe0\xd6:\x13\x9fu\xbeE\xb6'
    b"\xb6V\xb1\x95\xe5'\xbd\xdab\x8aE\x94h{\x1f\x1b\x8a~\xeel\xf1-\xb0\xb1\xbdq)\xa4\xa9\xb7F\xf4j\x93\xbe`sw\x97\xef\xa2\xde.\xcd\x02\xff\xbb\xb5\xc1\xfbL\xee\xa8M\xba\xa8\xf1c\x7f\x83\x8f\x03H6"
    b'}\xeb\x9e\x90Vy\x85_DU\xf0\x9e\xce968\xad\x14M0\xe6mw\x7f{\x04\xe2\xbaE\x87j\xe7\x92h\x9e^\x90\xf4\x96\xb6\xdc\xc66\xdd-\xeb\xf8\xcc\x8d\xdd3n\x88\xbb\xdd!\xfaK\xcdn\xefl\xe9\xb5'
    b'\xa4?i\x11p\x7f\xad\x11\x19\xa7]#\xbf\xe8\xbf\x9b|\xf6w\xd6\xe8[wy9\xd6\xe4V\\\xdb^\xff\x19\xc7!\xac\xa6\xfeEw\xda\xde6\xfe\xda\xdb\x1f\xd1\xdc\x10\xd5\xa7\xc9]\xdb\xe6dd{\xeb?o\xd1\x86'
    b"\xdf\xbd\xb4\xfat\x95\xff\xfd;\x1e\xd1\x1a\x9d\x89]\xda\xc2\xdb\xf4j}\x7f\xd4\x93\x8b\x00\x13\xce'\x9e~\xf1 \xb6\xf8\xa4%Tk\xfd1J\xb7\xb3\xc3\x04\xea\x93\xa8#\xee\xdf\xdd\xf5O!t{\\\x898\xa1\xad\xfd"
    b'\x84\xcem,\xa4s{\xbf\x9e\xce\xed\x05:\xb7\xf9\xbf\x83\xce\xed9:\xb7\xd3D\xe7\xf6\xd7\xa8\xf2\xc6\xa7\x90\xb9]O\xe6vA\xe66\xe7\x939\xba\xbf\xb6h\xbb\xfe\xf3\xa8\x1c\x8f\x1fD\x8e\x8e\x0fQ\xec\xadH\xe46'
    b'\x1c#\x0bq\xe7\xed_\x99iU\x8e\xf5xck\x8d\x98\xe1\x8d\xb5\x93n \x84\xf2\x8c\xfesb\x15\xbfzw\xf4\xf1{f\x80\xd7\xd7\x12D\xc2\x9f/>\xe4\x17\xaaj\xcbg\xb3)\xd2\xe7\x8dM\x15\x00\x8c>\xa4\xa7'
    b'm=7\xe5\x19k\x82\xde\x9c\xfe\x07\'SeT\xa56ju\xe6"J\xa2\xfe\xe7\x87\nY\xa0(\x19\x82\x9b\x81\x9a\xc7\x08\xa1e\xe4\x8cV\x05\x86\x14\xe3\x80j\x81u2\xe7\xc31\x1ck\xd0\\\xd6\xe2<\x88}\xfb'
    b'\x03hCR\x1c@B6Ty\x97\xfa5\x91\x8c\xf16\x9f]\xb6\xefh\x82\xee\xd6\x19\xc7\x05\xd63\xfe\xcf\x14\xb2G\xfc\xf2bpQ\xc0\xebo\x9a=G9\xea\x9e\xff\xf8\\Kf}\xfc\xb9\xaa\x7f\xba\xa1\x0b\x90\xc4'
    b"\xddZ\x80s@m\x87\xe6\xd0\xca\xbe\xad\x94@gI\x89\x7f\xab\x94\x90\xae\x155\x02\xcfm\xc0I\x89Z'\xed\xbb\xf50\xc6\x05e\xa5\xbb\xf5\xc6\xee\xdc\xe3\xfa8\xbf\xad\x94\x90o\xa5\x9f\x7fo\xd5T\x84j]\x12\x13"
    b'C\xcd\xba0\xb4\xe8%\xb1>\t\x9cxO\xa4\xbf\xb7\xd3\x82s\x87zP\x83h\x158\x9b\\]OJ\r\xa3\x17u\xe3d\xf2\x93\x0b\x8c\xe6\x16\xbe\x12KR[\x86\xe2bJr8Q\x88P},o{\xac\xde\x02'
    b',\xab>\xc6a;\t\xd1\x81\xbc\xc8\x87\xd9\xf7@\x9b\xd2\x06{xH5\xd6B\x10\xe1\x7f\xde\xe4S\xd1V\xe3\xddg\xd9\xfa\xde\x1a6\xf4\xfeZp\x05\x82\xa4\xfc\x91CQh\x18=\xfc\xa5\x1e|\xe1\xed\xeb\xf4\xedz'
    b'x[\xdc\xa9O\xd7w\x0c\xeeq\x95\xdf\t\xa8\xfc\xc7\xae\xd6\x8b\xb0=\x1cKr\x98\xb5\xb5\xc2\xaa\xf6\x1a\x00V\x12\x80\x99J\xa9\xd7\xa1TL\x07}\xdd\xbew\x86~W^1^\xee\x0f"\x10\xa5D4\x882)\xe4'
    b'\xfa\x85\xd7\x83\x12\x9f\x16\xe7Rmu\x01)\x13 c\xa8\x0b\xfd\xe4\xc1=}q\xa7+\tV\xfb:\xf2\xeeb\xd8\x11q\xf5\xe8g\xbe\t\x1aV\xfc\x93\x89%ge\xedG\xe5\xd2\x83\xcfE\x9c\x8c\x0f\xc81]p\x97'
    b'F=\x14\xf6\x06\r\xd23\xb4W}\xb6~\xd2]\x1a\x1c\xa5\xfe\xb9\xf6\x84[\xda\xe0\x07\xf6\x97hH:\x8f\xb4\xfd\xdf\xf6\xe3\xd6\xf4\xe3tg\xaff\xc9W.\xddfu6\x1a?\x98Z;>f\xe5\x12}\xc0\xf1\xfa'
    b'\x0e\xdd\x92P<\x1d\xb3\x12\t\xcfX=\xa5\xcf\xf8\xc2\xdc>i\x8aW\xf6q\xcd\xc8IO\x7f3f\xf3\x17vvW\xb3\xad\x10]&\xa3\xd3\xa0D\x89h\x12\xcb\xbb\xf81\x03\x98_\xa2\x08~.$Rz\xcbN+'
    b"\xb7\xd3\xd4\xff}tdlX\xbf\xb3\xe1\xf4\x0c.\\\xbf\x9c\xe9\xf9\xa1e\xd2!v\xb339J\xf74A\xd3\xbe<\xa6\x93@\xe7y\xa9\x99\x9695\xfdeW\xf3\xf2\xf6\xa3\xdar\xa9VZ>\xc3/1'k\xbd"
    b'M\xdd\x8e\x1e\xe0y)\xd2`;\x10S\x8a\x0ft\xa4B\x1en>\xba\x8b\x94\x90\xb8:\x1b\x818\x84\x86?\x81\xbeX\xbfi\x1b\xeb\x81\xc2\x04\x15\xf5#\x8d\xda\xec\x06\xeds\xb76uQ\xf9l\xfb[@\xd9f\xe1\x02'
    b'\xa1\xdf\xee\xfa\xa0\xbf^\xfb7\xeb\xfe\r3\x91\x01\x14\x0c\x1bY\xb0\xbb\xd0\x9c\xbb\x18\xe8\xef\xbf1Z_8\xb3\xf4\xae#\xe5^[\xb9\xe4\x8eGX\x1em\xf81\xbb9\nj\xb9\xdc\xef\xc4\xae!\x841\xe48\xbe\x9e'
    b'N.\xa6\xf9\x15L\x86\x8c\xfe\xa2w\xfc\xb04$M\x98\x1d\xf4~\xe5?\xe8z\xb5\xebV8\x85?\xfe1K\xfef\x1f\xb3\x16\xdb\xc8\xd9\x18\x05;\xc6\xd1t\x96Tagw\r\xf5\x7f|\xcf\xd1,a\x8f\xf1\x1c\x84'
    b"+\x88'\xa8\x1b\xf6\x00O\xc3R\xc4\x98\xc7\xff\xc2\x1b\x1e\xfa\xd1B1\x9f>WFC\xf3\xbe\xd6\xdb\ncb\xa3&\xf7\xef\x87F\xcf\xd6z{K\xee\xe0\xc09\xacu+\x07\x89n!\xea\xac\xedz\xe9H\xe7\xcb]"
    b'=f\x10\xb1\x8d\x8a\xd0v\xbfR\x87a\xa5\x8c\xbe5|=\xbb\xae\xfb\xaf\xff<\xec\xce\xea\x14`\xf3~\x9e\x91\xe0\xf6(QB\xab\xab\xf9\xf8\xecr2\xa5C\xd5\x12\xb8\x8d\x96\x9d\xd7\xd6\x1f\xf6N\xf7\xb7\xf7O[\x8f'
    b'7t>\x19\xcfV\x11\xc9\xcf\x16\x0b\xfd\xfb<\xbf\x1a\x8e\xee\xb9\xe1\xf2\xbe\x9c\x15W\xab7\xc3\xd6\x03\xbd4\x97\xaaV\x92\xea\t\xde\x9b\xd3\x00\xa1M\x07\xe9+0\xc7\x13\xc3\xef\x8c\x0eY\xb9\x18\xc9\xb3\xe1\xd5E\xcc8'
    b"T0\xbc\xefm\xc9\xe12\xc0\xd9\x12_\xbf\x9f\x86\x88\xf2\xb4&/\xa8\x17:k\xd7\xc5Tb\xb9\x10\x8a\x08S5\xb7\x06\xd0.\xc9\x1fF\xf3\x0e,\xb02\x1b\x14\xa3\x19'\x06\x86\x8bH2\xda\xf40\xfd_\xb0t\xf3"
    b'@\xf8|V\xe7VC\xfe\xae\xff\x8f\xef\xe7\xf1\xc4\x08\xbb}\xbc]H\x1a\x9d\xa2\x06\xb6\x9aHe\xcf\xa3L\xe5f\xaa\xf5\xfc"\x0b\x88B\x87+)\x12R[\x81\x9e\xe0\xb2rGS$\x86\xbdN3\x14c\xbb.\x98'
    b'\xa0\xe2}Z\xb1C7H>\xd2\x0e\xd6+\xefV\xea\xcd\xb6xZE\x83\x11l\xb4\xac\xbf\x80\x16\xa2\x81\xadF\x9f\x83\x87\x8e\xe8&.\xbeh\xc5\x9b\x9b}\x1b\x8a\xa5\xfc\x8c\xa5d%\x9f<\x9e\xb5\xdck\x87\xcc,\xf9'
    b'O\x9e\xf3\x81\xc6\xdd \x03\x165\x10\x8fVo\x80\xdac\xbe\x80_N\xee\x0eW\xd6\xb25\x11\xf8e\x12\x83\xfc\xaf\x7fJ\xfb+_\xa4\xcb5\x9d\xccl\xad \x1aF\x94K\xa9\x06\xd6a\xde\xc3\x0e\xa6\xd0\x1d\x1dI\xee'
    b'\xdc\n3\xf7\x9c\xb1<Y\xa1\x13\x9d\x9c\x83cb\x99\xe4/"\xb6\x1b\x90ql\x12\x8eH\x13wt8\x89\'\xe6\xac\xe7\xec\x92xF\x84\xee\xba@\x8e+\x07\x7f<\xd38\x11b\xcbG\xec\xce\x9c\x8b\xdf\xc5P\x01\x16'
    b'\xe5%\xe3\x058\xe7R(\x16\x88\x81)\xee\xf2\xb3\x99v\x00t\x12\xb4\x99\x9b\x7f\xa2\x92\xf2\xf26\xd7\xa8\x06\x81Le7!\rN\xd0X\x7f\x84\x13\x82\x92 @\xf6 \xd1w\xa0M\xaa]\x8c\xce5\x80\xf7\xe6Z\xd9'
    b'\xaa\x90\xbeP\xfdCy1%h!\x0f\x8e\xbc\xe6\x9bR\x80\xaeW\xae\x1f\x08\xec\x0c\xabf\x8a\xc6\xfa\xe1\xb5\x17\xf1\xf4\xaa\xf37\x1f"V\x1f\xc8fz\xa6;\xa5\x93\xfd\tL\x04\x13\xb9\xeb;\x16\xffb\x15\x99K\xe6'
    b']\xdb\xa6*y!\xc4O8\x19\xd4\xad4W\xad\xfd\xbaV\xfb\xa3\xd4~\xbd\xb8639Kf\x94\xc8\xc7\x06?vV\x96\x9c\x84\x8f\x0f\xdf\xf5Dp\xc8\xfa\xf9i9\x19\xdd\xcc\x8a\x03\xbe\xb1\xcfG\x93\xdb\xbeD\x00'
    b'\x1f8\x80o /a\xcb\xeb\x80V\xed\xdb;a\xf7_\xdf\x1d0\x88RS\xa9\xd7I)\xd7\xaep}\\\xc5\xa6R\x8a(w\x17_\xbc\xae\xd7\x1d\x0cK\xe6\x18\xfa\xe7\xa3\xe2\xee \x1f\r/\xc6\xabC\xa2\xeee\xff'
    b'\x0c \xfd\x07\x1c\xe2:<\xbf_=\x93\xc8A}\xec\xc2)\x89\rY0\x81\xf46D=^]\xf4\xca\xe9\x19\x07\xadLg\xbd\x9b\xe9\xc8=\xaeN+\x8f\xa6\xcf\xaeB\x07\xf1\xdbx\x83\xf6ni5\xb1\xc5:\xb5o'
    b'\x9c{\xad\xa1\xe2e\xa5bh\x11\xf4 \x9fI\xb8\xe6\x01\xd8\xa0U\t\x10\xe1\xe4W\xe1m\x12\xc0\x89\xbd\xe0\xa3\x04\xe8#\xf4\x95\x92`\xf9"\xdb\x1d\xfcISn\x87\xc4\xfdVR.\x85\xb1\x1d\x17\x9d\x8a\x87\xa5\x14\xf3'
    b"\x0e\x8a.\xb0`\x85\xa3\x99rv\xbb\x07\xea'\xfb\x87:\x8f`\xc1V\x9a\xce\xc4w1*L/\x811\xa2\x91O\xb7\x82\xcd1-.8\x1al*\xa9\xb9\xc7\xf4\x93\x9b-\xf3{\rh6\xe7\xb4\xc1P\x9d\xfc%2"
    b"\x9c\xa9\x0b\xc7\x87\xcc&Y1D\x19v\x92\x03\xa2\xac\xd0\x02\x0c\xf555\x86X'6Wh\xe3\xfd\xec\x98$c\x14\xe5\x9fI\xf0\xb6f\x9e\x8d\x95\x13\x1c\xcbJ\x9b=m\xb0WN\xae\x12\xb41z\x99\x80J\x14\xd7"
    b"\x82\xa2UKoU\xcb\x91\x14{H2\xfb\x18.\xe1\xe5M\x0c\xd1\xcf\x92\xc1\xbe\xe4`\x8cvX\xc2\xdaP%\xd4\xab\t\xa7D\xc6\x1a\x07\x195\xe6\r\x0b\x0b'\xe3^\x90\xb4i\x17p\xa1K\xbb\xfb\xe8\xb6\x92,\x02"
    b'\xb9dj\x07\xc0\xa1\xe0\xfa"\xb8A\x94\xeb\x12\x86\xae\xa0\xb5\x11\x94F\xee\xa6n\xc84\xc6\n\xf4\x18.T\x86\x92\xf9\xacy\xbdt\n\x96M\x12\x95\xcc\xf5\xa24Q\xcb\xf9\xac\xda\x15\x84Y:lvauW\xd5p'
    b"\xb0$\xedG\xa6\x8a4\x87,\x1a]\xe5\xcf\x8b.\xc5\xa9\xfbt\xec\x08'n~G\x97\x9b\xd6\x0f\x17\\*\xf5k\x83\x0bt\xc7\x8f\xd5\xb7\xc1\x8d\n\xafiK2\xb8_23S@v\xb0\xcf\xe6'\xad9\xfd\xf0;"
    b'\xeb\xc7\x1d\xd543\xf6\xbcF\x99\x8e0\xda\xa7Oa\xb4|\xcet\xfe\xdf\xc2\x14\xe8\xe6\xe7\x1d\x8b.\xcar\x8e\xcfs\x83O\xb0@\xdcK\xd5`\xa8\x1b|\xe5%"\x00\xaa\xef|\x1c\xb2\xc2\x1a\x869\xa9\xa7F\xb7\x97'
    b'\x95\xf4\x1f\xc3AL\xe5\xe4\xe1j\x1f\x9e\x98\xa0\xffA\x90N\x9d\x0f\xf2\xe4&D\xbd\x88\xf7y~\xcfT\xfb2\xff\xb9\xd0\xec\x15I\x18\x11C\x9bj[\xc6\x87\x96\x01\xbe;\x87\x8b/:\xb8\x1d\x9e\x15\x11fw:\xb9'
    b'^z\xc1\xb8p\xba\r\xf8I\xcb\xbd\xac,\xe6\x0f7kk\x83\xdd\xa4\x80\xa5\xf1\xe6\xa8}\xbf\xd0\x06\xdfZ\xcf\xd8\x8dz\x8b\x97\xbe\xb2\xf0\x0e\xec\x05\xd3\xf1*\xb6\x89\xbc\xd0\x13\x9a\x01\x854\x93`\xa9\xd9dbj\x19'
    b'\x9b:\r\xe4\xb6\x9cr\x88\x8d\xb3\xdef\x1c\xb1\x187\xf1h\xf4r2\x18\x16\xcdi,8\x1c\xdf\xefQ\xfe\xbbJ\xde\xe6l\xca\xc6\xa2\r[\xf4!\x0e\xe5\xfazt\xdf.G\x93\xd9\xd1L]\xc5\xf3Y\xa7\xa7\xa7\xbc'
    b'\x01\xf7`\x1e\t\xa3)\xf7\xe4\x07qt\x0bP\x0f\x90f\xc3e\xa4\xb2\xd8;(\xbe`C\x91h/\xcd\xe5\x98\xcf\xf2\xd1\xe4\xe2\x86\x17\x83\x1d\xc7%j\x8eu\x12!\xd01\xf4<9?/$\x83j;F\x1eAT'
    b'\xfc\xd1"\xc9\x8f\x9b"\x87R\xb2\x0e\xf1G\xc4\x1e\xf3\xb48\xe9\xe8|\xd4c\xa1i\x1f\\\x16\xa5cD\xe4\x81(\xa8i\xc0\xad\x98\x86\xca\xd3L\x1ew\x9a\xff\xed?o\x86\xc5l\xc1\xbcM\xae\xb9\xc3H\x0eQ\xbe\xf7'
    b's\xce1\xa1\x11#\xd9\x9eW\xce\x96\xc46Z\x18c\xa5\xac\xac\x88\x00\xa68*\xc8u\x92\x85Fi\xdb\x0c\xf8\xafNx\xc3N\x0e\xd3\xe2\xbeP\xbe\xe0\x13>Q\xfe\x0e\xdf(mV^\xa6\x1f\xaa\x93\xcf\x9a\x07\xfe\xd9'
    b'\xf2\x00 n\xe6\xa1\x94\xb6!jC\xcb\xce\x82\x14\xaf`\x81\xa0\x14\x91\x1d\x84\x7f\xce\xa1;\x18\x03\x97\xc3\xf7t\xb2d<Y|\xb3\xe0\xec\xa1PBS\x87c\x8e%m\xb9\xd7\x81hJ\xe4\xa7\x1c\x13N\xdf6\xba\xb9'
    b'\xb8\xd0$ZA\x7f\x10\xc8=8\xd0\x1a5\xc5YOC\xaf\xa9\x8bn\xe6\x8f|\xedj\xf3n\x1c\xe6\x84a\x85\x1d\xd6\xd5\x8a\xc7rL8\xd7\x98\xf0\xe2*\xf2\xa95\xae\x17\xd1\x98\x93\xeb\xe61p\x07\xef\xb5\xf5\xb6\x8b'
    b'\n\xb4\xc8I\x0b\xd2\xf4\xa7\xd1\xf3D\xe97\xcb}\xc9\x89\x8b\xdaVQy2\tx\xa8\xe5\x0f\x020\x96R\x9c\xd6\xfc\x86\xf1=\xef&6K\xa8\xd6\x0b\x1f\xea\xd1:t\xcbT\xae\xb0\xb4<\xad\xb9\xdb?\xac\xb9\r\xaf'
    b"\x98\x90qN\xddS\xe8\x8f\x88;\x80\n\xb3\xceb\xf64\x1bH\xdb\x02\xe7\xba!\xa4R\xd4y|\xd11\xb4'B\xcbq\x1d\xf3f\xb1i@@>\x16\xc0\xadw\x08\x96B`d>b\x04\xcc{a6\x04\xa53\xdc"
    b"\xea\x1e\xa9L\xa3`I\x1c\x15`N\x8e\xa7d\xc48mT\xf4gA+\x08H- \xa4\xc9E\xcd\xa8\\\x80\xa9\x13HN\r'g\xe5`\x14\x84\x02\xb6H\x85>\xf0\x9d\x99\xd2-6^}\x02\x9f\xca\xc5\xd3C*"
    b'v\xca\xcf\xe7\x1a\xc6\x80#%\x00\xb4\x95<\x9bh\xcbN\xb4\x1b`\xf2\xde\xe7\xe9\xe3\x9c|\xdfr\xd66\r\x02\x86%\x8aS\xee=?#\xb1\xe2\x8b\xb8\xee\xc2\x1b@\xe1*o\x92&\xe7pPU\xbeX\x86\x7f\x10!'
    b'\xac#\xd5\xac\xc8\x0e\\0\xb9:\xe62\xbd)\xde\xf0\x9c\x00\xff\x88y`\x94\x031\xa4\x96\xba\x85=\x91\x141\x96%\x84\x89\xd2\x12A%\x00\xd4\x85\xcb\xb6#\x99{\x04\t\x95.l\xb6O\xabVGA\x06\x04\x1e5'
    b'\x82\x1b\xc4\x82\x9c\xb4\xf4\xba|"\xc9 \x19\x9aH\x95 \xf0\x81\xaa\x88\xcfG\\\xe0\x13$g4X.\x16\x9a\x1f\x13\xbb\xdf\xd3)ku*U\x9f\n\xaf\xc7\xc7\xf15\x1d\x99Qa\xe9\x1c\x81\xfa\xc3\x1f\xf7\xf5_e'
    b'\x9e\xc1\xcf\x16E\ria8\xb3\\\x89OM\x02g0\xfa\x81.\xfe\x0b\xd6\x85\xe5\x03\x13P\xd0T\xaf\xd7\xb3\x14R\xfd\xccE\x1fz\x10x\x1bF\xc0\x94\xf8d@\x89\x98\xa5\xaa\xef\xedV\xe9\xee\xc9\xee\x8b\xd9\x81\xc8'
    b'29[L\xbb\xd9\xf5\xf8\xa2\x9b\xfd\xc7\xf5\x05\xb7d8\x14\x931r=\x18LI\x18o\x9d\xd5\xc1\xf3\x04\x8dR\x8e\xbd\x947WZe\x81\xc6!\x15\xcdB\x95G$@\x93\xf1\xf1\xe8\xa4\xae\xea8Q\xf9\x85\xfd"'
    b'\xaao"y\x89\x9d?8m\xc5Y1\x1a-\xa7\x1f\xe0\x92\x15|7\xde\x95-ID\xdb;\xe2\xee\xe9\xdf\x97\x8a\x90w\xf4\x12\xce\xba\xfcB\x1f\xe8\xdfV\xe0eB\xde\x00\x90\xc3\xb85K\x8d\xe5\x1c\x99\x80\xfdX\xf8'
    b'\x89\xd3S\x8b\x13I\xf0\x05q\xc8v\x15\xe3\x87\xb6U\xcf=\x1cv\x0f\xed\xdfk\x1a\x07\xed\x03V\x8b\x0f\xcfV/\xd8\xad\x96G\xc4\x11\x9a[\x83\xb3l\xed\xb3lc\xfb\xb3n\xf6\x87\xb3\xd3\xb3\xed\xd3S\xfe{{\xed'
    b'\xb3N\xb6\x96\xad=[\xdf\xb8\xbe\xcb\xf8?\x89\xb2ci5\xfa\\E\xba\x8e\xbbY-\x9dX\xa4\x03\xa3\x05sH\xa9\x10\xb0\n\xe5\x03\xf5\x80\xcb\xe5e\x96\xb5)\x1f\x8e\xd2\xf7\x94\xd2\rAT\xb8\xa6\xfb\x9f8\x1c\xa2'
    b'*\xd7\x93\xebvB\xd2\x81\xcb\x8eM\x0f\xb7\x04H@P\xb7\xb7*\xf7\xe9p<X:\xd55\x17\xae\xdc\xa6\xc3q\x94`\xf0:\x1d\xa7\x1b\x02\xae\xd8s1\x9f\xf2\x16D\x12\x10>\x1es\xd3\xd9\xf5k\xd5\x95 \xa0~'
    b"\xf8M\xbb\x98(Gk\xee\xbap\xf5dnp\x92|\x89\xf3\x98\xaf\x1b\xef\xec\x92O\xe9\xc5(?-\x96<\xab(Z\xc1\xa8\xe2G-\xff\xba\xbe\xa2\xeep%\x0c4\x17O\xb2e.\x9b\xed\x9dK\xa6\xc3\xe0'\xadG"
    b'I^\xa2\xe5\xd5\x1bR\xa0\x1a\x96g\xbd\xe4\xefjb\xee\x06\xa8\x05\x7f0\xd9\x14|\x08:\xeb\xf5\xc7\xa11\xff)\\\x94\xb6\x01\xfd\xa3^\n\x11\x15\xe1\xa5pq\xa7\x86\x12\xdaw"\xb9\xb64\x18\x96|\x83\r\xe2\x1d'
    b'\\\xd5\xd7\x08&\xb6\x93\x17+5;\xd6\x94\xd0\xae\xc9u~6\x9c\xb1\xae\xb7\xd5\xdb\xac\xf6\xf6\x98\xfe\x13Z\xc4\xebk\xbb\xa5GC\x01\x1e\x17|\x9aY\xc8\xcb\x11|\xfa\xce\xcf\x1d\xcb\xbf\x12xv\xdf\xdey>\x1aq'
    b'{HyH\xd7\xe7m\xc2\xfa#/u\x05\xf6\x83m:\xaai\xc4\xb5\xce5}\x8b\xb3\x89\x98A\x0c\x8b\xc8c\xfc{\xb8\x06MT\x1c\x81o\xa4\x8a\xb0v\xbeA\xa8\xe9\x863\x9f\xe8D\x8d(\xe3`;+\xa6\x06\x03'
    b'\xcc0\xbd,QD\xac\xa1|\xc4H%\xd6\xe0\xb2\xc6\x88\x06\x95r\xcd\x9b\x11\\\xc3\x0b\xfc\xf3d\x0ei\xf2\x9c\xfb\x0b\x93\x1d\xfa\xcbi\xa0q,\x13m>\xb6IE\x8fQ#S\\m\xde\xbb\xd3\xa1\x9d*\x89+\x8a'
    b'\x943\x8a\xbc)\x93\xcfM8\x98>H]\x15f\xb4\xd3X\x91\xd8\xf8b\xfaa\xc8\xde;\xcc\xd1G\xbe.0lep{\xfa\x85H\xfc\xd9t\x085\r\x9d\xc2\xb7V\x96\xc5C+\xec\x9cH\xe0N\x17}\xa6\xf2\xb3'
    b'3\xc0\x89\xfc"W\xd73\xe2\r9\xd0\xaa\xd5czO\xe2p\x8f\x1f\xf0\xbf\xc4/\xea\xbf\xc5E\x8bc\xb2\x98\xea<\xbb[\xbd\xbe\x9f]\x12MB\x9d\xeb\xfb\xd6\xc9Cp,k\xd9\xb0\xa9\xde\xb3\x1fzmj\xf1\x1f'
    b'\xd4\xda?\xa8\x85\x17\x17\xff\xb8\xbe\xef\xfc\xcb\xb3aG\xd3\xc7\x9b0\xb1\xbc11\xa6\xce\xe4e`\x825p\xd0B\xc1J\xea8\xd9\xaa*\xf3\xcai1\xaf$\x85B`"\x05\xa7\x9f5\xa3)$\x90~\x12\xd1\x03^'
    b'w\x87\x86$\xac6\xa4\xf1R6uD9\xa5\x92o\xce\xdb\xce\xb1\x10\xe19\nF\xe2\x86/%\\\xbc\x95\x94y\xe1v\xda\x93p8hFiBi\n\x89\xfc\x973k\xfd\x85\\\xd4I\xb1v\x98\xf4NCq\xe1'
    b'X\x98~\x9f\x9b\xdf\x95\xc1\x85;,6v\x02\x1a\xcf\xa6\xf7>\xaf\t\x13\x88~0\xaa\x8a\\\xa2i\xa6\x04.Ji\x13\xa8\xe1e.\xbeFG,J\x02\x95\xcc \xa3\x9c\xfc\xb9\x82N\x86\x929N0\x1e5\xa5\x87'
    b'\x92\x99\x95*\xa2\xd0+\x1eT\xdb\xd4\\\xd0\xe5\x07\xd3z@_\xa1\xbb\xa1\x93"<-K\xca\xc0\n\x8c\xc4k\xe0P\x94>\r\xa5j\xc6AI\x8d-\xf5\xcc\xa1\xb4\xd2?\xf2 \xf9\x12\x89\xe3\xb0\x16\xb6\x02\xa6\x02\xc1'
    b'\xf5\xcd)\x1c\x0e\xc3+\xfcI\xdd\x01\x01\x87\x81\x9eS\x84/z S\xd4d\x07\xe8Z+]]\xc1\xaaB\xce\xab\x0b\x93LAj\xbc7\xa4\xc1\xb2\x19g\xf0\xd7\xe0D>y\xc2\xb3\xfc6:N\xf2j\x9e\xe5\xd7|'
    b'\xea\xfa\xeej\x8fK\x9d%\xeb\xb2\x9c\xbc\xd9\xc0|-w\xaf5m\x01\xeeR\xb1\x9b\xfc-\xd7U\xa0&w\x8by\x18(}l\x0f\x1esb\x15\xb8(\xad\xc4\x7f(n\x94>\xa1\xdf\x06J\xe5\xc2\xf6\x1e\x92h\x14\xee'
    b'\x02F\xb0y\xf3\x88}\xec\xbf0\xcd\x1e\xfa\xcf\x98O\x8d\xb8\xa5\x0b`x1\x0e\xda\xe6\xa6Y\x8ex\xe5.,\xb1\xf9L\xc6\x90\xc5J\x9d\x00\x91UaHj\xd3t:\xca\xc7?\xcd\x9b\xa6%\xe6\xa1yX\x89%\xd3'
    b'ww\x99\x97\xca\xbf\xcf\xeb\xb3\x02\x93V\xf1\r\x8a\xfdj\xb9\xa7O\xdb\xc9\xa1\xf8\xe3\x1f\x17\x8c\xa8\x93\x8cEC^<\xd3\xabI~\xa6lLSw(!\xfb\x9c\xb0\x93\xaa(\xd1\xae\x8e\xbd+\x19\x07?a\xda\xdc\xf6'
    b'\x91\xdb&]\xdf\x18\x15\xd3@\xf6\xbd\x18\x81\xca\x1dM\xac\x0e*"OR\xe6\xcfh$\x97\n\x9f?\x85/\x17\xffW\xfd\xb5\x12tDa\xa1p\xc31\x10f\xe9\xefG\x18\xb6&\x11\xeb\x8f\xd7\xc8\xc3\x8a:\xe6\x1f:'
    b'\xc5^lQ<\xd6\xcab\xcaMZ\xe2\xc3\xa1\xa2\n"`"\x02\xc1b-\x98\xc1\x18(S\x0f\xc7\xa7\xd1\xe46\xe6\x15\xa4\xcb\xf3\xa6,\x9e\xa0i\xb6\xe2\x08g%\xc2A30\xb7\xba\xd1\x0c\x91y\xe4X\x8d\xe3\xa3'
    b'[F\x7f\xe3\xc9\r\xc9\x01\xed,#9W%E ?\xac\xe6\r\xe5gh!`\xc9\xffs<\x9f\x90\xbc\xe40uu\x90=O\x9fT=-\xfe\\\x85\xa1\xc2g\xa7rL\x16\x1f\x9b\x8aET\x8aH\xce\xa6\xa5\xac'
    b'\xee\x872\xea\x17\x89a\xd4\xc4\xe8\x07\x97\xbb\x137\xae\xd70\x83\xa1\x82\xd0\xf9;\xc10\xfbX\xf6\x95R\xf6\xb7\t\x96j6J\x191\x96<\x81\xb2\x1a\xc0>u\xd3+\xfe\x1d\x0b\x930=!\xc5p\x95i{+\\'
    b"G\x1b\x86\x0b9\xbe\xc1\xc2\x18\xb6cd\xbb\xd2;\x82\xa1\x0e\xe7\xde\x0f\xf3\x18\xa4\xc3*\x7f\x84\xcd5\xb9\x99B\x1b\xfb\x0b\xb1\xcc}\xc4?pt\t\x18\xe2\xf8\xe7\xc54\xbf\xa6cV\xc6'e\xf1\x9f7\xc5\xf8\xac\x88"
    b',\xf3\xc3\xb18\xf6\x17\xe7\xe74R\xc7\x13J\x0f\xe0\x06Q\x00\xf6\xc8cy|R\xe3\t+\xfc \xcd\xe0\x7f\xdeLfH\xe6R\xaf\x1c\x82-\xe2<;S\xbeG\xb2\x90\xda\xac\t\x98\x0fg\x11N\x929\x1f\xc4J'
    b"\xc7iVsK\x19\xdeBL\x04\xfc\x17\xc2\xc0S\xfc\x001\xe2J\xcd\x10e\x15\xaaGcm'\xab\x19v\x9f}\xf6/\xcfDPQK\xf0\x0b\x1ePY|=\x9a\xe4\xe1\xd9\xb3l}m\x8dN\xccR\xdd]\r\xa7"
    b'\xd3\xc9\xb4\xc5GZ?\xf1\x10\xa9\xc2o\n\xeb_J$\xee\x10\xf5f\xe0>\xfd\xe3`rsJ[aAcR\xe2\x91\xc6N/\xc2\xb7_\x00\x0e\x11Z\xb6\x8fo\xde}\xf5\xfe\x18\xed\x9e\xd0w_"\xab\x9a\x7f\xc8'
    b'\xca\xb6\xc5\x1f;9?g\xb3E\x85!CV\x075\x9a\x9bb\xfb\x1fQ\x99\x88\x81H\xb4U\xc5\x87\no\xee\xe0\xb4AM\xb0\\\x8c^\xfe\x04\x15 \x8b\x8e\xf6<\xa9p\x1f*\xac\xcf\xa9\xb0~\x92\xe8\xf2\x93O\x98'
    b'\xf1YK?\x80\xaf\xa3\xc7\xc6\xcf\xd58\x8b6\x15\xad\x8e\x87_}\xc56q}\xbd\x0e\xf1>)\xa9\x03INT\xf0\x97\x13J_?X8\x96\x9f|\xb2\xe407\x1f-9\xe2)\xf3\x9dL\x0eq\xfb-\x1e|x'
    b'\x80\xccg\xd4\x81\x9b1|\xf3\xb5\x98\x9b\xa8\\2\x15\xe2\xf9\xd2xP\x9b\xd6\x82\xea\\W7;\xa6\xc5\xb6/\x17H]\x0b\x9bN\xce\xf8\xe2G\x96t\xe6\x1c\x1b\xa3!&\x10=rv\xe0{\xf1c^\xfe\xc8<\xfd'
    b'\xa2\x93h\xe9\xdf\x175\xc6\xf2T\xab\xca\x7f\x0e\x16m6\x1b-\xd7\xa4b\\\xba\xba\xdf\xf8\xd5KI\x1c\x81\xd7\xb2\xdfLK\xde4\xcf\x12\x0e\x9f,\xacD\x83T\x97\xf5,\x1f\xff\x8c\x1cB->\xe6\xbe\xd7\xe3jc'
    b't\xe0\xa4\xf4G\xe8x\xe4\xf7k\xa4\x08\x9d\xbf\xfa\x8b\x0e\x80\xdeY\xae\xc8\x8bpW\xf7\x13m\xd9\x07\xdac\x9a\xee\xe6z\x16<S\xf0D<\xa4#\xfb\xcc9\x9d\x7f\x16\xf6\x86S\x8b"\x10C|`\xc0\xe6 \xfel'
    b't\xef]\x0c\x02\x7f\xde\x16&/2\x0e\xe2[ij\x000\xc1\xef\n"8\xb4\x8e\xf53:\x9b\xfcT\x8c\xab\xc6l\\\xa4\xfc\x82X\\N\xe5\xf5\xec\xdfU2=\xceOO^t\x0e\xdb\x1b?\xf4\xf6\xfe\xb1\xfeC'
    b'o{\x0b:Lg\xbf2\x18wi&\xc8+\x0e\xfa\x9c\x81n\x9c\x9d\xd6\xd8\x1e\x8c:A\xa5\xe6\x01\xf4e\x1c\x06K-\xf57N\x1e\xe2r e\x1e\xcd\xc6\x1b\xb3\xb4\xe3\x9b\xc1\xf6\xd6\xbf\xb6\xa64Q\x87\xd9\xf0\xbb'
    b'\xae$\x9d\x8c+~\x9b\x86{\x03\x89\nz\x9a6\xf2\xdd\x17w\xb3\xd4\xccdS!\x15\xaaS!T\xb0T\x1f\xb2Dz{\xaaU\x99mJ\xa7\x85\x9e,\x10cmkzw\xc6\x94\x93|\x9c\xfdL\xc6\xa1\x15+\r'
    b"\xbb\x96\xcf-\x15\xecB\x1dGL\xf9eP\xe3RO\xe4\x14[[}\xc6\x7f\x04#\x86/W\xf1\xd3t\xc5\xd5\x9b\xd2M\x07\xfd\xe5;'\xe9<\x1fAK%\x03\xec?\xc2Rw\xc2\x00P\xb3A\xdf\xa53Sw7"
    b'M\x05sT\xef\xc0\xdc\x13\xf6\x883\xc9U>\x8f\xe6(\xb5\x08V\xbf\x92\x0b\xf8o\xcb\x9aV\xfca\xb1\xa6\xae2r9:\xee\xbdo\x8a?\x8b\xc7}6\xb9b\xfbki\t\x15\xa4m\x92qh\xce\xed\xbbN2\xf9'
    b'F+\x9b\xc63\xf8\xab1\xc1\x86\xf1\x00#\xc8\x95\xedr\xaf\xa8B\x15\x1e\xa8\xd1|\x874\x04Qy\xce\xd1\xb20B\xf0\xc4U\xf8\x13\xf9\xb8\xce\xa3\x92vB#\xf9\xae;+\xda\xc93\xcb\xed\x9bn3\xa1\x9d\xddl'
    b'\xbd\xe2\xc7\x16r\xc97\xbb#\xfd>i\x83\x12\xeb\x848D\x12\x11\xe8\xb3\x83\x93\xe6R\xe3\x94\xa4t\xbc\xdf~\xffg\x96Q\xff\xc7\xdbW\x7f\xeeJ\x8e\xba\xa9\t\xb3W6\xaf\xbc)p\x1d\x89.E\x9d&\xba\x89\t'
    b'M\xf0\x06a\x89\xf9Z\xdcg\xc4\xed\r\x1fU\xd1W\x9f\x16\x17\xc3q\xbf\xe2KX\xad*\xfa&\x96)\xfb\xd4\xf7\xfd\xf8,\xab\xe6\x08\xb9\x14\x0b\xa1\xd3\xceV\x8c>\xb0wu\\\xcb:\x04\\\x14r]ta~R'
    b'\xff\rk\xb2\xaf\xff\x06\xedE\xe0E\xe6\x98\x8b>\xa5#1(-\xd5\xd5\xf5}\xb5\x07\xe7\xcfs\x94\xbd\x85iQ\xd4\x1d\xf0n\x8d\xcejA\xcb\x06G\xd7\xebb\x8c\x88\x9e\xd94\x04\xf6 H=\x06\xf2H\xbdT\xac'
    b'a\x05\xe3/\x89\x1dY\xca\xe8\xaf\xf7\xf9\x90\xbd\xdf\xd1\xf4{\xb4\xdc\xceo\xf3\xe1,\xd3\x7f\xe4\xbb\xd8\x15\xf1k6\xd4v\xc4\xef\xb0\x1d\xe2\xd6\x98\x9b:Cz\xd1v\xd1i\xec(\x89Sq4GK4\xccw\xc3t'
    b"\x9b\x8fN\xd7\x1a\xee\xdb\x8f\x87\x94\xa9\xabS\xa2\n\xf5\x94\xfd\x88\x13\xb2\xdc\x8e\x84\xa6R\xa6\x04\x1e_@\xaa\xa4\xa3\xa53\xa3j\xe1v'\x8d\t@1b\x82\xbc\xcb\xd2P\xa5\xe9\x9a\x998nA\xa9\xb6v\xd2\xf1s"
    b'\xb9\xd4\x86T%\r;\xb2\x12\xc7\xfbZ\xb7\xa5\r\xc3E\x08-\xb8O\x1e\x9e4\x11s\xcc\x18\xe7\x8c\xeb78\x9d\xb8\xb1\x95\x93\xe9\xccQ\xdf\x9c\xae[\xa7\xac\x17\xa7\xc9\xecyv\xdaS\xa7\x88\xd5ub\xa5\xd7c$'
    b'M\x9a\xbe"6\x1cb\x8a\x8e\xc2\xaeRO\x0e\xceK\xa8.\x1e|a \xf5\xa4K\xcc"y\x95\xe0\x8c\x08\x98H\xdc \xf5\xa3T\xfd\x8e\xfaE"\xeca\xb8)\xebnd\x1dt`\x18\x95\\F\x1c\x15\xbd\xc9\x81='
    b'e\x9afP\xe7\xe7\x7f\xbc\x7f\xf3}O\x064<\xbfo{\x9b~\xaa\x82n0\xe8\x7fN?xP\x07\xa6}\xd6M>\xa5c\xdb\xaflo\xebvq\xccZ\xaa=^\xde\xa8\xa1\x0eN\x0b\xecB\xea{\xd0Y\xc2x'
    b'T\tn\xb3\x7f\x07\xc4N\x93\xcc\x14r\x9b\x1cs{\x9a\xe3(\xd1&GGc0\x1d\xe2\xecd\x17\xf4P\xd2\xadd\xbf-\xa7\x9f\xb6U\xc26\xc1\xeeNS\t\xc1w^\xca\xc8\xad\xc2}\x9b/\x16\xdf\xe8\x9c\xcc\xad'
    b'\xabr`\xb8\xdf\x89\xd0p0\x9c9\n\xe0\x9a\x96LLcd\x80\x133\x8bd\x9f\xe4K\x9b?\x86z\x98\x99\xd6\xfa\x82\xd6\x94U\x1e\xc1\x19\xfeJ\xaes\x1d\xca\xbf\xdd\x14P\xcd\xf0\x85\xee\x1e\xbfS\x9d\xbbMz\xcd'
    b'I?v\x8dLJ\xdeC\x0bF\x1c?\xe6n\xc8\xa3\xca\xb1\x9c\x1cM)\xf7\x99\x00\x0b\xf0\xa1\xfcp9,\xf9\xa0\xc4\xfebR\xd5\xb9\xc6\x9b\xe6\xaa\xc2^F\x9cX\x1d\xb0\x04\xbf8\x0f\t_7\x889\xc9\xd3\xa0,'
    b'\xbf\x14\xd5Y\xb5\xbbc\x87\xe9j\xf6#5\xd7\xb7;\xdd\xec\x9fkJZJ\xd0\rV\xedT\xa1\xe6\x19\xe5\xc4\xe8CB\xe6/\x0f\x9d%N\xf4\xe2\xf3\xdc\x91\xa9\x92%[d|MNpmT\xf0\x82Y0(\xbc'
    b'o\x18\x93\xd4;\xc6?sG\xd4T\xa8*\xa4d\xc9\xb6H]\xaf\xf8H\x7fOL\x8f\xfa\x9c\xb9\x9dU9A\xb0\x80\xb8\xb3\x16$\xa9\xb8"\xcdG \xdd|\x95}\x0c\x9b\x89o\xb5\xf9\x9e\xf5\xdbH\xb6|\x10h\xe4'
    b'\xc6\xedd_\x1cfk\x80\x05L_\xe7\xfeu\xaas\x19\x0b\xb0K\x8dR\xa4\xe3\xb9\x1c\x9e\xcfd\x9c\xc8\xd6Xe\x19Y\xdc\x1d\xbb\x013\x1fT\x19\xf0\xb8\xb8\xcd\xde\xd2\xed<,\x130\x10\xdaB\xa3\x8ab\xe6f\xca'
    b"2\xfe_\xde}\xab^\xc3\xb2\x95\xe8oi6\xd1\x88L'\xa7p\xbe\xa6\xc6\xbfav=:P\xe2U\x8f\x18\xec\t \x1e\xe6`\t\xc4\x0b\x86?\x0b\xb7\x0c\xeb\x17h\x08}\x1e\x07\xd1\xba\xbe\xb64\xce\xe93\xf2\xd1"
    b'G\xd6F\x12\xffXy\xfc\x1a\xea\xcd\xc7\xe1V\xa7lijj\x92\xd1\x97\xea\r>87T\xccT\x83\x83(\xd1\xf27\x86\xf9\x02`-f\x9b\xf0\xd5\x02>\x85T\xf1\xc5\xd5\xf5\xec\xde1O\\&/\x99\x8a\x83\xf7'
    b'e\xdf\xe1\xca\xbc\x15jD\xaa\x10i\x1b\x85sPE\x05\t{\x08!\x0f\xc6\x14\xa5\xd5\x1fj\x1b%\xe0\x136_TU\xbf\xd8\xda9u\x02{\xeaG\x19"I\x82:\x15\xf3p\xd8\xc4S\x004\x18\x11\xfc\x86\xed\xc3'
    b'1\xf9X*\xd8\xad\xa8^?9\xc6\r.\x8f!j\x05]\x89\xa4\xa8\x05X\x1eh\xcf\x0fn\x907\x8e\xa5\x0f\xb1\x0c*\xa4\x04+\xac\t-\x15k+m\x80\xd7a\x8d5\x83-2\x9d\x0eY+h\xa9\xdaY\xee\x0c'
    b'\x0b\xce\xd7\xf6\x93\xac:\x17a\xe7KJ>\xdd\xabk\x0f5\xf2T\x97\xe1R\x19YV\x9f\xf6\xca\x07\xe2\x81\x88MhW\xd6\xad\xabT\xa8!Y%\xb8:\x93\x01\x10*\xfc;\xa6i^\r\x9cO\xc4h\n\x81\xcaF'
    b'\x93{)\xcc\xd1\x07\xea\x1fL\x91\xcfg|v9\xbc\xe6HE\x00\xd5\x88\xcb`i\xa1\x89Zf\x0ej\x92(\x9a\xcd\xb7\xb7\x06\xa7\x14\x93\xa0[\xd8a\xd8S\x15\xa8\x9aG\x01{\xcc\xd3\x07\xdfW\xce\xcfWlT\xe1'
    b'\xb6\xc8\xa7\xf5\xaf\xccF\xc3\x9f$\x90\x10\xb0T\xec%\x85\xe0\xf2$r\xfah4j\xb7z\x0ey\x87\x81s\x9a\xb8\x19\x1aK\xd0\xd5\xd1\xefJ\x9at\xee\xf6\x1b\xe2\xaa\x98\xdf\xc2\xeb$.9T\n\x81\xf2\xaf5eq'
    b'H\xd5|z3\x1c\xcd\x9a\xa2\xe4\x89\xbb\xae\x06\xc9?\xd8$}\\\x905Z\xb7\x86\xa00\xa4)\xa4\x83k\x04\xed\xe1\xeb7\xc1\xf4\xb2\xd4\xe4db.\xe8f\x95\xc7=\x0en\xa4\xa7\x12\x16\x0f\xdc\x9d\xccBe\x02\x90'
    b'EmV\x19\x00n:\x19!\x8b\xa4\xfc\xf4\x11+P\x01\x18=v\x01\xba\x9am\xfe\x16\x8a\x1d\x9d\xab$M\xb7\xb8\xc6j\xecF\xc5-V\x91\xaa8\xf5;\x1a`\xdf$\xdb\xdfc\x04>\xb9+\x1e%4u)~7'
    b'\x86\xc4\xea\xab4h\xf1\xecL\x07\xa8\xad\xe3\x8f\x7f\x1a\xec\xd4#\xf1\x95>\xbe\xad\x1e`)\xad\xa2\x89\xc7q\xa7\x12\xdc\xec\x18\x10\xeaCK\x1eA\xc7\xae\x04Hb<\xd5\xc0HpD<6"\xea\x80\xfc\xd4\xa8D`'
    b'y\xb6\x0e\xe6\xe1A\xc5o\x03\xba\x1a\xed\xc3v+?-i\x0eZU\xd5\xe7\xd3\xd8y\xa5\x02\x1cO\x03J\x97\xac\xed\x82\x88\x12\xdb\x18z\xb4muSq\xea7\x00\x8aq\x08\x13Go\xf9\x19\x7f\xc1\xa1\xc63\x83V'
    b'\xc9R\xa7g\x98\xb85b\xa9u\xd0\xe4\xba\xda\x94\xe1\x97&\xb6/\x18\r\xdca\x1f\xff\xc8G*Vj7\xe39\xd14\xad\x7f\t\x98\x06r\x18\xe5*\x8dX\nBq\x05\n\x8a~\x0e\xa7:M\x12\xc9\x0e\xa2\xa4\x84'
    b'j6\xf10t]q\x83\x93\x1c\xe3\xdd\xd4\x82\xa1w\x16\xbb\xbdM\x88K\x1c_\x14\xd3\x88&\x18\xc0I\xd9\x1b3\xfa\xba\xb1\xb1\x04c\xe5\xbd\xee\x1c-\xf9jv\xc7\xa5\x02\xa6\xf1\x07\xa2?ty\x96\x19\xcd\xd4\x80\xf3'
    b'G\x0c\xf2Y\xbe\n\x90\x91CO,NZ\x91\xc3\xe1\x16i\xe2\xe9\x9f\x1a4\x07=\xe3\xf9iu\xbc\xac\xe5\r\xdd\x8f\x1f[\x94LO\xad\xb5\x1a_\xfbM\xda0\x8eS\x85\x05\xf1\x06\xfa\xb9=sz\t\xe9\x1aEk'
    b"]\xc3\xf7\xa0e\xcd\x05#\xec2\xbb?\x89\x0bj\x0cGd\x87\xcc\xc6\xb75\xffL\x1b^J\x96\xcdd\xc9>\xa7/'\x93Q\x91\x8f;\x8a8\xa0\xaf*\xca\x0eAF\n#\xe3^^\xc8?t,~\x80\xbbT\x8b"
    b'\x11\xcd\x80\xac\xe4\xce\xc3\x93\x18\xf7\xafC\x9d\xb3\x1c\x18%\xc6\xcb\x0b\x93\xf0\x0e\xeaG\xcc\xcf\x13\xa6\xe1aQ\xdeh\xda\xea\xec\xfc<\x96\x8b\x8d\x13G\x83\xe9\x84\x17-\x9ae\xbd\x98\xc3\xfa\xa5\xf2H\x8c\xa4(b\x16\xfc'
    b'\x93x\xb3r\\\x02k\x8f\x1c\xbb\x11\xf4\x90H7>\xb9!V\x9d\xc345\xe8\xd1\x80UdLKi\xca\xaaw_\x92SZ5\xd2\xae!\x01\xb7lt\x97\xae\x1e\xed\x83*WJ\x07\xb8m\x1e\xbc\x8d\xce\xd6\xd7z'
    b'\xdf\xcf\r0.f\xf9p\xa4p\x18(\\\x891\xe6G\xad\xf8\x12t\xba\xe5\xe9\x83{\t\xa0\x8bh\xda\xd6\x1a\t\x8aJysu\x95O\xef\xbf\xd0\xf1?\x7ff\x0f\xe6\xe1\xd0\xb6\x9e_g\x18\xd1\xe1\x8a\xd8\xdb\xa4"'
    b'\xff^\xc9\x86\x03z\x1a!9V\xbex\xfe\xeczAK\x83\xe1\xcf\xa1-\xa9\xb5\xca\xfc`\xd2\x0e3\xe8\xdc\x0e\x95]\xae%\xc1\x13\x916\xf4\xb7U7\xca!\xda\xe0\xf9\xc2\xc1\xb7\xaf\xbe\xfa\x11\xb8\xd0\xef\x8f\xe3O\xbb'
    b'\xc0V3\xf5\xe3\xd1}B|\xee\x18X\x96\xe9\t\xc3d+0l\x8f\xb5%\xef\x87\xa7\x1c4\xcc\xbb\xa3\xdd\t\t\xda\x85\x17\x872\xe2|\x08\xe0\x82\x19\x00P\xc3\xe1\x06Fj\xa9\xd1Vb\xd6\xe1\x1d\xa4\xc0\x80\xa5\x02'
    b'(i\x08\x9e\xb8\xdc\x04\x98\\\xeeb(\xf8\x1eO\xf8\xbeH\xafb\xd9\x94\x1f\x8e^\x8a\xbbz\x95#Uh$!.\\J\xa7AP\xed\x93\x1d\x87\xe9`7\xa27\xb4\xe1\xea\xef\x1cd\xc3c\xe2\x98\xd6\xe9\t\xe4t'
    b'\xd8\xbb\x15\xff\x02Z\x14&]\xb4\xc8\xa5\xb2\xd3\x1cr\xf2\x1b]\x0c\xb8\x07&\x0f\xd6z\xe4\xf6sM|t6\xb9\xbe7\x8c%\x85\xf4Z\xd1`\x98.\xc7m\x00\x8e\\\x08\x19\xf2L\x84 Q\x98-\xf8\x01\\\xeed'
    b'\x19Q\rB\x92\xd5\xe4\xd2&\\\xb2_\xc3\x18\x11 \x1c\x9a\xed\xa2\xc7C\xcd\xc1\x84\x95R=\x13O\xce&%\x84jF\xf6\xe5Y5\xd7\x8b)\xc9|l\x0b\xa1\xd9\xea9\x9d\x0f\xcf\x96\x88"m\xe3\x91\xb0\xaf~\xa3'
    b'\xd8\xc1\xcd:\xa1cz3.\xdf\x9ccM\xe5<4\t\xb9T\xc8\xb3\xa8\xcc\xe82\x93@\x8f{\xf8\xd2\xca\xb5\x99\xea>?A\x04Y\xccV;\x1e\x81\x9f\xa5\xcayY\xa1\xa99z\xd0\xd0\xfa<>]toN\xa4'
    b"mR\xf1e\xe0o\x08\x9eh\x16\xd2O\xac\x85J\xdb\x18\xd2\x8a`v\xb1\xa9\xf3\x1a\xdb\x83\xc4\x91\x8b\xcb\xae:J\xb2?\x8b\x16\x8c\r\x0b\xd3\xad\xed\x19\x13,i\x08\x07\xf9\xf4'\xdeC\xb0\xf0\xa1\t\x8c\x81\xa1\x86\x18"
    b'>h\x14\xa1\x070\xd7M\x12r\xc1\xfa\xac<\xf1\xd9\x12T\x1f^o\xfa\xc6\xe3|\xe6"\xfe\x1b\x85)\x16\x1f\xb8<\xb1\xa70\xfe\xea\x97\xbf`\'\xdd|\\\n\xd9d\x1eg8\xfe\xe9h\x06{r\xcd\xba\xf90_'
    b'\xe2i\x05\t\x1b\xa1\x03r\x92"r\xc2\xadD3;\xea\xdd`A\xd1\r\x9f9\xb1\xfc\x18\x0fO\x00\x81a\'D\x19\x04C\xf0\xd4\x92\xe8\x106\xf4`[\x14\x17-\xa6\xdez\xa4q\x9a\xfd\x11\x1f\xf3i\x14\xb3\x86,'
    b"\x93f\xa4i\xe6>P\xebH2;\x85\x00\\\xe1\x93$8'\xea`\x04\xc7\xe27;W\x1d\xa5\xed]M Y\xe5\xe3$\xeb\x15\xec\xac\x888\xbd\xf4P{\xa2(\x1f\t\xe6D!y,\xf3\x98\n\xb3d\xad\xa0\xb0"
    b'tr\xd9\xf11\xb7T\x14\xe2q\xc5\xcd\xe5\xe6\x10\xec+\xe6g\xaa\\b\x7fsbr3\x9a\x14\xce\x06$i\xe9\xae\x18P#b\xa4%\xf0\xbf>d=d\xe9\xc2)\x1fL\n\xa7\xed\xd5*\xdc\x07\xfe\xd6X\xf5\x00'
    b'{/\xd7o.1FA&L\xe7\xa4\x16\x1b\xadX|L\xa3S\xf1U\xf3f\x0c\xcb\x14\x0f\xb2+"\xe8\xf9\xe4f\x1aq\xca\x855@\x10\xf0d\xca\xd0L\xb9\x18\x95a\xbbc*\x07\xe95\x9e;\x99J&8\xf0'
    b'\xa0f/\xf9\xae\x82\xc9\xce4Rkt\xaf\xb1\x86\xe9Tc60?\x9c\xd6O\xc1)\x89s`\xe8d\\E|\xb7\xf4\xb2o\x191\xa7\x0c\xea=\x8b\x13[\x01\t\xd3\xd8\xb0\xdc\xf0\x84s\xbb\x80D-\xa7\x02\x01/'
    b'\x84~9\xb7.K\xc1\xc3\x0e\xf2\xc3\x04\x86tv\x11\xc8\x89h]\\\x10i\xc1\xe9s\xf9V\x11\x9c\x86\x93T9\x13N)\x0b\x91\x03\x12\x84fO\xb1\xb5\xf8\x90\xe0\xcbW\xd4\xbd]\x1dv\n\xc0i7?Cv\xa0'
    b'~\x05C\x8f\xc6\x92K \x9c-\x88\x05\xd3O\x0cI\x0f\xb4\x81\x89"\xa6\x9f\xa9\xfa\xf0\x0e\x18\x93q\xeb\xf4p\xd45\x1a\xc7t\x0b\xdc\xf5\x98\xdd\xe8\xd5(\xec\xf1j\x90\xb8%\x9fu\x030\xf34$^\xe1A\x0b`'
    b"\xdc\x8c9\x0beD$\x9b\x92n\x89\x90;\x06@\x931\x9c\xef\x0e\x0f\xeee\x95\xefq\xe6f\xe6\x8d'\xb3\x82\x0e,\xb2f0a)\x8f\xbf\x82{\xe00$\x96T\x05\\\xac\xc5+iaX\xbd\xec\xec\xa6\xa4\xd1\xbc"
    b'\xbc\xb0I\xe7\r\xaa\x0f\x93]\x0c\x0fu1\xce\xe4Q\xed\x8a\xe4\xb8"\x8d\xd2\xb4j5v\')\x03\x18\x0f\x07\xd8j\x9c\x84\xf7\x1d\\\xe1@>\xc4\x84\xf0\xd0.\xf3\xd1\xb9\x0c\x8c\x03)\xbaAk\xad$e\xac-|'
    b'd\x7f)\r\x9d\x80\xbf\xc6\xb7o\xde\xfc\xeb\x8f\xef?\x1c\xbd\xfb\xc0\xc6\x9f\xb0\xc8\xfdl\xbd\x9b\xc9\'\xf6\xc5K\xac\xabk\x88\xbcSw\xac=@B,\xfe\xe7\xf4\x82sXI*\xec\xc6\x1cV6ER\\"\xcaB'
    b'\xb33\xf8\x8d\xea\x14\xdb\x02\x84\x07L*9\xb1U\xfes1hl\x1bg\xa5\x9fm\x03\xf3\xe1\xba\x0f\xfe\xba+\xc8\x8f\xa1\x0b\x0b`\x91\xfe\xe5\xf3\xe3\xe45\rX&\x8bfac\xcd*\xbc\xc6_I:\x0c\x17\x8a\x19'
    b'\xf5\x1eu\x8f\xf48\xc7\x1d\xa4\xdd]&\xec\xbeYs\xd3\x10\x02\x1a\xee\xf2/a\xd2q@%p%\xe6T\x8f\xf7\xaaX\x04$\xe6d:\xf0 :?\x8d\x8dN\x8b\x9bQ\x88\x8dg\xe3\xd8\x1d\xb6\xc8\xcb?\x8b<\xa5'
    b'a\x19\xde\xb1\x03\xc1|M<\xb0Z^C\xddc\t\t\xf4!\x80\xb08"z\xd8pj\x1cW\xa0\xc9\xefR\xa2\xf0\xfbX\x00\x95Xz\xf2\x03P\x80\xe8\xd3\x14\xa0p"F\x8e\x18\x80\xd8J^\xce\xa2\xd0\xba\xa2P'
    b'\x15z\x99\xcb\xc6\x06\x8d6\x00W\xd3\x17\x81M\x88S+\x8ds\xb6\xab\xb8\\\xe0PzNU\xc5I\xa14\x17\x0c\xbagvC<!\x83\xf8\x85\x8a\x9c\x04g*3d\xaacv9\xd3\xf6i\x07HB[E\xf4B'
    b'zp\xd55ay\x8f\xbe\xff\xf2\xf5\x9bwa\x89\x8f[Le\x99\xf62Y\xa1\xdf\xfa\x8f\x90a\xfe\xc3\xde)\xa9\x05a\xb4w\x9a\xc7M\x8a4\xab6\xa4\x88+,\x95\x13\xe0UA\xa2\xc6\x07(p5Os]\xe9'
    b"\x14\x93`-\xc8~\xa5\xe7R\x83\xc4b\x12\xf0$\xdd7\xf1\xf1\xc71/\xace\x99=!v\xfe8\xe6\xb2\xb5\x02'Q\xaf\x18S\x8b\x19\x89\xb6<f\xfd\xd4\xe2\x1av\x84l\x18\xb6\x98\x8f\xce\xc1\x0cu\xc5\xc5\x0ek"
    b"\xcc2\r\x9dW\xb6\xa2\xc7\xd9\x90\x96u:\x04\xdff\xd1\xa4\xcc\x99<\xd3\xb1'qw\x87\x1ay\x17|\n\x8eu\x9a\\\xa9\x8f\x9dnV\x7f\xfa\xbas2\xb7E\\F\xb1I\xa40=\xa7R\xd3\xb6\xcd%\xd2eu"
    b'\xb3\xda\x1b\xc9}\xdc\xf1\xeb\x86\x17\r\xc8\xc2<\xa3z\xba\x861w\x9c\x05\xf1\x0bL\xa6\xea\x9e\xd8\x19\x86\xcf\xf64\xb8\xda+\xbb\x1eW\xa8\xe6bh\x13(|\xec\xfcY\xb7\xacj>X\xfaE\xb6\x01\xb7g\xe7\x9c\x88'
    b"\xb8\xb1\x14?\xab\xe2]\xec4\x06\x16\x14\xb9x\xe1\xd3Ti\x8f\xac|\x0c\x1f\x18\x8bc#\xb7\xcc\x0b\xa1\xb9\xb7\xec\x96\xe3\x15\xd0G'\x89\xd5\x0bU-b:,#}\x94\xbcX\xf7/\xd69\xdc\x1b\xcb .\xfcc"
    b'\xcb\xbb\xe4L\x9f!9\xf0\xa2\xac\xc0U\x83\xa7\x99\x1c\xe1\x86\x87\xa4c5g\x18\xdbtIJ\xb2n\x96$\x1a;\xf1\xdbIB\xccM\x14\x92x$3~\xb3T\xd4j\xe9\xaeQzW\xdb)o\xd0\x80\xad\x8f\xec\x97'
    b'\xeaN\t\xc7\xc4\xc2\xd2\x0f\xc5\xc3\x89?\xa4\xfa\x9c\x8dB\xe7t;Ew$d#E\xe8\xba$!EP\xfaC\x80\xf5\xd2\xf3p\xb8\xe4\xd6=X\x9e^8\x13\xe0\xa0h3\xa9\xca\xef\x86\xa5\xf7G\xa5[\x85\xc7\xbc'
    b'\xee\x1d#\xc3\xb8[\xa9\xe1T\xcb2\xadm\xad\xb1\xa6D\x83Qd\xd3p\xcb\x9c\xa2[\x1b\x91\xbf\xabI\xd7x&0\x16?i\x9fe\x9b\xecP\x84\xb9\xc1KGV|\xb9g\xd9&\x82\xbc\x1e\x9a|\x8d\xca\xdf\xcf\xc9'
    b'\xa8\xae\x840\x7f&\xf0\xef>\x18H\x0e\xa4s\xb7\x8e0\x1d(p\xc8\x13T\xf6\xae\xef\r\x18\x7f\xc4\xc9\xe0\x06.n\xe8\x89\xe4\x9a\xac\x86\x0e!p\xab\xccZ\x1a\xaf\xd0o\x99W\x8c\xa0\xfd\x18\xb6\x9fJ\xe8\n\xb7/'
    b"\xf8\x8b\xa7\x18\xe9L^\x01k\x1d\x88\x8c$\xde\xddg\xec\x9d\xd3\xef\xc2]\xfc/\xe3!\xe3\xcf\x13/\x91O\xf33DI2\x97#l(\x95\x99\x8c\x03\xe6]\xf0'\xc2;\xe5A\xc5\xaf\xbc\xb8\xeb=\xa9\x85H\xb1\xee"
    b'\x83\x191\xa8\n02\xf5X\x94\xaf\xef\x86\xbcw!\x8cjj\x99\xca\rH\xfe\xa2p\x01$\n\x18/\xda+\xbf\x18!\x84\x84\xe7\x83>g,\x80F6\xd2\xae\xc1 \x0e\xc7$\x12\xe7\xa3x}@-\xc06\r\xae'
    b'\xd4U!+|_\xb5\xd4\x98_]q\x9f!<\x05\xc0\x8a\xf2\xe5c\xdc\xad\xf2*w\xac:8<\xd0!\x89$\xb8\xceK\x03e\xe5\xe8\x00I\x1b(\x8bzJ\x1c,\xad\x0e\xeb3h\xe5g\xb7\x85,\x9c\xf4O\x8b'
    b'\xc0#P\xbc\xf6p\xa4\xf9\xe5\xeb\x9b\xa2\xea$\x99\x97\x97D\x136\xd6wv\xd67w6vp\x89\xb1t\x8f\xc0(>\xc1\xd9\xda\x01\xff\xfb\\`\xa5\xa5U~\xf2\xf9\xe7\xc1\x05\x8a\xdb\xf8w\xc5\x9d\xe6\xed\xf1%\xed'
    b"\x93\xa3\x19\xd1\nK\xa6&\x9d\xe0\x98\x0e\xafnFm~@'sgwwwg}?\x1c\xfa\xd0\xef\xd5\xf0N:\xe6\x1f\xcf\xb3M\xfc\xa8tXm/\xfb\xf7L\xfe\xfd\xe2\x8b/\xb2\xf5m:\xf9\x1b\x1b[;{"
    b'\x1b\x1b\xdbk\xbb\x8b\xc6\x91\xd6c\x8a\xb1\xb9\xb1\xb3\xb3\xb5\xb7\xbf\xbf\xb6\xef\xeb\xd1\x07\xc6b;\x15:\x15[\x00\x9f\xb9\xb9\xb3\x96\x82Q\x8e\x1bC\xfd\x90\x06V\xb7gdeD\xb5%2\x82z\x1a\xf2\xbef\xbdLX'
    b'L\x1f\xe97\x98\x9cI\xa3qU\x81\x0c&f\x05ye@\x10?\xa85\xc1\xfbQ\xa00]\xee\x013\xc0h\xc8\x0f\xe5\x9f\xda\xbd\xcf;\xff\xf2,\xfak\xa0N3$\xa5x\xdc\xfc\x02\xfd\xb6\x05\xfc\xaf\x9f\xf4\xa8\xfb'
    b'+\xf6\xefK\xb1^Ycqf\xbf\xe4\x18\xf1o\xdcq\x02~V"\x98w\xbd1\x9ca\x18\x83,\xc4\x8fB<}\xf9y\x04>`\xd2\xf5\x0f\xa1N\x9d\xca\xa7\xc8\xc7\xa0Z\x07\x03?\xc6o\x0c\xb7\nu%o6'
    b'\xecC\xaa\xfeP\\\xbb\xe7\xbeM\xda\xf3Ol`\xb1~\x1a\x9c\x00\x8f\xa1\x06\xf1Bh\x0b\xcc\x1f_\xbe\x7f\x1f&)\x079\xadK\xf4\xa0\xad\xd8D\xd0\xcf%t\xa7\xbam\xbe\x19\xff\xd4\x0e\xdb.\xa5\x07h\xfc0\x13'
    b"\x91]\xcb\xf4\xa4\xef\xca\xdc\xd8\x9e\xe0\x1aaGL/N\xb9q<\xb3\x02\xcf\xfe\xfd\x0f/\x8e\xd7V\xf7\xf3\xd5\xf3\x93_v\x1eB\\d\xdaz'r\x11P\x1dT\xfa\x0e\xf9n\xfe\xc0\x92d\xcb\xcf`\xeb\xb2\x14o"
    b"\xb7\x94\xc2}\x9e\xb5\xba;k\x9fu\xb7\xb6?\xeb\x881\xc5\x05\xd4\x1e\t\x14\xc4/\x0f\x07\xb5\x89Gl!\xd4\xf0\xc2!\xafX$\xfby\x90'r\xa7)P\xb1;7\xebU\xdf\xdd'\x90:8\x1a\xd1\xee\x0ba\xf4"
    b'\xcd\xcbT.\xa0i\xb8m4\xecQ\xf4\x9b]_#\xb8\x7f\xb9\xec\xd6z!\xf8\xf4\x9f\xf1\xe34\xea\xf5\x96\xb8#\x92<I\xe0\x8e+\x0c\x9c\x95Lc\x0c[\xff\x90\x94\xc4\x83\xf8\x07\x97\xb6\xa5s\xb3\x05\xc4\x9f\x8e\x97'
    b'\x0e\xfc\x0b\xa3\x021D\xb8\xea*\xdf\xd3WV2\x08=\xf3L\x9fR@VZ~\xf7$;\xf7!\xc6\xeb\x1ek\xaa\xee\xc30tn\xff"\xc8Sl\xaa\x87\x15\xf8\x8eZ\xddPg\xe9\x0b\x06\x0c\x19\xbdg\x9b_\x0c'
    b'\x9c\xae\x9f\x8bX\xf4]q6k\xaf\x11\xdf\x99\xccj\xbd\xa9\xd6\x1f\xce\xcf%\xdf\xc0\x05\xec\xcfG\x9c\xc8\x99\x9f\xbbt\xcd\xf2\xe6%\x9d#0;\x00\xf9\xe25\x0f\xfe\x1d\x17\xa3\xfb\xebpSA\x9f,<.\xf1\x14m'
    b'\xbf\xa6\x7f\xca\xd6z[;6\x8a\t\xcc\xdcvp\xb0\xbb^hSH\xb4\x9c\xad\xbc/.&E\xf6\x97o\xb2\xf7\xf7W\xa7\x93\xd1\nqH\xf7\xc4a]\xad\xde\x0c\xe1\xadu\xca\xa0@\xbc\t|\xadX$~-\xa7'
    b"?m'=\x91<`\x7f\xe3\n\x80\x02\x05\x1b\x8b\x04|\x19/D}d\xc3\xa9\xec\x9e\x10\x87\xa0\x0b6\x9b|\x95\xcfr\x0e\x00\xea  G?\xb9\x8fVB\x9c\x826\xce\xcf\x1e\x1c9\xa8oM!\xae\xdf\xcc\xecl"
    b'\xc3(\xcd\x19\xca\x8b\xe8x\xe2\xfd%z4\xef0\x8b\xb2\xda5rd>\xd0\xb4\xb4\xa0Pd\x97\xb4\x1cE\xe9\x15\xcf^\x10P\xec\x83\x18_\xe5\xf7\xe2\xd8)\xa9\xe7\x9cX\xe9\xc3\x8c#1\xf6jW\xf7I\x8f\xc0u'
    b')*S\x88\x03\x8b\xc7\\\xf4\x0f\xc4\x9dh\xa8m\xd3\tVCu-H\xa4FW6\xb6\xd6\xf0\x9fNc\x14\x87\x8a\xd6\xea\xc0\xa1\x16\xaf\xdf\x18\xc6!\xf8\x88\xac\xd69\x82>!R\xee*)\xee\x06\xf5\x0f-M\x8f'
    b'\xc4\x16U\x0ci\xda\x94\x84\x84"d&\xd8\xb0\xc3\x8c\xd2\xb7KpY\xc8E#\xf2\xbcv\x7f\xacn\xd5\x91\x1c\xd6_1\x9c\xca5&\xfaE\xc3\xdbJx\xd1P\xfd\xb6+Qmx<\'\xa2-\xcd\xe4%%k\x99'
    b'h\x1a:>\x94\xb2M\xc18\xa0\xca4\xea\x89@\x92\xda\x0c\x7f\x08.[\xde0\x99Z%\xfb!\xdf\xb5Y\xbf fz3_\xf4r\xc6\xe6\xe0\x08\x1b\x11e\xcd@\xc4\xb8\xd0\xa3\xe1\xf5\xb5(\xee\xd80DOb\x16'
    b'8\x98\xa9h\x91\x07\xc3+\x96\xacz\xd9{\xba\x0f-eX\x1c`\xa2s\x85\xde|\xe2w\xa1-\xbc\x9a\xd6gb8r\xaaW\xfd\xfe\xe8\x85o\n\x95\xb0\x15\x9a\xf5\xd1\x11\tu\x9eZZR\x87R3\xf0\xdcS\x05'
    b'\xab\x87\x84\xae+\xa9\xad\xda\xad\xa4\xc7\xb6\xda/\xa2\xda\xad\x1fTs!l\x88\tm\xbd\xecZ,\xbb\x1e\xca\n+`\x9bCe\xbbn\x05\x0b<\xde7\xdd*\xa0\x01\xcfL\xe7D={\xff\x11\xdd\xbam\x16S\x9e!'
    b'yZ\xdd\xfa\xc9\x91\x0b\xe2\x06\xdeV\xc4\x8d\xff\x05\xfc\x83\x8e\xf4\xcdx6i\xcf\xe1!bf\xca\xb0=\x14\x80\xb5\xc6\x1f@\xa0\xcd\xb1\x82\xbf\xc3-\x97\xcc"\xf3Y\xf9\xc0\x9ff\xf9\xb3\xae<\x07\xf7<\x10\xcd\x93\xda'
    b"\xb2t\x1c\xdd\xf4\\\x0bW\xc9\xc72\x98\xc5\xf0Y\xcc\x19\xc3'\x90\xc4\x8d\xday\xc1L],9'8E\xc45\xf0\x8b\xf7W\x13\xf1\xabz5\xb6\xf8\xa5\x80Q\x92\xf2U\x8a6\xfa8C\xb6\x9c\x9e\xde)R?*"
    b'\xd1\x0c\xda\xe3\xca\xfb\xd7\xfa\xfe\xb2\xfa\xfeV\xe1\xbf\x1a\xf5\xc2\xc9\x19r\xe4\xa1\xeba\xe0#\xf4/\xfb>\x1cJ\x8b\x0cX\xca\xeaqV\x8d;\x06\x10\x8c_\xd4\x97~\xec\x80\x9d\x8a(\xb2Z749\x03\xb2\xa5<\xbd'
    b'on\x11\xb4"\xb4\xf8\xba\xb9E\xcd$\xef\x96\xfc\xfa\xbe\xcd\x8ai\xa1\xd7\x7f\x95\x7f\xfef\x1c\xc8E\x8fm\xf7&(\x133\xc8\xcerl\xb2l\xdf1F,\xaa0U\xb2\xb9\xef\x8b&\xd7\xde\xfd-\xbe{\x8dw\xa1'
    b"!L}\xa8/@3\xdaw\xf8;\x14\xe6],\xf4D\xf7\x9fl\x14\xeb\xb5\x1b\xbf\xd9j\xb05<$\x00\x7fP\x84\xb3/'\xd7\xec\xdb?b\xddF\xb0\x14\xc7\x9bL\x14s%\xc2n9\xdf\xd0\x853#@u\xc3"
    b'\xb7\x18\x1b\x17\xe0\xdf#\xa6]\xc9J\xc4\x02\xa1\x18\x92\xc5\x83L4\xc2\xa1\x9exb\x94\xb6\x92\x11\xff5\xc5\x83\xe5\x90\xa5\x89J\x1b\xa2\x08\xa1\xf1\xfc\xd5\x17\x0b\xa8\xba-\xc4,\xd1&\xeb\xcb?\xab\xb2\x11\xce\x8a\xe1\xa8'
    b'\x8d\x07\xcf\xdc\xc6\xfaS\xf8\x9d\xb4\xfc7vg\x0ecq\r\xf3V\xeb\xe3\xbf\xbeY\xfe\xfb\x99\xdb\\\xa1\xd5\xd7a\xd7\xe7K\x0cW\xb7\xfd\xba\xaf\xf4\xc8Ht_\xa7\xba\xcc{(s\xf83\x0e\xe8\xf7\xf3Ci\x88\x7f'
    b'\x7f~\xe8F\x19\x01\xa2P\xeb\xcej\xfd\xf5\x80~k-\xfc\x8e\xb5>\xa6.\xbd\xea_\x94Ho\xb4\xf9W\xf1A\x1d?\xd1\x1e\xd9` \x0b\xec\xeb\xdcS\x1d\xfa\xa0\x8e\x9fE\xab\xe2N\xa1\xc7\x80f\xbbZ\xbb2\x9d'
    b'\x0e@Z\x87\xf6\x19\xd1\xc1\xa7\x90\x06\x12\x9b}:\xa3\xae\x1a\xc6\x16+\xc5ty8\'\xc1\xd6\x15\xfd\xd1\x9e\xd3Q\x0c\xf4 \x91\x8e\xa7\x17\xa79Qm\xfe?`F\xb7\xd7yb\x92\xda"\xd6\xeew|\xd4\xe2c2'
    b"\xf8\x83\x97C\x90,T]\x18\xcdqY\xf5\xfc\xea&\xf9[\xed;\xca|H0\x91t'H1\xe1\xfa,\x958\xe0\xceTCD`\xae\x9d\xc7\x87\xc2\xce\xab\x97t\x8f\x83\x93\xa7\xe6\xc4\x95\x9dN\xe9\xf6\x90$g$"
    b'\xb6\xc1\xfa"\x9d)|b\x1b$\xee+\xbc\x99\xc2,\xfe\xe5\xe5\x94\xa1\x89X\xc3\xf4j@\xac\x93\x06\x03J\x8eo\xe9H\xc6\x0e\xd6xVXZ9\xf8k\x0b\xe0\xd0\xf0\xdc\xae\xfa\xd2\x90\x1cy\xf9I\x02f\xd3\x94Z'
    b"J\xc3\xa74\xf2\x0e0\xf1\xbc\xa2k<\x92Ju\x02g\x80\x8a'!PA\xfa\x1a\xd8\xf8\xe1\x7f8`\xf3\x8c\x10L\x1b\xb6yE\x9b\x9b-H\xaf\x0cP\r\xfe\x16S\x85\x05\x81 CM\xeb\xbc\x04=_\xb8\xc1\xe2"
    b'\xbbT\xc0{\xea*9\x19O\xf7q\xc3;\xa6\r\x05\xab\x9b\xf5A\r\xed\x82\xae\xbe[\x0f\xbcc\x86Q<&\x11{\x9a\xdf\xbf\xbc9?\xa7\x81\x04\xf4\x9aj\x13\xa7\xf7\xb3\x98\x89DI\x85\x8c\xc3\x0b\x8c\xf6=\xbfp'
    b"\xcce?C\xa5.\x1c\x1f\r\xd7\xf0\x19\xc3(>TC\x05\xb4)\xbe\xa5\xcf~*{\x98\xc5y\x90\x1d\xae\xda/Z\xaf\x1f\x17O\x16\xa4_mQ\x02\xdf\x8b\xc1\x07\xfe\xb3\x87B_\x12u\x8b@')\x12\x983\xa9"
    b'4Mx\x8a\xfb\xc1\x1e\xee\x7f\x1e\x9eG\x95\x1d6Y\x03\x17\x1a\x97\x98g\x84N\x9d\x9f3\xa1v\xc1\x08\xdf\xaa\x86\x9b\x1a\x84\xcf\x11\xafV\xefz:\x99M\xb8\x15\x05\x1c\xee\x11W2\n\x9a\xb0:\x0e\x00\xd2\xc5zT'
    b'\x94I\r \x8a\xa3\x0bH\xbc8\x9a\x91\\uzC\x8cR\x8b\x04y\xd5\xd7\x08UPq\x1e\x99\xddb\x8a\x06\x1eWu\xb0\x111X!s\x9b\x10s\xe5MG&\xa8\x1f\xa7\xa9/\x1c{N?\xd6\xa2\xdb$K]'
    b"\x82\xce\\97\xd5}B\xaf\x13\xe4*E$\xe2\x04Ac\xec\x01\xe6W\xa8PO\xcf\xeesf6=\xb0\xd5'\x8bu5\xc1N\xa6\xeb6y\x17\xa4;yy\x99\xbc\xf4a@2\xde\xf0$)'\xc1!ge\xf9"
    b'A\xd0\x93\xa4l\xf2T#\xdf\x05\xa8*\xc6\xd4\xa9\xe1B\xa3uT\xe2\x92\xb5\xd3\xd8\x1c\x05d\xafx\x01\xc9K\x8e\xbb\xa3-\xfe5\xcfX;\xe4<\xe3\x99\xd6(s\xe0t\xb6+\xa0;&\x00\xbe\x19+\xa1\x8c\xf4\x1a'
    b'\xd9\xb2\xdd\x9d\xe045\x00\x86\xb2X\x90\\\xaf\xae\x95@\xfd\x8bn\xccE\x8c\xd0\x02\xa5\xce\x9a\xd1\xd3\xc2G\x9c\xc1y\xee\xd8#\xc5M?\xdeo\x16\xbf5x\xd3\x18]\x91\x7f\xdb\xbf`t\xdf\xb0\x9a\xb3\x1f\xa60\x9f'
    b"\xd5\xe9\xa7\x94\x1f$\xf6\xc2\xa9,\xb8\xbe\xea\x05\x8dX*\xf9W\xc6V\xd7\x00\x84\xac'Jo|\xe2\x96\xf8\x17\xce\x94\xb0\x015\x07\xc9J\x17\xb7\x825Uy*\x1b\xb8\xe3 3me\xa0\x95\x1e\xc2\x07\xf1j\xc8\xac"
    b'\x1d}\xd0x`\xa1\x08\xe0\x14J\x8b\xdb\x12\xef\xd7{\xdc\xe9\xf0J\xcd\xa4\xf4\x93\x08\xf4\x8d\xf4\xbah\xbb7\xb8\x81\xfa\x81\r\x08\x95\x07\xc8]\xc2\xc9K\xe8\x1fMI\x8c\x02g\xa3I\x84\xbc\x88\x0bB-\xb6\xdd_\x9f'
    b'3c\xf8\x99\xa3\x02zj"rP\xaa\xe5\\\xb0\xff\x19lJ\x8c"\xf9]\x9b\xdd\xb6\xf9\x03:K\x9d\x8b\x10%\xe4\xb4\x82c\x89\xc0\xf111\xe1\xd0\x847J*1\xb3Fj\x87\xccYV]Y\xe5l\xa8z/'
    b'\xea\r\x13\x18\x10\xe8A\xab( \xd5\xbf\xe78\xcay\x80\x90G1\xc8\x96\xfa_\xdf\xc3K%\x1eL\x1a\xf1"\xac`\xc5&\n\xe2\xa1\xba%\xe7\x12-6\x96\x18\x01\xf5$ \x97x\xb7\xc8\x04\xe5\xe4\x13\xbd#\xdd\x1c'
    b'>\xa2^\xc9t\xd6\x9d\x11#U\xce\x04\xdfH\xe7\x13\xd9\xf1\x1e\x8c\xaa\xbc\xe3f^4j\x88\x93\xc1\x80\xdf\xa8\xb80r\x0b\x9d\xc4\xc1\xd5\x0c>\xbaC\xbcO\x06\x8bI\xff\x0f\xb7\xc5\x02\x927\x03\x05\xc3L\xc7\xdcp'
    b'\x1a\xad5\xa6\x11L\xed\xb1I\xaf\xf3x\x82n\xc8\x07\xc9\x8d)V\xe5|lVX\x9b\xe6.&3\x9c\x9d:\x93\xc6\xc3\x8b\xfd\xd5\xa6\xaen\xc9[\x9c\xbf\xd3\xa5\xee\\\xc1\xf9\xfc\xb5\x8e}Q,Q\xe2 \xed\xc3\x95'
    b'\n\xe6,\xcc\x194\x03\x17\x93\tG\x1c\x85d\x83\x1a\x15}\xc6\xda\xa2\x81\x05\xac\x07\xa1\x0f\x08M\x08\x13\xc3A2\xa4\t\xc3\x8a`S\xe2\xaa\xa0H(\xf6\xbb\x9a\x08\xcbh-1? \r)xb\xd9\xc2^\xc3\xbe'
    b'(\xf2\xcd2Q&\xa1\xce\xb1\xc6\xabG\xe4\xa2\x93y\xa0:X\x1b\r\xd7\xf8\xf4\x0c\xa7\xcb\xc3\x0c7"\x8dj\x00L\xc3~\x9d;\xd4\xce\xa7\xa5\x0e\xfd\xb4\xe4\x8e\x97\x93+S*\xcf\x9b\xc7\x839 \xabss\xf2a'
    b'\xd0\x95O\xe4~\xba\x0b\x8a\x87\x88\xf0EaC\xdcH*\\Ubn\xd2\xa4\xef\xf7\xbf\x9bKl\x8c5\xb6\x1c|\xba\xe9\xcdiRCo}Z\xbe\xd2G\xd6\x8c|D\xad\xbf\x92\x87\xa5\xde6\xee\xc2\xa5\xbf\xa9\x8f\x0f'
    b'\x9c\xd3\xa1D\xb8GH\n,\xe1\x8b\xb7\x82r\x15@\x8cP0\x00\x00\xf32\xb9P\x91NG\x0b(L\x84\xe5\x8a;\xe4\x15N\xe3*\xa2\xa6+\xa9\x11\xf4X\xa8\xe2\xf4yR\xe1O\xcc8A\xb7\xf5Y+\x8d\xd1\x10'
    b'\x85[\xa55yx(y\xa1\x82\xcb\x95\x9a\t\x9e\x8aR\x9f\x93\x81\xa9\x9a_\x9e\x08K\x90\xb4#^\xef\x18R\xbbfe\xe0\xfcf}3>t\xcc\x13\xa8\xc6W\xb4k\xc6\x04_\xf1\xbe\x93~\xce\xe9\x85\x8c\xc6\x02\x05'
    b"\xab\xd3t!\x83\t\x11cZ\xe9$\xb8\xc8\x9f^\x04'\xc0J\xd3\xc2eT\x1a\xf4\t\xee\xdc|\xa9\x18\x04\xbf\xb6\xb3\xc9\xcf\xac\x0f:\x9d\xccDI\xcf*\x12F\xc0+f\x12\x86\x9d_\x8b\x00\x1c\xc2f%0\xf4S"
    b'\xd4\xf0a\x8c\xd0\xbf>\r\xaai\x06\xb9\xb2\xf2\xe1i\xc3:q!\x99\x98T\x8b\x1b*\xbfp\xda\xf2\xbe\xfbm\xee[V\xb0\xe3oR\xe9"qI\r\x01\xd6\xf9h$\x0e\x84*\xc3\xd1s\x9e\xa4\xc1\x84}\r\x91%'
    b'l\\\x14\x03I\x02\xab\xfa\xbc\x89\xc2\x1b\xa9\xad_|\x92\xe1\xf5q\r?\x98)\xb2EgH\x86\x06\xff\xf3\x03\xcc37V\xa25,A7D\x12\xe3R/\x18\xeb\x9e\xcf\xbc\x82\xa1\x97\x12Y+\x9d\xe7c~O='
    b'C\xf2\xe4\xa4\'\xd1\xfe"\xe2\\>\x8b\x03\xa16o\x91\xee\x96\xb3\xbbqp6\x1ch\xd9\xfb&\x92\r\x1e\xcc\x11\x7f:g\xa9\xf4\xc9\xc4]hgL\x11G\xcbWM\xf3\xc6\xa1\x9d1^\x02\xb2\xd4\xebOj\x93\xee'
    b'\x83\x85m\xe2\xeb\x8e\xcaoi\x16\x1ek\xb4\x96\x82\x8e\xa33BO\x08B\xadR\xe4\x08\xfa \x89\\\x16b\x17t\x15\xb8@hr\xc19\xbcY\xec\x87b\xfd\x06!\xf0|\x99 \xc6>\xec+q\x10\x99\x16\xe7\x9c\xd1'
    b'\xd7S\xeb\xfbH\xad+Y\xdc\x99\x97\x94\xd0\x95\xa8"\x88\x08\xba\x92\x9e%\x86\x99\x9d\x1c\xcc\xa7\xe8.\x87\xa0\xa5\x1d\xac\x90\x0bz\x84s\x16\xd3\nv\xe6Tv)\n\x93\x16\xecyS3\x89\x0c%X\x149\xa628'
    b'\x7fV\x04)\x84\xaf+\xc4\x08\xdc\xc2\xa3[\x13O\xbdK\xb9\x0c$R>e\xb7c\x17&\x9e\x86\xff_\xe6\xa3\x9fE\x93\x0e\xaa\xa8b\x198RD\x92$q\xa6\x8e\xaf\xacN\xf9\xaf\x8bV\xf3IU\x97\x8aZ\x9bS'
    b'\xe1\x11\x13\xbe\xfa\x9a\x84\xc86&\xab\xcd\xa1\x87h\xa8\xc3\x87"\x06\xbd5\x96^\x8f\xa5M\xacN\x96\x1c\n\x1a\xac\xb7\x13\x1a5\xd5\xa1\x7f\x1c\x12\xe5U\xe8\xaf\xc8\x94\x92*\xceNgeW\xf1\xa3C\xcdQi\x1b\xb2'
    b'z\xbck7\x9f&\xa8\xac\xb0\t.\x8b$\xd1\x9aG\xc9I\xf5\x80\xf8<\x95\x95\x96\xdbI\x16I\xbb\xb0-\xec\xbe\xc3\xdd\xcd\xa7\xaf\r\xb7\x1e\x17\x96[\xaf\xda0\xb3JuF$MS\xc9:\x93\xc7\xe8\xef\x0b\xbd\x1e'
    b'\xd3\x9a\x1cs0\xef\xa2\x8cf\x06\xaa"\xd9\xe1,\xe9_\xd8\xb1\x15N3R.xW\xe1\x18\x99\xb6#I\x91\xdcY\xc6\x85$\xa91\xf7l9\xef\x91c\x1b_HU\x91\xf2\xc6\xben#\x8fl \x8dY\xcb\r\x10'
    b":\xbc&\x1c\xf3\x96\xa5\x93\xd6\xd4K\x87\xcc\x0b\xc6\x82,\xfes)\xd6\x95!\xb4\xad\xf5$Q7\xd5\xa9\x0cJ'\xd1ppJ\x16\x171\xf9\xdbG|\xe2\xab\x19\x80\x15\xb1nP.Z\xd6\xe9d\xaeO\xd0\xaf\x9b\x92"
    b'\xa5.\xa0d.h;$\xf8mv\x8bvU\xa6\xff\xfdb\x07E\x01Q(\x07\xc0\x0cS\xd7t\xb8|k\xa8\xa6\xc1\x01\xf8@c$0#P\xc1\x0ez\xd9\x9b\x08\xb3\x93`\xe9\x88\xcd\x97\xd5X\xec\xa9\xec\x10xP'
    b'\xca!_a=\xa1\xe10F@r-it\x9c\x8al\xcc\x99A\xb7\\\x0c\xf92\x11\x07R\xae\xfaFP\x1bY)\xc1\x8f\xbe~\xf3\xedW\xef\x05\x0f\xe3\xc77o_}\xcf\xaf\xdc\x10\r\xc2\xe3\xad\x8d&\xc0x\xbc'
    b'\x0c#\n\x8f\xde\xea\xa7h\xa5\xb9\xaaO\x0baB\xb1\x14\xc3\x83\x06\xf8^\xe6\x97=\xa5\xbb\x1a\x80\xc7\xe2\xaf\x08\xdc\xf1\x00#\xa0\x89}$\x8d\xb7\x1e\xabY\xc8>tY\x18L.[\x01\x8f\xe6G\xad\xf0\x8e\xad\xb6\xb4'
    b"\xa7z\xb6\xf0\x87\xa1+\xbcV\x18L\x9b\xdb\xe3\xe1@\xee\xaf`\xb4d5\xbd\x7f\xd9\xafMzT\xdaI\x8bc\x01%\xaa\xb9\x15'\xcd\x1c\xc6\xee\xd5\xd1\xb8\t\x98\xbe\nY'\xf8\x9b\xf2\xe5@G\xf7xu\x95Zl"
    b'8c3\x99f\xd1\xab\x04\x93-\x83\xb3\xcb\xd1V\xc9\xd4\xca)`6\xa7\x15\n\xa4@\x80\xbc\xd6\x8d\x83\xe3\xb2q\xc1\xfc\x1b.\xda\xfc\x06[\xc6\x91%.\x90\xde\x1f%\x07y8\x04UFfZ\xb0q\x86?kt'
    b'\xd3\xe4\xb6\xb2g\xb8\x9d\xd6\xfc\xf8\xcc|zq\xe3\xb3}Z\x90\xa6h\xde\xf5\x1d\x03\xdfu\xd0\xb6\xff\x88\xf4\xb5\xfb\x1a*\x98~\x0c\xe2\xfa\x10\xdf\xe5\x12\x17\x8f\x18Qk)\x14C\x94\xac|\x16\x9al\xc5\xb7\xe9b\xa1'
    b'+7"\x94\xf1\x06N\x05\xeab,Q\xe6\xbf\xf3\x91\xc2\x0e\xa6\xb8]=\x8dj\x96H-\xc9G\xdf\xd5\x81_\xce\xae8\xfb\x05$\x95\xc1\x89\x17\xea.0~\xad\xd9U\x18\x15\xfc;\x11(\xa3\x90\xcb\x06\xbb\xb6\xb8X'
    b'j\x12\xa8\\e\n\xe8I\xd0\x1eh\xa3\\\xc8\xb0\x02\xf1/\xbf\xd7\x914\xa5\xb3\xd3\xe8\xc3\xc8\xa7\xcb\x87/\x18\x90%\x1a\xd0L\x0b\xf8\xab\xc7\xae\r<$}\x99\xbc3*e\xf9\xe0\xa5\xcf\x90=\\Kyx^-'
    b'\xb1\x9e\x96\xf0\xdf\x1e\xda\x00+\xa0\xc8X\xc4\x07P\xdf\x01\xb2:\x0e f9x\xfaTkn\xa4m\xd3%?\x1a"uyJ\xd7d\xc9\xda\xa1\xbb\xceA\x1aA!\xab\x92\x1cl4\xd8\x10\xb0Y\\T\x8e\x04\xb4\x87'
    b"/'wm\xddU\xb8W/\xc1\x13uU\x97\xdf\x85\xb3U\xdc*\x9c\xffa\xfe\xca\x0c\xc7\xd77\x8a\xbd\xcf`m\xb6&\xd2Q\xcb\x1es\x8bP\xda\x17\xd0O\xac\xdbs[\x1e\xfck\x0f\xdd\x98$\x97\xb0\xfde\x05h"
    b'\xe20\xd2\x86\x99\xe3\xc7\xed\xd0ru\xe6tZ\xe8}:-7\xe3\xe1\xacJ(\x1e\xa3\xeb\xf1\x88\xd4\xc8z\xc9\xed\xcd\xa3\xe8U"\xe1\x83j_{\x8cG\x9f\xf3C\x94\xcc\xf0\xbd\xe3\xc4\xb9\xd3h\xe6=\x1f^\x10\xd3'
    b'\xe3\x1d\x8d\xa8\xf6{\x14\xb25\xb6e\xad\x92\x00ii\xa9\xa5\x95\xb2au\xa7\xdc`\xcb\xbd\xb8\x1a\x8eA\xdd\xdd\x93\x9cw\x8d\x1a\xde\xf5\x99\xee\x82m\xf7\xc86\x80\xd3=\xcb#\xd1=G\x9f\xde\x0b\x81\x11y|9\xa4'
    b'h\xba \x98\x14y\xd1re*W\xad\x1f\x11t\xden\x9c\x931f\xa3\xce\x83,\xd9\x92\xec\xbf\xd0\xd8\xe2\xfdk\x017\xae\x99\x8e83T7\xf427\x1a\xde\xcf\xbd\xd2\x88\xca\xc8\x9e\xa1\x1f\xeeb[\x86\x0f\x8a\xe6'
    b'\x03\x15L\xebU\xe5\x13\xe6\xbc\x94\xb9s/kwH\xd3=\n\xc1\xc6\xa1sf\x89\x15G\xbc$\xd8S\x93#\xe8\xa6\x92&h\x18\xbcC\x15\xd6\x8b\x81\xc6\x02V\xe4\x15 |KA\xect\x99\x91\xd4\x9a\xf2\x1d\xbdn'
    b'G\xb4\x1c\x0b\xe4~^\xfe|\x91\x89\x8eee}c%S\xc5\n~\xb3?\x05\xd1\xd8\xc3\x95\xb5l-[\xdf\xc8\xf8Y>\x1d\xe6\xab\x82\xb4}\xb8\xc2\x9c\xfe\xca\x17\xcf/2D\x1c\xd0\ryu\xb8\x82\xfe\x8avb'
    b'\xcc@W\xb4\x81\xb2\x9dl\xa7C\x15\xa6l\xd5\xa5v7W\xb2{\xeaj\xc5\x06\xb0\xe3\xfa_[\xc9\xa6wx\xc9n\xc8\x87+\xecN\xb3\x92%\xcd\xb6\xca\xd9\x94d\xca\xc3\x95\xb3\x9b);\x7f1\xf2\xc0t%\x93\xa7'
    b"\xab\xf6Q\xbd\xcd\x95g\xb1\xcb\xad\xde6:\xdd\xeb\xed\x85n7]\xb7\xbd\xadj'\xd2}\xd2\x05\xb5\xf7\xec\x82\xfe\x9f\xe6\xee\x8bV\xf4p\x11\x1fJ\xd6}\x83\xac%\x88\x9b\xe2O\xcb,\xcfU\xc1\xa7B\x93\x84\r\x15"
    b't{X\x06\xf3<\x0b\x86\xec}|*Pe\xdc\x14\x80FXs\x1f\x9a\xb1\x18Z8\x90M$\xa7hu\xe5\xd9\xc3\x87F\xd4\x16\xe5q\\zd^\xc3X\x0f3s\xf7\xb2\xf4l\xd1%\xc6\xfd\x15\x1db:\xb1r'
    b"y\x1cK\x9c\x84\x96\xfcm\xe46\xf7\xd7t\xef\x89\xe8'9\xe0\x02\x17\xabVSn\t6oS/\xcb\xe8\x94\x80\xc4\x01C;u\x10\x98z=9\x87\x81m<^\xebf\xfb\xf4\xff\xeb{\x1c,\xbb\x0b\x80\r\x0f\x04"
    b'\xae4(\xf1\x055\xc649(Z\xf0\xf3,\x10\xbf?\x0e\x88\tii\xcc\xaeL\xa7\xf71\xb5\x96+\xb3n\xd7\xf7C7k}\x84\xa9\xe46\xbf\xcfn\xae+v\xd8+\xf6\xcf-\x06&\x85\xc8@\xaa\xe9~\xec9'
    b"s\xae1\xcam\xa89\x04E\xb8l\xb7\xfe\xf8\x87\xbd\x9d\xad\x9d\x03\x86l\xf8N\xc2\t\x92p\x85\xd4/\xd6\x1c\x14z\xa1\x99\xc9Xs\xcd7\x02\x0b~=\x1a^'\xfb:\x01\x90mU\x85\xb2D\xe8o9\x05D\xab"
    b'\x1bh\xc2\x0f7kk\xa7\xb4Z\xd1\x00\xa7cya\xf1\x104/\xbf\x8f\xbfU\x16\x92\xa0X\xb8\x0fO\xf9\x9c\x8f\x15\x11Rd\xaf\xd6;\x9dzvA\xb4e0\xf0\xd6N\x1a\x91\x1d5<B\xd0\x13\xa39^\x00A'
    b'F\x94_\x15;\xb9\xf2j\xc7\x8d0f4\x1fD\xfd\xe7X\x93\x058\xadjR\xeef\xf3\xb2_dK\x18\x9a\xabm\xde/\xe5\xf6\xd6O\xd0.\xfd\xa7\x9cD\xeb\xd12f\xdd0q\x88Kn\xd3\x8d\xe8S\xdf\xf0\x9f'
    b"2VC\x0cf\x94x.\t!Fc\x99\xc3*\x1f\x04+@S\xe0\x13\x91\xbbzh\x93\xc2\xca\xa8-\x7f\x1c\xf6\xbc\xec\xf2\x00G\xd3l3\xf6\x95e\xfc\xa1\\'\xd6\x8f\x9e\xdb\r\xf6\xebEM\xe02\x15\x9by\xcb"
    b'\xc1\xeb4\x98\xbbk\x8d\xc4\x11r\x1blkou\xbc\x95$\xb1\xf6\xbb\x19\xf0V\xadA\xab\n\xa7\x93\xa6\xde\x12\xd5\xed\xdbXC1\xb6e\x16\xf1\xd4 \xbd\x19\xb8\x1c*\xcb\xaf\xde\xfc\xe5\xe5\xb7\xaf~\xfc\xf3\xb7\x7f{'
    b'\xfbZ\xb2\xcc\xfcf\xc6d\xce\xe6o\x05f`\xbd\xc2\x7f\x809\xb0\x8e\xf0G\xe3\xe5\xffh\xbb;\xcad\xfc\xfe-\xcb\x88\xd1\xfe?i\xcc\xbf\xa2\xed\xc0\x085\x10\xbb\xf4\xe6\xaf\xdak\xe6\xdd\xff\x8bl4\x91\xed0\x03'
    b"M\xe0\x0f\xc2\xadh\xb4s\t9K\x8aV\x04_y\xd8r\xefC\x0e\x89\x8f!\xbe\xca\x03'wk\xe0\xc61\xa7\xa5\x86Oi\x088\x1a\xf5$r\x0e\xb4\xb3\xcf\xa5\x01S.\x1d\xb0\xd9\xd2\xaa%\x94n\xd6,\xc9+"
    b'\xff\xbd\xd5\xeb&\x9f\xd5\xd5A\xda\xa0\xce\xc28\x04k\xc8\xf39* \xddqI\xfb\xd4\xfa\x81\x7f~\x17\xd2\xc4\x84G\xf7\xc9#\x9f\x9bX\xf5F\xba&^\x08\xc38:I\xd2\xd1\x0f\xf7\xd7\x02\x8d\xa2Rw\x03\x10\xbe'
    b"\xe2\x00wc*@\x89\x08V y\xc5\x18\xbc\xcd\xcb\xe4>bl\xfb\xb6G\xe94\x96\xa7\x99\xcf\xd4<(h\xfd\x10\xe8\x9er\xc9\xdc\xe1\xce\xba\xc7,\xdf%3p\x8c\xc2'\x16K\xae\x7f&%\x04\xca\xd3i\x9c\xea"
    b'\x13\x1dSX>x\xd7\xea;\xbc2\xfd\x99\xb2\x0b\x01k\xba\xd5\xd5\xef\xa3!E\xe3\xc0}C\x9d\xfb\x86:\xf7Z\xe7.\x9e\x17\xf1:\x88\xc8\x06\xcc1v5\x8f21\x8e\xda\x02W\xba\x9f_i\xc6)[\x9b\xea\xdc'
    b'%\x1b\xf9\xber\x8c\xef\xc4\x1e\xc1{a82<\xcab\x16\x1d\xa0J\x84\xb4\xc2i8D \xa8\xe8u-\xa9pb\xe2\x02\xb0\xba\x1cr^\xe0\xd6\xece/iY\xa4u8\xb6\xc5\\\x0e\x00\x9f\xd3\xa8MA\xfcS'
    b'\xf8\xcb\x9c\xb8\x91[E\x19\x83\n\x1dq$\xd0\xa4U\x18\x1e\xf6\x18\x1f\xe0\x96v\x898\x05\x92d .i-\xbb\xc8\x03\xbf\xd3rn\x1cP\x8b\x07\xa9\xe8\xd8\xb2+\x10!m\x9dt\xb3cc\x9a\xe8\xd1;\xf9\x85\xa7'
    b"W&0\x98\xe8pr2O\x14\xc0&\xe4\x11\x9d\x04\xa6m^\xd1\x06!\xc9\xd5\xb6-\xbcH\xea`\x07m'0\x81\x07\x0e\xd3\xe0\x13V`.*2\xc9\\\x0e\xb8%b:\\\xc8\xcb\x03\x93\xa4 \xdbV\xe1\x032"
    b'u\xbb\xe3\x9d2\xbe\x0f{\x85\x99\x9e\x92\xa4\xb9\x90\x83\xd5\xac\x0cAh\xf3\x8b5\xf0\x8b\x952o^\xcf\x1dO\xaa\xfa\xdf\x04\xd9\xce\xb3H]=$Z\xc8\x84<\xf5:zt%\x9c\xe8\x17zY,\xfa\xb1yW\xb6'
    b'\xb4pp\xb3\xdb\xa1\x00{\x01,\x00\x97\\\x8eHP>L\x00^\x17D}\x9d*\x01\x03\x9f/\x8e\xb4\xe2\xfa\xb6\\\xd6h!\xc0r\xc3\xc29T\xbc\x93\xa5\xb9\xbe\x81\xea\xf2\xb0\x80\xc3\x08\x97Gv\xc4*\x1dd\x84'
    b'Yx\x872\xd6`\x0e\x18\xdc/c\x13\x84Cx\xc5t\xc4\xc0\x9e\xad\xf0\xb2\xa2($\xa9QHpW-wLI\xbb\xd9]\xf8\xf3\x9e\xff\xbc7\x0c\xa6Hd\x03\x88\x81\x96\xfb\xe1fc}\x7fK\xb9\x14\xbc\x8b\x04'
    b'\xf2H\xb6O\x889\x11a\xcaW\xdc\x96\x8a U\xa1\x1a\xe8\xc5\x82\x81k\x03B-y\x98\xd2o\xd7H\x12\\\x02\x18Y\x14\xb9[\xf4!3\xdb\x9d\xceb\xd9?x\x1a\xb4\xba\x0b\x04a\xf5\x06H\xe4i\xe7#\x114'
    b'\xa4\x1f\x15\x917\xbc\xa1]\xf6S%\x8d\xaf\xe6y\x11\xa0Rq\xbe8\xbd7\n\xc2\xee\xb2\x9a\x83GB\xd7\xd1\xcc\x97R\xc5#\x9d\xb9>\xf2\xd2\xc3Lr\xb0&K\xe5b\xe6\x18\x17zI\xc4\xecV\x02\x8b\xd5%\x01'
    b'\x85H\xd1:\xdd\x16\x9cC\r\x91\x83\x82\xc2\x05_\xc2\xd0\x16S\x95\xd8\x94\x8b\x9bG\xdf\x92\xd0\xfe\xb2\xb8s\x16\xed\x8bS0\xcew\xef.N\xf1&\xc5\xa0\tQzT\x0e\x1es\xfc\xef\xba\xfe\xbbq\xe2\xb2\x01\xb37'
    b'\x9c\x85\x98\xf3\x17\xf5\xb3c\x81{\xe0Z \xcd\xfdl\xdd[\x9d\xb4\x145TU\xae9\xf1\xdc\xdbA\xb2?e\x1b\xdb\xdb\xd93\x00k\x1c@{\xa6\xed\n\\\t\xbd|H5\x87\xf2\xd5\xaf\x8b\xbb6\xf7eZ\xb4D'
    b'o\xedr\x9dp\x99\xe5\x87\x124r\xaa\xb7\xa9t\x8a=yz\xe1q\xc7\x04\xb7\xd4\xaf\xc4\xe9E5z\xac1\t\x0b\xaa\xf6xx\x11\xba\xf5\xa9\xc0\r\x9a\x05\xef"\xc9\xc2\xc0\xc5E\xe1\xf8\x1c\x19\xaf\rJ0S\xc5'
    b'\x8f\xfb\x14_\xd8\xc77d}e\xce\xa3\xff\xb1\xee2\xdd\xc51s\x97Z~#g\xc6\x91\\1=&\xb3&r\xf5%Y\xad\x94\x9aJ\x061\xeci\x83\xe4a\xb74K\xc9+\xc9\xd4f\x9aZ\xb4\x98\x1a\xb6\xaa\x9c'
    b'0`5\xc2\xd5<(\xcau0:\xd6\xe1\xd80\xd7\x05\xa5\x13\xbe\xb8\x1c@\xeb\x8e\x9b\xa6\xd6\x02%B\x14A\xfc\x92`\xd0\xe1\\/`MyE`\x1c\xc9\x7fBz\x18\xcb+<c\xba\x00\x8bJl\x18\x8c\x9f\xca'
    b'pq{DJ\xf0\xa9\xca\xec_\x7f\xd3H\x7fL\xdcZ~\xbf\xc1\xef\xba\x85\xc9o\x05\xbf\xc3\xf7\x1f\x8f>|\xf9\xfa\xd5{\x97{\xa0\xbeq5\xc8#\x94\xd1Y\x97\x9b\xa3T|\x85z\x8e!\xcf\xa3\xd4\xf3\x0bA\x9a'
    b'\xa9\xed\xf8\x04=\x01\x02\x90xTyR+\x80j\xec8/\x039\xf8\xad\xee:\xb6wCr\xebr~\xe2\xa4\xc8,K\xa2\xb0eEkK*\xd9$[7d:}\x8a\xef\xfe\xe3\x1f\xc3\\\x1f*\x12pM\xc4\xd6'
    b'\xca\rI1\x15\xe2\xd9Oz:\x96\x9aXN\xdb\x1b@\xc0\x0e\xcdQ?s._\x94\x15\xe3\x90A\xd4\x91\x03\xb9Zu\xdfq\xc8N\x98\xb7Y\xbe\xc8\xf7\xe6\xd4\xe6\x8b\x8aU\xec\xcaq\x98\r\xd9U\xa9\xb8\x8f\xbbW'
    b'\x82\x10S\x19\xfb\x0bW!hH\xa4\xf3\xad-\xa1\x8c8\xbd\x08;\x91o\x197\xb1]O\x86C\xcc_}\xd3:\xd0\xbc9J\x8a\xaa\xc3\x97\x8c\xce\xa9(p\x00\x8d\xe5Xf\xefI\xe1\xa6\x9d\xa7oR\xa7<<\x83'
    b'\xac\x84-H\xfb-\xb3\r\x17\x03&t~#\xea}L/\xab!\x0e:D$w0]\x16\x08\xb8\xacID\n\xb2\xcc{*\x13[\xfa\xbd\xe8\xc2\x152\xef!{FH\xbd\xa77#\x0f\xb2#\xcb\x13\xf2\xfd%\x18'
    b'\x841\x0f\x92\xbe\xee\xd8w\xcb\x91\xa1m\xf0vJ\xadLg\xf7\xed\xd6\xea*6\xee\xc0\x04\xa3P\xc7O\xa4\xb1\xc5\xf2w\x1f\\\x98\xa5\xa5\x08\x97\x89r\x90\x8a\x0bOt\xae\x95.\xde\x87e\x8eA(ZM\x90\xac\xab'
    b'\xe4F\x95\xa4\x1a\xb6j~\xd8\x8b\xf6w\xd3F\xb5T\xee\x8d3\x18\x8fC\xf2B\xca\xc7]\xfd`\xf4\xb6>\xbaN\xa3<Ae\x05\xc40.m\xa4\xb8\x12\x95\xb6\x04\x85\xcf\xa4h\x85\xca\xbb9\x0b\x10<g\x90\x93\xe9'
    b'v?\xe2\xf3[\xbd\x88\xd2\xa4\x05Kt\x8b\xa2i\xb7x\xe4:\xcdg\xcb5\x95\xcf*\x99\xafg\xad\xf0B6\xae\xc6\x12 t\xa0\xe8]\xde0\xf8\xe8\xe6\xceZ\xc2\xd7U\xaa\x08\x97/PnR\xad\xcc\x81\xe26\xb7'
    b'F\xd3\x85R\x9b%\xf9\xec\xc4Mu\xe6&\x90\x99\xa8\xa5\xfc\xac\x9c\xaa\x01\x8aY\x06\x81\x98\xb5\x899\x1c\xcfR\xad\xe8)\x0f\xa8\xb4\x9c\x0f\x0c\xf8\xf2\x92\x9fP\xf9/Gl-\x06\xfc\\\x02\xda\x97B\xfd\xb1\x88\xb3f'
    b"\xa0$\xc3q{\xbd\x9bI74\xe7\\\xff\xaf4?\xd2G\xcf\xa0\x00\xf5O\x988:s\xf1\x00\x1fk\xf8o\xb1a\xc5\x0b\xd4\xbf\x14:\xa6s\xb0\xe0\xbe\xc1\xc7J\x9e\x8c\xb6~\xcf\x9fx\xc5\xbb\x19\xaf'\xf4~\xcd"
    b'\xf7Pm\xcb\x84\xda\xd5u\xaf\xef\x15|\xdd\xc2\x82\xc9\x16q\x84\x17\xe7\xb0\x88^\x8e\x95W\x8aJ\xf4h#\x0fn\x8bM\xc6\xd8\x17\xc5T\xe7<R\xb2\xca&\x91\xe2L\xda\xa5\xfc\x97\x82}\xa0k\xa1\x8d|3\x083'
    b'T\xdbn\xc9\x9d\\\xe9\x1c\xc9|\x16t\x1eR\x96\xf4.\xf3\xf2\x91\x01t>\xad\xeb\x9b\xeb\xc5\xf0\xe2F\xf9RG3\x967\xe2q\x14\xc9f)\x8f\xb9L3\xf2&\x94\x88\xd64\xf8\xb7[\x81\xa5\x1c\xe6h\x0f\xb7l'
    b'\x87\xf3\xc60\x8e\x84\xef\xb6V|Lg\xe8[\xb8\xc5\xd3\xbb\xdd\xf8\xb8\xbc.F#\xe2\xd2\xe5\n\x8b\\\xd4\xdc-\x86.\xec\xae\xfe\x90\xa0\x9eg\xc5]~\x06/\xd3R>\xa0+9\xd2\xcf4S+\t\xa5\xa3\x9bA'
    b'1p\xa3\x9a\xe7\xb5\xe8\x08\x81\xfaa\x84\x01\xd5R\xa1hf\x994=\x8bG\xa1x\xf6\xefI\xfa\x15\xc9\xbe\x82X\x07\x7f\xe5\x8a\xb2@<g\xe7\xf2\x91\xf5u1u\x8fX68M4\xd1e\x8e\xb3\xf7\x19\xb2\x14\xaf'
    b'\xd2\x1c\x06\x03\xd7\xdc\x950\xef\xe9Ea\x8c\xfet\xc2i\x94\x0b\x85\xc2U\x86\xa7nux\xf4\xa2\xe3\x92\x8d75\xbfh\xb92\t\xbb\xcf_\xe7#V\x15\xe2l\xa9\x1e\x8d\xf24u\xaa\xefZi\xc9\xc7h\x94\x95\x9b'
    b'\xb7\xdd\x04\xee\xfe\x96\r\x12\xa7\nb5\xef\xcb\xb4\xa9\xce\xbc\xd3\xcc\x15,\x10\xa0\xca=\xa1t\x02\x8b\x1c]\xaa+\xb8\xffP2\x8a"\xe6R\xc2\xc3\xe1)8\x9b\xa8X\xf4\xdf\xd9E\xba\xae\xc4r\xe5]\xe4\x81\x13\x9d'
    b'U\xed\xf1\x7f\x97C\xf5\x93y\x8cDd\xe0B\xfe\xd8Fo\xeb&n\x1e\xec\xd7T\x81\x1a\x97\xb8B\xa4l\xdd\xebZF#o[\xae\xe0r\xae\xd7\x81.\xe9\x85\xd2P\xd99_7\xbcu\xde\xd7\xfa\xd6\xcen}\xd7'
    b'\xb0\x0c\xfcR\x8f\nd]\xa7L\x90\x03\xb3\x9c\xa7!\x89\xd0\x8b\xcf\xe3<}d\xb3\xedE\xdaYl@\x89\x81\x99\xad\xaeWU\x9bF\xaf\xc9t\x12p!\x12\xd7r\x894\r9\x1f\xe1\xea@B\xfc\xd4\xd0\xb3\x10\x06'
    b'.\xa0X\xe7H\x99%i*\x11\\\x12`\x0bX9\x0c\xfb\xc7$d\xcbV\xd4-Q\x12\xd1\xdd\xf3sQ\xa6\x18\x14<\x14\x8cY\xd1,\x04O\xa3\xc9\xf51E\x910\xfc\x15\xd1-\xb3:\x9c\x9f>I\x17d\x1e\x80'
    b"\x04/\xb9\xa0\x95H\xf5\x148\x02\xad\xd5\xda\xd2\xf0\xf1\xe8h\xd4\xa9\xc5a\xa3'\xac/\x14c\xd0\xaa\xc4g\x1c8-\xae\xc2\xd1\x81.\x82\x90Pu\xfe\x17u8aN\x8c\xf1G\x8f\x11q \xf1\xbeSp\x97O\x80"
    b'\x1ap\xd3\x9c\xb4\x95\x80\xbd8\x80\x01\xf4\xbe\x1c\xba\x80oZn\xbf\xd8\xfc\xa5%\xb4J\x1b\x14\xa9\x83&\xbbf\x02^\x06Z\xc0o\x19Vd\xb1"\xaa\x8e-\xd0\xb0\x9a\xbf\xcaA8\x05(h\xf2o4h\x97\xeb\xa2'
    b"\xe0\xac\xab\xe2\xf0\x81\xa34\x9b\x04\x17\x10\xcdK'\x9e\x1e]\xe5\xad.`{A\xb2\xfa\x08\x06v!\xd8\x977\xe3\x99;3h\xfc[6\xcb\xe2\x97\xe64\xa8\x1e\x1cMg\x96\xd8o\xdfsy$L\xf1\x15\x9b\xe6E"
    b'N\xc1\x0b\x89\x1ck>{-\xc5\x0e\xbef\xe7(,\x0cv\xae\x02\x9f\xe21J\xb4\x16\xb8\x07\x0b6c\xc7RMV=\xdb1L\x88"~\xde\xf9AS\x9aF\x96\x18\xcd\n\x85\xbc\xe4J[V\x14\xa8L\x80u&'
    b'\xe7 S\x9a\xc4\xb5[\x01\x81\x91\xd5\x90LD\xac\xac\xd4\xd8\x0b\xf8-\xc0\xb04\'c|7 o"\x88\x8d\x83\xa2=\xe6f5-\xe0\xa7\x9a\x8a0\x11\xa9\xe7\x0e\xafBW\x16\x03>:\x81\xb2u\x1d\x95\xc3\x1bN'
    b'\x02\xc2\xb7CK\x16U\x16e\xb1\x07\x0fV\xbb;\xdfq\xad\xfe?0]\xa3\xe15k`4\xc4-n\x16:\xba\xf3\x81|\xfe\xf1\x8f\xa5\x0e\xa6o4R\xf1z\xcb\xc0\x17:\x98\xdb$Dw\x1eg\xc7\x93\xfb\x84\xfb'
    b'$\xce\x88\xf8#\x87"$\xdc\xd2\xfc6\xdd\x08R\xbf\xbb\xea\xff\x16\xb82)\xc8\xbf\x9e\xa4nf\xc7HS\n+\xa6{W\xf5\xcd\xb2\x89s\x8f5\xa4\xd0F\x0b<ir;\x8f\xb6\xab\xec\xdb+3(\xfb%\xa6\x91'
    b"\x8f\x0e~qN\xba\xc8\x16;g\x7f8\x1c?}\x8e\\\xbc\xc9|'\xef\x05\x1er\xd1]\xbd\xd6[\xdb\x0eYe\x12\xe8#w$pl[\x88\xa8\xe1\xdbO\xbd\x86p\x06\xf8\x00\xf3\x9b\xd7\xe6\x80\xd4:\x99\x8fXA"
    b'G\xa6\x80\x0f\xdc\xfbb\xa6\x85O\xcc\\ \xdd\xb2k\x9b\xf5\xf6\t\x87$K\x1ayd\xb3\x989H\xa1\xa7\x13<\xfbv\xeb\x98#\xc0W\xd1\xc0!Fr\xc2\xda\x87\xe0\x06D\x1bgx\x91n\x90\xd6r\x8d\xf1L\xb9'
    b'\xb608\x99\xb6\xaaOW\xda<C\x94X\xa63\xcd=~U\\M\xa6\xf7\xbd\xec#\x1b\xf3}\x9c\x00\x93_\xdb\xa8-\xf1\x00\xfb\xe4q\xd2\x12\xa5\x9f\xac\x08Z\xe3\x90{p\x11E\x0e\xfe\x9fvY;\xf0uC\xdb'
    b'/g9[\x8a\xfe\x9b8\x90-\xba\xf4#X\x07\x12\xf1-\xdby\xaau\xf8/\xd5\xb7\xe0\xd7|\x1f\xb0/\x15\xf4\xdf\x10\x9a+x\x90\xb6\xb7AH\x8aY\x02W\xa6\xb9\xf3*\xf4Dj|\\HQ\x16\xd3\x14m!'
    b'\xa5\xe2I\xe1\x04\x886I\xce\xd78\x98\xd7\xbfy0\xaf\x97\x1f\xcc#\xf3\xfd\x91\xed\x11<\xdd\x92f\x07\x0c\x99\x04\xdd`\x11\xb4\xd4\xebB\x9cZ5;\xe0\xa2\x1b5m\xa1\x93\xc0k\xffo\x95\xb6\x98{\xf4,J\xf5'
    b'+\x1a\xf7\x97\r\xcb\xf6\x007\xc5\xa1\x83\x83\xdd\xd8\x89.I\xd3X}s\xb8#x\xa4\xc1K\x15C\xbaM.\x93\x85\xc2\xb8B\x1d\xb5\xbaU\xd9\xc0K\xe15\xd9\xb7\x1a\n\x03h\xf9\xc5<\xa1\xa4\x1e\x10\x08\x89[V'
    b'g\xa8\x1fF\x99\xdf\xb3\xfabP\x8c\x90\xe2\xb6\x0c8\x86$}\x00\xaa\xd3e\x11\xe2e2\xe7!\x92L\xde\xf3\xado\xc9\xa2{u\x901\xe2\xb4\x9e\xca;l\xb9\xa0h#\xb9\xf6\xa3F\xe5\xcc\xab\x8a\xc5OD\xe2('
    b'\r\xeb\xd7\xbc46\xe7Zsr\xeb\xce\xf1rP\xc4%f\x9dv\x88o\xc7vC6#!\xca\x9c>\xf6w\xe4\x9a\xc3\x07v\xe34\xfd\xff\xcc\xf3\xff\xb1\xcc3R\x0e\x17\xc8\xbe1\x9fUn/\xd8\xc9.L\xa8\\'
    b'\xd1c\xc7\xc0\xba\xe2\xc1o\x10\xde\xb79\x1f\xc6\x9f5a\x85\x8b\x98\xf9g\xf1\xdc\xec\xd8%g\xbd\x9b\xfdW1\x9d\xf0\xb7\x8eX\x7f)\xce;\xb2%\xf5\xc4\xe8y\x82\xff\xa5\xe6\x01\xfb_\xc1\xb6\x87\x04\xc6gE\xea\xb4'
    b'\xcfZ/s\x93\x1e\r\xfe\xcf\xe4\xbc\xf8\x1b$\xbb\xc3\xa7\xf3^ZW\xd4 \xf2\xbb\x81\x1fP\xa8\xce\x18\xcd\xbf\xb9\x8dh\xfeoYg\xd8\x8d`\xc6s"\xf9\xa1bl\n\xe6h\xbd\x07\x0ea~\x91\x13\xef\x1c\xa1\x88'
    b'\xe1\x86\xab\x02c\xb7\xd6\xf7\xd6\x16\xfa~\x1b\xd4\x8f\x1amiJ\xca\xfa \x92\xd7\xcd\x03aDA\x03\x8cV\xcco\xbe\x1f\xf1g\xd3 v\x05\xce\xe0\xebDo\xa93\x81[{\xceT\xc8\x8d\xde4\x84\xc5\xda\xd2\x94Z'
    b'\xbc\xd0\x01\xd7\xd0\xafe"E\x85W09\xe2\xb0\xb2\x9c\xf1\x1f\x87Wy\xd0\x021\xc0)V\xbb\xa2\x97$*\xf2=p\xb6\x83j\x17\xc7\x00\xcb79?\xefW1\xb5\xd5b!\x90\xdcr\xc9s\x86\xf5Y\xca>='
    b'}D\x0f\xdc\x89\xd9z/\x17\xa3)F\xc3\xd9e\x1dJ\x91\x1f\x89\x8aw\xbe\x8e\x16\x842C\x10zh\xc5\xa4\xb8\x05\xd5\xde+M\xa7\x8fDz\xa4\x10\x85)\x81Y\x02\x80\xbe\xb4\x8e7\xcc\xb2\xcc\xeb\xd4\xcf\xf6<t'
    b'\xf5V\x18\xae?\x9c\xc6\x80\xf3\x97\xbb\x98\x9d\xd9+\x18\x91#\x1d\x0fJo\xda\xb1k\xf3\xe9x\xd4\x8d\xebu\xc8\xb7t\x8d*\xd3\x84\xc8K\xf3\x12&2\xbc\xd6\xdb\x96\x90 \xee:\xc1g\x9b3\xab\x8d\x9f\x83\xda\xcd\xaf'
    b" 8<\xaa\x82\xb7\xbb\xd7\x1d\x00\xaf\x17nEyqaSa>j\xf3\x9d\xde\x8c\xa6\xe3\xef\xf2\x1dz\xb5P\x1f\x93\xda\x04\xe6O\xefa\xc3\xfc\x86\x19vf\xfb\xfa\xe4T?\x1e\x81\x0e\xad(b\xcd'\xee\xdc\xde\xe3"
    b'\xa1R\x10\x17$R\xaa\xd1j\xd6d\xec\xbbU\x0f\xde\x00\x11\xc4\xf7\xac\x86c\x14\x06\x0f\xc7r\xc4p\x16\xed\x81G\x0e\xf3\x1cN\xe9\x92D\xaa\x98\x96\x8c\x1cU\xe4\x031\xff)\\[\x89\xe8\xa6B\x83\xaaE*\x91\xf8'
    b'V\xa9F\xdca\xb0yJ\xf2\x1d\xe2\x978g\xda\xe4\xdaIC\xd2!>)z\xe2\x03\xca\x86\x991\x13/\xe0\xbd.\x05l\x1f\xc9{Z\xc7*\xd7\x16!\xd3\r\x1c\x04\x05,Cd\x15\x86kn;\x8e\xfb{f\xd8'
    b'\xb3>\x9e&Zfd\x8e\xc1,\x184\x7fL\\\xe3\xac2\x8f\xf2\x08\xd1\x1a\x12Y\x14i\xbcUI\x89n\xa2\xe1b\x80&\x1a\xbb{\x9e$\x18S\xb618l\x8b\x1e\xd9D)\xf0_<\x1a\x9fE\x8c\xf38\x80\x9b'
    b'4\xf12\xec \xf6\x9c\x03\xa36\x8e\xd9\xb5\x83\xabw\xc84(\xcd\x04\x07\x86\x06\xcb\x0fb\xbaM\x14A\x01\x8fe\xd9\xb6\\;\x05\x8dK!Vyul8\x16\xc1\x04~\x1f\x10ZT\xb0\xa5\x10?\xfec\xe7G\x01'
    b"\xb7\x9eCe\xf8\xc5\xf5\x94\x99h\xb8cA\x03\xf0\x12\xce\xf5!!\x11\xab\x1b\xe4\xe3\xe3\xec\x9c\x16#N\xa83A'H\x8bKw\xc9\xf3g\xd2^+\t\xec\x15S\x96KoV\xdf\xea6Y\x07I\xde\xba\x90~\xce"
    b'\xbfn\xcc\x16\xd7E\xc2\rd\xb9\xecJns\xcd:\xbc\xf4\xe1\xf1\x91\xe6\xffU\x84\xdcT\x977\xa7=d%\x8c\x7f\xf2\xfb\x90\xfa(\xeb\xcfI\x89\xc4\xa5\x0e\x1e\xc9a\x10\xb4\x1d\xcdX\x1e\r{\xc2\x06\x9c=?e'
    b'P\x93\xb0\x1a\xb4B\xcf\x9f\x9d~\xa1\xcbiV\xbe$o@Ei\xd4\xbc!b\xba\x02\xb4\xb8\xccj*\xea\xbcL\xf1\x8b\xec\x17\xa0\xa7\xb3C\x80\x02\x06!{b_\xe0\xd9\xbbJ8\xfb\x00\x17\x16\x9a\xdaz8\x8e\xab'
    b"r\xe2Nm\xfd\xe3\xed\xf0\xa6\x1f\x0fb\x1aN\x9b\xce\xc4\x9c/l\xdb0\x95Ak\xf3\xb6\x11/\x0e!\xd8\x9dh8\xcaO'pm:\x16\x90v\xcd%\xc8\x99\x81o\xa9\x01\xf9\xb7\xa2\x88\xe3\x87\x97\xfa\t'\x16P"
    b'\xf6rB\x8cx\x1e\xf38\xa1]=\xcf\xc9\xbe\x83\xf6~)\x10\xeaL\nW\x1c\xac\xa4ao\xab\x0f{(\xb9\x8b\xb9j5\xf9\xb177\x8b\x9f\xcc\xcd\xd4\xae\xceRx\xfb\x86\xf0\xe1\xae\x840:\xfd\x1b[\x8b%k'
    b'\xabO\xc7h\x94\x08a\x937\xaa\x9d\x8b\x80h\x96H\x87\n\xd6\xb3t):\\\x9a\x1eA\x99\x86r>\xb8N\x18\xfb\x12\xf7\x90\x95\xad\xdcE\x96\xb9\x06\xb1`\xfaG+)\xef\xa7u>\xe0_\xe7w\xbd\xcc\xd2\xcb%'
    b'`\'\xc8\x88\xe6\x8en1$Qgn\xbd\xb9\x81\x9f\x11\x83o15_\x92\xfc6v\xde\xecG\x90"\x905\xb5\xfd\xd4g\xef\x997\x1d\x0b\xb4\xd2)\xfa\xb2\xcd\xac\x02{\x1dE\x87\xb6\x04\xf7\xdb4\xce.Zx\x06'
    b'i6\x9c\x1c\xf6\xde\x10\xb5\x03]#+\x8cczW\x81\xfc}7\xb9\xad\xe2\xfd\x02\x1f\xa5\x06\xfb\xfbkcD\xd1\x0b=\r\xfc\xd5H] \x1fE\x1c\x16\x8a\xcc\x1e\x86\x10\xb21\x8dsA\x91+\xa1R\xa3\xaa\x87\x9f'
    b'\xa1\xbc[\x8c6\xe3\xbb\x02:T\x1d\xb1\x8d\x9d\x9f\xc5\x1cD\x96\xb0(\xa6\xb3\xa4\xe9S\xc6\xbd\xef\xa7X\xb2\xfe\xa8\x99\xd4\x02\xa9O\xe1\xbd\xc2M(\xb1\xa7\x15P\xa2s+\xba\x04(\xd9\xa6\xac\xf9B~]_Ep'
    b'?\x94\xe4%=8\xa0\xd9\x82\xf9\xa3\xf7\xc2\x04|\xc8O\xdb\x16\xb0\xef\x1eK\x14r\x94\x0c\x1d\x83a\xf7@X\xd1zb\xf7?(\x87\xf1\x9a\x03\xb4\xb9\x1aCz\x0b\xcc\xb6\xfe\x03cN\xa7!\xe67R\xc6\xc0\x8f\xf0'
    b'\x8c\x1f\xca\xdc~C\xd2\\\xf4\xdf\xe77U>\x15\xad\xf3\x8b\xa86\xe7&}\xd6\xf1\xe1\xb8,\xa6\xb3\x97X\x9b6\x17U\xca\x92\xa6\x83\xfc\x84\x0f\x94?V\xf9#/7\x1b\xbf\x8a\x17(\xc9\x13\xa5\xdfD\x8f\xab&\xf5'
    b'\x1e>tx\x16\xe3\x98\x1d\xa3\xd7TA\x12\xdb\xd0W\xf1K\x0f2\xf8\x14\xbdp\xd0\xb6Lj5\x9d\xfcy~6[J\xaf\x94\xa1hz:\xb93~\xdar\x05\x82\xe9\xff\xb5\xde\x8c\xf8\x14\xde\xae\xa77\xc4_\xb8\xab'
    b'3\x083\xb4\x81\r\x89\xa0\x08\x01.\xf8\xcad\x95\xb8\xf9d\x95\xd0_\x12\xe2H\xdf:\xef\x9d\xab\x87\xa6\xc38[\x16\xe3\xfb\x90\n\xd9\xd9\xb8\xb8\x1d\xdd\x9b\xd4\xa2\xe8\x08\xaaB\x00Q\x10\xac1Q\xc9\xb2\xada\xdc\x08'
    b'\x0e\x1c\xd8\n\xc0\x02#\x03\x9c\xda\xcb\xa0\xcc\x8a\xa1\xd2\x92^)\xb2\x12\x16/}\x99\x97\xea\xeb\x8b\x12\x0el\x18\xd9k\x04h+\xba\xc5\x05z3\xbe\x17&\x87S\xd4\xdd\xa0\xf0\x10\x08\x0bQ9\x90|`\xc8}~N'
    b"\x9f\x12\x93\x9fS\xbb7c1Yh.\x1d\xb1g\nl\x0b\xe7~\x0c\x1b\\\x1a::'\xd9\xec\xb2\x1d=\xe8*`\xc5\x02?\xc0r\x04\xcd\xdb{\xf1\xd7\x8d\x9b\x92\xcd\x10_O\xa6_\xa2)id\x01\xe0q\x1d\xd9"
    b"8I\xfa\xd2I\xc0\x93\x9bk\xd4[_\x80\x9a\x1c^\x1c\x180s\xf8\x88\x84GJT=\xde4\xd5\x15'\xc6\xdf+\x8dlL\x88\xe4XW\xcd\xd5\x8e~\xf4j`\x08\xab\xaen>\xba\xed\xe9T\x0c\xfa\xb2\xe7\xe8E"
    b'\x89=\xa8\xb1E\xb7+\x0c\xee\x7f\x07\x0b\xd9`v\t\xdc\x90d\x17\xc3\xb2\x83\x08\xf4\xd84\x18f\xce\t7\x90\xa0LV\xd0\xf2\x85(M\x84\x8e\xe0\x99\xa4\x1eJ\xc0[\xbc\xcc\xaf\xf5T\x14t\x0fS\x1fc@\xae)'
    b"\x88W5\xb1:\x07F\xab\xd8)_\xa2]\xde\\\xe3\n\xa4\x1d\xcb\x8eN\xd6\xd5\x8c\xf3/\x963|\x00\x0eO\xeak$y\xb0\xd9\x1cx\x15FD=J\x16\xc1)\xaf'tB7\xd7v\xe2\x05\xb1\xac\x8b\xb9\x82\xe8"
    b" \xab\x8a\x94Q(?\x14\x99DZPHHq\xcc_\x91`\xb7\x10\x8e/^\xaa\xf0z\xb5(0\x1b\x16\xd2n\xd2\xc3'Dd\x8b\xd9\xfb\x19\xd1\x06\xf1\xd3\xae\x06\x98\x04z}Q\xcc\x94X\xbf\xbc\xff\x86\xae>T"
    b',\xe9\xfe\xa9\\\x89\xd8\x0f\xf6\xf2\xe0\x91\x8bM\xcae=\xfc\xdbx\x97\x9d\x15\x1c\xc4\x92b^\x1ac-|\x02\xfe\xe2l9.\x06;*I\x02\x03\xcc\xda\x92\xe8\xc0\xd0I.&\x84\x85PG\xb5\xdb\x91\xdf\xf9\x8bq'
    b'xu\x81\xe0\xc43q\xae\xe7\x00\xebJ\x15*\xd1\xf2@\x15N\x1f\x83\xa8\x89\xb3\xc9X(d\x19 \x054\x97\xd7pLl\x14\xe7\xcc\x91\xed\xd5e\x84\x8c\x0bS\xa2\x86\x9c\xedF\x1c\xad\x07^k\xa2\xb2g\xd3\xe1\xb5'
    b'\xa0\xab\xdb\xc2\xda\xbd\xfc\xa8\x88a_\x92\xf2A1]}\xa255.\x07\x9f\x9e\xc6\xc1\xf3\xa4h)L[RT\x02\xec$\x08Zgp^T\xb7\x84`\xb3\x02\xe1\xfa\xae\xa9\x91$JO;\xe4\xa8\xf5\x98\xd6\xbe\xba'
    b'\xcaZ=\xd1\x98<g\x86#\xc3\x17\x1c\xae\xf0\xa4\xac|\xa1\r<\x7f\xc6\xaf\x12=\x89\xb5\xdd\xc3\xf2\xbd\xa8\xd4\xd6\x97\xfc\x0e\xe0\xc2YRZ\xd4Eh\xf1\xc9\\cTS{\xa2/K[\x04/\xa1*+k\xd5\xeb'
    b'0\x1b\x1bB\xa5\x86v|#I\x1b$%Y\x13\x08\xf4Z\xf9B\xf5J\r\xd5O\xe9\xdd4y\xe9w#\x8aPs_\x84\x85\xf4l\xe1Cd\x1e\xf9\xc42\xef(\xca#\xfeE\x07\xa9\xceD\xaa\x0b\xe1\xe3\xdb\xe7\xa0'
    b'\xa6<\x92\x96\x9f\xa3\x89\x9a\x1b\xa0\x14z\x11c\xfc\xc5\xdb\x0eZ\xab\x0e#\x9ds\xbf\x7fR-\xd63i+\xb0\x7fE#\t\xf4\xa4\xa3\xe9\x08\xa0g\xbf\xc9\xe9\x83\xb5\xccYYr(\x9c\x1b\x97\xa4;\xed\x9b&\xedV'
    b'*\x1eHc\xfd\xa8`\x93\xf6\x9e<j\xfc\x94\xe6\xd6\xd7\xd6>\xb36\xf8\xb7C\xb1\x18L\x02\x05\xc5I\x02\xff\xf1\r\xf1;\x0c\xe7\xd4\xea%\xc2\x02b\xc2\xea\xee_\xa2f\x88\xe5,\x91K\x13\xd5\xec%1\xe9 \x9c'
    b'\x91{\xe4\xfc&\xaa\x1e\x05\x7f*2i\xb00\t\x02MjfJlLa\xa0\x97\x02*0\xdf\xbe\xe3\xf5\xa6\x8e\x8a<\xa9\xce\x1f\xcf\x8e\x98a\xdd\x0cI\x86\xf45FA\x9c\xf1\x9e\x89\xaf\x1c\xca\n\x7f\xa63I"'
    b'/LJ\x97\xe4\xa4\xc9X\xd3\x13\x16\x86q,SNt{\xc1@\xf8\xd5\xe7\xd9zG\x15d\xdd\x05z\xd9\x13\xf7\x81U\xdd\xac\xe5\xdeD>\x86\xdd\xa0;}0Q\xa6\x93\xc0{\xd7\x99\xea\x9a\x19\xcfq\xd7/\xbcj'
    b'\xcc\xf3\xc5\x15\x9d\x9eT%\xa2P\xd5d\xe9\xcay:\x11,\x07\xe6T\xe6\x9c\x16a\x9f\x16O\xab\xbe8\xbb\xa55\xcc\xcbi\xbb\xc6Vc;U\xc2\xb3D\xdc\xe4\x0c\x86Y\x88\xa6\xfcT\x96\xfa\xbd\x84f\x07\xfc$\x92'
    b'\xc3V\xd1\xd8\xe4<+\x18w\xb6\xec\xcd\xeef}\x8d\x16\xe5}\x12\x99;\xa9\n\rR\x19\x13\xc8(\xcb\x18\xec\xac:\xe8|8C>\xebq\x1cz/\xe3\xec\x92b\xb5EQ5\xfd1\x87\xc11M#\x0bN\x8b\xa3'
    b"\xe2\xf0U\xf0\xa1\xf4\xc4\xf2\xa0\x16\xe7\xe7t\x881Nv\xdb4\xa7\xcc\x0bbP\xbf\xbc\xa4\xe3(\xec\xe8\xab\xc1E\x81\x84\xd7\x8a\xe9\x89\x03{\x11`\x95\xb9?>\xcd\xdc\xb8Z\x90\xd9\xd1c:\x9c\xb1\xae\xb0'\tM"
    b'\xdf\xbf}\xf3\xe1\xc7\xf7\x1f^\xbd\xfd\xf1\xbb\xf7\x1cY\xbe\xb1v\xa0/\x8e\xfe\xe77\xdf\xff\xf9\xc7\x0fG\xdf|+\xaf\xf6\xc3\xab\xf2z2\xfb0\xbc*"\xf0\xb53\xd7\x12qxO\xef\xcbv\x94\x1fc\xf9\xa7\x9a`'
    b'\xa3CWa\x91O\xbfQ\xb7\xb6XBT\xc3\xb5\xf6\x13\x830\xd6\xa8\xcd\xca@\xe9B\xd6\x10\x0f8[5\x9cF\x96C\xb7\x8b\xfa\x91:\xbc\x1d\x7fC\x9a\x8dr(\xc9(\x87t\xdf\xed\xd2?\x9c{\xb2\xaaz\x9c\x1b'
    b"\xf3\xaf\x0e\x0bs\x19\x7f\xf9\x06f\xd6\xa3\xba\xb3\x0e\xf1\xe4\xc0\x90\xd6\xaa\x13E\xbc~\x98\xcez@{\xd3G\xe0\x9b\xb9\xf5i1\x0e95\xf9\xb3\x8c\xabp\xef\x8f\x87'\xc9\xfc\x0c\x1dx={\xf99\xa7\x8e\\\xc0r"
    b'\x94P~\xd6\xd8\x8dx\xd7\xf8\xbdW\xf1\xe3N\xd6\xf46\xe7\xfc?\x92rV>\xc8\xed\xb2\x83\xe6\x94\x83\xf3&8$\x1dL\xa1\xc1Z\x11\xa4\x15\xfb*\xd2>\xf1\xe5\x9e-\xe5a\xc0@\x979{=\xb0W\xf8\x88n'
    b"U:\x85\xb2!\xe5\xd0\xe7LLDG/\x98,r\xe7Lo\xc6L2\x18F\x91:J\xe6\x19\xcd\x89'=\xdc\xc0^d\xfa%\x99\xfc\xdd\x97\x12\xf11\xff\x89\xd5\xd0\x0f>\xb0V\xd3\x0f\xe6\xbf\xec\x93\xfd\xc4\x06`"
    b'\x90\x05\x9f{=-\x1c(H\xa5aiL\xde\xa2\xdf\nLGP\xcd\xf2"$>HT\xb8\xb2\t\x8c\xfc~\xc5\x84\xb4-\xe4S\x869\xa3+%\x0eW\xd1.\x87\xccI\x15\x83\xaf^"\xa3o\xbbu~\xb7\xca\xe4'
    b'\x90\x9d\xd3\xd7u\xbc\xfc\xa27\x19\xdf\\_L\xf3A\xc1\x9a\x0bxs\xa5p\x12(4-\xca\x9b\x91}\xfa\x9b\xd3\xff r\xfc~\xc6z\xcc\x96\x92\xf1VD\x0f\xd2V\xcb\x9b\xb3\xb3\x02pYMX7q\xc8\xa1\x8a'
    b"\xf6\x81\x84n\xb9\xb8%\x85\xd6\xbb\x9cl'\x1f\x80ZW\xa2}{\x93\xc6\xe1\xf4\xaeof:I]\x16D\xd9\x7f:\xc8j\x0ft)0D`\x9b'\xf0\xc1%*H\x9f7\xcd>\xcd(\xe6?\xc1\x04\x1e\x17\xb7\xd9"
    b'[\xba\x88\x86e\xe15\xff$]\x8d\x82\xcc\xeb\xbf\xf8\xd3\x96\xe9\x9f\xb5P\xa1\xddB3p\xa5\xed\xc9\xf0\xdb\x12>]\xab\xb3xy\xab\x0b\xac\xa4\xba\xfc\tI`\x1fY\xec\xce\xbc%%*\xd6\xae.%hl\xf9\xd3'
    b'\xfc\x11\xd9wp!\xe9\x95\xd9\xbc\xeaW\xc5f>i2*[\xa6Z\xcc\xb6\x9b2\xb4\x8f\x14U\xbd}^\xde\x8f\xcf2\xef\xb5\xf6\x93l9(\xa3#\xb7\x8b\x98\x7f\xbau\xe0\xabZ\xdb\x9eF\xceP\x8a#k\\\xed'
    b'tu\xe0\x16\x81F\xb8,\xcd\x11\tN\xe5\xecm1\xa5\xed\\\xf2\xc2\xfc\xc2\x19\xaf\xfa\xfe\x04>(,\x05mGI\x1e\xe7\x96\xda5E\xeb\xf5\xf5pT\xbc\xc6\x02\xb6[\x8e\x8d\xf3\xeb\xa7g\x88k\x84\xf3\xf9\xa4\xf1'
    b"\x94>DS\xfeO\x12\x1f\x14\xbfC\x9e\x85\xf9\xb8\xa5sE7-3\xfb_\r\xa7\x10\x01\xef\xdf\x02O\xb6\x1d:\xc6\xd4\xbc\xc8\xea\x9f\xd7\x15\x0b\xc97\xe3>\xca<\xd0\x05\xd24\x075\x8a\x11d\xb0\xa2'\xe0\xdc<"
    b'GG\xa7\x93\xe9\xec\x15rZt\xe8\xdac\x16\xcc\x12\xd8,=\xe4\xb9\xbd\x83\x04\xf9kA\xda\xf4\xe6^\x9b\xac\x07\xe1V_\xbe9z\xf7\xd5\x8f\xef_}\xf8\xf0\xed+\xe1dw\xd6\xd6\x8c\x95\x95\x97\x1f\x8f\xbe\xf9\xa0'
    b'\xfc\xefv\xf5\xdd\xd1\xc7\xa3\xbf\xe9\xbb\xb5\xea\xbb\xb7o\xbeU\xe6xc{\xad\x92\x92\xe9\xbe\xfc\x06\xa8`\x8eQ\xd5\xf1=\xfb\xe1tZ\x8c&\xf9\xe0\x87\xf2O\x87\xf4\xff\xf9\xcdl\xf2\xc3\xe9\xb3\xa1\x00\x97\xa1x\x18\xfc'
    b'\x97\xaf_}\xf9\xaf\xc4\x87\x07x,\xc8G\x1a\x85&\xe8\xd9!>\xe6\xbe\x98\xf581T\xe58q\xae\xd2/\x99\xdb`\xae\xb9\xe9\xfa\x14r\x13VE\x14\xc0\x83\xe1TvqmO\x07\t\x8av\xcd/Bv\xfbP'
    b'\xef\xfbHP^\xb3\xfc\xd4\xb5*\x9d(\x99\xfe\xa8o\xcd\x0e\xac\xdbA\x9f\xf6\xb0\xe0\xed\xf0\xe9\x9c\xb80\x981+E\xcfF\x93\x08\x07\xa7\xf3k\x18\xac\xf5\x9dj~\xc0\x86\x83\xf7\xd0@}@m\x8f\xc6\xe5m1-'
    b"k\xd3\x05\xcf$\x8c\x00\xcc4\xe7\xc6\xb9Gj\xf6\xca\x9c\xc1\xa7\x81\xaaw\xaac\xfa\x9d\x06\xc9\x0b\x8f\x13V\xfe\xbe+\x9aN\xa4\x12\xc9v\xb2\x82Z\x99\xbe\r\x9c\x1f\xfe\x05@\xdf\xa3\xc4\x01\xda\x85\xef'\xb3\xafY\xc1"
    b'h\xf4\xa1\xfa\xb5\xd5\xce\xd3\xe5\xe8\xc4h\xae\x85\xf3\xc3U\xbf\x9eL_\xf2ii\x8bI\xb5k~c\x7f+f\xf1J\x19\xd0D\xaa\xff\xf0W<I\xe3\xc9m\x9b\xbd\xfa\x12\xba\x10"\xc1q\x81\r\x9a\xcb\x06\x02\x13\xf2'
    b'\xaa\xd1\xee8bw\x0f\x07\xbc(I#\x10\x88\x10\x9e\t\x92s\xdb5\xf9<\x0c\xcbfQ\xe6\xe2\x11\xa6\x0b\xe9PI\x1a\x9c\xdc\xcc\xf4a7\xa5S\xc8\xc4\x10\xcf\xe8\x18\xb2\xb1\xdd\xa6qCE\xcd\x1aJ\x1c\xeaX\xd3'
    b'P\xed\xa7\xf6y\x1d?\x87A\xd5k\xcf\xbaMS\xa5$5\xdc\x88n\xa6\xe29\xc9\x00r5\x1c\xdb\xdf\x0f\xc9\xa8x/\xc9\xba\x86-4\x9e\xdc\xc6\x91\xc7\xd15\xbd}\x8a5 \x1e\xc1\r\xee\x0b[\xde\xf8\x9dq\xc3'
    b'D\x87\x15]\xbd8\xce\x87\xd4\xb3Q\x06U\xd5X\xdc\x7f\xbc\xccg\xaf!\xee\x14\x03`Sv! :\x1d\t\xa2\xc4\xe9\xab\x8c\xecu\xcc\xd9\x81\xe5`:6Y\x8eC\xe0\x80\xcep\x150\xd1\xcf^1\xf3\x88\x87_'
    b'\xff\xd54T\x13\x88q\xc4\x1d\xbe\x9cLfU\x17\\`a\x19N\x8f\xdcV\xbd\xec\x1bA\x98\x10\xe5Wp`\x10\xbf,`9\xb0\xd3\xf9\xe4\x8a\xc4\x0c\xf6K\xaf\xc5z\x06\x7fY\xd3U\xb1{\x03\xcf\xd6\xd9\xe4\xfa\xde'
    b"\xe0+0\xb8\xbe\x8e\xcc\xfb[\xbd+\xd8'\xa2\xda\xa4\xc0\xae\x8b\xa7\xa7\xf9i1\xf5g\xc1\x92e\xea\xa9FL\x06\xff<\xc0~&3\x17o\xcd\xdb\xbc\x1c\xaf0\x1d\xbb\xa6\xf1\xc0\x93\x94\xa3\x92\xc4\x99\xae\xaf\xadI\x94"
    b'yh3i\x89\x83E\xea\xfa>Z\x99\xeb\xe9\x84\xee\xa2+\xcefqM\xacO1\xe8!^\x0b\x1a\x00F5iu\x1a\xf9\\\x16\x0bj|n$\xe4r0\xe9\x10\x8c\xd9\x04#E\x0e\x92\x01\xb5~\rC\xe6\xad?'
    b'\xd5\x82D\x9c\x8f\xc6_\xdf}%\x02G8\x07q*\xd9\xc1D4\x89\x16"\x179\\3#p \x03\xb8\x13\x04\xd9\x8f\x86?a#\xd0\xc6\xac9I\x8bd\xd3\xcb\x98\xe7\x8b\xbbC\xd1T5O\xe0\xb8P\xa3\xc4\xd7'
    b"\x7fMV\xbc\xd9\xece#\xfdrr3\x12\xff=\x08\x9dn\xe7\xf1\xca\xe8'\x13_A\x9b\x1e\xbe\x03\xbau_\xd46\xe0\x91\xa1\xab\xc8\x8e\xa5\xbd\x82\xe3t:\x85\xab.\xd5d\x15n2\xb0T\x88\xe6\xee\xbf\x86K\x8d"
    b'\t\xac\xb2\xe2R<3.\xef\xe8\xfb\x1f\xdf\xbd:\xfa\xf2\xf5\x8fG?~\xf5\xee\x9b\xff\xf9\x8a)\xcc\xfduA\xdd\xcd\xe7\x91\xd5\xce\xa2=1\xe3\xf7Dl\xccC\x00-\xff\x12\xee{\xb3U\x9c\x87;_\x9eh\xe2\xa5'
    b'\x0f\x89\xd7#h\x0c@h\xd8\xf3\x88O\xb1\x98\x15\xe8\x88\xc8\xf9\x8b\xdcB\xa6tl\xecxP\xf5\xaa\x82ox\xf4\xde0\xfcCfE\x19j`<\xba\xd7k/\xd0\n\xd1\x84\x81\xf3\xc3\xbc\x06\xd8\x01I1\xca\xc3\xc2'
    b"\xcd\xfb\x0bw\x1a\xac/\xdcM\xf21\x1f\xc5\x90`c\x97\xbc7L.\x98\x1e2AC{\x1f\xdf\xbd\xf9\xf0\xea\xc7\x7f}\xf57\xd8\xd8\xef$}\xc1t\x15\x05[\xae\xa1\x1c\xf1\xe6,&\xfb@i|\xa8'\x028\x0c"
    b"J'57O\x1c\x02xt\x9f\xdc\x86\x1d\t\xf0\x9d\xff\xc6R'\x8b\x9bi\xb6\xa5\x0f\xbf\xb6\x0b\x1c@\xb5`(\x88r\x85H\xb7f\xc0\xb5\x90v\x88\xe23\xf0\x82\xb8\xb1\x0cg/Zf\xa0\xf9h\xc6\x18\xc9j#"
    b'\xa17\xe8cr~\x1e\xec\x1a|\x83\xa8\xd5P2~\xc1o\x15D\xab`\xac\t9\xbeS\xcb\x88"m\xd1\xf5!+\xaad\r>2\x1c\xf4pR\x97[R\xca\x179\xb6\xe14p-UMAD\xaa\x95 4\xc7'
    b'\xb8\x0f\x1d?LM<*\xa9?NU\xab\x9c\xacWuM\x8b\xf3\x9b\x12\xfb\x95y6\x94h\xb7Rr\xd9rd\x0c\x85\xb5\xe9\n\x15\x0e|\x07\xe4h-\xeaI\x9e\x13\xb0\xe1\xf1\n\x92\x1a\xce>kd\x87\xd3\x83\xf0'
    b'"\xd2\x00\xe4\x01\x90iR"\x80\xb9I6\x9dD%F\xca\xcc}\xdd\\\\\x86SK\x14\x03\xb2\x054\xf2\x89\x8c\xe1\xfa\x9d\xa7\x91\x87\x06\xbc\xd5\xf1Q\xb5\x81\'\xa6\x11\xbd\xc1\xa6\x8a}++\x00\xbf\xed\xff\xbc\x19\x16'
    b'3q\xd1V\x9f3\xbe\xb7q9\x07\x9f\xb9kuU\xd5;\xc5v)U\xd2\x9c)rPbd\x9e%\x88\x93\xbf\xc6\xec+\x10\xe2L\x06\x13\x97XI\xc2\xd5\x16\x19\x1b\xb8\x94\xaco,\x9f\x9a\x97Z\x95\x97\x15s\xc4'
    b'\x97\x02M<\x08[\xc0\x175\xd7\xd7/\xe5\x80\x14\x08R\x97<\x9d\xb4\xb1\xb1\x8b\xd8\x8a\xad\xbf-\x94\xef\x0bd9\x0b%\x14X\xc3\xf8\xc5\x05A{b\xd2\xe4s?\xa4\xdd\xcb.\xd8|+WG\x15\x13\xa5\x84+/'
    b'\x88MDe\x1e\x9f3.\xa5\xf11\xa1|:g\xd7$f\xe6SI3\xeb\xca\xcc\xd9?\x82\xd5\x9e\x13\xfd\xe1\xd8\x07\x14\xd5\x9c\x85FF\xd5\xc1Q\xb7Iq\x86\xc4\xb2D\xe6\x91\x88\x14\x1a=&N\x060\xfa\xc4\x83'
    b':\x07s\x9a\xda\xe2\xf8\xdf\xe7\tQ\x0b\x06\xb5|\xc6\x86\xc2\x84\x99C\x01v\xaek\x07\xbfew\xab\n57\xa3\xaf\x84\x89\xb2\xf0\x87\x0c[\x19+\x8b\xce\xef\x88(_p:T\x89\x15\x10\xf6\x93\rq4\xd6\xef\x99'
    b'\x95\x85\xd3\xa7\xba\x10\xc3\t\x14\x10\x14\xd4\xca\xcdu\xa6\rc\x83\xc3\x8f\x9b\xc6\xaeM\xac\xb0\xaf\xf2\r\x93qD\xa6N\'\x17\xd3\xfc\x8a\x1d>\xa6t\x970\xa7\xe34\\\xca\xf3~3\x16\x9e;\xd0\xe7su"\xfb\xe5'
    b'!\xb1W\x9a\xef\x81\x08:\xc2\x15\xf7\x80\x10\xd2\x86v\xa7\xc1K\xd1\x0b\xc0\x96\x8e\r \xf2\xec\xa8y\xc5\xd4\xb9\xfd\xec\xdf\xf1\xcd\xed\x1f\x06\x9fw\xfa\xd9\x8bv\xefO\x9d\x7fy\xe6\x05X\xae\x12I3F\xa2\x91\xe9x'
    b'u\xbc~\x12\xc8p\x1b#\xe7e\xe1\x9d\x14~\xd3P\x8fO:\xe2\xc7)u6\xac\xceC\x94;\xa8e\xb3m\x03\x02\x88\x87(j\x11\x97^\xc3\xdaT\x90bW&\xf5\xffp\x01\xebT#\x84\xae\x04JU\xe5\xd6*'
    b'\x0c\x18o \x05\x83a\x86\xab\xac\xef#\x17\xde\x864>h\xc7\xc4R\xe6\xa9d\xd0u\xb6\xcb\x16/a\xbf\xf0\x8ff\xad\xe4\xf8\x93\xb7\x02\xc6\xdfN\xd0{\xcf\xcd\x85\xd8\x18\xbe\xc0\xea\xb1W;V1\xde;\xb2\xd2\x91'
    b'a\x8c\xbcW\x8dW\x94\x90\x1bk9^[\x01J\xdb&\x0b\xe1B\xe1 TCi\xc2\x98c.J\x13\xea\x0e\xfd^\xb7)\xe9\x051\xd1"\xd0\x11n{3e\xfa\xf8\x01z1\xbf\xbb\x83;\x02\x8f\x8c\xad\xe3\xd6\x8c'
    b'D}\xd6\x8fC\xa0\x9d\xb3\x1c\xc4~-f\x1ad, ;\x06e%\x17\xa7\xa8\\R\xc7^\xc5\x9f\xb3\x8f8\x16\xcb\xfc\x89\xd3\x86\xc8\x01\x0e\x991\xa9\x03D\xdb\xe3\xfc\xc5b<v\x9c\x08\xde\xe8\xfelf2\xca\xcf'
    b'?O\xe5\xb2\xe6\x96\x1e\xbc\x8e/\xf5\xac,W\x8d\x0cI\xbcmZ}\x8ece\xcd?\xb3\\\xe5\xcfY\xf9"\x13Q\xaf<\xcb\xaf\x8b\xd7\xb3\xabQ\xdb\xc1\xc7e$\x91\xfb\xf6b\x9e81 \xf6~*\xee\xcb\xb6\xcd'
    b'X\x13m\x8aS\xec\x10\x9e\xf8\xe1\x17\xba.\x16p\xeb\xa6\xe6a\xb1\x0b\x88%\xd1\xe8$\xbek\xba\xde:p\xbf5\xaaN\ts\xda\xfb\x9ee\x9a`\x1c\x83\x95]G\x0e\xf3\xfc\xe5p0\x80Y\xf6)F\xea\x0c\xf7\x95'
    b't\n\xb2\x11i\xe9\x99\x8dh\xbd\xd1[\xb1vh\xebr\x8a\x8a\x84\xbc}zKa\xc9\xf4\xb53\xf6\xaa\x93\x93U\xef\xc4]\xe3\xe8\xa5\xd7\n\xb2\xf7#\x1c\x86\xe3T*\x02\x87;\xfc\xa7\xc6\xae\xb0\x90\x15\x13xJ\x1a'
    b'\x9d\xc78\xdaT\xf2\xc0\t\xab2\xdf\x15\x86\xc0\xd4\x8b\xa75\x8e&\xea\x19\xd1x\xf3+0\xa6c(\xbb\x83\x8c\xe3\xd5\xe7\xae\xe3\xba\xfa\xde\xfb\x92\x96\xb3\x8f\x9ar ^\xd8\xfa-\x95\xb7\xa3\xc9Y>bs5\xfb\xa4'
    b'Q\x9b\xdf\xcc\x8a\xabv\x10\xabY\xb3Qw8@v:\x1d&h\x88k\x91\xeeL}\xa5W\xa2X\x0b\x04"\x91f\xe9|8\xbdj7H\xce\x9dN\x83.\x08Zv\xf1\xf5M(\xb2\xc6\xb2\x8b\xffXK\xdd\x04\x95'
    b'\x1d\x12m^/q\xc2\x15\xa6L\xe2\xd7\xf8(:\xa3\x9e\x0e\x96\xed\x11u\x05:\xed\xe0\x10\xc5\xe4\x14m\xbe\xb5$\xd2\t\x81\xfeh%\xb5\xd5u\xaa#0\xdd\xf0\x02;[m\xc1?\xc1\xe2\xa6\xa6\xc7\xc7\xccl8 '
    b"\x02\xf7\xf3\xab\xf6\x1aO\x06\xea\xf3$\x88uT\x84X'+\x07~\x067&J\x07\xf1c\x14@Ltg\xfa\xbdXV\xf7bW\xbah\xdc\x91\xca\x9b\x08\x97t\x0b\x0fJ\xdc\xc7\xa1w\xaf\x7f\x19\x98\xa8\x00\xc5\x0b\xb2"
    b'5\xab\x92ES\xaf\x06FJ\xb8\xa3\xdal\xfe\n\xf3M\xea\x84\xe9\xec7ps\x1d\x0e2\xd1\xe3\x1b\x7f4\x14\x80D\x0b\xcf\x14\x045\xda\xe0\x97\x96n\nK\xe4\xfc\xf4\x07`[\x9e\xfdp\x8a\x17\x87W\xf9\xf8&\x1f'
    b'\xfdp\xfa\xcc\x99\xa2q\x02\xe7\x95\xb0c\xf0$\xc0\xb7aBE\xe6\x16\xfcP\xbd`\xa2L=\xbc\xf2\xf3*\x91\x99}U\xb3\xae\xce1Y\xb4f\x13\xd1\xb9F\x95\xeb\x93\x98A\xc29\xb8\xab\xccb.u>\x97-\xba'
    b';\xbd)\xef\x05e\xa7\x18B\xce\xe3\x10LXO\xc6\x00\x9d\x90\xfe\xa7,W\x819\r\x1b\x96f@\xdb>\xac|{]O\xfeFt\x10\xb7\xf9}/jWyQlTA\xb6\xc2P\xa4O\xae!F\x90h\xf4\x00'
    b'\xf2\\]mn\x1b\x10f\x06,\xe2\x02\x95\xb8`\x08\xa8[\xf5\xcfj\xbf0\xf4\x00KE+\x01\xb0y\x9c\xbe\xc2\xf2\x89Ox\xd0\xa6\\\x14tK\xa0_\xc6P)\xc8 \x86 G\x84jI\x82W\x9fPl\xb7e'
    b'g\xb3:B\x08\x076\xa9zN!0\xe5\xd99\x9d;\x05\x11\xeb\xd5&\xf3\xb1\xe9\xab}\xc8a\x1a\xa3\xbah\xb4\xd0\xc9\xd4\\Aj\x88\x87\x8f[\xef\xe4\x94\xdb\x86\x08\xcb\xdf\x04\xac\xd3\xfa\x1a\xa8\xc0\x1c\x9e86\xfd'
    b'\xb5\x04\x07\xc7e\xef\xd5\xe1\x11\xebc\x08\xe1\xd0f\xf2\x8b\x9a~Y\x01i\x95\xe5\xb7\xaf\xfc\xd9m\x1a\x13>"\x1ca\xa7\xd3\x03\xc8\x1c$U\xa9\xbc\x82\xcbOe\xb6\x1e+\xa5\x1e] \x9bx\x80\x08\xf7\xb2\x8f\xea\x94'
    b'\x7f\xae\xd8\x172V\x9e:\xe6\xf9\xa0\x01\xe1[>q\x14\xd7\xab\x14\x88I\xb5\xb5\x86N)\xba\x1d\xf8\xf7\x07U\x19KoM\xef|p\xcb\xf1\xdfM\x0e\x83\x8b\xad\x8a\xc6\x04\xe0;L\x10i\x18x\x00<o41\xfb'
    b'\xb9\x0bF\xe6\xa7\xde\xc8\\\x97\xff\xc3\xb5\xf5;\xda\x15\xff\xedf2\xcb_\xdd\x9d\xc1\x8d\xb3\xaa/\xf7\x86\xda\xb0\xf9h\xdfI\xa6\xb5@un\xc5\xe0\x88\x04\x8a3\xd89\xe8\x00|U\x8c\x8a\x19\xc7=\xd4\x89d\x08\xca'
    b'\xa5\xd5\x81J\n\x86\xf3\xa1\xa8\x8d\x99q\x00\xa6\xe8\x126\xc5\x06\xc5y\xe4\x8d\xeb\xea\xf6\xf8.1\x9b\x0e\x86\x036>\xe3f\x89\x0b\xddh\x8fLN\xe1o\xb3L\x1eh\x06\x86\xc6\xcf} \x06a\x9c\x8fF&\xa9\xd4'
    b'\xa5\x8f\x9a\xdc2G\x14i,G\xc2X40\xceQU\r\xd5T\x98q\xe8\xb7x\xb3M.\xa0\x80\xed&\xbc\x17\xee-\x1a\xed\xb0\xbcT\xf8g\x0e\xe9\xbe|\xf2\xa8q\xe11a\xcf\xd6\xe8\xa8\xfc\xc9HS\x90\x04\x92'
    b'\xa3\xf6\xabY\xb8\xcd\xed\xb5\xc0\xb7\xa5^Z\x86\xf8\xf5\xab\x05\xb6\x84\xea4{\xf0\x04\xb7\x12u\xe1\x11F\xfb\x17\x81\xb1aK\xd3;\xaa\xc6\xcb\xd8zh\xa8\x14\xc9D\xd3a}\xcc\x17q\xb1[J\xfd\xc4\x86\xab\xaeF'
    b'\xe5\xe6]\xcc\xa2\xb8\xfa\xcd\x9e\x1e\xea?\x12\xf6\x02\x11\xfa\x8b\xc9d\x90\xb2\x1b\xfe\xebx\x1b\x8b\x9e\xdb\xb0\xc8n\xa7\x93\xf1E\x10\x1e\xe7(U\x9b\xa9j\xe2\xb3\xc0\xc3f\xbf\x89\xb9\x84!\xa5\n\x15\xc7\x83\x83\x05\xda\x0f'
    b'\xb1I\xcdKh\xef\x9dQ\xb0S\xe0\xf2\xfd\x04\xca\x8b\x9aw\xc2# \x06\xdaS\x83\xaa"\xae\x943]\x83\xd3\x8e\x9f\x06\xe7\x80\xe1\xd8\xe2\xdch\xbfp\x98[\xaf\xd5\xa9\xc5\x0f\x9afWr\x94)z\xda\xef\x02\xca\xf1'
    b'\xe1rZ\x14\xb1M\xb6\x80W4\x05B\xc9\x18\xac\xd3 \xbb\xfa\xc1t\x94p]\xbc\xfb@\xe0T\xce\xe0\xe6\xdb\xe2\xfe{\xc8\xb6\x9cN7\xd4\x9b5KN\xf9L\x84$\x0e\x98\x8f"X\'\xe0\xd3D\x89G\x11\xa8\x04'
    b"\xa4I\x1d\xae\xd4\xe2\x9c\xb5\x8d\xd9\x96j\xd3\x8b\xf2\xb0\x83\r~\x0f\xda\xeb\xe6SAH\x05\xce'\nPW(\x8d\xf69ZC\xf0\x80\x02\x93\xc8\xe2\xb0\x18\xa3D|\xber\x88\xcfAp\xeff7%\x0e\x8bJ\x1d\xfc"
    b"\xb6\xf7\xc4\x85lV'\xcbp{&\xe3'\x12\xe2E\x03\xe4\xfcQ\x87\xd9/2\x85}=\xca\x98\x99\xd7\x98/\xf5\x0c\xed\xda\xc4\xc4H\xdd\x0b\x123\x7fyp\x97\x92\x96(\x13H\xc6\xae\xba:\xb0\xea2\xafZ\x8f\x03"
    b'\xea\x9a\xdec\xc5]~u\xcd ,9\xfb9\xf5e\nh.VJ\x99(\xb6/\n\x9a\x88\xf9\xae\t\xcc+\x82\xc1\xa6\x178?\xe2\xee\xc2\xb2\x8a\xb4o\x08\xc2\xd2\xc7\xcd\xd5\xe98\x1f\x8e\\\x98,\xf3\xb0e\x01\x84'
    b'\xb2\x00\xbf\xd2\xcb6v~\xc4X\x7f\xb4\x8f\xea\xfdG\x19\xed\xf7W\x98\xbf\xb7\xef\xde\xfc\xf9\xdd\x11\xfc\xd5\xe1p\x91NC\x06\x87\x17\x193\x9d:\xf0\xbb\xd1\xf0"\x13\x81\\\x02\x9a\xf4\x98_%\xf6@nD\x11\xf9r'
    b"\xc3\x9aTE\xbf\xf5l\x81\xd0\x1eB\x1e\x17\xa7\x96c\xa9\x061\xe7|\xfb\xf0\x0f\xbe9\x19\x9aAmN\x0e\xe6)\x18'\xe3<\xe6\xa5\xd3\xdc\x98\xb5\xec\xaa\x1bV%\xfbO\xe2C\x839\x89\x8e)\xa2\x99!\xf7\xb3\xf1"
    b"\x7f\x9c\xdd2\t\xe6\xf6'\xfcu\xb7t\xcb\xd3\xe6\xfd\x99\x95'@f\x86QU\x10\x9b\xc4,\\\x9c\xd3\t\xb8\x81\x05\xebzxm\x85\xad[\x1c\xa3\xb1\x84\xe3\x9e\xe5\xd3\xe9\xbd\x08mG\xd8\x1a:\xe7\x86<\x05\x87("
    b'\xf5n\x84\xef\x1a\x8f\x9fM\xb8\xc0\x8b3\x01}l\xd9(\xe0i\xa7(7B,\xf2R\x12\xcb\xc6\x15\xe1\r\xaf\xeaU\xb7 j\xdaB\xe7\x87\r\xabf\x86\x02+C\x92\xba\xfe\xecq\x83\xd5\xbf\xcd\xbb\xa0\xfa\x18Q\xdf'
    b'\xde^\xa2\x8bT5NY\xa2\xea\xb6\x9dmT?\xe6\xa1\x98\xe95\xa2\xd0\x98\xd5\x88\x84\xef\xfcf4k\x018H\x1b\xe6\x11\xb8\x8c,Q\xd5@\x8d\xc4\xc7V\xba\xa7M\xc8\xc5\x19\xdd\xf4[\x01\xa9P&|\xe1\xc0*'
    b"\xb67z_q\xe1\xa7'!\x9b\xfd\xb3\xe3\x7f\xb4N\x9e]\xf8\x8c\xf6\xd2w\x13n\xab\xd6\xc7\x18\x1a{\t\xa1$\xc7?\x94\xfd\x13\xd5\x9f\xe0\xd5\x8bl\xa5\xb5\x02\x0c\x82\x0b\xfa/\xff\xee\xf3o>G\x15\xb1\\MJ"
    b'\xff\x887\xebG\xbd\x88\xe4\xbc\xc8\xfd\x81\x93PfW4\xb42\xb8\x14t\xdd\xbd\xe3!\x95\xa2\x8eM\xdd\xfb\x98/\xbd\x19\x97\xd5\xe0\xed\xef\xb8\xb5\xf7tA\xa0\xb5\xb6\xfb\xa0\xa7a\xba\xb5}\xf6\x91Lc3>\xb1\xf2'
    b"\x13<d;\xa2\xf8e\xc0\x02\\\x85e\x8a\xe6L\xf1\xd0\xff\xa9\x18\x9b[\x9a\xea\xab+-\x87\xb02\x14\xb5\xc4\xc1z\xc52\xebV\xab\xe0\x81\x94.J`\xa7\xc4\xf39\xa74<\x0b\xa8X'\xed\x07\xb7\xb7\x00M\\"
    b'\x94!,*\x19\xa6\xbb\x10+\x95=\x13\x11\xed\x82\xa1\xa2\xdc\xab\x95:\x8e_\x89U\x9e\xfe\xbf\xc4\xbdm{\x13I\x926\xfa\x9d_Q\xa8{\xc7R#\xcb\x96\r4\x08\xdc\xbe\x0cM7<\xd3\xbc<\x98\x1e\xf6\xac\xed'
    b'\xe6*[e[\x83\xac\xd2\xa8d\x8c\x07\xfc\xdfO\xc6\x1d\x11\x99\x91Y%\xd9\xf4\xf4\x9e3\xbb3\xc8UY\xf9\x9e\x91\xf1z\x87\x14QKg\x02\xd8\xcc\xe6\xeej\xae\x0e\x1b\xfe \xfc!\x92\xef\xf6\x1a\x0e\x83\xd9\xef-'
    b'#\x13K\xe5\xde^K\xaa4TG\x920\x15\xc0\x1f\x03\xae\x01\x80\x19\xca\x1a\xe6\x8dw\xc3_\x82\xd7\xe6S\x113V\x1f\xa0\xc0\xc2I \x9d\x054\xee8\xb7\x03\x83\x16V@1\xaa\x9f\xedtY\xde0*K\xe6b'
    b'\xcd1q\x9f\xbd\x06\xd74\xf4\xa4\xd3\x80\rs=[1\x168\x929\xdb\x07\xbd\x1d\x0b,\xcb\xdfP\x19\xfc\xea\xb1V%\xfc\x8d\x9enG\x7f\rj\xf4\xd2ztH0_\xc3d\x0f\x18.\x15c\x06-Q\xf7\xa5n'
    b'\x80uF\x03\x8a)\xcf!\r%\xcf\t\xe0*F\xb3\xb3\x0b\xe2K?N\xca\x0bN2\xe5s\x930\x8a!nV\x02wf\x1e\xa7\xba\xac\x88@\x7fB\x1e\x07w-\xb8\xe6\x0b\xe8\x86\xf3\xa1\xf0\xea\xb8O\xddm\x1a_'
    b"\x90\xbf\x94\xb36\xb3<\xe3\x12q\x847\xbe$\xed%\xb1\xe0\x8eh\xbc;\x88\xaa,\x02-X\x9c\xdd\xe8s\xea\nW\x9eP\x9d\xfe\xbaR\xdf\xa8\xdb\xb7\xed5\xecC\x8e\xdc\xe0'a$|\x93\xbb\x0e.\xb8`\xec%"
    b'-\xdbG5\x06;z\xddr\x84\x03\x83<t\x81\xcaN\x1e\x85\xc5\xe79+\x12D\xdfA\xed6yO,\xe0\x06\x14\xcdh\xd1\x84D\x80F\x8c\xf3\x93`\x92\xeb~\x8d\x11\x82\xfc\xe3\x80O\xc4\xe8\xb5QH\x13f\x83'
    b'\xfd\xbfb\x1d\xbfy\xd1|2\x1fEX\xb7\x94\x82|\x19\xe8\x08\x00\x9aZ\x06\x02\x97>\x88\xd4i\xb7y3j\x89\xdd\xa7o\x9f={\xf5a\xf7\xc5\xff<\xdbm\x98\xcd\xd1\x84Dh\x1b\x91\xcc\x9e\xaax\xbb\xb8\x1f\\'
    b"\xc0\xc6%\xf3\x93\x9e\xf2d\\o\xedu<\xe3\\\x081\x9a\xadV\xad,\x8f\x15\x83\x8ag7\xad[&!B8G\x15\x01\xc1 \x9d0'\xa1\xb1\x97\xec\xa2\x80|\xbbl\xf2M\x92\x0c/8t\x9a\xa0u\xddY1"
    b'4-}\xeeK\xa6\xd8\x15\x8c@\xb5XW\xc5>\xe9\xc5\xd2\x1cP\xa3\x89\x13\x9d=\xb6\x19\x15\xf6\x0b\x11\x06\x02G1[d\xe1\xae\xe1\xd7\xe5\x04\xd5.\x98";A\xa6\xc50\x8e\xc4\x9b\xcfL\x92V\xdf\xbc\x04:\xb1'
    b'Z\xba>\xa1\xf8\xde \x93\x19F\xdeQl7\x1e\xc9\x01\xafXFL\xc1\x88~\xb3"[A\x94*\xa4GA\xba\x94ip\xb7I\xdc>A\xaa\xcb\xa5IbX\xf7\x1d\x0e\x03\x15\xef\x01\xf7sK\xa3\xd0Z\xd1\xbb\x1a'
    b'9&\x94\xdd\xb8H\x04A\xf67\xb2{W\x8f\xe2\x12\xde\x95\x9b|;Y\x91\x12\xa6\xc1\x8d5.\xbd\x84B\xe0\xfd\x02\xd5^|\x1e\xe0d\xe8\xd8\xb0|n\xe16\xbe\xe1(PS\x91/\xdf\xe2\xc3p\x15x\xc5hE'
    b'\x80\\V\xcen\xbe\x1eT\xb8y5\xf0\xa6\xb6\x16\xf4\xd4\x16H\xbc\xeb\xef s\x9cL\xb4-\xb7p\x86\xb9\x16]-/|\xc0\xae\x98K$cb}\x1e)k\x02\xeeF\xf9\x13\xdb\xda\xf2\xf5\xe2\xd5b\xfe;\xecK'
    b"\xbbL\xb2H\xe9\xfcS\xddi\xbe\rW\xa6\xa6>\x15\xcd`WD\xb5H\x93\xf8\xe7\xf9\xe5(\xa2\x8c\xab2\x1c\xf2D\x90\xa7!\n\xa8q\xef\x92\xd8\xd6\x89x\xf9@[\x9f\xb3s\xa3\x84t@1\x021\x92|}'"
    b"\xd5\x9c<\t\x83\xea\x92\x00+X9C*P\xce\x148:\xb6K\x02Ob\x82\xf6 3\xeb\x0c\xe0Q\xd5\xad\xba\xea\xca5i\\\x00\xafw\xaf\xf4_\x19\x99(\xf5\xaf\xbc\tw'\xfe\x96\xb0\xe5D\xd5\x9a\x97\xb5-"
    b'\xee\xcaLB\x19"\xa1\x87\xe5\'\x96)N\xf2\xf1\x18\xd94K\xd8\x98>I\xe0\xac\x80\xc3\x91\xbdFr\x81\xc2\x027\t\xdc\x17P\x95\x97\x0c\x19\x05v\xe9[d\xc9\xbd\xa6\xa0\xe7\xd3\xe8\x8f\x85\xe0\xfd4\x08\xce\xb4\x16'
    b'$\xd9\xc41\xb5&\xd5\xebd\xd7\x85\xf2\x18\xb6k\x01\x0b\xdf(l7\xb8\xbc\xb6\x02xV\x94\xa3$d1\xe84\x16H\x16\x9c|\x0fi\xdc\x0c\xc3\xd2J\x0e\x07\xfb\x88\xd4\x95m0\xfcl\xc7\x7f\x92Cl\xbbI\xb9'
    b'@o:7\xce\xd3h\x1d?\xeaS\xc8V9\xe8\xd6\x9a\x0c\t\x8d\x07\x8f3d\x1e\x8bE7=j]\xce]\xa6\x06\xbfV\x14AJ&\x92\xd3\xcb\x9e\x86H\x13}[\xa2\xa7I,O!\xe9,pb5\x8f\xa9\x8c'
    b'\xe5\x0c\xb9\xa6o\xdfn\\\xef\xe8\xd0\xd74\x08\xb0}$\xa6\xa5\xae\x065\x8ax\xbd\x92\x01X6\xfbF\xc2\xc8(\xed\x1c\x8d0\xe7k\xdfT\xc9\x12\x10\xcd)%?\xe4\x16*U\xfe\x073\x91\xf6O\x16\x05\x89\x8e('
    b'"H\xc8\x1f;\x19\x90\xa3\x1d|\x8cI^flg\xa0\xbe\xf241\xa5U\xf8\xec\xae*\xcf}O(\x05\xae\xda\x18|JZZ\xf7^\xf6\x02\xcb|DdfH>kd\xa4A\xb0\xef\\b\xae\\q\x99<\x1a'
    b"'\xea6:\xc5\xd1\xac\n\x1e\x8ac7\x8c\xde\xadzf\x137\xbe]\x99\xf8$\xb9\x89{C\x89k|v\xb6\xf1\x85x7IH\xba7\xdb\x85,9^aN\xc6o\xd9s\xacl\x1f!\xdbT\xd7\xd2M(\xd4\x19"
    b'\x8e\x8f\xf0\xfcT\xed\x80\xb0f\xc9\xf5\x90\x1fV8\x01\x95\x9bC\'\xc7\x10\xea\'i\xf0K\x0e\xcb\x85qa&\x8b\xc4\xd9\xacF\xec\xfeTp^\xbb(#\x0b"\xc7\xd6\xad\xf2\xa6\xb0\xf1\x03&\xfc\xe9\xdb\xae\x93\x18\xcd'
    b'\x12\x95R\xcc$fk\x92\xdc.\t\xdd\x0bS\xca6LN\xc6g\x92| \x11\x05\xcc\x83p \x04\xdc\xbc\xcf\x07\xa2\xe0\xa9\x8bS\x81S\x7f4\xb7\x17\xfb\xe6\x04k\r\x87#{\xed1\x82\xcf{\xe1\x96\xd3\xb8\x03\xbf'
    b"_g\x9c\x0e\x10\x1c\x04`\xfc1\xddbb\xe34\n%\x13\xa6\x89\xa42\x98\x865\xa5]|>7\xf3 \x1c^:)\x8f\xe2l9\xb5\xc0\x02\xbb[[\x9d&X\xc3X.\xbcjF'M\xf0\x9b\xbf\x8b\xea\xcdz"
    b'\xba\x88\x86\xdd\xa0\n\xdcElwRz\t\xf2:mE\xbbkO?8\xf0`5\xa0G[\x00\xeb\xac\xa7\x14\x18TG\xa5c\xbe\x7f\xca\x02`*@V\xe8\xa3\xbd\xf5\x83N\xa6\xbf\x92]\x07\xae\xbf\x15\x17\xef\xfb\xe2'
    b'\xfd\xb48\x91<\xaf\xd1\x9a+VX\xadK\x91\x1e\x885\xd1\x8c\x01fFN\x1f\x89\xc6\x99\xd7!J\xf2\xbd\x8e\x1c\xd7B\xb9\x08\xfc\x0c\x9bz\xa6\x94l\xf1\x85\x99\xa6\xbe\x8e>l\xcc~\x9d\xee\xfc\x17\x01\xdd7&\xd9'
    b'8]\xde9\x9aW\xcd\x90\xee\xa5\xe7\x89*\x16\xc6\x98v;\x8c\x8d\xe2S\xe8-\xb8\x97b\xae\xa4\x1c\xd1\x8d=\x9c+\x90\x9a\x91\x13N\xa3,@\xeaPK\xee\r]5\x9a\xc3\xd7A\\\x96\xbf]Tx\x7f\x13\x9f\x89'
    b'\xfa\xfd\xb7\xc4M\xa2\x0b\xda\x0b\x87\x9b[>\xcc;\x88\x1a \xcc\xc5\xbcf\xd9\x16\xd7yr\xea \xf5\xb5;\x8f\xe7\xe2A\xcb)F(\xcc<#k\x04\x87[\xeb\xc8%\xc5 \xf9\xcde\xaf\xc4\xa5\x9c\xdc\xb1\x98\xec?'
    b'\x1b\x92\x1f\x1e\xcd]\xd7;\x9csN\xdf\xd3\xc6\xf4J1\xcaq\xf1\xd2u\xa2m\xc1\xbe]\x9f\xae\x89\xa0\xa6O\xf8`P\xe9F\x86\xd6f\xfc!M\x80\xa4|s\xf2\xec\x9c\x16\xb5\x9b\x1d\x8f)\x9f\x96@\r\xfc\x87\xea'
    b'\xd9\xf8\x80\xbb\x0er\xa3-6\xe70H\x02Yt\xe4wK-:>\xced\xa9\x82<\xd2\x99\x01\xd5Wt\x04p\xffs\x0fZ\xe1\x15\x1e\x81\xa0\x94\x93\xf04\x92\xf8#t\x05z{\x8d\x8a\x91&\xaam\xea^&\xa5'
    b'\xd7\x15)\xee\xc3\xba/\xdfM2y!\x90\xd1*\x97\x98x\xdf\xf1\xf9u\xa3\xd9u\xd7\x03-m\xa7!\xc5j\xbdO\xc6%\x0e\xfbg\x81^\xe7\x96*a\xd9}\x19\x9b\xb5~l[\xdd\x08yDH\x058\x06\x89L'
    b"A\x96y\xf1\x1f\x92\xa8^\xb8\xb3\x00`\xc0|\x9dX'\xbb5:\x9c\x14h\xa0\xc4\x0b\x0c\xcf\xde\xaf\xbb\x15[\xb4\xd3\x98\x11\x85\xac\xe2\x08\r\xf5\xc4\xcf\xaf!\xca)\x8d\xe6\xdd\xc4\xeb\xa8\x13\xf8wM\xdf$\x1e61"
    b'5\xa3{\xaa\x1e\x1a\x93F\xc34\xce\x951\x01/\x990S\xaaa\xd6\x9a\r\xeea\xd28\xa3\x82\xb8\xa94\xe9\x91\xc4\xb9\xa0\xdd\x14d\x89\xedp#D\x08\xb6\x9a/\xc7r\xb7\x1aC\x94mR\x18\xf2\x0b\xd6\xb4P\xf5'
    b';3\xcdN\xc9oj\xe4*O\n$\x04u\xff|\xe3\xdeaa\xdf7\xe7\xcf\xb37\xa7\xc7\xafX\xa8\x13AU].C1S\xbb\xa3C\xc7\xf3\x9e\x98\x1c\xa8\xf1E\xb0H\x12\xc0\x11\x0e\x83\xc5\xdd\xe0\x9f\xd7\x86z'
    b'\x16\xbd\xf6\xea\x17\xf5\xdd\\\xc4\xa52\xc6F\xc2\xf5R\x15\x1d\x03\xe4B\x89\xbe$\x9d\xb98\xd0\xf1\x10!\x93!wKA\xb9\x0c\x04w\x08/W*\x89k\xd3,[\xdc\x10\xa4\xbc)\x92\xfa\xfaI_\xa6H\x8d\x07s'
    b"\xdb\xfc\xf9\xc8ds\xf2\x0f\x9b\xb2\xe3\xd0\xb6G\xce\x0bW\xca\xb1O\x8e\x00\xbc\xc1\xc2-J\x96\x13\xbe\xe51oI7\x97\x16G\xed\x9c\xa9\x06|\x9a[\x14\xb8[\xd4\xde\xce$\xd5M\x9b;&\x7f\xafr[\xfcW'"
    b'J\x81c\xbe\xa5\x0c\xb1\xeeK.\xca9\xd1\xdc\x97R\x11\xbd\xbc\x93\xdd\xb7\x1f_E\x0b\x9f\x0f\x87\xcf>\x15\x14\x93\xef8M\xf8\xf1b\xda[\x96\xba\x14\x9f\xbc\xa7\x82\xcf3\x12\x16\x80B\ty\xf3\xb9#\xe4\xb8\xde\x8a'
    b'\xcb\xf7\x1c\xa5;)8\xd4\xd0>@\xa8\n\xe6\xae\xb3`S\x02@\x1az\xb8f\xcd\x91n{\xab\xdd\xb1^\xb1\xa4\x11e=\xa9\xa7ZP\x92\xfey\xdd7\x14\x01u_[\t\xfc\xc8\x9bc\xd4\x82\xac*\xccb\x152'
    b"~d\xe2][\x1eC\xc3rQ\x0eb\xed='\xbf#\xf7\xd4*\x19\t{\x04[\x8d{/\xf2\xf7\x14\x07l\x01\n\x13\xcf\x0b\x9d\x19\xb2\xf9q\x9f\xba\xaa\xc8\xc0`\x10\x93\x83\xb8\xfe\t\xf7\xca\x03H6\xd2\xff\x9e\xc9"
    b'\xc6\xa2\x1a"\xbe\xe8\xf2Y\xd1 B\xacT\xbc\xd2\xael\xddK\x97\xcd\xee\xe2\xafL\xde"\xd6o\x97\x19\x0b\xe8Is\xf5\xa1\xd5\x905*\xaby\x08\xdd.\x1f\xbbM6\x86\xc2J\x03ze\xaa)\'\xc9\xa4bwL'
    b"U\xe6\xa4.\xc0\xc8\xa6\xe9n\xbc\xec\xa4d\x11\x0bN\x98\x8d\x8e\xb2p\xcf-\xb3\xf7\xa3_F\x99\xa3\xd1n\xebR.:7'H\xfax\n\x90\x1d\x16/\xbc\x9f/;\xe1\xfa\xec\xc2H\xb28@\xc7}\x06G\xb4D"
    b's_\x8dT\xf3W\xa9\x8b*\xa7\\\xe4x)\xed\x91Fl\xce{u\xc7gM\x88\xca\x99\xa3\x9b\xe628\xb8\x8b\x92\xccI\xa3S\x16\xa5\xce\xdc\xde\x85_\xf1\xeb\xf7\xaf>\xfc\xfa\xf6\xf5\xefo\x88j\xbd6k\xd2\n'
    b'N\xc6\xbax\xbe\xe9\xc3K\xae\x0b;x\x8f\x9d\xa4\xc9C\xa6:\x18D\xc9\xa6\xa0\xbeC\x14\x93O\xad=\xff<_\xf1~\xd2b\x15\x92$\xefC\x89\x1c\x02S\xc2\xce\x8bfG\x8a\x13\x12\x8e"\x1a\xa7\xf4\xca\xa6C\xb8'
    b'\xbd\rR\x1f\xf7\xf9W*Y\x19\xc6\x85\xc2x%\xe8\xfe:\xc7f\xebC\xc3\xacV^=\r[\x81\xb8s2\xdd\x92Cwo\xa4\x99\xc0.F\xc7\xa3\x16\xc1\x00\xaf\x07+\xaau\xf2\xd9}\xf6\xf4\xdd\x8b\xd7\xafv\x13'
    b"\xcf\x9d\x9a+\xf5\xde\xfa\x81F\x1ei\x97\x1b\xdcGLG\x19\xa1\x81\x82\xe8\xf9\x9d\xa3\xc7h\xd3w\xcd\xbc\xec\xb0\xb2\x89\xdf\x83\xd8\xda\x97q\xc79EX\xe8\xc3r'\xf0\xdbT\x91x\xd6\xe3\xca0\x15?2\xb5b\x05"
    b'\xe1\xa6\xb9\xe7w`\x97\xda:8\xa0\x0b\xe6(\x9f3`S2M\xc8>\x16\xaf\x8cl\xbf\x9bv\xd0N\x119\xb3\xc0\xd9\xc8u\xec@\xbc\x89\xad\x0b/\xfa\x98\xf4\x00\x0f\xa3|+\xb4\xef\xc9\xd1\x83^\x90^\xec\x9a\x85'
    b'\xed\xa9k\xbc\xc0\xea\xd3\xe7\xbd\xaa\x9c\xcd\xad\x8fU7;4_\xc96\x7f7Bf\x08Z\xbc\xe8\xc9!q\xf5\xab}\xc7\xd3\xf7C\xbd:;\xdc\xad\xf5\x03=\xa0\xb1\xe3r}\\\xd1\xe0i8\x8a\x85v\xd5\x890&'
    b's\x7f\x08\xc5h\xc0\xbay\xc5h\xaa4\x11\xab X\x91\x8dpEW}Xv\x03\x9d_a+;\xf4=\x86H\x84\x93\x8c\x8fv]\xe5m\x93\xd9\x9ev\xbb\xf0\xebn\x11\xfd\x16\n\xce\xe0\x97\x84\x07H{Wi\x84'
    b"\xc9c_\xcd\xe3\xa3x\xfd\x96\xa10\x06j\x08MJ\\\x83\xd9)R\xe5\xb6\xfcp\xd3&\xd8\x06<ao\xa1'\xa7\xfb\x18:k\x0f\xc5\x98\x93\r\x85\x14\x18\xb8*\xba\xb8\x18\x08\xa5\x95\x93\xc8C\xa7\xc3`nn\xe5"
    b'\xd4\xa0u~\x88u\x0c\xd3\x83j\xdb(NY\xcf\xdcZ\x9cWQ\xfc\x06\xbfJ=\x05S\'\xc1\xd6K\xf1\n\xa4\xa1\xae\xfaz\xee\x88\xc7\xae{\xdeG\x92\xcd\x1c\xfe\xbbx\xeb_\x9a?\xd7\xb3\xbe\xfbo"Y\xcb\xfb'
    b'\x1f\xb2\r.s\xd3:\xb2\xd5\xf4KA{\x12\xd7\xe2V\xba%\xf5\xae \xc7\xa3s\x8a\n,.K\x1b\xf7.\xd7\x87\xb7\x9e\xf1\x1e\x05\x1bC\xf1\x17\x9a\xfe\x98\xc0N)w;3`\xec\xd3J;D#}8xK'
    b'\x13\xc2B\xd3\xb8q\xd7\xedS\x8a\x16L\xc1SEkI\xb26BMH\xd7\x0c\xf1\xcd-{\xeb\xb8\xe5\xaew\xa9\x7fL8\xdd\xad\xe3\xaa\xa5\x9b\x82Z)\xcf\xe7\xc4\xa2\x18\xa4^\xb8M\x85\xc7\x8e\xd9\xc4\x90\xd8]\x85'
    b'\xb9\x92\xd1\xf8\xb4<\xa7\\\xa9\xb4\x99\xfa\x0f\xa6\x9fq\xd1\xff\xf2l\xe7\xdd\xefo\x9f!\x80\xc8M\xe2^\xcbU\xe2d1d+B\x8f\xc3\x9f\xfe\xe7- t\x1d\x8dfG\xee\xa0\tF\xd7\xf1Jv\xf4yke\xb3'
    b'\xf7\xc0\xfd\xb8\xdcZ\xe9\xaf\xafd3\xf7\xf7\xca\xdaO\xcd%\xfb\x1b\xb5\x82\xb2?\x16T\xbd\xb1\xde\xab\x7f\xf2\x18\xa1E\xc3\xad\x95\x97\xfd\xde=7\xaa\xd3\x8d>\x19qg\xe5\xc7b\x15`\x90\xee;\xf7\x99\xab\xfb\xa0\xab'
    b' \x92\x14\x08(\x88\xe8d\x99\x1a;)\x97\x03 \xc4\x14\x88\x02\xa4\xd7\x99\x14c\x98\x1ci\xf5\xdf\xfe\xfaD\xe6\x02\xb34;9\xd4\x19\no`\x81\xf8\xf5\xc9\xd2\t\xd2a?\xc0\x10\xee\xd9\xe9\xf9\x8c\xa7\x18\xe0=y'
    b"\x9b\x0e\xa5i\x92\xa8\xd2\xfb7\xf8N'\x80\xecm\xd3\xdc\x8d\xcdo/'\x81d9\xb6\xe01K\x1b\xf9H\xec\xa7\x8c\xb1\xe17VdfcgN$b\x1e}\x96/O\xcf\x0f1=\xcc\xed\xd2|(\xe7K\xbf\xc3"
    b'\xaf\xc7\x04{mf\x86v\xceJv\x89\xaeK\x9f\xfbn.8\xe7\xaa\xfb}\xd7\x8d\xeb\xb3\x1d\xc7^\x8bu\xef\xd8\x97\x13\xef\xbeO\x08\x11\x17%=\xec\xd3\xef\r\xb5}\xeb\x92\xd4\x9b]\xef\xddC\xc3\xf7}\xc3\x0f\xe9'
    b'\x89oy\x83[\xee\xf7\xee\xdb\xb9G=\x9fy\xc2\xdd\xc7?\xfa\x8f\x7f\x8c>^\xd7\x8f7\x16\xaf\xc8^\x8b\xa6\x1b\x9b\xe9\xa2\x0c\xfd\xcdZ\xff\xbb\x9d\x8f\xea\xa1\xf9\xbdq5\xd2k\xb7\xd4v}3\xf9\x1b\xff,l\x07'
    b'\xcd\xdc\xf5\xcd\xdc\xefm\x86f~\x0c\x93\xb5\xb4\xb3\x0fz\x0f\xee\xfd\x15\xf5\xf4\xef\xf7~\xfcK\xeaA%\xfd\xcd\xbfhT\xffiE~X7\xab(\x90E2\xbe\xcd\xdc\xf5\x86l\x00\xe2\xba\xc7\x003\x80\xee\xcf9`'
    b'\x9aE\xcb.\xbf\x0e\xcf\xceF\xc3\xa1D\xd1\xc3^\xe0_\x1c\x97\xe5\\\x9a\x10\xfaj\x155\xb8-q;Q\xd3\xac<\xfc\xed\xd9\xcf\xcc\x0fQEPF0I\xa1\x12\xd8q\x13*\x92\xf9\xbf\xe5\x07\xcf\x07\xae\x830\x1f'
    b'D\xe1Vg\xe7\xe3bk\x85\xb4P\xe5p\xb8\xc2\x97E\xb6\xd1\xbb\xf7\xbc\xefN\xeb\xce\xfd\xec\xbec+\x88\xb9\xa0?\xb3\xfe]\xf7\xe2\xbe{\xde\x07\xbbA\xff\xe7\xfeR\xd6\xa5\xe5f\xf7\xde\xf3\x8d\xcd\x7fl\xf4\xa5X'
    b'\xf8\x9c\x8a=\xd4Z\xc3\xd7\xa8\xf5Gz\xfe?R\t\xb3f{{\xae\xa5nv\xcf\xb1\xe0{\x0f\xe5\xdf\xfefxD\xbf\xfa\x1bxz\xd7\xffZ\xc7\xd3\x87\xf8\x1d~=\x94\xa7\x07F\xcd\xdf\xefm\xde\x03\x9ff\x8e,'
    b"\x1c3\xe4\xd0N\x0b\xc7\xb4\x80\xec\xf8\x9f<\x83'\x19\xf2\xd99z~\xb6\xb5R\x1d\xe5N\x92pc\xed\xa4\x04\x8c\xb6\xcfO\xf1tW<\xb7\x1b\xd9\xfd\xd3\xcd\xf1\xdd\xd5\xcdO\xfd\xf5\xf1\xaa\xfb\xf7\xf9\xc6\xbf\xed\x96\r"
    b"7v?\xbb\xd7\xbb\xf7\xaf\rZ\x0b7Q\xf7^\xf67z\x0f2\xc7A\xfck\xb3w7\xbb\xdb\xdbp\x0f\x1f\xf4\xee\xd2\x15\xb9v\x12\xefT\xf2#\x87\xd5\x86\x180w\x83\x81\x99\xc5%\xee\x99\xb8jt\xe2.'\xd2"
    b'\xff|\xd2X\xc6\xf9h\xca\x97wqV"C\x1a\xee\xef\x17o\xb3\xf0@\x7f5\xcc\xc5\xac$\x0f\x8b\xf6\xea\xa6\xdb$\x1b\xee\xff;\xe9\xf8\x17o\xb7\x87\xb4\x05N\xef\xe54P\x1e\xac\xce\x06m\x1cy\xfa\xa9\xdf7\x05'
    b'\xdc\x8bU\xf9\xebt\xf5\xdeN\xf4"\xfb1s\xcc\xd0\xbdO\xab\xfd~\xf2\x02\r\xfd;\xd9g\xfd\r\xb7;\xfanw\xb8Mq_\xf7DX\x86\x87\xd9\xdd\x7fm\xaen\xd0>~\xf9\xa3+\xb2\xf1\xaf{\xab\x9bY\xdf'
    b'U\xd8ti\xd5\x96B\xf0.K\xc2\xe4\x9e\x8e\xcfO\xf8\x10\x1f\x93\x9c5\x1dMD\xc5\xc8\x8c\xb4\xab\xee\xfc\x90\xbd\x19\x9cH\x8e\xa5\xf8\xd7E5\xe7\x1d\xf9\x7f/\xd6v\xdf9\x86c\xe2\x84^z\x82\xbf\xbf\xf1X\xbb'
    b'\xa98\xed\xdf\xcd\xdd\x8e\x92\xf9p\xbf0\xad\xfa\xc0\rs\xe3\xf9=\xff\xb7?\xd5\xab\x1b\xab\x1b\xff\x88>\\\xdd\xf8\xb7\xab\xce\xed\xcf\xd3\x8dO\x0f\x9e\xdf\xfb\xb7\x9b&\xfd\xe3\xe1\xbf_\xf67\xf5\xafS*\xd8\xff\xd1\xfe'
    b'y\r}^g\xea\x1cx\x86\xbb\x816\xbbZ,Q\xde\xc9\x8es\xce\xe6>b\xec\x82\x93\xfc\\\x92CT\t9]\xc9v\xa7\x85\x88\x07yv\xc19.\xd8\x15\x0b\x13\x9d\xbb\xc3P\x9e\x08\xfd\xe4?\xccd\xeb\xdb\xe4'
    b'\x84\xbam\xe0&\xf4A\x9d\xa3\xc6\xa1l\x18\xdbF\xc2G\xd0x\xfc,\xd7\xf9\x89\xbb\x868\xb9s\xc7}\xc1\x8f\xca\xfeZ8\x95\xc2\xfe\x18\xa6\xf1^\x9di\xdc\xe49]zc\xca\xd5\x0b~J\xef\xccP\xd3\xa6\xf47'
    b'^\x9a\xaa\x98}*C\xee&R\xd8\xf2\xde?s\x93>\xe7D\x04\x87\x95$d"\xe7\xc23\x05\x89 0\xb7\x8cnH\xc8\x82\xb9\xa2\x84\r/\x99JS\xbd \xcc\xf4\xa3\xb2\xbf\x16\x8d\xe0\xaet?\xcc\x83\xe9}\xbf'
    b'\xaf\xd3}\xef\x1b\x19\x99\x8d\x8d\xe69X\\\x05s\x1e\xf7\xcd4\x9a\xcd}7!;\xf7\xe4\xb2L\xb7\xd7f\xcfr\xc7\xd0\x9c\xba9x?Z\xfd\xc5\xfe\xf8\xb3\xb7\x95\xca\x8a\xae\x93\xf9\xc3\xec\xa1\xde\xfd\x9b\x8e\xfa\xdd\xcd'
    b'\x1e\xe6\xaeS\xd4\xb1\x84D?p\xc4\xb0.\xc8V+\x91\xd0\xb6\x01\xe1\xab\x9f\xdcX{j\xac\x96\xeb\x86!\xbd\xfc\xa3\xe8\xcfX\xb8`\x89h\xb3Y"z \x9b\xfbz\xf9\x9a\xbbuW(\xcb\xad\x03\x9b\xd4\xf2\xb8\xc8'
    b'\xc9\x02\xc1N\xf4\x1f\x8b\xcbHC\xa4\xaa\x81oP\x84\xb9*\xbc\x1a\xec\xaa\xde\x0e\\\xec}3\x08\xa1\xe3\x17d\xe7M\xbb\xa2\x8a9\xf2e^h\x1a\x7f\xb5\xdbn\x9d\xce\xe7\xd3\xc1\xda\xda\xc5\xc5E\xefb\xb3W\xceN'
    b'\xd66\xd6\xd7\xd7\xd7\xaaO w\xf4\x0f\xbb\x15\x1e!zq\xbe3w\x0c\xa3\x9b\xf1\xa2\xdd"\x8b\xd8\x93\xf23\x15\xa3m\xb0q\xd7\xfd\xff\xc2\xc2\x98^**=\xa5"\x0b\x0b\xe7\xb3Q\xbe\xca\xb6M,\xfc\xec\xbc0'
    b'e\xad\xa7\x8f\xd4\xb6\xb7i5\x87Tj\x81\x12\x8b\xec\n\x02h#\xf0w \xf3\xb3#c\xe5\xa02\xaf\x8f\xbf\x11"$\xd6*\x9b@\x05@\xd3\x0c\x80\x9cP\x87j\x81E\x89\xc0\xfbN\xcb\x8b\x81\xf7\x05\xf0z\x02\n'
    b'y\x82\xb1S\x02\xe4\xc1\x1b\xc0C\x1c:1\xb89\xd5\xc2vX\x7f\xfd\x97\x00\x9c\xb0e \x1e\x9a\x8f$\xb6^\xb2T\x91\xa2\xf5\xafQ\xe6\xedr\xda\xee\x04\x84\x83\xfd\xde\xf4\xf2{F7\xd0R\x1fZ\x9d\x80e`&'
    b"\x105\xf6\x8eN\xf3\xd9\xce\xbc\xbd\xde\xe9\xcd\xcb\xdf\xa7\xd3b\xf64'\xb8e\xc7}\xf1\xfb\n!{\xfd\x14\x02Kl\x86\x7f\r\xb8A\xdd\x94\xbd#\xe6\xc4`\x9cD\xf8@l\x9cd\x83\xe5\xf1\xe8x~\xca\x89\xed\x1d"
    b'[\xdeb\x95\x11\xf1x\xa3\xcfn%\x9d\x00H\xc1t\x97\xf0(?\x9fM\xcb\xca\xc3\xe0\xb0Q\x93T\xf9G\xf9\x94~\xd2F\xcd\xcf\x04\x95\x87\x8d\x91\x11FB\x97:\xc1\xfd\xca\t\xe1m|\x0c\x1dT\xdc\\uV\x12'
    b': t\x96\xef\x9e\xff\xfe\xf2\xc9\x87\xf7\x94\xf6\xd7\x89F\xfc\xd7s\xf7\xd7\xdd\x07\x8f\x18\x14\xe9\xc5S"\\(\xd1\xbf\xbf\xde\xf5\x0f\xa8P\x7fc\x9dKa\x0e^\x9c\x01\xf9\x8as\x9b\x98\x14\x1a\xf4\xeei>\xf9\x94W'
    b'm\n0\xefR\xb2\xc2a\x17\x07\xcb\xecI\xb1\xdfnek\x7f\xb4\xdd\x01\x98\x7f%UNg \xe0-\xf4\xa1\xa7bG\xa8l\x89\x8b\x0f\x17\x10G2\xfc\xee\x81\xee\xd3\xde\x94v\xb6\xcd\xc8\x06:\x0b\xa6<_\x0e\x8d'
    b"\x1f<\xf7\x1f<7\x1fX\x87\xa1\xf0\r\x82m0\x03\xfa\x10>\x9c\xfe)\xb4\xedHb\xf0\x8e\xfelKe'\x05\xbbQ}v\x83\xd9\x18\xb6\x04B\x80g\x8e\x8c\xa2\xfd\xae4\xcb\xd3(\x88;\xe6\xe0\xf0[\x8bG!"
    b'\x1a\xe7\x08\xffc\x9c\x9fM9T\x83\xb7\x8c\xbb\xfa\x07\xe4\xc3 \xd6n\xc7d\x11\x84D\xae\xb9\x9f\xb8\x8a,?#\x85\x84\xfb\x9f\x92\x88\x11\x94\xeb\x82\xd0\xe4\xd3\x90\x18\xfa\x1ae\x13A\x83?S[\xedx\xf9\xcf\xdc\xd6'
    b'$\x83\x112\xa0\xf6\xa4\xaf=\x02I\xb3W%\x1e\xdb\xdb\x12\x0f\x0cl\x01u\xaa\xf5(\xce\x12\x13WY\xbf\x7f\xb5Rk\xaa\xb9\xcd\xfd!\xf3sc\x13\xf4&6J\x93\x12\xbb\x93\xfd\xb4\x15\x8c\xd2J\xdfi\xcc+\x95'
    b'\x9fC2e\xf0\xdc\xa1\xe6.$\x0c\xc7\xc6^\x9c\x8e\xe6\x903\x0e\xd9e)\xb7i\xb7\xc88\x91\x9dO\x1c\xadDu\xee\xa7\xa4w\x08SKu\xbe\x98|l\x8f&\x1f\x83\xfd\xce\xfd\xc1\xbd\xfen3\xdf<\xbe{7'
    b'd\x14vo\xbc\xb5\x8e\xfc=\xc8\xf1i\x9a\xcf\xaa\xe2\x85;@\xee\xa5\x12\xd5n\xb6\xe9v_\xdf\xc9\xba?d\xeb\xbd\x8d\xfe\xc6}\xe4\x1e\xa9\x15\xdc\xecf\xf7L\xc1\x1f\xfb\xf76\xea\xbe\x9f\r\xdf\xdd\xebf?\x9a\xef'
    b'\xd6\x7f\xdc\xd8\xe8dk\xd9\xc6\xbd{\xd4=\xed\x9aO\x9c\xbb\xde\xdb\xec\xf2\xd3\x08\x19\xc7\xcd>"\xffP\x0e\x01\x01mW\x83\xab\x91\x8b\x92\x9c\xdeM\xdf;A3}\x1f\xfak\n:\xaa\x17\x15\xec\xb4\xc2\xda\xba;\xcd'
    b'\x11\x1e8;8\x86y\x0e\x18h\xa4t\x8c.\x05\x1f\xfbc\xa2\x18X\xef\x8fcg\xbc\xda\xb9\x8e6\x1ds\xe3\x08J\xba\x12\nQ\xa1\xc3\xffC\xf6ps\xbd\xef\xfaq\xf7\xe1\xc6\xc3\x1fm2\xa4\x9ao\x9f~\xc7\x91'
    b'T\xc9\x97\x9d\xec\xbf\xb2\x8d\xcd\xcd\x8d\x07\xeb\x911\x9b\x8b\xae\x99WW1\xf7ih\xd5\x89\xa5J1A\n\x9d\xa7{\xc3\x92\xe0n\xf6<<a"\xeb\xee\xac\x90C$\x9f\x00\x1d$\x9a\x89\xc8-\x9f\xf4\x15\xb2\xc9\xb3'
    b'\x13:\xce\xe3]\xc4\x19naK\xcb#\xb8\x0e\xba\xcb\xca\xfd\xff{\xd7"R\x89\x9a:\x86\xe5\x9cb\xe4\xdc\x07]\xd6\xc0\x1e\x91\x98\xd9\x05zI7;\xc9\xbd\xf7A\xbd\x01\x9f\xe7\xbc=\xe2\xd4f#d6s\x9f\xbb'
    b"\x9f\x94\xca\xcct`\xd3M\xf6\xc8\xcd{\x1bh>wP\xb14\xc8-\xd1\xffz\x97qf\x06\xdd\xa5G\x19\xc5.J\xbd/*H\xc3\xe4~\xc3R1\x9bW\xe1\r'n=t\xcb\x07\x8b\x1b}\x99\xc3\xda\x86\xa0/"
    b'!\x04\xb4P\x81XQ+\x03G\x0b\x884\xacwB\x0e\xc8q\xbb\xf5]\xbf\xdfWOz\xb9\xf0v\xf7\xf05\x9fW\xf9V\x03\xf0\x0e\x1a<f\xaa\xd9Q\x17\x9d\x8d!&\xd8N\xb6ey\x85=W\xf4\xe0\x91M\x9b'
    b'\x8dB\x16\x95a\xd1W\x92;\x12O\xda\x06\xa8\x01\xe5{\xae\x04m\xa2\xd9\x91Gl\xb0\x1d!6t\xb8\x10\x07\x823\xc4;\xc6i\xcbm^w\x12\xb2\xd5\xac\xff(z{<\x9a{\x9a\xe4xV\x14^\x93\x96\xfd&'
    b'\xd7\x07\xbc\xc7M\x0fOz#\xea\xf4.\x98\xb0\xd1\xe4\xe4\xd9\xa4\x9e\xb2\x86\xcb\x11u\xe0\x01\xa2*\x9eT\xdaOh\xf1N\xb6\x01\xd8/\xfc\xb1j\x9bwE\\\x17AF\x9b\x83\xad\xda\xcf\xfd\x07\xc2\xe7\x98/\xea5u'
    b'\x9b\xca\xd6\xb00 5\xa0\x1cA\xe2\x03x\x9c\x84\x87PYGf>,\x17\xc4\x18.Q\xf7\x9e\xa5H\x85VW\xbeI\xf0\xdc\xe3X\xc1D\x8c\xf2\\s\x10\xec\xbc\x0f`\xe4\x13\xd9x6\x88\xf7\xbc\xc1\xd9\x00a\xc6'
    b'.k<%\\\x8b?%\xe2\xcb"B8-\xe9\xc2\x83\x80c\x80"\x06~i\xc1\x17\xcd\x87\x00\xa5\xd3#\x10\x90v\x98\xd5k\xde\xfd\x1c\x11\xc99\xd5\xfc\x9dK\xa7\x80\xeb4\x9b\x9b\x1f$\x9b\xfbf[\xdbnl\x94'
    b'\xeff\xae\x8dU\xdb\x86\xdbc\xe8\x86\xecH\xecW\xdbb\xfc\xbea\x8f7\xd4\xd5m\xae!\nC\x02\xcf\x84Rv\x0f\x9b\xca:<}m\x0b\x8c\xcd\xaf\x17n`|\xd0\xb8o\xeb\x9bO\xb8\xd4\xda\xfe\xb3i\x87\x95\x91'
    b'\x87\x8b\x17\xf1\xf3\xe0\x08=\x98\x9cM\x94\xe0\x0e\xc30\x9f\xb9K\xae\x9a\xe2,\xe4G\xb3\xb2"\xd7P\xc2e\x03/.\n\xb1h\x93\x1f\xf5\x8f76\xec>w\xf7\x1e\xc4\xba\x99\xbb\xfb\x0fI5\xb1\xd7\xfa\xee\xf8xc'
    b'\xd8\xcfI\x1f\xe3~>\\w\x1f\xf0\xcf\xe1F\xff\x18?76\x8e\xee\xdf\xe3\x02\x1b\x0f\x8a\xf5b\x9d\x7f\x1e\xde;:\xe6\x02\x0f\xf3\xbb\xf7\xdd\xcf\x83\xfa\xf2\x11?,\x8d\x1c\xae\xdf_\x97\x9a\x8f6~lh\xeff\x05'
    b'\x1a\x1a!~Y\x1a\x19>\xcc\xb9\x0ea\x92e$\xfa\xf4\xda\x02\xf2\xb4\xa1\x91\xe9\xb9\xdb i+G\x0f\xf3\xfc\xc7#\xfc|\x90\xff\xa8\x93twxws\xf3~\xfa\xd4\x94\x95\x1a\x1aZ\x19\x9eW\x1f\xa5\x91\xe2\xfe\xa1'
    b'v\xba\xe9\xe7\xb5M/\x1e\n\x18`\xb4b&\xc1\xfc\xb4\xeb\x1d~6\x97]\xdc\xcaa>C\x1bf\x9f\xd8\xdd\x13*6;\xed[\xdb8+\xc6\xe5\xf0\x12\xcd\xc8\x1e\xac-\xed\xe6\xfd\xa3\x07v\x93\xa6c\r\xbd\x93\xb2'
    b'\r\xcd\x80)\x1c\x96\x17\x93\xfayi\xfa\xf9\x1fLZy|\xbcda\xfe\xc4\xcf\x83\xabp\xf89\xac\x8cH@t\xc1yJ\xe5\xef8\x92\x89\xa9X\x8fN\x96M\x9bw\x06/\xe4T\xf4\xd7\x18K\xf7\xb4\xc9\xebZ\x85'
    b'\xe3y|9A\xa0\xa5>\xedy\xf6\x8b\xa0\xba(~H\xa0\x96\x1d\xb7\xd69\x08W\x8d\xe5\xdf\x17\xc8\xf2\xdb\xb1\xec<\x08|>U\x80(\xf47\xae\xb1\xb6\xb9\xe6\xf2\xd9Q\x9b\xbb\x1e\xa5\x8f\xbe\x0f7Nw\xb5<\xe8'
    b"\xddw\xff{\xdf\xddNq1\xea\x9ck\xe0=_k\xcf\xf9\x9f\xcd\xde\x06I*\xd1\xb2bto^\x90[f'\x1eL{)+\xc4\x90\x1b|\xad\xf0\xcc\x1d\xe5\xee\x8a\x02?\xd2\x1a\x84\x8cW\x89:\x912T\\\x16"
    b's\xc31\x19\xc0w\x91,N\x04#%\x08\xae\x04<\xdf\xcc\x1d\x1d\xba\x8a>>\n\xad\xcf\x9d\xe0/\xcdK\xe1\xf5\x8d\xf5\xcd\xf5\xdc\x03\xfa%\x02\xd5\xfdu\x91\xa6\xec\xda\x1f\xe73@\x15\x92\x88\xd8\xee4/1\x95y'
    b'\x9c\xad\xf7\x1e\x90\xee\xcd\xd1\xb8\x87\x9b\x87\x0f\xa0qsG\x8d\xfe\xd3\x8a?\x83\x98\x86\xb9>\x1e\x97\xe5\xac\xad\x95\xbby\x7f\xefD\xb5\xe67\xcf\xdd\x1bm\xe7\xa1k\x87\xdc\xc27\x02\\\xdcU\xd3\x0cp\xbc\xc7\xa0\x9e\x89'
    b'M\xe2J\xdc\x91\x98\xad\x98\xa4c\x8a\xe2\x1a\x98Y\x89%\x15\x05\xde\xd9\x94\x13)i\x0e\xa4\xa3rX,\xbe\xc4\xe39\xe2y\xc9\xd7[\xfee\xc9\xe1\x9a\x87\xe5x\x98\xf5\xefO?\xe3@\x00\xfe\xbde+@\x9a\xc8\xd6'
    b'O\x1f\x1c\xa9\xd8\xa0}\xbb\xbe`\xb5at\x1d\xf8\xbf\xd9\x1a\x1d\xad~\xf1\xb0\xb8\xefh\xba\xef\x1e[\x18C\x07\xef\xdd\xffq\xfd\xc1q\xab\xb9\xf7\xc9K\xf2\xa6|/\xda\xdd\xcd\xc0\xc6\x19,S\xf4\xc7@\xc7\x85\xa5\xef'
    b'?\xe0\xa1l<\x80\n\xaa\xf9\xd4\xbb?\xcf\xcaO\xc5\xbb\xb2\xbdIE7\xf0\x84ZuO\xee\xde\xedf\x0f\xf0\x80\x87\xd0\x8es_\x7fYT!\x11\x10\xd4F\xfeH\x9bPTDG\xbeVa\xc3\x19I\x8e\xc85\xdd'
    b'\xbe\x1b\x89\xa0\xd2\xfd\xcd\rU\x8a\x1d\x95U{D\xbb\x9bz\xb3qW\x1fW\x8e\xc0\xca\xe3\xc6N]5myAC\x8eV|8\x94t5W\xb1:I\xacTP(\x05+\x15\x1f\x91(\xa4k4GHX0\x7f'
    b'\tFQ\x95\xbd\xf3\xba6\xc4\x9a\xc1\rN\xca\xe4\x82w<\x1f\x8d\x1d\x1bF\xbc0;\xd7N\xb8\r\x89\xa2\xa1hC\x8a\x81\xd3\x06\t\xec\x02\xd1\xf6\x0cJ\xa4\xb4\xd2\xa4\x14\xa1\xe3\xa7)\xd4L$\xd6\r\xecktK'
    b'\x86\xdc\xef|\xa8\x8d\x0ci\x00\xf4\xb5\x0cod\xf1o\x8f\xae\x1b\xd1\xc5@!\xeb\x1e\x0e\xe22\xdb\x99H\xa1\xf2\xfeV\x84l\xa6\xf6\xbb\xa0\xa8$Df}\xaa\xe1ER\x07((\x930\xabv\xad[v`\xf9\xe3\xf6'
    b'\xbb\x91\xe5\xb4\x9e\x9e\xe6/\x08(m\x82 7\xf3\xff\x0f\x8a\xd1\xd4\x8cc\x16M\xc56?\xcf\x0f5x\xb1g\xc82A\x1f1\xfa6L\x1b\x87\x97\xc0\xf3\xe6X\x04\x8f\xcc\x88\x8f\x05\x81\x95*@\xc8$\xf9\xccq^'
    b'\x0b|\xdf\x8d\x93z!\x82\xc7\xc7\xbf\x86HJ\x04ET\xb78U\xf1\x1b~\xff\x86\x85~\xe4ky\x14\x1b\x8b\xf9\x1e8\xca\x05=\xcc\xc7\xff\x90-\x87\x1dg\xc2\xba\x021\xca\x84\x0b\xd5\x12\xa5PU\x8e\x81\x82\x1d\xe7'
    b'X".%\xf2\xa2J\xbcO\xf5\xba\xf2\xb5\xd7N\xf2S\xca\xea\x17\x9b\x9b\x8f8\xf1\xf2M\x90\t\x8e\x90\xe1\xb8\x0eL\x80\xe75\x90Gz\x8a\x90\x9a\x1a\xe0\x9f\xe6G\x01x\n#\xb1\x1b\xec\x14\xd46\xcc\xe7\xeev\x9a'
    b"K>\x15\xce\xa6\xa2\xefl\xac~\x9dBy;$\xa6o+\xda\xe7j>\x87q\xa8\x0eR\xb6\x1c\xa3\xc1\xa2\x98\xd4\xe0\x16\xa8\x1fT\xab\xdc{h\xa0\xce7\xb3C\x08\xbe\x8e\xf0\x84\x13\x9f\x11\x93*\xb76`\x8a'\xb7"
    b'(\\\x9c\xa7\xf0\x06\x9d\xa6\x82\xf5>\xd3\xd3\x96\x7f\x1d\x03D\xd4}\x14\x1a\x97\x00\x8e\x07a{\x08\x86D\xbb\xbd\x88\xbavz\x94F\x88\xd1\xa0\xa1"5\xabA;b\x7f\xf2;\xad\x9c\x1a|\xf06\x8e\xdd\xd2i\x14\xd3'
    b"J\xeaN\xb3\xd7G\xe4\xa8\xb8,t)\xff\x82\xdf\\\xc0\x03\x04\x94\x8eAb6d\x85,\xa8\x9c\xd8S\xddi\r\xb5\xd01.\x83l\xa8o\xf6l\xd9\xfe\x17,\x12\xdd\xdf\x8b\xf2u\xf8'\x94v\xfcM\xb8\xc0\xfcg"
    b'\x01\xb4\xe7*\xb23\xcf\x86\xd6\xca\xbc0\xf5\x03\xdft\xa5\xe4}\xe0\x180\x9f\xb9GnkM\x00\xb1\x12\xaeor\x97\x88\xf3>\xecRE\xdf\xe0\xd0\x12_\xb89\xb0!R\xa0\xff\xc6l5&\xab\x84MY\x13\x90\xf2'
    b'%P.h\x8e\x81\x99\x9f&?p-\x92U\xd8\xad\xc45I|\xb2\x81O\x8e\xf9g\xb3Xp\x9bt\x91\xdf(\x9f\x05\xe6\xa6ES\xacK\xf8zR\xd4<M\xd8`=<\x1f{\x00\x92\xa0j7\xcb\xdd\x05^\x11'
    b'm\xfb*\xbe`\x81bd\x9d\x00P\xef\xf0\r\xa9\xfd%\xb9\xc4\xf9l\x1c\x16\xb3I\xd9\xed\nx~\xe8|\xaa\x18\x1f\\\xd2+hE\xb1\xfb\x93\xd5\xd7Zg,jP\xe1\xda\xbfP\x97\x07\xe9\x86\xe21\x0c|\x13\xdb'
    b"n\xdd\x06\xd9\xc3\xf5\x85\x90u\xf9l>\xc8\xbe\xb8\xde\rh\x0c\x8e\x8f\xb4\xdfn\xdc\xa5\xaf77\x1co\x7fj\x9f\xbb'$1\xde]\xef.\xc7F\x82\xbb\x8e[jI\xe3v\x15\x9c\n\x1a\xf3\x8b\x08\xf7:\x08ID"
    b'\xc2\xbb\xfa\x9a2\xa8\x03\xd9\xd6|N-`6\x95\x13 ?\xc8"\xee\xca\xae#F\x87\xc3K\xc0\xfe,_iM\x05\xc6\xc9\x90\x82\xafZ`\x1a\\\x03c\x820!\x8e\x8b{4\x07\xb8({\xf0^\x90\xa9\x86\xf0D'
    b'\x19\xd5\x1e\xea\x08qb\xd2Y\xac\xb1\x1dox\xf0\t]\xb8\t{]Nv\xf5\xa4\xd9\x8b<\xf5=\xf1\x9e\x96!\xee\xdb\xc4\xe0\x85\x00:\r@\xa3\xd8\xad\x03O\x1b\xf0\xb5u\x0eQ0\x81\xddpN\r\xefn\xd4\xfe'
    b"\xde$,\xe1\x83<]'%<\x019\xc4\x9b\x1e\x8b\x81P-\xc0\xac\x9e\x01+\xc7\xd9\xc7\x19B\xdcZ\x92C\x96P+4<&\xa3\xa2^{\xb5s\x8a\xa2\x84hi\x11\xe8\xc0>\xdd\x00v\x95J\xc6\xec\x81\xeb)"
    b"\x9b\xaa[\xa6D\xc4\xb6,\xeeA\xe7\x1b?\xe9\xfbO<\xe6;S\x07es\x0eG'\x86#\t\xdc\x1e\x12\xcc\x8cN\x0c\x8er>\x1c:\xaeut\x12\xc9B\xee\xef\xe4tB\x94<\xe4L\xd9y]\xb0\x18\x84dy"
    b"\xd1\xd6\xf6`\xbc\xecMi\xec6\xc0\xaf)!e\xe4\x9a\xc9U0\xe5\xf4v@\xd6;(\\\xe1,\x14\x8e\t\x1a\xd2C\x12\xfc\x83$u\xca\x9b\xd7o\xdf\xed\xa6\x99\xaa\x9a\xe8%.\x0b\xa5\x92\xeb\x01k\x82'\xcf\xca"
    b"\x83^A\\BQ\xde\xff\x93\xf3\x08\x89>\xc8 S\xee\xceJ%^\x14\x06\x01\x7f\x1e\x01\x87K\xf0\x12\x90\x83('|I\xb3N2>1[&\xb2\xbf\x98\x95\xc0\xb8\x8e\xe9\xc6M\xb1\x84\xaf\xc7\x9e\xbf\x16\x1e\xfd\x9b"
    b'\xc0\r\x01m\x98\xb0\xd0*\xd9o7b\xa77\xba\xe2"\xd0\xff[\x00\xcc\x83kT\xebFX\xe6\x8d\x10\xe6\xb7X\xf1\xd0zU\x06\x10\x01\x11\x91+\x9b:\x96\xd1\x92\xa2.\x11C\r\x9e\x91R\xcd^\xd0j\x02\xbci'
    b'\x9e\xe275O\xb9Gmd\x0f\x85\x146\xfa\x1b\x12\x9fL\x16\xa6=\x994&=\xe1=G\xefl\xb1\x04$\xefi\xd8\x98\xb6\xd4\xf2\xf4\x17\rB@\xc8\xac\xde\x88\xb0Y\x9b\x96\x89f*1\x890\xa8\xd0b&\x83'
    b'/m9Zq\xc6V\xfd\x8b\xf1)\xad\x8e\x01\x80\x0e\xbd\xec\xbd\xd7\x8bp\x9d\x8avE\x08\xa6\x8c(\xc9\x81\x86\xff\x86\x8a""\x8c\x82\xf7 $\x15\xa1q\x9a\x1e\x03\x13,Z\x19\xcat\x03\x9d9\xd8\x8e\x1a\x87\xf0\xdc'
    b'\x1d\xf5\xe4\x98\xd3\xe9\xbf\xc91\xa7r\xf5\xc5\xa5\xa7\x9c\x9e@\x14\r\xd00\xc05\x93\x16\xdd|jg=\xa68&\xd3\xd9\xf0\xf2f\xa9\xce\x14\xd2_\xbbB\x15\xd2\xd3Vcs\xf4\xc67\x12|\xac\xafmG\x8a\xd6G'
    b'\xad^\xcc\xb6P\xa4.\xe1\xc9hd\xcb\x06\xc95\x14F\x14\xd5\xc0\xaf\x03|uzd\xd5\xeeq#\xaeC\n\xd7\x07\x82\xeb\xb5\x15\x18\x19M\x02\x17P;\x8cCN\xe3=\xc9\xe9\xdb\x80\xed\xd4\xf0^u\xb4\n<\x00'
    b"<Pf\x18M\xfaJvNFhaT\xa1\xc4\x17'\x83\x88R&=>\xdd\xfcIh\x87g/\x1e\xaf\xb9\x87\x8f\xa7?\x01Am\x01x\x1e\x9d\xb3e\xb8\xac\xd5\x94rK\xb6\xd1\x19\xf6\x8c\x8d\xb3\x95\xf6\x1e\xafM"
    b'\x7f\xf2\x1c[\xb2x\xd2\xd3\x98\xd5\xa2]iY-\x8d\x13\xb9v\xf9$\xfcc\xf1\xd2\xdd\\\xf8\xe7\xaaj\x13\x884\xf2\x95\x13\x8f\x8a\xe7\xf3\xb3q\xbb\xae\x90\x12``.\xda8g-7\xdf\xcd\xd5\x045\x14a+)'
    b'eb\xf0m\xc1\x02\xe8\xb5\xa4\x81\xe9\xb2\xfa5\x1c\r\x83\'A~\xa5\xd6"F\xdb\\A\x93V\xbf+\xe0\xe9\x9eK\xc2\xe6\xc0&\xedF>r\xa6\x7f\xa2\xddzo\x94\xc7\xe2\x8e*\x01\'\x8e\xea\x03Q\xackRM'
    b'\xcf\x81\xe9M\xb76\x9b4\x91m;R\x9f^\xbb\x0b\xa0\x9f\xab\xd1<\xaf\x0b\x8d\xa4\xb6E\x1aQ\x7f\xcc\x97_\xf7V\x03K\x97\xf0r\x1djc\xb1E\xe9m\x9a\x94\x88Z\x07F\x18%\xf7\xd3\xab9V(\x1f\xd1\xcb'
    b"Y\x11\xc4D\xde\xd5\xf6K\xef[Q\x7f\x15'\xf4\x84Ya\x01\t\xc6\xb7\x96+\xe7\x13|UKD\xf2&XZ\x8491\xb6\x97FxuP\xf4\xc8\xc4a1e\xed\xd7\rJx\xdc\xe15\xdd\xa5\xaa]c\xe8F"
    b'\x8b7I\nEM7>\xaa\x14K\x8c"\x8b\xc7\x1e\x80\x07\xcaW\xf4\x0e\x9f\xf4\x86\xa3\xd9s\xb7\xa3\xc7\x85\xdd=G\xe3\xb2*\x96\xf1\xeaS\xdd=\\\xb2A\x1d\x1e\xd8<)\x12\xcf\xd2\xd3\x9dW\x1f\xde>\xdby\xfa'
    b'\xfc\xc3\xce\x87\x9f\xdf\xbe\xf8\xc73:\xad\x84\x11\x8c\xd1\xfc\xf2\xdf\x8a@I\xb8\x93Q\xb0M\xc5\x00#\xbdo\xcas4 \xa1\x81\xe0\xf5g\xe5EU \xb2\x8a\\A\xca\xb4=/\x94~\x13\xa07\x0b\x0c\xda=\xa9\xfb'
    b"\xb0\x90\xf9\xefeOOg\xe5\x19\x03\x9d<#|cWBs\x99,\xda\x08<g\x8b\xbc\x80q\xed\xbd\xb9t2\xf1\x84\xcdm#\x11\xa0\x9d\x10j\xc1J'\x90`c\x90\xd9\x9co9/\x8c\xc0}\xcbk\xae\xe3\xa8"
    b'\xc8\xea-\x03\xf2E\xa6\x1d\xc1\xe8\xbb\xc1\xde\x90\xa2K7\x87\x96I\xce\x904\x8c\x1e\x9a\x81V\x11\xcd\xee\xb2\xe8\x17\xf7\x95\xc2\x8aI\xees\xe2\xde\xf2EL\xbfcP\xba^\xef\xba\xa5\x91\x1e7\xae\xcd\xa2o\x84(\xfe'
    b'\xc2AYF"\x16\xc5\xddz\rQp=\n\x06\x01p!\xa3\x14\n\xfa\xa2.\x89|pgK\xe0\x1f\x05c\xd1/\x17\t\xb7\x99\xbe\x94\xa00\xcaUXT\xdc\x19\xc3\xa3\xdd\xa6\xb2\x89vDR\r\xa0\x9bw\xb62'
    b'S"4qz\xed\x8e0|\xeai\xd3\x9e\x90\x94K\xab\xf4\xb2\x15\x97\xbb\xc9\x95\xc3`\x8ef$)\xcec\xe2\xf8ML\xca\xcd\xee\xc6\x0c\x85S\x90\xf4\xcb\x90\xe1\x13\xaf\xe3\xbd\x9b6\xaeE\x9bFD\x9fG\xeeT\x8b'
    b"6\xd0i\xb4\xe9\x18\xf6t\xa92\xc5L9\x95\xac\x9fAz*\xc3\xc0\xaa\xd69\n\x91G\xf8\xfb\x86[*\x98\xc0\x8d\x99u\xd1\x00\xa8\x12/\x85'\x88\xbaM~\x91\\\x82\x9b\xa7\xbd/\x0f\x00?\xaa\xbf\x1dc\xf1\xc8"
    b'f\x17\xc56\xfd\x06\xa5\xc74\xd2w,\xa3R\r\xfa\x0c\x0f\xd4\xd9z\x86h7e\xcfa\x7fb\xf5@\xe5\x13\x84\xd2\x85\xc0\x89u\xae\xbd\xb7pUi\xee\xb0I\x19]{\xc8\x91\xc1\xd7\xf65D\xca(=\x8c?\x8a'
    b"W#\x1c^\x8a\xde\x02\xc9\xd1\x91a\xf7\xaf\t\x15\x07\xd8\xa5\xf7\xd1\x179`\x92\xc2>+\xaaf\x97\x83p'\xec\x80DY\x90\x88O\xefi=b~\xa1K\x8d\xb1-\x93\t\xe5\x9e3re\xb4\x064\xfd\x92\x17\xe3"
    b'\xa4\x0c0\x9b\xfa\x9a\x13\x06I,/\xc0\xca\xc7\xc4\x1fQ\x0b\x1c\xc9K/{0\x12F\x18\x81\xf4\xe24gmt&y|\xf2\xb8\x880\x10\x9a\x84\x0e\xc30\t\xe8\xa0\xd3v}\xe1\xee\xb2\x1e\xf04g\x9d\x90\x0f\\'
    b'\x16\xf0\x17\x83\xf2\xa1\x96&\x83\x1b\xd9\xe0-V\x95\x8c4>\x11]\'I\xcc\xf2\x92\xfd\x85\x9e>\x7f\xf1\xe6\xb7g\xbb\xc0\xed\xb4X\x88\x01\xaeS *E\xe5G\xb0\x1f\x9c\xbf\xe0\x14\xc9T\xf6"\x1c\x10\xf7,\xf1\x1f'
    b'@\xb9\xd8\x16D\xe0\xd5Y\x1cW\x19\xee\x1e\xa3\xa6\xd2\x1a\xac\x8c\x83IZj\x9arO\xd8\xf5Q\x06\xe3N#\xf5\xca\xeb\x1f\x90\xf5\x86\x1e\xc0ZE\x8a\x19\xedt\x1c\xbc\xfc\x0e\xae>\xf0\x03\xf2H\xe9\xb9\xdf\xcb]\x99'
    b'K\xda}\xb5\x9dL=\xbeer)\x8d\xa6\xbf\xf0]o\x91\xc2\xf5\xa3-\xfdE\xae\x8bU\xdbJ\x1e\x8b\x81S\x84wH\x86\xaek\xe9\xa7[1A(\x0f\x9bd\x12\x94\xc6R\x13\x9f\xd535\xcf|S\x9dj\xd5S'
    b'aMf/EI\x97\x915\x0c\x9dM\x91\xd7\x93~\x0f\x1f]\x9b5\x85\xf3V@\xe9N\x12\x01/\xc5\x1aad\x94\xf5\n\xe8\xedK]\x94\xfc\xf5Y\xf3O\x92\xfax\x99Z\x7f\x85i\xa3\xf5f|~rByx'
    b"'\x83\x96\xb6\xd9\xa8\xd8\xe7\xd0\xe1\x11\xe2\x0c\xe2\xad\xc6\xa9\x84F\x8d1\x06\xc9\x06\xd2Jnl\r\xa0\xc2\xcd\xd6\x00\xbci\x9a\x1dz\xd1\xe2\xa0\xcda\xb4\x8b\xc8O\xcd}n\xf3{\xa1\x12\xf5R\xaba\xfb\xf8\x88B\xee"
    b'\x85\xf8D5TK\xee\r\xc8O\xaa\xf7%\xfc\xcb\t\xba\x99:\xa2\x85\xfb\x07\xb7n",>\x1f\r\xebu\xd1\xad\x92Tf\xba\xb6H\x85b\xba\xd9YP\xfc\x1aU\xca\xdeF\xfc\xe9r\x8b\x89\xf7\xfe\x89\xa9\xb1\xe9\x86'
    b'\rd\x15\xaf\x9d\x8e\x94n\xcc\n\x0f\xc7\x06~\xcfyx\xebU5\xd8a\xd2ML]7\xba\x1e\x92bq\t\xf2\x159\x81\xd1\xb70O\xdc\xa5\x0f\xcfcqGM\xd8\x15\x02\xc9\xdak\xb9{;J;c\xee\xa2='
    b'\xf2\\\xe3\x18\xa2\xbd\x168\xb9\x05\x05\xf9\xd4\xc4^Q\xe1\xc4$\xaeq\x9aJ\xc1U\xcd\x1biy"\x05=l\x94\xe2\xeb\xc6\xc7Ms\x825\x1f9\xff\xb6\xf1\xd8Q\xe6\x92\xb4`Ll$\x1fD\\d\xf9\x8e\xca<'
    b"\x03@\x1f\xf7\x0fl\x18\xba]x\x13#]_|j'\x8a\xe8\x91\x89u%#\x97\xe9\xb3\x12\xbe\x82\x87\xc5\xfc\xa2\x10\xe5\x0c\x87\xfa\x13\xe4\xce_\xc0\xa2\xbes\x95\x01c\x0f\xc6bI\xcd\x14\xf2Ju#\xb8Yr\x07"
    b'\xa2\x14.\xaa\x89 \x13\xfbhB:)N\x85\xc3\x9a5\x93\xea\xd7]\xb4\x18\xca\x13B\xba\x95\xfc\x90>E\x8fw\x8e\xa6\x04\x13R\xe5\x19{O\x1a\x14\xa1\xf2\x19\x97\x97\x05X\xe0%\xbd\xd42\xaa\x8b"\xben\x9f\xd8'
    b'5&\xd2\xa1\xd5\xdd\xb7y,\xa29\x14\xdb\xa5\xe9\x95\xf4bA\xaf|v\xb0\xa8\xe5wf*\xabsJ\xc4\x9d\x9dO\xd9[\x87\xbc\xb7\xc6H\xdey\x91\xcf}Jh\xe5\x81U\xb1>\xe2\xbc\x0bn\x19V*d\xf3\x05'
    b"*G!\xfc3\xd0\xee\xe1&\x04\xd7)\xef\x1d\xc1\x8e!d^Wn|\x82\xeca\xb0\xdcs2\xd4\xd1\xd1)\x1e\xf1\xe7\xb9\xdb\x8c\xd4s'\x96\x9cGNW\xd2\xf9_\xf2\xa3\xc2p\x0e\xc7\xf9\xd1\xcdt\xebT0>"
    b'\xa7R\xe1\xb1F\x1c\x81u\xe0\x19\xb8\x11\xf3\x80\xa2q\x95\xf9\xd1\x11?F\x85n\xaav\xf1W\x9b\x1f2{\x0f7!\xd3\xa7\x88\xb9@9{$\xa9H\xa3\x12\x9cB\xde\x11wg&c4y\xce\t\xd9\x96d\xf0\xa3'
    b'\xa3\xc5\x1f\n\x9e\x9d|\xd3\xa88\x8fM]\xb5]\xee8\xfa&\x17^\xb9Rv\x97\x1cj\x9f\xae[\xac8&\x897$L \xd0:\x91\xcb\x15\xb1}L\x0c2\xf9PB\x0f\xf1\x13\xcd\xd1/\xaaF\rGJb\xc4'
    b'[\x00>*|\xa0\xc4\x8cT\t\xab\xa2\xae\x03\xec\x96\xe8\xcau%*A<\x01$\xd5\x9d\xc7\x9b\xe2\xea\x89\x14*\x88\x1e2\\\xe7\x1fY"v\xb4\xd4\x1d\x03\x1f\xd5H\xe5\xf8\x9a\x94]G\x92\x9d9\x92-\xbd\x1de'
    b'j\xe9\xb5\x0f\xbc @\x8a\x14\xd4O\xac\x85\xeaIM,\xdc\xc1\xc1\xf2\x0b\x10:\x01\xa5\xa2UHi\\\xad\xc4\x92\xadf\x0e\x16\xdd9\x95v/\x90\xb7I\x81\x868~E\x02\x9d\xb4\xf2\x82\xb7\x99\xce\x01\xf4\xd9\xb8\xc9'
    b'4\x18\xc5\xc9z\xd8.\x81\xf3E\x98\xc8\x8d\xf4f(\x9a`4\xce\xcaqa$\xe4\xa8\xa4\xeb\xe2\x0b\xe2\xb62/)\xf1\xf3r\xe2z1,\x130\x8a(E\x1e3c\x9c\xf4\xce\x0b\xb5\xcf&$a\xd0\x8eO^\x90'
    b'\x1f\xbeV\x8d\xe1&\xac\x17\xbf\x8b6.\x1e\x81#o\x1b\xe8M\xbf\xf4\x0c\xc3\x10S\xf5&V\x1d\x15\x87\x88\x12\xd0~\xcbQ\x90\xd9\x94o\x96\xc4\xf7\x89\x1dc\xdd\x1a"\x93;\xc0\xdb\xf3\xd9\xf1\xa8\x18\x0f\xc1\xf8\x05\xb2'
    b'=f\xec\x92\x05\x8e\x7f\xb7B\x8c\xecQh[t\x00\xb2\xad]\xc7#\xba}+a\xee\xeb\xfb\x9a\x9d e_\xa7\xc5\xad\xb3_\x93\xfb\xc3\xb6\x86\xfd\xd2D\xa93\xa0 H\xb4\x08UL"\x7f\xfd]\x10|\x021\x9d'
    b'\xb8\x0b\xa2\xf9\x8d$\x89\xdc\xb3M7\xf1(\xb0\xbak\xcdB\x98\xa7\xc8\x9b\xc8q=\xb2\xa98\xdd\xc2\xb0\xffE\x83\xf3\xc0!L\xf0\xcc\xf9\xb1\x89\xfc\xf0\xa7\xc5\x86\x15\xec\xae\x8d\x03\x9a\x15\x93\x85\xd8\x18\xf0\xf9}\x9c\x86'
    b'\xb8\xbe\xc5\x9a\x8d\xb4Y\xbc\xeb\x17\xaf\xbfg\xa2h\xfdJsE\x18\xba\x1e\xb1\xa7T\xad\xd5j\xd4\x12\xd5\xba\xc9|\x11\x11e\xceN\xa5tV\xa6\xb6\xc7N\x03\xc7\xe5xL\xbb\x9c\xde\xea\x8c\x9f\xe4`\x13\x87\xcc?\x12'
    b'\x9b%i\xef\x88\xbaq\x03\xf0\x07\x97\xeaIAJ`\xf5\x92VHA\xa19\xed\x1e;D;\x827f\xc7\xd1[\xc1\x0e\xc3\xd7\xec\x8dvH(.\xc9a\xcd5\x9d\xbc_p\x07\xb6\xd2\x8ct\xcb\x93\xc3f\xa7}\x93'
    b"\xc7\x97\xf3s\xdd\xa8\xa7R\xd6ts\x87\x9f\xb4\xec\xdbZ'sS\x88\xf5\xbc\x92\x08\xce&\xd3\xf5\x9f\xa7\x81X\xc3Z\xce]\xc9q\x17\xb2\xf5\xa6\x06\x1a\x9e\xad\xeb\xcbJ\x93\x9d\xc4\x13\xe0F\xfejF\xdf\xcf\xd3a\x9e"
    b"\xb4\xd2\x12M.\xbb\x9f\xb4`\x93;^-\xf72]\xd6O\xc8\xeb.8P,JWl\x1a\xeer\xc9x\x02\x97%hM\x8f\x9b\xefP\xf0\x03\x04\xd9\x9c\x97'n\xd3\xb7u,t\xf4\xe0\xc7c\xdd,\x1e\xd5\xbe\xb7"
    b'\x17\x16\x89p\xba\x89\x89{c\x85[\x8d\xbf5O\xad\xeb\x07\x98p00;\x15\x99\xbf*\xfb\xe8\xc5\xc4qW\xef\xf2\xc3\xb6?^\xc5\xec\xf5\xe4\xf5\xa4\xf8\xcd\x9d\xd1\xb6\xf5\xde\xf0\xf8\xfbV\x04\x12\xa6\x0fg\x9d\\\x8e'
    b"\xdd\xe7\t\x95Q\xf1G\xc5\x1a\x12\xd4D \x9a\x94\x17\n\xb0\xba\xc3\xd8\x19W\x92\xec\xf6\x8d\xc2\xebq\x1c\xb7\x82\x05w\xb3aA`\n\x8e\xcf:e\xcf\x01's#\xf7\xde)\xe0u\xeb\xe8\x8e\xcc6\xb3\x8b\x1d\x8b\xb2"
    b'\xb3\n6\x13\xe0<\xc2)\x8ae\xaa\xd1x\\\xd1h(\xa6\x87\xac(Gl`!\xd6\xdb\xc7\tJF[a\xc5I\x04\x96\x80uw_\x8d\xc9\xc2~\xa9\\\xb2\x01U-\xf3!\xee\xea\xaa\xcd\xe0\xd5\x06~1\xf8J'
    b"\x82\xf5\x92\xf7\xcd\xa0}6\xcde\x8a4VO\xfc\xfc-\x98d\xd2\x8b;w\xe4\xaeA|V9\x91\\\xf4\xfa'\xbc\xc6\x17\xe8Z\xa4\x86\xd5\xd5\x08-P\xbd\r\x9b\xf4l\r(h\xb1aC\xd3\xf6\x92\x8eb|\x81"
    b'\xcc\x8al<FR\r\xb7\x87\xbb\xb1nC\xf8n\xdcQ\x8c\x872\x1a\x02C\xb7B\xee\x94\xc2\xc2xF\'\xc1/\xc6a\xbeT\x1c\x84\xac\xc4\xf4$\x9f\xa5<\xd1\xc5\x8c(\xa5x\x84"lG\xa2\x00\xa9)\xef\x9cp'
    b"\x13\x82\x95\xd6<&\x17\xd2\x90\xe7\xefZQ\x91C\x89\xcaO\xf15\x7fT\x8e\xcf\xcf&t\xd1+\x08\xb0\xdb\xa4\x8e\xb9\xa7\xddL\x178\x92'O\x90\x93Q\x81\x13\x14\xee\x9c\xe0\x14\x91\xd4\x1b\xca\x0e\xc7'p]q>"
    b">\x0e\x9e\x83\xc9\x90\xad\xa3\x9cZ\xae:\xe5D\xc9\xa8\x9f\xee\xfcnvV\xe4\x15\xc35p\xa6\x0fH\x93\xc7\xc4\xce\r\x0b\xbak\xbc\xaf\x0c'C\xa6\xb1\x88\xeaC\xa4-v\xf9a\xcb\xe0\xeb\xdf~\x7fI\x0eY/\xdd"
    b'\xc2\xdd\xfb\xb1\xb7\x11\x19\xfaRJf\x1c\xcbS\xd1\x7fAV\xf8@\x10\xcd\xaaP\xde\x9cO\x04\xb14)hD\x817p/\xe0\xb22\xab\x8a_\xdc\xd9\x99\xb7\x01\x13}\xe68\xebb\x08x\x94\xa01\xd7\x1f\xb2\t:'
    b'\xc0x\xd9U\xb8QF\x95e<\x95Z\x1d\xdc\x9f\x902\x80\xb8^2-h7)5;\xe3\xad\xac\xda\xbep\n\xf5\xa9\xdbR\xeeD\xfe\xe6\x96\xb3\xb3\xe4\xfd[\x0f\x1b\x08\x97\x8d\x9c\x8c.nt\xbeo\xc4\xf1m\x11'
    b'|1\xb5\xbdj\x97\xe1\x07*\xd7\x11\\N\xf7\xe1\xa3\x05Q\xea\x8b9-\x8a\x9cu\x8c\xe8{\r\x0f\x15r\xa0\xb9V\x193\x90\xd3\x86S\n\xe9.\x13t\xf1\xf5q\xdb\x95\x0e\xbc\xdc\x03"\x9dS\x18\xb8\xbb0\x0c\x8d'
    b'\x80\xf3X\x05h\x87\x9e\xf5\x9a%r1J\x0e\x8f\xab\xeb\xfc\x08-\x92C\x00y\xdeQ\x8a\xef\xae\xb8\xa5\xa9\xfaBnA\xc3\xd6\xaa\x8f\xd4\xcel\x96_\x92\x1eh^\x92f\\\x0c\xa5\xbd#wH\xdaKUO\xca,'
    b'v\xbc_)\x07\xa4.P\xd9\x9b\xfc\xba\xe5\xf1\xb1\xe3\x1bx\x13\xfc\xedo\xf5-D\xdf\xf5\xa6\xa5\x9b>\xaa\x86\xd2\xd4\xb7\x1c\xe5p\xa7z\xae\x8e#WfSW\xf3\x14\xded[\x82\xf6\xa2\x87\xabY\xff\x80\xc6\xf1\x84'
    b'<\xe3\xdd\x1ez\x8a\x9d\x08\x18\x9fN\x8f\xc9\xc3\xeaR#\x96\xc6\x0e.\xac\x04Dh\xc07\xa5^\x12\x04\x82\xa4aG\xa7\x85\xa7\x10g\xc4\x9a\x88w=\xef-\x8eI\xcbd\x83\x072D\xdbB\xdc\x18\xdc\xa2\x17\xe4\xe7'
    b"X\x95\xdc\x00=>,]\x85g\xee\x1fd3\xe5}\x130C@pgP\x8ey\xfd\x95ta\x05\xcdA\x7fM\tm\x87'\x92\xbe\x9e>\xe1\xea)\xac\x86\xdfJd4\xd1\xbd\x0b\xdaO$\x83\x95\xec\x93\x91\xd8\x15"
    b'\x90\x1f\x97\x1a\xbf(3\x86\x18\x0f\x115"\xa0\x1c\xba\xdd\x1b\x93\xa1\xe8h\xbf+\xa7&\xaae\xc6t\xb0V\x98\xdf<\xc1\xe0\xdf3\xb0\xe6\xd7\xaf~\xe6_\xb8\x89)>;q S\x84\xe8\x9c\x19\xacU\xc4D\xa3\x97'
    b'6\x19\x19\xad\x12\xfd\xd6|\x07\\\x08\xe9E\xd1\r>\xa6K\xae^:v\xee\x1c,\xda\x18\xdc\x0bC\xacy\x10\xee\x0c8.x\xeaX\xfd\xcbvk\x15^z\x8e"9\xc6\xbb\xcd\x93\xb4*\x13\x00\xa9~\xfa9"\xf7'
    b'\x8d5pG\xb9\xb5VW\xfb}\xc3\x8f\xdd\xc2\xfb/\xdb\xfeS\xf4$\xea\x00\x83\xd2\x8f\xe6d1&\x93\xcd\x14\x981\x06\xe4\x8d\xa8 w\xbc\xf2\x1b1w\xbc\x19\x85]\x12\xa9\xcb\x18\x08\xee|*\x9c\x08H\xef\xe3-'
    b'\xa6\xda\x8e\x1c\xe0D\xdf\xc9\x1e\xe8\xb3N\xfd\x8a\x03\xe3a\xee7\xc7z0\xbb\xd0\x00\xa3\xea\xaa#`\x85nz\xdf\n\x1f\xcfR\x9656\x81%J\x987\x98\x94FUj\xc5\xd2\xa4\x19\x82$U\x88\xd7\x14\x88\xee\x85'
    b'8W\xc1S\x94\x17\x143\xc4>\x99\xe0bFs\xe1\xe3\xd3\xd6\xc5H\xe3U\xeb8\x85\xaeJ\x9d\xe7\xcb\xec\xc2}\x90r\x8cAP2f\x849\x85\xa8\xddn\xe0\xf6$\xf7\xbbUM\xfe\xedo1\x01\\t\x1b~g'
    b'T"=(y\xf6H\x16\\\xa5\xebhK\xa6\xe7\xa0\xd5 1\xd6%N\xee\x92\xebfN\x1eR\xb7oS\x87\x83\xe7!\xfe2\xa2\x03\xc3o\x9fWKn\xea\xef0i=*\xd521`cJ\x95m\x02\x05\xdc\xdf'
    b'\r{\x05\xfa\xaf\xc8\xa2\xad\xead\xd1\x15\x93\xad\x8b\x0e\x8d\x13\xad\xe8};8J\xba\x9e\xc6\xce\x9c\xd4b\r\xb5\x8aQ\x96F\x9a\xb9>\xfbkR\xc9\xbc3\xfb\n\x15S\xce\xd0\xcb\xecT.\x1dI\xb0\x8c\xd0[7\xef'
    b'\x05\xab\xffq+\xb0\xe2\x0b\xf8M\xc8/3w\x04\xbd"v\xf7\x13g\xddfH*p4Z\x06\xb2\r9\xc0\xf1}\x01q\x92N,\x05\x041\xaf\xc3\x18-\xf3Y\xfe\xa9\x18\x93\x92\x82G\xdd\xcd\xde\xb2\xf6V\x12\x80'
    b' \x92\xc7U\xcf\xe2q\x12\x83M\x04\x95{\x8c\xcbp~*6k\x88\xb0\xab\x90\xe1\xcb\x89\x8f\x1fr\x9c\x14!\x05R3\x94M\xf3h\x94\x8fG\x15\xc7\x88Rd1\x89\xcf\xb9OJb\xa6\xc0W\x0b\xe3\x07\rB\xe9'
    b'\x15f\xc1T\xc5c\xe5\xa1Kh\x08\xcc\xa4N\x16\xd7\x99WZ@\xcc\xf7\xd0S\x8d\xd1L\x97\x9a\xbd\x1b\xc9\xc0\xca\xae\x968\xc6\xc3RXA\xf4\xdd\xd1\r\x14\x86\xbf!\xc2\x9d\x18G\x0e\xca}$i\xcaUU\xe9}'
    b'\x1f\x15T\xc5m\xbc^\xf6JB\xc4F\x15\xa7\xb5su\xd2\xaaN.\x8dV\x94\x1d2G\n\x00\xc6\n\x11\xb6\x8f\x85\xaa\xd4p\xcc\xbc\xabxIw\x83\xc9L|\xf9X\xeee\xfb\x18\xd33\xf6l\xfc\xed\xf5\xeb\xbf\x7f'
    b"\xf8\xf5\xed\xeb\xdf\xdfh2\xf3/4\x9eA\xd6\xda\xf1\xb1\xf8\xbc+[\x88\xc2\xaf\x06\x94\x97\xcb\xef\x17\xf0*tISO\xc4\xc4^\xb2[%\x11(l'B\xac}\xeb\xcd\x01\xad\xf7\xeec\xfaw\x97L]\xec\x7f\xf9"
    b'\xd4\xedQ<{\x99\xcf\x1c\x91(Z\x07W]\xd3\x93\xb7~+\x85>`.<\xa7\xc4\xbc8ZK\x1a~\x9a\x9fM\xdd\xd4\xa0\xf6gg\xc5\xec\xa4\x98\x1c]\xd2\x1forw\x9b&\r\xed\x00\t\x90\xf7\\h\x8a}'
    b'r0\t>\xc1G\xd2\xcan9\x1e!G\xecS\xce\xfdrty\xc4V2\xf9\xbb"u\x1f\x12\xd7\x91V\xf3\x14\xaf\x9e\xb8\t\xfc\x98t\x00a-\xb2]\x9a; \x07\r0)\xb3\xb9\xd9]i\x8f\xdc\xeb\x8f\xda\x87'
    b's\xd8\xd1\xc8\xf89\xcb\x8f\x8fGG\\\x17f\xc1]\xcc\xa4i\x07\xec\x84\xab\xd7\xf5\x07\xb9\xeebR\x05\\\x19:P^\x87\x1f\xb4\x06|fVt\xe7\xf1\xe6\xb7/\xc0_\xdc\x8a\x039~\xe5z\xadK\xc1\x18.['
    b'\x0b\xef\n&\xc7=\xe9\x90\xb9/\xe8\xc3\xf4\xe2\xe1\xcen\x194(eO\x03\x1a\x8c\xc6h\x06\xa7\x91T\xbc\x02\xfe1KW\xd4\x88\x97\x9d\x9a\\6\xa9E\xabU\x0b0v\xb8C\x8f\x9cL\xeeN@\xd5nI\xb3-'
    b'\x13\x91\x11z\xc2\x18[V\x08K!\xfdE\xf8E\xf5\xc9\x14!A\x9bcm\x8dKA\xc0}\xab\xf6\xe8\xedA\xd4\x06\xe6\x84\xb5\xcf\x1ew\r:\xd3\xd8\xa4\xb1w ^\xa7ti\x8e/\xdb{\x07]K5\x12\xc71'
    b'\xef\xbb\xaa@U\xf4w\x0f\xabG\x17p\xd0\x040\xa9\xdd\xbaAU\xd6\xe9W\x0e\n\xd7\xca\xa6!>$\xfc\x84~\xc7XKr L7\xea\xfe\xc5\x9c\xee\xee\x8bE:\x93\xf9\xa2._\x05\x97=#\xc5\xf2\xe4]W'
    b'\x15\x1bA\xd4\x03\x91_\xb2C\xb8\xdf\xc0T\x9f\xd7\xea\xf1\xac\xf0\x9a(MxY\xce\x0c\xdds\xbfdH\xf4!W\xe3\xe7R>\xaf\xf5j\xc9\xa2h,\x93]yr>\xb8\x99\x8b\x00\x97LB\x99\x98\xadab\x1c\xba'
    b'\xb7\xc8\xcf\xd9"\x7f\xabF\xed\xe6\x81T7\x8a\xa2\xba\x91\xabi\xd8R\xb58*l\xab\xff\xef#\xa8\xd0\xac\x8d\x9dZ\x1e8%\xce\xac\xc8&A\x12\x83\x90\x95\x1a\x9dI\x8530\x14\xad\xce\xc2\x86\xb4\x1e\xdb\x96\xac{'
    b'j\xfe\xeb<\xba!\xfe\xa5Y\xc5\x9a{\xb9\x92\xf8\xf0Z\xadW\xccPm\x99\xd3\xaf\xe1]\xe6p\xd7v\x99?\x92\xa9Gf8\xe6&z\xabad\x1e&\x93\xdd\xc7\xe8*0\x16@Iv)\x93\x80\xaf\xbb(T\x17'
    b")\x8eG'\x8c\x14\x05\xf9\x99\x1d\xa1\x1c\xdf@\x8a\xcf\xff@\xa4xf\xea\x81\xd1\x9c\x84\x89\x90\x06\x87\x1a\xfe\x94\x8f\xcf\x8b\xe0}y1\x1b\xcd\x8b\xcad}?\x9f\x90\xae}\xc4N'\x9fY\x86\x85R\x923\xfe\xb9O"
    b'/\xa7\xe0\x94\x1ds\x8d_\xf4\xa5\\\xf3\xdc\xf2\x8a(\xaf\xba\xe6\x99\xc0\xb4@+\xf6H\xaa\x98\xe6`\xdd!\x7f+0\x8c\x94\xae\x90\xefy.Z\xae\xc9\xd0s\xf8\xdc{\xc7\xc4\xb2|^qU>|\xd7\x0c\x89UI'
    b"\xe3K\xb0\xb7\xc2\xc2\xf0\xa4Wb|C.\xcd\xfc\xa2\x98)\x07\xed\xad\r\xa1'\x14B~z>W\x7fP\xb7\x11\xa85\x9a\x06\xb1g@\xd4\x82\x15P\xc0\xd8\xd8\x83\x8b\xec\xca\x98\t\xd8\xf6fn\xab\x9f\x1d\x92f\x85"
    b'-\x0e\x00\xa7"A\x02\xbaG\xee\xe0-\xef\x03.[c6\x12\x9c^@\xe4\xf0\xbc\x00\x01N\x00\xc3Dw\xe3\x0e\x03l}\x84:\xd1\xcbvI*\xa9\x90\xc7\x9c\x1c&\xf2\x8ac\xacH\xb0)fn\xf2\xbc\xca\x0f\\'
    b'h\x80\xe8t\x95\xd1V9#\xa1\x83,\x98\x95\x07\x99\xd3\x11U\xa3\x93IN\xf9D\xa5\xe8q\xce\xf6N\xc1\x07a\xb3%-(->\x94u\x14\xb9\x16V\x1f\xd6T\x91\xe9\xa4\xcf\x95\xf8?\x05\x91EX\xd8\x8f\xc5e'
    b'%\x12\x8f\xa8#\xbb\xc1&\xc4\xfe$\x1c\xd0FMP\xa6vB\xca\xc3\xa0\xfd\x80\xd4U\x8a\xf1\x85N|\xd87tC\xdc\xe5 \xc6\xbe\xa5~U\x05\x94\xb9D\x82\x9d<\xb4H\x03\x022)\xfb\xa8\xd5\t\xdc\xb1\x1fR'
    b"\xee\xc7\xecZ:,\xa4;\x87\x97\x9e\x17f\xf6s\xaex[D\xaa\x08\xa2\xb1\x9cA\x06\xfb\xe5\xc5\xaf\x94m\xf4\xef\xcf\xfe\x1f\x92\xc1\x80\xad\xe0(\nq\xf1\x18 \xf1\xe9\xba\x96\xf4\xfb\x84\x1c\xc1>\xd8'\x9cH\xf2\xc3"
    b'Y\xfe\x99]\x1a\xcf\xcarH\x9f\xf3\xdd\x8e|\xce9\xd8}/\x87\x0cGgN\x8a\xe6\x9f\xe7s\x08D\x8efU\xa7\x05\x1e\x15"\x8e\x1d\x93\xc8up\xeb\xea\x91O\x82H\x0b\xa9\x9b\x02\xfd\xf0\xbbL\'\xdb\xec\x9ad'
    b"yd\xb7`\xc8\xbb/~}\xb5\xf3\x9b\xe3\xfb\x9e={EcN$\x93A\xd6\xdfh\x92N\x06\xd9\xc6\xba\xf4\xe69\xa9't\t\\c\x9eJ\x88\xf9\xde\x10\\w\xaa 2U\x96\xdc\x0c}X$\xe3\x01\x11R\xaf"
    b'\x89\x99\xc2\x97\xef\xf3K\x8a\x95c\x96+\xc8*|X\\\xaf\x89n:\x9el\r\xb21R9\x87k\xe7\x93\xe1\xb7\xfa\xd9Z\xf6\xc9\xdd15\x18Pj\xda~t\x9c|t\xec>\n\x10\xf2|A\x86\xd2\xd4|\xca\x1f'
    b's\x97\x98\xa0/\xeb\x12\xba\xb3\xb4}\xdf\xb6\xef\xc0\xb4\x98\x1d1\x7f\xa2#\xff\xafk\x06\xfe\x89\xf2\t\xac\xaf7\r}\xf9\xe0)\xcd\x1e\x7fx\xa5\x8c\xb2w\xfe\xe4C\xe1\xd1\x0biZ\xda\xb4\x06\x9dZI\x7fF\xc8\xe4'
    b'\xe0\x9f\x9a\xd3\xe2+\xc1\x92\xd6\xbeONZ\x02\x02A\xc9\n\xed>\xde\xa3]\xd2c9\x8b2\xf7n<jX\x99\xd6\xfe\xf9\xfa\xfa\xf0\xc7k\xe6\r\xb57\xed\x99es&\x1f\x85uK\x87#\xe4 \x999\xd1\xee\xd4'
    b"g\x0fT \x9a9\xd0\x83\xe4s\xf3\xe5\x9e\x92\x99\x94\xba4\xc0\xa3\x06\xf0I\xdeT\xc6\xfb\x9e\xeb\r~\n\x16\xcc_.o\xc1q\t4'\xbe{\x19fN\xaf\xbdO#b-\x0c\xa5\xddu\xa4\xf6\xcd;D\r}"
    b"^\x85_\xfalU\xc8\xfb*\xecC\x9c\xeaZ\x1e\x01\x92\xc5\x87\x9d\xcc\xddeM\xbb ~)&\x8dqy\x94\x8fw\x9d4N\x0e)'\xc5\xfc\xc5\xbc8k\xdb6\xd9\xcb\xb8\xd5'\x18f\xc7\xac!\x81\x8f\x18^\x1b"
    b'[3\xc1\xb9`\x9f@\xe4*\xcf\xae\xcc\xdd\x8cq\x8e\xd0\x8a\r\xc6\xcc\xe6\x88\x9e\xd6\xb1D\xf30Gx\xfd\x0by\x189)~T\xf0|\x80_zU\xc6\xc9\x13\x9e\x10\xd0\xab\xb8\xc9H\x13\xe4\xfd\xe2\xab\xcf+\xb9\xbc'
    b'HR\x9e]\xb2\xff\xac\xe9\xde \xb0e\xca\xc2\t\x9ag\xa0\xaftU?\xa3\xc6\xdb\xe8B\x97\x198\xe3W\x01!P\xbbG\x9b\xc3t\x95\r\x86nc\xaa\xe6F\x17%d\x93\xa7\xda\x04\xc3\xdc\xf5\xc4]Gc-a'
    b'\xeaq\x8dX\x80\x80\x9d\xfam2\xa9OA\xb7\x81\xcdpS\x01\xf0uV\xba"\xa8\x88\x95\xc2\xe0V\xa0~&u\xa5b\xd4\x08\x7f\xe7\xd6x\xac\xce`\xb3\xb9x\xba\xc1R\x9c\xcft\xd5\xc8\xa7\xe6\x14\x99\xe5\xe73\xf6'
    b'B3\xa6$\xee\xed\x8bI[:\xe6\xc3\xc3q[\x08\x8f\xc8NZo\x8b\x93g\x9f\xa7\xedV\xfb\x8f\xaf\xfb\xfbU\x87\\\x92\xe9T\xdf\xc9Z[\xed\xed\xc1\xde\xfe\xfe\xb0wpg\x7f\xffkg\xbb\xbd\xba-\x7fv$'
    b"^\x86\xb2\xd1\xf8\x98JG\x92\xdd\xbf\x8fy.\xbc\xf2 \x9f\x87\xfc48:\xb0\x1bnq)\x82<\xef\x9dqH\x0ew\xca\x08\xd8\xc7\x0c\x88'\xeb\x86L4\xf9a\xd5~uN\xbc3\xbf\xf5\xd1\x9f\x16\xbe\x12+o"
    b'\\\xbc\x92}\n\xd1\x86\xd6An{L!/*\xfc\xf4D\xe5\x86mk\xfc\xeb\xe8\xdb\x9dy\x9b\x03Q\n<\xe4\xcb\xbf+\x15u\xb9\x920\xcd\x98\x94\xd7\x87\xfft\x85{\x8e_t\xdb\xa1\xfd\xe5\xca|\xfc\x05\xfb\x8d'
    b'\x01\xdfY\x80\xcc\xe7{\\\x17i\xe3P\x9b\xa5}\xfc\x1dY=+\xee\x06E\xa2\x82\xfd\x88\x86+\x8b\x9bG\xa2Vw\x01W\xcd\xf4A\xb6\xf4\\\xd9\xeb\x94\xd9\xf9{q\xb9d\xe0a\xc4c\x9c\x9d\x9bL\xd5\xbaW\x9a'
    b'\x9d\xba;\xe6\x86\x1f\xf5#L\x80\xc0\x19\xeb\xa4\xd5\xb5[uT\x04s2\xc8\x12\x8b\x02\xe4\x9b\x82CJ\x08\xdc\x0b\xde\x87\xe7\xd4a~\xc1\x92?\xf9\xd8{\x82\x13\x05\xd7c\xeev\xf3\xd1\xb0mv\x86\xf4cw>s'
    b'\xd5\xb5M\x8aq^\x040E\x1dfq\xe2uUa\x9a\x01{!\n\x8bh;)r\x88B\xb2\x8d\xbbF\x88\x10\xd8d@IC,\x85(\xde\xcb\xde\x90\xb0MW\x9f\xab}&p$\r\xe2v\xc1u\xcf\xd8(N'
    b"\xd1G\xf2\x98w\x92\xe9\n\xc6 \x12\xbd\x01\xb4\xa0\x02\x047\xb7lY\xc1F'g\xe7\x90U\xa9\xeb]?\xb8\xad\xec\xc5\xc4\x91\xeb\xd1\xfc2\xa2<$\xb60\xed\xc1\xaf\xc7[N\x0c\x90?b\xba\xc3}\xdd\xe2bk"
    b"(\x15\xe0\x82F\x9f\xc0\xb5'd\xf3\x9a\xed\x88\x1a;a+\x88Z\x10u\xd9-\xe5)\x17\xbfZ\xd5\xb1>\xd6\xb1\x19=\x9c\x1f\xec\x82\x8fT\x15'\xf3\x83.\x04\xed\x9b\xb2uZ\xcdOY\xbfX\xbdog\x81O\xe8"
    b'\xb7\x8ds=\x1a\xa39\xb3\xdfVM?\xaa\xe60\x19&u\xcc\xcc\x8c\x7f\x8e\xa6\xfc\x0b\xce\xc5\xd0O(\xfe\x17L\xc3\x00uv9\x11\xa6\xcc\xc0\xd5#\x7f\x81O\xf3\xb1\xeb\xaex\xa9\x96\xe7\xa4\xca\xc9\xd5\xbb\xdcc\xf2'
    b'\x00:\x1d\xb7\x04\x1b\x10\xc4\x05\xfb\xd8\xd5u\x9a\xe8^@V-t\x8b\x93\x05\xdep\x1b\x126JT\x17\x95\xf1\x02\xe8\xc3\xc6\xc0N\x9eA\xc9%\x93\xb5:r)\xaeq_\xb7\xf6\xfe\xd8\xaf\x06\x07w\xd6N:\x9a\xa9'
    b"\xa4\xc1y\x9b\x800n\x0eca\xf5\xd0u\xa8\x8aY1-\xa8\x07\xa3\xa9E\xb3\x10\xb7-'\x0eK\x1eH\xe4\x04u\xbc;\x80;8)\xe8\x8f\x11\x1c\x83bRD\x05\x047M\xe7c!\x10B ~\xa4z\xccU"
    b'f\x1fU^\xe9\xe8\xf1\x80X\xaa\x15?\x82\xa3b<N\xf4v+\xf0\xd4Ni\xf3SW\xb0B\xe7\xbbR\x83\xa0\xc8\x91,e\x88Q\xf9y\xc9D\x8e&\xd3\xf3\xb9\x86\x80|\xf6\xc0\x04\xb4\xca-}\x882/K8'
    b"\xb4\xb6\x86\xc5\xd1\xe8\xcc\xc9\x8c\xfa2\x06+@\xc7\xdcc\xff\x9a\xef\x05\x9eB\xdf\x88L+\xfe\xd5\x87\xe5\x84\xaf\xefF\xefy('0k\x91#\x9eo@\x95\xd5\xedV\x97d\xb3^\xcb\x9a:n\xb7\xf9\xd3\x9f\x1c-"
    b'\xb0\xf0\xe3\xf5\xce5\x9b\'i:\xb9\x8aNc\x1e!\xc6Q\xa2u\xbc\xc9~E\xc9\xa6Y\xa3\x17\xadP">g\xf4\xcc\xb0\x0f{\xae\xf7\xbc\xe8\xd5\x01v\x1a\x87br\xf0M\x12v\x03\xde\xbdKJ\xc2\x85{"\xf1'
    b'%\xc4\x17\xc1\xcb\x9a\t"\xb97\x9f#\xcd\x87\xfb\xa7\'\x0f\xab=\xfa\x83#\xa0\xbd\x01\x1a>\x1f[\xfe;\xf7\x05=a\xd4Xy\xd8\x13\xc6OV\xf6|\xc2\x0c=u\xcb\x15\xa7\xa5Im\xc0\x12k\xda\xe3\xb2\xc6L'
    b'.\x1f;\xc2r\x9b\x95Ya\x01\r\xfb\xfb\xa9\xb0\xc0 \x0bG\x80\x15\xe7\x1a\x1b\x1c\xc5D\x92\x85$\xdd\xb5rm\xb00\xce\xd8\xdftk\x99\xcd]\xea\x8fFH\x91=|\x16\xf7\xa8\xf8\x16\xea9hYt\xf5\xcf\xa8'
    b'\x97\xed\xfc\xdcL\x03\x19\xc5\x0b{j\x84\xdeo\xc9\xab\x80\xc6\xe3\xd6^\xf3\x8biv\x85U\xcd\xae\x10\xeeJ"F$\x19"\xb4\x8aX\x82.+M\xe47\x85E\xe0&\xdc4(\xe4\xa33^\xcd\xb8A~\x1cN%'
    b'\xff\x1d\xce#\xcb\xa9\xaaa\x95JFriAy_i\xfcP\xd7\xda\\"S\rb#\xd8\xf1}Ti\xdc\x8d\xf6\x91\xd3-\xe7\x9f\xdb\xc2\xbdr\xff\\;\x1d\x9f\xef1~\x93\x7f\xeex\x03\xf6\x9dl\xc3#\xab\xd0'
    b'\x9c\x10\x992T\xd8p\xcb"\xe1q\x1d|\xf3wHC\xddZ\x96+\xa9%C\xd4\xa1\x89\xbd\xa7\xbbh\x8c\xf3\xb2\x8c|\x04\x99<\x19\\\x17Z\x89\xb3\x110\x12y\xf7\x07`\x17z,\xcbQ5\xcax\xb6\xc0\x82\xef'
    b'\xf6\xf8\xdf\x03\x9dV\x16\x02\xb8\xefV\x08\xf0\xf01qRYD\xff\xc8\xce\xe4,\xd6\xe5\xb0\xa5\x94\xa2G\x7f\xf1saIZ\xc96\x11nH\xb7\x87g\x89\xc0\xe2\xbb\xadI\x0b\xe0\xf1~\xabq9\x0f\xb6\x993k\xeb'
    b'\x96;\xfc\xe6\xf6n\xbd\xf4\x9b/=\xed\x97\x16\xf3\x86\xf0\x05\xecU]&\x8e\x98\xcf\x8eo\x97\x06\rS\x81\xcf7A\x9c\x03\x91\x7f\t4\xa2\x10\x0f\x06J\xd1\xd0%\xa6\x17\x14\xbe\xee\xf8\x02\xd1\x9b\x8d\x86\x9a\x9f\n\xe6'
    b'\xd0tP\xcc\x1f\x11\xa7\xf1\x94\xa3\x97\xa0\x92v\xa57Z\xe9\xd6\xdf\x0b\x83 Bp\xb0tq\xc7\xc5\xa7b\xdc\x8a\xdd\x0c\x0e5\x01\x9a\xbf\x10\xa8\x10\xca\x93\x07\xd61\xa2Q8/uTb\xd9\x19\xac\x0b\xa5\xd2\no'
    b'H:\x84\xff\xb5\xfc\x10\xc2\xc0,\x16I\xde\xcb\x9c\xac\x9a5\xb9\x1c\x91\xba\xe4\xcc\xf1A\xd3\xa1\x04z\xb3\xde[\xefKrd\xca\xf6\xde\xd7\xcaYL\xee\xdc\xf0\x8c \x975Q\xec\xda\xc1\t}`\xda|#\xb5\x87\x8d'
    b"B4\x8a\x06\x8eT\x0c\xb5\xc4\x96\xa2@\x0chKrX\x9c\x9a\x9f\x84\xce\n\x9bk\x04r2t\x89\r\xbdB^\xaf\x93\x13A\xf0\xe4\xa8R\xf6\x8e\xc7Q\xb6\xd5\x9b\x10:\xb1\xe7\x9bJ}\xc1='d\xaf\xf7\xeeu"
    b")\xb2\xa6\x01\xe7\x16B\xae\x19\x9a\xb7q \x92\xdePm7\xe6\x1e\x11\x89\xf6\x9f\x92\xa2\xbf\rP\xdc\xafU\xa7cf\xb4\xe9\xa6\xe2']\xd1{\xc8]\x14>\xb92\xbf=\x8b\xfc\xbc\x00\xc8\x9e\x1e\x1b\xd6)C7d"
    b'\x1e\xa8\xd2)\xfe^\xf9\xe1P\xcfv\xf8-\xdc\xf2\xc0\x08\xce\xd7\x110+2\xdf\xe0\xe6\xf4k\xe0oMz\x02\xd1f\xe9\x04\xb7T-\xbf\xc2\x19\xa3D\x01\xfcMw\xe9\xd2\x06\x96\x9cy\x8dQ\x9e0\xb67u\xb8&'
    b'/\\{#\xc7\xba\xe5X\xedt\x86\x88\xd0\x06\x9d\x13\xb7\x19\xd5Be\x8d\x0e\x16\x15\xf6\x8c\x96\xc5\xdc\xe3\xbc-\x16\xde\xfex\x1d\xd5\xedu\xda\x14:\x97\xe8f\xea5\x9b^|q\xbd\x1d\x185\xd9\xc0r\x0c2q\xa0'
    b'\xd0\xca3\xac_\xd9v\x934\xf4\x12\x15\xe2\xd8fw\xff\xd7\xdb\x8b\xbel8\'WM\xa9\xed\xeb"\x1f3\xa3L\xbe\x04O\x8d\xfdd\x98\xb8\x85lO\x1cR$\\2R\x03\x19\xf4}\xdc\xcc\x80$f\xf5e\x90H'
    b'\xf1A\x98=\x7f\xad.gC\xba\xd7\xb0)\x07\xd1\xedHa\x82K\x84\xf3P\xae\x7f\xb0T\x1c\x8d\xe6D\xa9\xfbb\xfe\xbb\x1b\xf1\x19\x13vP!\xf2\xc5\x16\xa6!\xe7\xf8\x93\xa0\xe9\xe0V\xac=v\xb7,\xf7\x83n\xb7'
    b'\x17\xaf\xde\xfc\xfe\xae\x15\xc9\xec\x85:\x91\xba\xdf\x03?\xd0.\xe9\xfeg\xd5\xa0N9\x85)\xf0\xf53\x11\x13\xb9G\x08\xeaU\xcd\xddP\'\xa6#B\xcc"`\x0c-\xd7\x95r)\xaeHv\xa3\xef\xd7\x17|\xaf\xd3\xfe'
    b'\x92\xc29"\x07\xb4Q\xec.%i\x9aU\x9d$\x8b\xa4X52\xcd\xa0?\x08\x0cQ\xd1\xac\x9c@\xe2\xb4\x1d\x95GK\x00H\x1bI\x18\xcd\x99!+\xee\xb6\xa9\x1fMK,\xfe\x0c\t\xba\xf6\xcc_\xd9\xce\xd0@;'
    b'<^\x96\xbaY2\xb6\x1d\x8eOI\xe2\xce\x9e\xb2\xf2\x1d\xdb\xfd\x88\x9f\x0fkX\xbf\x0e\x03\xf1\xb67\xbd\xa57q\xb7k\xc7\xe0\xb6=\x06\xf1wV\x88N\xb6w\xc4\xd94\xc9\xa3\x11\xfe\xeb"~\xbdVi\x9d\xc1n'
    b'\xa8[\xb9\xed\xa8\x89e\xfdk\xe0\xbc\x96Nd7\xe2\x9c\xae\x8cs\xbfw:$\tid\x13\x04\xe7M\xac\xaaR\xeaKN\xd1IAh\xb0\xa0\xfa<|\xacHP\xab\xa2\xea\xa5\x1d\x9daU\x95#E\xb3bx~'
    b'd\x01\xb8)h\x0b.\x95F\xdb\xe4i\x92\x7f\xd9C-\x1dx*m\xaa\xee\xb5Q\x9f#5\xd17\xa4\x15c\x11\x8d\xa3\xe1\xb6\xdcvAg\xee\x10\x03\x8c\xf8X\xc2m2\x93\xf1\xce\xfb\x95\xacT\x80\xd6%\xe50\xd0'
    b'\xea\x16;\x88\xb2u\x9ec\xdf\x90o\xf7\x94\x80\xeb\x0b\xe3\xcb\xe9\x1d\x19\xa8\xbe\x1bB\xdfr\xe1&\xd8[y\xd3p\x01\xf1\x1b[(V\x89Z\xbf\x92mr?\xdaX\xdf\xcc\x018\x86\x9f\x0f\xa3/E\xe3\x9c|sJ'
    b'{"\xf8\xd3I\x86;\x92\x02\xd9\x87\xd9{M\xf0\xfb.\x02\xc1h\x0c\xc0R\x8d\x06\x10c\t\xe6\xb3Q\xbeZ|v\x9bo\x087\xc7\xa4]\xc2TE[\xf0\x86\x89\xa6(\x08\xe1oa\xecj\x91\xb7\x1c\xa4p\xe2l'
    b'E\xef\x17\xd2\xb4\xc8W\xcbP~c\xff\x9b\xdb\xe6O>A\xc1\xc7$kt\xf7\xa9\x1a\xdc}j#\xeac8\xeb-/\xc2\xc6>@r\x91\xfd\x9d\xfc\x9c\x91\x9c\x81\x1d\x8e\xdd5\x06\x1f&\xa3\xb7\x80\x9b\x13y\x9b\x92'
    b'.\x07\xe1\xff\x9a\x85\xdb\\\xd1\x89\x02^\x14\xaa\x91\xd3>\xe7\xbd\nXI\xdeW]\xb2iI\xce\xa1\xd5\xbf\xee?\xc1/\xdb$3\xd2\xecS\x04\x8a{\x91\x8f?\xeay\x93\x14X\xf0\x08\xa7\xadF\x8e2\x1c\xbd)\xdf'
    b'\xe7\xb8\xc0I \xc0\xcd\x0e\\\x02\xf8\xdb\xe0-\x0c\xd5\x1a%H\xf9\x98\x19\xbbb\x86#\x8b\x8b\xd2\x83\x10\xa3\x10\xa2"9\x00\x9b*x\xaeg\x97\xcd\xfe\x1a\x99Ma\x8b\xc3\xe0\xa3\x05G*z\xfa\xe4\xbc\xba4\x8f\xf3'
    b'\xearr\x94\x99\xc0\xef|\xf2\xb2\x18\x8e\xf2\xf6p4\xf3\x90z\x94a\x03\x03f\x1f\x9f\x11\xd9#\x0f\xcfGcr\xe3\x06%v\x1d\x1d\xe3x0o,1\xa8\x82\xd6{6\x1a\xaeR\xbd\n\xef[\x14\x95 #p\xed'
    b'<}\x8a\xf2@\xed 9\x97\x14\x17\xbb>\x05\xbe\x1e\x8f\x00\x85P\xf9\xe8G\x85\x1e\x92a\xd9K\xd5\x0c5\x80\x1e\xbbv(\xa0\xb2jL\xa23CX6\xe7\xe4\x9d\xcd{\xc8s\xd2\xc9\xc2\xef\x10\x9b\x1d\x0e\x19\xdc\x1a'
    b'\x08\xf5\x89=\x00(}\x05m\n7w=G\xd7f#\x82\xfc\x8f9.\t\x8d\xa3\x92`3<\xe5\xc5\x93\xfe\x81e\x08\x84\x1e|t\xc3f\xde\x81\x96\x1b\x9a\xd5\x89\xe7\xaaw/+w\x9e\xb3\x7f\x90|R\x90_B'
    b"9;C(9\xb0G'n\xeb\x9c{y\xb1\xd9G\xcaLK\x93\xa3\x94wZ \xef\xaf-S\x9a\x1c\xa6\x12\x8d\x85\x93\x95\xe1\xb0\x16\xba\xbd\x15\xba\xbd\xcds\t\x8f\xbb\x81\xfcF J\xa8\x04\\\x10U\xe2\x86\xc8\xd3"
    b'\n\xf1\x9b\r\xe0B\x05:\xd9\xa1\xbb\x9a>&2`\x83\x0b]}\xb3s\xb9o\xdb\x06\xb4\xade\x17\xd0\xcf\xb0\t\xd2s\xc6\xbb\xcc:\xdd\xa0!pE\x91\xbb\xcd\xff\xd9}\xfd\xca\xdd\x0c\xc4}\x8d\x8e/\xdb\xa6;q'
    b'`\xa1v\xc5\xa7?w]\x00\x1e\xe8v\xf8\xddfx_\x89Y\xbc\xaa\x1d\xe7Y\x11\x0et\xc8\xb2.\xe8\r>\xa3 \xf4\x90\rg\x88\x95!\x95\xae:\x0f%>\x00\xbcJ\xa1\x91\xa4f\xf1mL\xef\x8f8\x19\x1bu'
    b'\xc9\xce\x15mu\xd7l\xc7\xa2\x94\xfb\x119\xe2Y\xcc\xde\xb9=\xd4\x1e\xe7\x87\x14\xd5B\xdbL \x9c\x05\xa3\xc8\xba\xc0\xdf\x98\xa9\xa1\xa2\t`7\xb5\xd4\xf2\xefb\xb4\xd5\xea\xd3\t\xe3\x18l\xad\xf47W\x04\x16\x86\x7f'
    b'\x93\x0b\xe9\x93\xf2\xf3\xd6\xcaz\xb6\x9e\xf5\xfb\xee\xffW~z\x8c4\xc4\xc3\xad\x95\x97\xf7z\xf7\xb2\xfe\xa2\x8cw\xad\xdf\xf0z={\xd9\xcf\xe8\xd7o\xee\xa7\xfbw\x85\x1c\x07\xcb\x8f\xc5\xd6\xca\xd1\xf9\x8cdO\x8a\xd7\x9e'
    b'\xe9\xd3U\xedG\xef\xc1\xca\xc2\x8a\xa5(\xf1\xc6G\xf9tk\x05\x1c\xff\xca\xdaO\x8f\xd7\xdcH\x80\xfd\x8a\xe9\xf4\xa3U\x1e\xab\xf5\xb4\x9c^\xca=\xd5pC\x95\x82J\xe0\xaf\xc60_\x0b\xb8\x18Z\xc0_\xa8\xbav\xc3'
    b'\xc2=b\x16\xc0{\xbb\x8f\x93\x13u8r{\x94\xd6LH\x02Ua\xb6u-W\xa5\xf7\xd8\\\x14N\xd9\n`f\xae\xee\x1b\x99\x8e\\\xb9x\x9f\x1c\n\xefH/\x12\x7f\x1a\xf1\xa2\xf7ouR\x7ff\xe9\x97\xa6\x1d'
    b'\x94\x9c\xf2 z\x94\x80h*\xe9\xb3\xa6\x99\xf4G\xa9h\x80\x10\x913Fr\xcf/\xae\xd6\x9f\xa96;c\x9e\xd7\x92\xd9q\x8d4\x11\x8fe+\xe5\x8f\x18\x1b\xdbc\xa2 Y\xda\xb7\x84:\x08\x1fJ\xac8q\x98T'
    b'\xe7\x1b\xb8\xb3\xb7\xbf\x9c\x9d\x8f\xe7\xa3\xe9\xd8qTD>Y\xc7K\xc0\x00h\xf1\xe0[5\xf1\xc5\xe7\xa3\xf1\xf9\xb0\xd89:r\xac\xe9\xcex\xfczJ\xe3\xe0\xba\xaf\x16\x90"(\xc2\x86\xa3\xealTQ&UG\xc3'
    b"\xc6\xe5\t\x07\xcej$j\xb6#L\xabH\xd8b\xb8\x93\x14\xa5\xb3\xe2\xf8\xbcR\xe0'\x1c\x14\xafx*\x10f\xc1W\xf7\xcea9\x9b?#D\xc9\x96BW\x1f\x02Y\xa2\r\xacw\xad\x8d!\xe6M\xceS\xf2\x89\xe5"
    b'\xe3\xd7\x06Bs\xef\xac\xa8*b\xab\xef\x90kV\x86\xe3)($\xf5\xc3\xdfR\xfc\xb7c\x89\xf8Td\xb7\x9f\x1doJh\x97\x9arm84\xfc%\xc0\x13z\xa4q\x9fy7\xbf\x98b\xc31\x84\xf9=\x93\x133'
    b'\x9f\xd1F\x1bF\xf8\x05\x98\x1d\xf3\xcc\xb3 #\xe6@F\x8e\x01\xe1\xed\xe2\x99\x8fQ\xe2\xa4=\x1a\x17u\xd9F\x05b^.v\xb6\xf58e\x94\xfe\r8\xf6,\x89\x00\x8b~N\x8c\x91c\xca\x91\x02\xdb\xcd\n\xf1\xf0'
    b'\xb4\xcbB}\x01,F\xd0\xed\x81o\xa3V\xad\xdc\xc3\xab\xe1pZ\xd4O\x9c\x08w\xf4\xaby\x9b\x87\xb27:\x90\x10m\xc3C\xc9L\xb0\xc23.\x87\xf3\xdff{7\xb8\xa6\xd0\x15\xeaC\xd5iY\xb3K\xc2\xd4\xa9'
    b'\xc6\xe9\x98\xef:>r\xa1~\xc7(\xd3\x81\x0b\xda=\x0e\xa8\x18U\xf3\x18V\xc2O\xb0})\xb7{|\xa7k\x95\xfcW\x9b\xda\xe5\xd1>\x8a\x8f\x97U\x85\xf9:\t#\xca\x8d\xe0x4;\x0b_b\xfc#\xef\x11\x12'
    b'\xe5\x8e\xedeo\xd9\x1b\xcc\x89=\xdb\xadNg\xe1<Dj\x8co\xeax7\xfb\xc2\xd4\xdeR\no\x0c\x9a\x8d\xe6\xf9\xa1\xa9Tu\x1c\xf8\xe2\xbd\xbc\r\xd3+$O\x9e\xf78\xc4\x83\x9aZT\x02\x19\x84\xc3\xf7|\xac'
    b'\x14\x996\xd3C%~`a\xae\x17J\xe6\xd1>\xc3\xa6\xd8\xce\xc2L;n1\xc7\x9f\xadH{*o\xc1\xad\xff\xdf\xf3r\x9e?\xfb|T\x14\xae#B\xb1\xea\xfb\x18\x00\x99\xdc\x92d{\x93c\xcc\x9e\x95#\xb7\xa6'
    b'\xfdN\xca\xd1Zv\x96#\xe3\x15l\xa3N\x11}ji\xc2)FF\x9aA\xc6|\n\xe8\x0em\x19\xfa\x13q\'\xf4\xc7Q9\x1d\x15\xf0\x0c\x0f\xf8A\r\xdc\x90v\x9a\xdd[\xbb\x19\xe7\x93\xefer%\x87\xcc\x95"'
    b'j3Iq\x07\x03j\xf9\x84*\xa2\xcf\x0b\xa4\x11\xbd\x11\xafg\x91\xeb\xc7\x06\x97R\x927Z\xb3\xecI:LN*\xc9\x01f\x08`\x86@\x91\x9d\x01\xa4\x93\xba\r\xee9\xc0$\x9eOB\x9a>\xddS\x8bpAl'
    b'\x90\xc2\xda~oz\xf9\xfd\xda\x88\xe9\x1b\x17\xa0C|Fca7\xc0\x08\x96E\xe1Bx\x96\x032\x1c/\x1b\x1f_Yf\xb3\x92\xbcx\x8f\xe8\xd8WD\xd5\xf9\n\xe4~\xf2\xb2\xd7\xd7\xcd\xac\x84\xd7|\xc7\xedF\xad'
    b'\xb5\x14\xcbJF\xff-\xd5\xfa\xc9k\xaa8\xbc\x8c\xf7\x94\xdf\x91N\xcc\xe0U\xf3kb\xd7\x93\x1d:9\x92=\xd9\xaf-)\xbeR[f\xb8\x02I\xfc\xd0\xcf\\h\xe0-F\xc8p\xd0j\x1a\xc7\xf2Eh8N\n'
    b'\x96%\xb9l;I\xee\xa8\x9a\xb4\xb9\x90\xe5\x0c\x01_\x9c\x80\xd1(\x07\xc0\x9ap\xb6\xddm\xcf\x1a\x83\x99b\x80\x97\x88K\x0eIY\xa7\x8c\x97N\xa6\x81\xa0=\x0bdc\x9bk\x1c\xdc\x90\xd9\xdeny\x1fT\xbd\x9e\xe0'
    b'\xc4n\xc5\xe1\x9a\xd4\x9b\\/<\xfcg\x13WN\x86\xfeeV8\x89\xad\xc2&\xae\x8dx\x11G\xaa\xfb\xf5\xa9g\x05\x87\xf5\x11\xf0\xee\r\xd7g/{a\xb8\x13\xc5d\xdf^\xc6\xc49\xb9a&\x17\xcfMT"\xc1'
    b'\xde-\xaa\x9b\x99\xbbNc3\x96y\xd16\xb7\x14\x032\x91\xe7\xde\xce\\\xa8_>\xef\x00\xbe\xc0\x90\x8d?M,\x83\xfe\xf8\xdb4;\'0\xc7\xf8\x9fm\xe5a"o\x7fP_9mX76\xdd\xce\n\x85\xc1\''
    b'\xe3\xc1\xc5i)F\x96\xd1\xbc\x9e\x92D\x99\xd8ex\xaf\x12y\n0t\xc7\x0eT\x04>S\xcc\t\xff?8G\x83\x89\xe0\xab\xbc\x8c\xc3o9a\x83\xdb\xb7N\xb8\x9f\x1b\xb7\xf1\xe4xJ\x7f\x1a4\xc7|\xbc\xc3\xa3'
    b"G\xd1\xb4\xa6k\xc2\xa5c\x1d\x8f'\n\xd4\x1322H4z\xdbh\xa0\xba\xd9\xbduD\x92E*\xfc8o\xb6n\xe0\xbfF\x83\xffZ\xa8f\xa8\x97\x18\xcc*nw\xc4y\xac\xc8\xe5\x03\x84\xc5\xde\xbb\x82\xc3J\xc8"
    b'\xc6\xec\x08\xc8\xae\x9a\xe4\xb3F\xf6\xc9\xff\xdeyI\xc9}?\xbc}\xfd\xfa\x9dw\x15\x81\xd1\x03\xd4\xbdR\x14J\xcd\x06\x8eP\xe4QQE\xd1\x9d\xae}\x15Jzp\xca\x18\x17\x1c\x0b\tX\x9bF\xba\xdfR\x9a\xcfl'
    b"\xb3\xbfV\xb0'%\x07\x93:\xd0\xca8M.\n\xc6\xb6?\x07P\x8b@7R\xbf\xdf\x8f~\x19e\xee\xd3\xa1\xdb\x95N\xac\xaa\xfc\x0c\x00|Sg \x06\x84\xd1\x1cM\x1a3\xac\xc0\x83p\x9d\xca`\xf2e\x02]\xbf"
    b'\xc1r\xc1\x13-\x19\n\x08\xa8\x03\x82\x1d;h\xdd\x124j&\xa3\xad\x9d\xd9I\xe5\xc6\xaay\xd8 p\x11\xf0\x06_\x01\xeeM\xee\xaf\x03\x03)\xe4k\x06\xc6Ik\x97\xed\xd0\xae\xb4\x80\xe3h\xe7\x19wW#\x1cx'
    b'\x8e\xf4vVO\x8c\xd6;M\xb1\x11\xfaQ\x99\xbc\x1b\xb4\x02U\x9c\xeb{\x824\xdf\xd2\xaf\x9eP\x13 \xb7\x17\xa4 :*\xd4|\x84\xf88h\x1ct\x80\x8c\x98\xf3^\xfe\xd2\\\xe7\x98aaK+I\x9d\xe13\x95'
    b'\x13Z\xd1\xe7\xfcl\n\xbf9\xb99\xa3:9\xd5}>\x9f\x93$;\xa4\x9d\xe6oP^\x7f\x8d\x07\xa7\xecw\xc40\x80\x8d\x98\xb2\xa1\xca\xcf*\xcf\x06\xbdZ\xdd\xa0\x97f\xbeG\x01\x99G\xb6\xe0\x8a\x1b\x84Ff\xf4'
    b'\xe6\x9f\xe7\xb4\x15\xa23\xc3\x883\x95\x87X\x92\xb2l\xab\xf6\x9d\x87M\rG\xb4\xa7H\x0bb_\xe4C\x15\x1c\xb8d\x06\xaa\xaeMM\xc6)\x1c\xe4\xe0\xc1i\x9c(r\xdc\x8f\xad\xec\xc9\xeb\x9d\xb7?\xf7\xb4\x02\xe2D'
    b"\xf4\xf7\xda\x14\x04a\x8d\xd3_\x05\\\x9d\xc6\xed\xc3)1\xf7x\xdf\xea\xd4\xa3\xef\x07\x80\xd9\xb1\xd3Al\x1dP'\x015\xf3\xec\xe9\xbb\x17\xaf_\xedj\xfav\x85\xcc\n9\xc1\xa6\x9a \x86R\xc5\xc3\xcb&\xfb\xfd\xed"
    b'o\xae\xc1C\x067 \x15\xf3\xc0g\xb0Wl\xa4x=|\xf8>\xda|\xf3\xe2)r\x99\x0b\x06\xa5\xe2\xd5\x1c\xb3S\xad\xcf\xa6\xea)%\xed\xea\x93\x92\x01\x9e\xf6\xa8\x04E8\x1et%i\x13o\x01\x86\xdc\xbc\xa0\x9c'
    b'\x9e\xbc\x8b\xce\xc7\xe3[&Wd\xf5Vj\xb6X\x0e1v\x06\xadi\xc8C\x98\x92\xa5\x80\xa6\x112\xcf\x91=v4s\\RUeg\xe5\xf0|\xac\x9b"\xf7\x91\xc5\x9e\x80\x05:\x1d%\x8d>!\x9f@\xb8\x8e '
    b'\x81\x07\x1f\x7ft\x1c\x1dz\x9eWO\ri\x0c\xf6SM\xa5\x80M\xea\xb7\x8f\x1c\xc0\xf8\xccy`\xac\xb3|rN\x10En\x87\xdb\xbd\xf8\xe1\xd5\xb3g?c1$\x8b\x1e\x84u\xfe\xed\x18\xb9\xfc|8*\xf9\xd1\xd4'
    b'\x89\x9c\x80J=+\x1d\x13\x07\xa0Y\xfc \xbc\x16w\xed\x96\xf2%\xfd\\\xe4\x0cKdx*\xe5\xe8g\xeb\xca\x0c\xc6\xdf\x1aL{\x0e\x8b\xcb\xd2j\xa5\xba\xcd\xa4(\xfb\x82\xb7W\x9c\x91E\xef\xa3\x90Y%\xa6\xba\x1c'
    b'L\xec\xeb\xec\xc9\x8d"SHZ($\xac\xc8\x9e\x94%;\xf7\xd0\x8f\x90\xc8\xa2I\x08\xa6\xea\xe5z1\xb53\xf2\xbcjB\xffY\x1e\xf2\xde\x7f\xfb\xfa\xd7\xb7;/?\xfc\xbe\x8b\xfd\xbf\xb7\xa79\x01I~\x93\x81\xec'
    b"\xef\xf7\xda\xf2\xf4\xebY9)\xab\xce\xfe\xfe\xe1W\x06\xcb}3\xce/\x8b\xd9\xd7\x97\xee1\xffl-PW\xef\xb5f'\x87q\xa5\xee\x81\xabh\xf1\x07~\xc9[\x7f`\x8ee;d\xa3\xb3i9\x9b\x7f\xdd}\xf3\xf4"
    b"\x99\xab\x85\x93\x1c.\xae\x85\x0c\xca\x8c`L_\xbf\xa1\xbf\x16\x96==O\xba\xe8\x1e\xd0X\xa5\xa9\xe7\xbf?Y\xd2[l\x9f\xe8k<\xfa\xb07\x9e\x1d,\x1f'\x19\xa1\xe2//\xf2OK?!\x19k\x0e\xd4/7"
    b'\xe7\x1f\x1cQ\xff\xca3\xe4\xa6\x87\xf0\xa21A\xd9\x8b\xb7\x8b+\xf8\xd7E5\x0f3\xdb\x86\xf6\xc6\xad\xf1\x87\xfd\xfd\x8b;_\xc7\xd5\xd9\xfda\xb5\xd9\x91\x8a\x16\xd5\xa2\x19\x1by\x03J*\xe6\t\xf4e]N\x9aB4'
    b'\x9e\xa1\xe6b\x98\x1b\xc7\xca\xbc\xda\xf9\xed\xf5\xaf\x8e\xa1o-\xe8`>!\x956`\xd00\xa8-\xfeb\x7f\xbf\xb3xP8\xfd@\xa6\xa6\x1f\x10\xbeg\xbav/_\xbf{\xbdd>\x84H\xf8\xadF\x7f\xeaF3\x0b'
    b'J\x8f\xaf_\xd0\x8b\xd1\xf1\x08u\xc9BL\x8a\xf9E9\xfb\xf8\xd5][\xff:w\\N\xf5U\xdf\xe8\x83\xc5u\x89q\x96\xd8\xbc\x19\xd1\xf5\xfd\x16\x11\x80\xfdV\xd6\xde\xbe\xedX;\xa2\x0f\x9d\xafS\xbc\xa2\x17_\x0f'
    b'\xdd\xff|\x98\xe7SW\xe5\x81"\xc1\xf9+\x9a\x88\x1ac3[\x16\x99\xc8\x0b;\xec\xa0K\x84\x15Xr\xca\x91r&\xc9I\x98>\xbfx\xf7\xfc\xd9\xdb\x0f|\xe0\xe0\xd3\xe6\xde\xe3\x1bw\xa3\xef\xef\xb7\xcd<M\x8f\xdc'
    b"\xae\xf4\x94P\x9f\x1c\xd2\xea\x19D>n\x9d\x02e\x0c\xa9\x85h\xd2\xd5\xfblX\x1c\xe7\xe7\xe3\xb9\x05\xeb\xa1\xec\x94ne'\x02M\xf7?\xcf>\xec\xbc\xfd\xf5\xf7\x97\xcf^\x11\xff\xb2\xf6\x87$=\xa5\x17\xd4\xc7\xf6\xde"
    b"\x1f-B\xc7!\xd9\x91$\x81\xea\xb2\xda\xef\xe5\xb3\x93O\xfb{\xfd\xc1\xfe\x01\xdf\xce\xf6\xe1\xfe\xc1\xdaY\xe8#'\xa3ZD\xad\xbbA\x83\x82;\x13\x13\xac\xba\xc7`f:#\xab89`\xbc\xc4\x8f_\xfe\xbb\xddA"
    b'\xe7\xc1l}x\xb9\xf3\xf33\xf4\xbc\xed\xce^g\xbf\xfaa\xcb\xfdw\xff\xe2\x87_\xfe{\xbfm\xbb\xc2(\x08\xc0\x9dO\xa5\x08\xb4\x9b\x8a\x12\xe6r\x8fH\xfdo/^q{\xae\x99\xb6\x88\x1a_I\xb4\xf8*\x82\xc4'
    b"W\x11\x11\xbezf\xbf3\xa0\xb2\xbd;\xdb\xd4\xbd\xef\xd7\xfc\xberWz1c|(\xdb\x9cfn\xd5{Ol8\xe7\xd8(l\xc5p\xc3\x90\xcd\xc1`\x9d\x00W\xe0\xbc\xd0\xec\x18\x07\xd4N\xef@'\xd3\x7f\xa6\xb9"
    b"\x978Ir\x80z\xd0d\x1b\xe8O[\xfa\xd5\xe5bA\xfd NG\xdc\x9dm\xb9p5\xca~m\xaf\xf7\xc3\x9d\xed?\xbe\xffr\xd5\xee|\xdd\xdbw'\xfc`\xed\xc4\x1d\xbb\xfd\xfd\xef\xff\xd6\x82\x7f\x89;\xf3\xfb\xfb"
    b'OZ\xc6bl\xc0\x9a\xa4M\r;\x96\xc1\xb5:\xac\r\x85R\xc5Uvf\x81\xd2,\x87\xb1\xa2\xec\x033\xfc"\xee\x80W\x8e\xae\xe8\x04\x9f\x9d\n\xbd\x98\xec\xe2K\xc92\x18\x86\x0b\xd4\xfd-\xa9W\xe0+\xc2\x963'
    b"Q\xd84\x1d[\\|\x1b\xffP\xee\xdc\x81\xb7\x89\xd98\x1e\xdb\x99\xba\xe2\xdcu'\xd1\x9b'+\xe3\n \xb2\x80\x17\x86\x95\xe9\xd2mV\x81%\xa6\x12\xaeP+\xa3\xaf\xd7\x0f,\x1ewR}D\xa1\x1a[\xf1\x0e\xa4"
    b'2\x1e\x8e\xfe\x89\x1bm\x80\x05\xd7hE\xc7<@&\x1a!\xe9\x00\xcd\x91Xo\x12\x8c,\x0f\xa1\xa7E\x81$\xde\xd1\xe8%\xd2J\xf97\xac\xfe\xf4\xca\xe95&\x95[\xb8\xb7\x84\xbbY\x8b\xc6@v\x84\xa4\x15\xf4L'
    b'\xda0\x03\x94\x96\xf8\xad*<%\xe5\xbbrS\xb8\x08\x1c\x9f\x03\x86\xff\x8cs\xf6\xe4L\xfeU\x83\xa2.\xe5\x15C\xb3rJ\x8a[v\xb8d/Z<\x83\x81\t\x13\x06K\x86~\x90\x80\xad\xff\xb4\xc5h\xeb\x9d\x86%'
    b'\xba\tx;\xbb\x18\x08\xdb\xa8\xab\xa2\x18\x95TK\xc0\x9e1\xda\xad\x9aY!B\xe6\x9a\x14\x9ei!\xef\xfb\x19\xb9id\xff:/\x81\xc9L\xb6\xb5V\xaa\xee\x98\x98\x04BR\xb1\x04\x19\xa4\x07TG\x18\x9d\xd0\xb5v'
    b'\xab\xd5\xfa\xba\xb2\xb2\xd2i\xef\xedW\xfb\xbb\x07?8\xaa\xdb_\xab\x8d\x85\xec\x99\x02\xb8\xd6s\xd5\x9f\xa9\x0f\x9c\x0c\x91|U\x95l\x8a\xbc\x05\x8d\xdc\xb0p\xf33:\x94\x1b\xca\xcb.$5w9\xd0\x86e6\x16`'
    b'c\xf5\x80\xeb\x19\x16_\xf2:\x1a\x9d\x98\xf5\x00\xeex\x0b\x8c\nD\x8a\xb8\xc7L\x87\x1a\xe4R\xeaM\x06\x936\xf7\xc3\xfbi$\x13\xa6\xeb\xb4\xd5<\xb1J\x15\xd6\xfeP\xc5\xa0\x1c\x1c)\xed\xcd\x18\x11i\xd3Yr\x02'
    b"'\xeb\x0el\x1f\x06\xda\x97[\rn6\x10\xd1\x06\xd9\xed\xdb\xf14\xb9\xe3IU\xf8\xcd\x1d\xbdeP\xc9\xf5\x86\xfa8\x83\x00cP\x90\xe6\x8b\xf3\x07\xe4\xa4\xf3\x93\xa7\xa2\xfa\xd0?E\x89\xa2\x7fz-\x9c<hh\x81"
    b'\xe4\xf0A,g\xef\xf1\xf8\xf4\xdeZk\x11z\x9a\x87O\xeb\xe2\x86\x194\xde3\x06\xea\x16\xb6,\x99d\xadi\x9f2\xb7\xd5N-11\x11\x00\x8ek]\xb0\xe6d\xff[6\xc5\x02\xdeP\xc9\x80\x00;S\x8f\x07\xf8'
    b'\xca\xbaWte1\xbc\x02/\xa7\xa3\x86\xb2\xb0b\xd3GS\xee\xb0\xf0g\x9e\xdcF\xdf\x12\x17d>\xa4\xb9\x0f\x1f\xea\xc0\xba\xad\xf4\x96r\xe5j\xf9\x18%!\x84{%\xa7\x93-\x80\x03\x81!\xba\xb2\xf9\x16\x17uG'
    b'\xf81\xd3#\xd5U\xdeh4\xc2\xc6\x99\xcf\x03\xecM\xfds-\x13\x94\xb9\xe9\xc8\xd7\xf6\xab;k\xc2\xd0\xb4\x06\xad\xc8\x9af|\x8b;\x063\xab\xe1Cz\xcc3\xe2y\x0bPZA\xa4\x12"\xf8G\xbb\xf7\xc3\xf6~'
    b"\xaf\xd3\xde\xaf\xbe~\xdfY\xb3\xc9\xc4{0\x13l\xc9g\xdb\xfc/s,\x8ayD\xec\x95\xe0~\xba\xab\x8cVU\x92\xd0\xaa*\x12B\x06C\x9f\x1a)DtuT\x08\xeeN*i\x04\n\x8f\xef\xb8\x01'3@d"
    b'@0\x00\x9d\x14\xd6\xf3\xf9\xa4\x8cl#4;)B\xb0!\x99\'!\xfc\x91(cv>\x95\xad\xed\xc9=M8\xb2\x1b\xba\xdf\xf2[L\xfej\x89\xf4\xd4\x1a\xe0\xbd\x9b\xa3\xabt\xc3H\x0f<#\xa1\xa3Rf"m'
    b'\xf6 \x01z\x93\xf71\xdc\xa5\xa8\xaf#\x9d\xf7xT!\x83&\x0bJ\x0c\x0bV\x19\xe3F\x9e}eem\xa4-\xb6\xf8\xa9\\\x19n\t:B\x9139=\x88\x08O|@\x85\xeahiP\x1b\xd9\x83\xb4_\x97R'
    b')\xf3\r\x1c8F\x12\xea\xb63o\xaf\xb3\x93v\xeb\xbbV#\xf3\x9a\xd2:\x84\x1b\xe0{?\xdd_\x93S\x84H\x84u\xb7\xa9\xf7x\xbf\xb6Z\xb4\xad\xf1\x87x\x14\xad#\x05\x8b\xa7)\xe6\r<\x16\xfa\xfa\xea\xa0\x0e'
    b'\xd9&7{\x8e\xdb\t\xe8\xcbdD\x1b\xc3`UFv\xc7\x14$\x17\xba\x80c\x9f\xad\x91\xe4hX\x7fS\xcf\x07n\xc1\xcd\xccpD8\x12T\xbf\xe0%7\xf9;F\xb1\x16\xc6\xdd\xd1:8\xba\x8a\xbc\xcb\x19\x85\x93'
    b'\x9c\x14\xf3\x9fG3\xc0K]\x8a\x03\x1b\xea\xd9\x1b\x1d,u\x06\x8bn\xfd\xe0\x9a\xa4~\xd1\xa3\x99\x9d(\xc3\x1c\xb2\x11\xc6\xdb\x1c\x801,\xf3hy\x1eX\x1f\x98o`\xdfK\xf2W\xd5\\o(N\xdfV\x92p\xdb'
    b'\x07\x87\r\x8bb\xdaE\xa8\x0fc\xe7\xe1\xa6b\x11/\x9dY\xea\xcb\x8b\x89N\xace\x92\xb8\x12\x14\xf0,\x82\xf1L\x96\x00\x9c\xc8\xf5\xf4\xfaX\x1d\xf9)n\x9a\xae\x0c{\xd0\xc8\xd3\xaa\x9c\xcd\xed\xfd\xe7\x86o\x8eWN'
    b'\xf8\xab\x8f\xb3C\xfag;[\xed\x03\x1fR\x13\xb24l\x04\xadu\x81\xe7\xab\\\xdfR\xca-t\x1c0d\x9ek\xd8P\x1a4\x84\xdbp\xa8\xdb\xc6\xb8\xf1!\xe4\xc2M_GfDgY\xe3J\x11\xae\x10\xbcM\xd6'
    b"Z:\xeb`\xbe\xf1\x03\x8f\xb5\x0c\xcb\x83\xd7\xf9k7/X\r'\x87\\\xce&'\xb1\xcfY\xe8\xba~\xb7g\xfax\xe0\xa3\x8ej\x95\xdd\xa6F\x89~\xad\xfd\xe1(\xa9[\xa8\xaa\xee\xd0\xd6I\xdd\x8a\x17\xd9\x9c\x82\xcf"
    b'\x00\xb4\x98]\x88\x8e\x91\x99]Oo\xa3\xcd(0o\xc9h\x17\xf6\'\x8c\xc0\xf1\xa5<\xf1\xec\x02"\x1b\xd4NB8\x18<\x15\x07\xf5\x99\r\x12\xbd\xbd\xa2\x10Q\xa6\xd3t[[\xf9b\x9d\x82\xfd\xc2\x1a3et1'
    b'\xc9\xc1\x8a\\d\xbd\xeb1g{k\x1bp\xa4\x06R\x95\xa5&\xd0\xbaG\xe5U\xac\xd656\xd1\x81\xb7`\x93\xa5\x1b\xa0\xe6\xe5\xcc[\xb0ob\xbeN\xe9\x8e\xd6\xec.+\xefAQ\xa71\x88\xbd\xdb\n\\*\x82\xe9'
    b'U\xaf&\x0bK\x97Y\xd09\x15\x92K\x9e\xbe\x0c7\x1b\xfe\xa2D\xee/\xf4\x82\\\x83\x13a\xbfc\xf3\xc9\x83\x96\xa5\x1c\xf1\xb6\xd6y\xa7\xc6,\x0f\xb8\x7f\xe4\x1e\xe6\xc6\xda\xea\xfa?y\xf0\xad\x83T\xc9\xb5\xd8G\x1f'
    b'\xcd7\x11*\xe6\xf6\xf4L\xa2\x98\xa3H\x07Q\x94\x9e\xddBF=\xf3\xfb\xdb\xdf\xc4\x8d\x9aA#\xdc\xdfm\xef\xbe\x9e\xd4g6\xd3\x92\xeb\xce\xb4\x99\\t\x91\x16$\xf6]\x89\xef\xffyl\xd9g\x83\xa3\x8f\xbf\x1dM'
    b'|\xc2d:\xfa\xc4\x15\xa7\x1b\x87\x9d\xd0\x84P\x84(Z\xf5\x02\xe3\xfb(\xec%\xd8\xde\xbb\xc9\n\xd4N\xc2R\x1bt\xa6\xa0\x1b\x04\xa3\xdeV\xa3~\xa7\xd1\x07\x8e\xd0\x0f\xbfx\xc3?\xc8G\x80\xda\xa2\x05\x99\x15\x9f\xca'
    b'\x8faA|\xb8c\xe2+\x90%\x17\x07\xaeg\x12\xdb\xe9\xbf\xe8W3\xa1\x97t\x0el%\xdfJ\xd4,\xdbZi\xc4MEe\x8c\xb8\xae\xdc\xeb\x93\xb2t\xac\xdc\xc4\x84\x06,\xf8OP\xecrH\x02\xf7"\xbd\x02\x83'
    b'\x0fI\xe2\xde\xd5\x12g\xca\xe6\x81\xd5\xdd\x1b\x08\xcc\x8cI5\x1f\x1b\xc6\xfa,H\xbd$\xdb\xe3\x1f\xa3B\\\xec\x9a\x8e\x9c\xfdv!\x9b\x08"\xc4\xfas\xe5\x16\xdbf<\xc4\x1cl\x1c\xd4)\xb1\x8dp\x08j \xab\x8f'
    b'\xf2\x9f\x13\xcf\xe1\xff \x15\xb6\xd19)\x01\x90\x0f-17\xe7\\\xdf\xc6\xc1\xc2\x9cm\xc9\x04\xac,&\xb7q\x800>\xf4P\x9ea+\x1b\x1aL\xfc\x00\x8a\xa5HQ\x8d@\x06\xaf\xd5\x80uA\xb9\x91\xe9:\x87{'
    b'C\xe2)Gm\x13\xffZ\xc8\x95\xcfr@\xa8<\xd9\x00\xc4\x03ne\x08\x83\x08\xbc\xd9(\xfb\xaf\xec\x01.\xe0\x1f;\x8b\xb6\xc2U\xe3f\xb2z\xbb\xf3\xd98p\xb5\xdfz\xf4\xe5c\xfaG\x037bj\xe0O<\xc5'
    b'\x87\xc1\x10V\xb5\xa9t\xb3N\xf9\xa6N\xa7\xa2\xdc\xda\r2ML&\x1b\\J\x13\x0b\xae\xa8q)\xe5\x8a\xc0\x07\xcf\x13\xe7J\xf5\xa2\x84\x04\xedSVON\xd8\xb1\x88\xf4\xfb%\x19y\xe5\xfc\xc3F\xb2[\xcc{\xda'
    b'\x041?\xf2\x9b\xe3\x1a\xd2\x12\x14z\x9e~\xb4\x15\xd1\x14\xff\x9a\xae\xf27\xd7\xd6kJ\xd9\xba\xed\xc7\xa1\xfe\xc8\xc3V\x1dh\xad\x9b\x16\xbe\x17,\x0c\xe4\t\xcb\xfew\x9cg\x8b\xe3c\xb7\xe2\xea\xd07\x0fN\xaf\xea\xc2'
    b'\x03\x8d\x81\x9b~6v\xc8a\xb2\x05W8c\xe3\xc5$\xe4\xa6s\xf4\x0fy\x13/\x9c\x10\x08j\x88\x1f\xe2:Z\x1d\x15\x13\xc5\x94\xc0\xe8(5|\xc5c\xd447c\x02Tm\xa3\xaf\x05AO\x89c\xab\xab\xe1\xed'
    b'\xb3\x9d\x9f\x9f\xec<\xfd{\xefl\xd8!7\xccQ\xa5~\x98\x94~!8\x04\xb39\x90]\xc0\xc4\xdb\t\rKX!;\x94\xc1E\x98\xea&\xe9\xeb\xf2\x91$8\x82\xab\x99x\xd6\xf1x\xc5\xc8\x04ji\x92Dr\x16'
    b'+")*$c\xd4\x8c\xb8\x9f\x18\xbc\xb1\xb3\xb1\xe7%\xb7\x86\xcd\xd1~tT\x92\x15^]\xe10+h\x18\x93\xe2O\x02u\x9am\xe0;\xbf>\x83f\x99N\xe0s7#\xcf\xde6\xe9\xab\xf5.U\xd2\xb0\xd7\xfa'
    b'\xce\xe6\x80\xd7\xb4\xde\x97n\x97\xb6\x0eL\x8eA\x9e;\xbf\x9a\xa1\xeb\xec\xc7\xe7\xba]\x8c\x8fu\x7f\xb0#\xd6\xbc\xfc\xc8\x1e\x18\xc9\xdcK\x06\xcd[\xdeB\xfb\x96\xd8[\xe0L\x11\xc5\xf3\x8f\x9f\x96g\xe4?_\x19\x87\xc9'
    b'w:\x9f*\xfa+\x1e\x12-#5EwB7\xa4W\xa0\xbb\xd0/\xcd\x91\xd6\xa7V\xaf\xfc\xb0\xfc\xe4e\x06uQ\xf5\xa5\xa4j^*Yu(C\x8cO\x04Y\x0e)\x14\x8b*B\xc7\xa9s\x9c\xd4I\x872!'
    b'{\x1a?\xfa\xe2=\xf08h\x15\xb66C\xd4T\x82\t6:\x82J\xf6\x99\xb3\x86\xa3O\x04\x84\xc5iK\xe7\xc8\x86.\xbb\xcd\xdb\xba\xf8\xe4\x1a#\xfa\x04m\x10Bp91Z;\xea\x18\xb7\x1e\xc8\xcf\xe2\xfcJ\x0b'
    b'\xd3+\x95\x82-\x17\xf4\x86\xf9\xdc\xa8w\xd1B,\xea\xe2\x0bw;\xca\xab\xb4\x0f\x91,\xabe[\xfb-\x00\xe9\xfa\xbfW\x8c\x9eCkp/\x17W0h\xd5\x14f\xf9\xbcQ\x8aX\xed\x07Cj\xd8\xb2\xf0\xfe\xe5\x9d'
    b'\xdf\x95e\x18\xd2\xf4T\x04\xf2[5\xac\xa4;\x13\x06\xd3\x80\xeayG\x87\xa12\xea]6\x11\xd1\xc3(\x9c\x1aTQ\x13u4-\x93\xd5\x07\xb7:\x0b1\xc8\x16-\x02\xea\xbfc\xe6\xeb\x7fi]\x1a\xdaY\xb6Tk'
    b"\xfb\x95\x1a4'\xa9z\x84\xaa\xea\xc8\\1\x07\x82'\x8flK:c5\xb0\xd0Z?\xae\xa20\xc6%u\xab\xfe\x1d\xef\xc2\xae`Rs\xca\xd72\xd8\xc6\xfc|^\x1e\x7f\x96{\x06\xb9g\xf5\x80\xf3\x15G\x9e\x83|"
    b'Q2\xb2\x92\xdb"\x9c\xbe\x1d`\xdft\xd8\xa56\xb9\xd14\xbd\xb0O\x9cW\x8d(\x96\x80\xfe\x94h\x12D\xaa\n\x92\x00E\x13Ei\x90\xa8\x1f\xcf\xb9\xc2\xe4\xc4\x03\xe0D\x0f,k&\xfa]\xb7\xe5\xbd\xdc\x06r\x83'
    b'<+\xae`P\xe5\x0fZ\x91\x92\x02Pv(\xc9\n}\xaev _y\x8d\x07\x8atR\x8b\xd8\xa9gx\xc5\xcc\xc3\x8a-\xc1\xd3W\x83\xaf\xcc\xce@\x05M\x99\x8a\x01\xba\xee\xad\xb3\xe5phe\xe4\xa8S\xadV\xd2'
    b"#~I\n\x97\xc4vW?A\xbc)\x8c\xf6\x83\x1f\xd8@8l\x05,&\xbb\xfc#\xdf\x019\x8fL\x08\xfb\xf0\x1c.\x14\xa7\xc5\x18\x88\xe4\xf2\xba\x97\xbd\xe47P,\xd4\x16YY'\xad^\x97\xdbg\x1a\xe04\xd0"
    b'\xfe\xb6\xe3\xac\x0b\xb8M\x19\xf2phS:\xd0"Q\xaf\x83\xd1q\x7fx\xa7\xbd=\xd8\xef\xb9\x7f;\xdb\x9d\xf6^uv\xd0\xf9~m\xd4\x89R<\x18B!\x0b\xd5\xd3\xc1me\x82\x1eI\xc5\x80\xb5\xfa\x03\x7f\x02/'
    b"\x8d\xf2\xb7\xd2\xc9MOs\nt\x17\xa8sr'\xba\x8f\x0cJ\x9d\x04\x03s\xf1'\x1dY\xd3F=*\xc6\xd3\xf0\x99l\x16\xf7\xb1\xf6Y\x9eD\x15\xa1\x9a\xb8\xf6@\x06n\xbb\x17\xe1s\xe5\x0f\x02\xfd\x13Z \x05j"
    b'\xe1\x83#\x06o\x12%eto\x08\x89\xaf\xf1 \x81\xf7p\x8f\xc5IU\xd6\x95\xaa\xb6L\x0e\xef\x8d|L\xa90W\x83\xbd\x90Y\x04\n\xf3\x013\xa2\xb8\xc7\xbc\xcf\x99WUN\xc1\x07\xc7p^kb)\x1a\xe8\x96'
    b"F\x94H\x1f9\xe1\xb7w\x80\xe4\x8a\xcap\x82\x0f\x8b1b\xafb\xca\xf3\x8ce\x87\xe4\xa2C\x12 \x9a\xfa/<\x1f\x03h\xc8t2\xf8/\n\x1f\xa5\x9f_\xa4\x01\xa5\x05q)\x9a\x18\xfauup\x15\xa8V\xc4'"
    b'\x06\xdb\xd0e\x08A\x91{3hng\xf0\x80\x0c\xc9T\x98GnH\xd0r\x11e4c4]\xf7\xd4\x905\xcd\xdcR\xce5\xdd\x11a$\xb8\xc1\xec\xd9?4R~5\xb3\xb6\x9c\xdbL\xa1\x95\xb4\xf8\xe7\x89-v'
    b'\x8bm\xb1\xf1\xbd\x18\xd9[\xdf\xbfx\xfb\xecg\xf1\xc0\xe9h/.F3\xa6\xb5\x86\xe2\xa3\xa0*W\xa2Q\x18\xdby\x10&|\x03\xdcQX\xceu\xc2\xf9\xc2\xa4\xc9\x08\xf3Z\xdd\xf9~\r\x13\xdbi\xce\xd0\xb4t\x84'
    b'{-o\x87\xe6\xce\xba\xbb\x89\xdf\x1c\x98\xb1G\xb3\xca\xe8\xd2~\xcb\xd4.?\xbb\x7f\xf4\x97\xd9E\xbe\x97\xb5M\x84\xf9\x886\xd1\xd2\xe1\xac\xfd\x81c\xbf_\xfd0PK\x0f\xda\xafu\xdb4\x94<Q\x91L\xff^\xde'
    b"7\xf9\xd8\xb3\x90\xd1\xdfZ\x95e=1\xad~\xa1lwy\xbd:\xe9\xa8\xd9\xd1W S\xae\x19>\x7f\xe3\x16\xafI\xe20\xbe\x9b\xa6tO\\\x98\xff\xd4@\x12\xc0b\xae\x10\xd2\xde\x1dbL'\x8c\xbe\xda\xb81\x97"
    b'\x8c\xc4\x8f\x9cj\x1a,\xaa\xa0iK\xc9\xfc4\xac\x14m\xd3\x1e\xed7\xde\xaah\xa2\x13\xa3 {AW\xdc\x0e9L\x8a\x82\xfa\x08\x8b^\x1e\xd2\xdf*\x92\x12\x90;.\x0b\xb9\xbe\xfc\x0eR\x9d\xe9\x97[\xe9AYH'
    b'\x8bL\xdfd\xd8)\xd9\xf5cL\x93\xdfr\x951\x80\xdbQ9\xbd$\xdc\xd86U\x1b9\xb2\xe0\x89f\x14\x8c\xddI\xca\x9aO\x8at\x85\xb8i\xfae\xbb\x03@f\x1d0\x93\x89\xceU\xdd%$\x9f\x9d\x9c\xcb\xacN'
    b'\xe0j\xb8\xc5!\x0e\x91\x007\x1dM\x17\xc9o]\x81$e\x87XD$O(j\xd0\x00\x15\xbaJI\x7f\xdbN\xd2\x89\xb2\xf3\x89\x18\x81\x98\r!\xcb\x02\x9f\x0b\xcb\xb0r.\xbco\x90\xe5\xac\xe4\xd5\t\x15\xde\xe6_'
    b'\x89\xff\x93/\xfc\x15TU\nE\xf4h\xee\xbd f\x01\xba\xddw9b\xc0\xf04\xc8Q\xbc\x17\x9a\xaa0`\x96\x95]\x0f\xef\xb1+\xaa\xacs\xd2\x9d\x95F\x03imr\x9aA\x86\xf5\xc0\xdd\x14p\xf8\xe3D\xd2C'
    b'\xd9pCxX\xb1\x1e\r)e\xfd\xfaCa&\x8e\xc2h\xfb\x94\xff8\xebe\xafI,\xbb\x18U\xc4\xb4\xb9\x16q\xde\xac\xc2\x8a\xeag}\xa1\xe1\xd4}2q\xc0\x00\x00\x15B\xbe\x11\xc5i\xcc\x11\x89\xa2\xb7-\x91'
    b'\xd7\xd4/]\x86%\xca\xe6r\xf2F\x03\x008\xc9\xa2n\x1ap\r\xa8\xcb\xee\x0c\xad\xd5\xea\xd3D[\xcfo\x16\x81\xbc\xc1\xbd`\x8b\xc3\xc2\xe54\xb5\xa47[-\x9b\xc2FS\xd7\xc2\xa2\x83:\xc9\x9a\xa7G\x80\x9fh'
    b'\x058n\xfek\xf2\xde\x0e\x8c\x19\xa8\xc0V\x18:\x95e\xbb\xc4#;#\xe1q\xc6\x07w\x92\x04F\xb0\xa6\x9d\x8d\x1e\x04&\xeb\xca\xbf\xe7\x15\x92\x87\xb4\xf7\xdb\xb6\xa7\x0b;\x08\xefr\x7fS7,\nU\xf8(~\x19'
    b'\xab\xf0C\x81t\xdd\x82\x00\x12\xcf}\xf3@ir\xfc4D\xcb\xc8+\xaesp\x83\xe5\x96\x93GX\xbb\xb9J)FC\x9f\x8a*\xdd\x9a:\xbc\x90k\x88\xaeD,\x9a\xd5\xd5\x1b*xX\x95\xb3C\x18\x1f\x17\xf0\xfc'
    b'5\xb1\x80F\xc1\xac)\xed\x9dp\xe5\x0b\xbb\xea\xf3[\xdbi\x9a\x15d\xad\xb2\x07\xc1\xbfb\xd3\xf9h8\xb4\x90)Y\x93j9\xe80\x86>\'\xa2\xec\x90p\xf2b\xfe\xa3N\x93\xf1"Is,\xb0[x\x15\x8b\xa8'
    b'\x81\xd5\xf7\xc5Xf\xa5\xe1l\x91\x08\xd6\xea4\x8c2\x91[\x17}\xcfq\xe6\x8d5\xf8yXT\x05\xa6\xad\xa1\x86x:\x1b:\xb2\xf6\x87\x12\x08\xe5teJ\xe8\x96\x11\xca\xa4s\x8c7\xb5\xefq\xfc\x1a>\xd6m\xed'
    b'\xd7$\xfd\xbc\xbe\xdf\xf9\xebp%-\xa6\xb8~O<]\xc8\x81c\xcb\x19\xbd\xed\xd0\xb12\xc5\x94d\x89\xc0\xcdhd\xd9\x90\x18\xc5\xc3q>\xf9\xf8\xc4\xfd\xd6\x85\xa6\xe7=!q1+\x149\xc3R1\xa6\x04\x1e\xae'
    b'\x87\xe5\xfb\x9eVl\xda\x8e\xd8\xb8uf\xd8"\x80j:\xb3\x89\xe8\xa9\xea\xbd\x94\xd3\xa2\x97v\x1cA\x1d\x07>\xd5+8\xea\xee\xfe\xaa\x1cI\xf4u\xa9\x9a\xc8\x1d\xde~\x12\x02B\xd6\xe0\x86\x92[[[\xa9\xb6/\xd1'
    b"\xdf\xc4\xd5\x04\x0e\x10]\r\xc2\x1c-\xf9 hdi\xea\x06\xd1\x04z\x16<\xf0\x89~\x15\xc5\x7f\xb4\xb6\x06\x07*y\xd8IN'\x93\x1e\x1a\xefP\xfc\x8d\xaf=\xea!\xb7\xd0@E\x80\x8d\xe5>\xc5\x86\x81\x8dHV"
    b']\xfep\xf3\xf8\xe5J\r\xf5\xf4\xfc\xc6\xa8W4\x1dO\xbche\xfe\x0e\xc8\xe6\xdf\\\x9f\xa9\xaa\xcdC\xea<2\x07\xee7\x98\xa1\xfc\x9b\xb0\xa7\xe9\x18\xac\xc2=B \xc2\xd2i\x0e~\x00\xb8\xa2\x8eG\x92!\x89!'
    b'+\xd4\xf1M \xb8\x1c\x01\x98\x17\xb33\xc2\x80\xaf<J\x10\x03\xa8\xb2w qs\x1e\x83\x83\x198\xce?P"\x7fg\xc9fK\x89\xb4\x16\x8e\xfe|\xae\xdc\xa6dc\xa71\x9d\x13\xe5O]\xe7}J\xe6,JL'
    b'\x8c\x8eJ\x9ee\xf6B\xe0?\xaa4t\x10\xdd\xab\x19\xa2\xf04\xd4\xc2\x7f\xdazz\x8c>\xabz\x18.`\xa2\nM\xb4\xcdU\x90!\x86\xb3rJ!d\xd3\x14\xd1/B\xe6\xa2=\xb0\x02{\xb3\x84`7\x99\xad\xb3'
    b'?\xe1Z\x00d\x1b_\x05\xa6{6\xd2\x04\x9d\x9a\x07KZ\x82h\xa1^\x9d\xcc{\xc0\xd0m @\xe0\x08\x12\x92n\xdc\x12\xfd8\xfb}L$v\x1d|\xbed\x0f\xf4F\xda^\xb6[\x9a&Q\xf1\xc5\xac\x9c\x9c\xb8'
    b'2\xe3"\xd7\x98w\xf4\x92\xfa\xdbe<`jA\xd4\xea\xa4a\xc5g\xa2\xd1\r*\xdcYQ3%\xabiF\xf1r*\xdd\x9b\x84\x99\xc5\x16\xa4`\xbd\xa5d\x18\xb4\xbfE\xc3+\xc6\\\x11/F\xb3`m?D\xfa'
    b"1MSW\x8a\xb5\x80\xa5\r\x1f\x92\x08\x95o\xe0\xcb\xd0\x08\x0e\xb9\xe1\xcb\xa0\x80'-\x89\x12_\xa23\xd0\x8czc\x0f)B\xb1\xb1\x1a#\n\xd5B\x14\xaby<W\xc7\xca\x08\xb1\xc24V\x00\x87\xab\xad\x9aM\xb4"
    b'f6\xf2\xf0\xd2\x92xv\xc1\x07\xc6\xaa\xe3\x85#jB5\x1c\x94g\x1cUx^?\xe9\x93\x89\xc2\xe1\xc9f\x8e\xa2\x8a/ID\xf2}\x11%\xcf\xcd8CQC\xff\xeb\\<\xc3\xc1\x1a\xfaY\xdeJ\xd0y\xb9\x18'
    b"&\x8dZ\xdb\xa3\xe8\x98\x88\xfd\x11\x06\x08/\xb9.?c\xfcq'\xe6;\xfd\xe7RNZ\xb8\xe3\xad1W1GB\x15'\xea\x9d/\x95d;\x1f`\xd5\x90\xe7\xcc6\xd1\xc5\xe3A\x989L\xbc2\x1e\xee5o\xd0"
    b'\x01\xafa\xfdss\xbb\xa3\x84\xa9\x89\x97\xccWu\x15\xeb\x98t\xf3Y\xc5\x8b\xf4\x99\x13\x96!\x18\xa0\xbd\xd7Z9\xe8\xf4~\xd8\xef\x7f/\xa6e)\xbe\xad\x8a\x17c\x01u" \x1e\xd6H\xa4\x1c\xca\xd5\xbf\xf6?l'
    b'Jf\xb9K\x90$\x98\xd4\xe6\x001Q=\x86f\xc1\xe9zp8\xa6\x9fs7ZG_\x996\xd2-#\tG9\x7f\xf6H\x11\xd7\xaarLh\xed\xa0\x8b\x11\x9aGW\x1b\x08\xd4\x92.W\xe9\x02(\x18y\x83\xa4'
    b"oi&\x00s\x87\xca\xb9\x1dPAi\xc8\xebX\x90kJr\x99\xf1K\xea6g\xa1\xd4\xdc\\\xb9\xac\x15\xb2R\xe6QNJ\xaa^\x8d\xa7\xf8\x88,\xea\xa5#\xa8\x02\xd5\xc4\xe8q\x80\xb7\xf2N\xda\x8f@\xae'\xee"
    b'\x90\x10\xd2\xbe\xdc\xec\xd4\x8a\xcfQ\x8fDj\x9c\x0e\xddC\xeaeO\xdc\x98?\xc2\xbd\xc3\x11\xfd|\xac\xb9\xc9Y\x13\x84\xfb\x8b&bR^\x04\xd7\xad\xfcl\xcaX%t9K\xd4\x1fj\xe0\xc3\xa2\xd7\x98$\xb4C\xc8'
    b'S\x88Y \xb5\x93\x0fA\x0b;\x1a\x95\xb2FC\xf2\xf2re\x16\xf1\xc2\xad\xb8\x07_V\xbe\xc3\xaa\x80\xf4\x9b\x06\x13)\x95\xb7\xc8\xcf\x11\x03\x83\xb6\xd3\xf8>\xf7\x0c\xd1x&\xf4i\x1e\xc0 \xd8\x1f\x16]B\x98\x88'
    b'4\xcc\xb6f\x83\x1c\xd2\xfa\x03zxi\x9d\xe2\x12\xda\xfb\xfb\xc3=\xf7\xdf\xee\xfe\xfe\xea\xc1\x0f\x9d\xef\xc9\x9f|\xe4\x8dE \xdf\xa8\xa5S\x0fl\xb3\xa2\xbb*\xd79?Eq\x04\xee\x19\x1fRz\xd4\x10\xcd\xfc\xe8V'
    b'\x94\x15i\xca\x8eMS\xa4$\xa0\xaf\xbcg\xd3\xd4\xa6Cb\xd1\xe0\x9c\xad\xde\\poz\x10\x99\xd2;\xed\xed\xc1*~t\xb6\xbf_\x8bh\xf9m\xfe\xb4a\x04qL\xb0\x98\xd3\xb94\x19\xd4m!\xa8\xf8\xb7\xa4\x17'
    b'{\x1b\x07\xb5T\xeb\\\xcb \xa9e#\xae\x05\xfe\x8f[\\\xd9O!\xac\x98\xc2\xd6V\xfb\xb5\x9cQc\xd6NS\xa1G\xf8\x83"@\xf1\xed\x1d\xd4\xc4\x0f\xef \xb2ej=\xc1\xa1Zp\xaf\x1e\xbb\x9a\xdd\x85K?'
    b'\x7f2[k\xc1\xcd\x1b\xa0\x01\xc4\x8b\x9c\xbe[5\xde\x02Wf\xaf\x19(\x8ca\xa4\xbe\x1c\xe7\xbc\xf8\xfc\x83\x8f\x90?=\x9e%\xe0\xb7\xcd\x0c\t\xces-2\xe6\x9f\xbcU\xfeI[\x05\x1f\xfb\xad\xf2\xcf\xd8\x07\x8eA'
    b'\x7f\xb6\xfc\x84\x86q\xd7\x19\x04s\xac\xac\x1d\xd7=\xed\x11\xe7Mk\xcc\x8d\xed\xfd\xf3\x00O\x00\xab\xee\xde2Yb\x95f(!\x14\xcf3s\xa4D1\x97j\xdb~J\xeb\x82?\xcd7\xb5\x9a:\x1d?\x1c\xef\x1fg'
    b'\x8e&\xbfk\xe2\xec2\x9eF1\x05 \xc9z\xc2L\xe0\xbd\x0f\xcfa\xff\xcc\xe2\x8c\xe9\xa8\'\x9d\x8a\xe6\xc1\x8b\x1a\x02\xbd&,\xb8\t0\x95\xc2\xcd\xce\x86"\xedYG\x06\x0eBM\x809&\xdc\x98\xab\x8dq\x98H'
    b",\xd8\t\x0f\xd9\xa7\x92/\x17r\xf0d\x15\x07\x10=\x90\xc1\x91z\xa9\xd8\xa9\xec\x9e1\xc1\xa9C\xd4 \xee\xa5\x99\x82z\xe9\xf4\xba'\xbd\x1f\x04N\x86\x065+p\xe5qu>\xe2\x08\xc9=m\xfc\x91\x8a\x1d\xb8\xc7"
    b'8\xf5gY\x92\x00B\xe0\x84\xda\xc3\x11\x1b8\xa8G\xb8\x93\xfdX(\\n\xe6(\xc4g\xef\xefA3G\xe2\xcf\xa1\xbb&C\xbf\x03F\xa8\xdf\x9a\xf4yzz\x82&\x97+\xad\xb9\xc34\xdf8\x8b\xc1$\x82\x1c"'
    b'\xfeh\x1c[\x07v\xde\x13\xd7\xbd|\xf5\xdf\xeef\x00m\xdd6T\x16\xceK\xed\xbd\xd9\xc9\xe1\x0f\x07\x96\xe8\xe2|\xa3&\xb7\xc5\xf9\x17!&\xb0O>\xf5\xbb\x83\x17x\xbey\x00\x9a\x16\xe8\xa8+\x85\x17)\x81\xed\\'
    b'\x13`\x9d\x859\xd1\x06]#\xfc,\xdcL\xe5yd\tF|Hck\xbe1\xf9\xe2\xf5\xef\xef\xde\xfc\xfen7\xb5\x92b\xf9\xbbT\xc8\xdc\xcb\xfc4d\xf7\x90\x8emC\x96\x07\x9dwg\xd8S\x85\xbaV\xa3V\x9b'
    b'\xc7*j\xf4\xa7\xc4\rF\xbc\xa4\xbf\xc0dH\xd1\xc5\xe36\x9d\xcc\xccf\xc3\xd5E\x9f\x0f\xa2\xcf7\x1b\xef-W\x0b\xddZT|\xe1\xa5%;\x9a\x8b=\xd2?i\x95\xdd\xd7zo\xc9\xd3\x86\xab\xcb\xc6F\xded\xd6'
    b'\xad\xcc\x12\xcd\xbf\xee\x87\xb0\x02\xa4\xcc\x91\xb5\x91>\x82L\xe3\xa7Y\x1d\x93\xf5\xfe\xdb\x17\xc7\x1f\x00\x0e\xc6Zz\xd3\xd2\xde\x92\x9c1\x00WZ?h\xbci\xd9\x1d\xee|\xbe\xe4\xde\x96\xc4\xcaL\xa5d\x9d\xef\xd6\xd7y'
    b"\x8f\xbe8\xb8\xd5\x10\xa5g\xbfh\xfd@\x8e\x82m,\xb9\x00Dlt3'\x95\xad\x03\x1fb\x1d\xbf\xdd\xf6j\xaag\xef\xe9\xf3\x9dW\xaf\x9e\xfd\x16\xbc\x94\xa4\xe6\x8e\xe5\x0f\x95E\xd0s\xd8\xec\xe8n\x86\x9c\xa6\xc7\xe4"
    b'T\xec\x932\xec\x91=*M\xe91\x1dW\xe8^Dy\xd5\xa9\xa0\xd2\x95\xbb\t\xc1i\\\x1a\xdf\x9f#\xee\xce\x91\xeb\x8dN\xaf\xef\xd1Q\x9c\xafSx\x12v\xdbp\x9d\x19d\xda\xa3\xae~;\xe0>og\xe4\x83\xa9'
    b"\xf5\xed\x1d\x19\x9f\xa7\x06\x06\x8b\xeb\xad{S\xc8$\xe651'F\xd3\xc8'\x97\xf6V\x8d\x11\xc3\x1aY\xb4\xe0\x9cL7\x90\xec\xa6E|\x1c\xde\xa5jU\xe5\xed\xfc1\x11n\x0f:\xf8t\xbe\x15\xb6M\xd5\xfb=\xd6"
    b'K\x93\xab\x06*\x8f\x06\x1d\xc4\xcdK\xa3\xcb\xe4\xa196A\xe6T\xc33"\xf7\x82 \x83\x1a\xc44\xae\xee\t^\xbd>\x9f\xab\xbe\xdcO\x81|\xa4\x9a\xa6\xebl\x07\xb1\xc1i\xb9\xf7H\xec\x99bt\x83\xeaa\x13\x8b'
    b'0\x82o\x92d\xb0\x0f+\xc3\x8e\x1f~}\x9a\xcc\x08\xba*~\xcb\xca#\xf5\x00Z\xf0ILc=\xd7\xe9\xf9\xd6\xdb\xaa\xb8\xa4\x0b^O#\x17q\xf3\xcb\xc7\xb1#3i\x9eG\x96L\xcb\xd7\x86_W\x91\x15\x91\xcd'
    b"t3V\xc0\x85-!&j\xbf\xd6\xa33\xc7\xecxt\x02\xd9/\x9eq\r\x9b$RJh\xae\xfb1)Z\x12\xd8KB9\xdfa\x9f\n\xfe\x84'\xc4{r\xf2\x8f\xba\xffTtA\xa9\x02\x8fk\x18X\xaa\xc53"
    b"\x04\xbd\xe8m\x99%zj\x0cc\xac\xb1\xd8\xe2\xee\xbd\xa6?\x82\xe5@\xc2\xff\x1c/\x0fL\x17\xbe\xcc\x94\x11\x0f,\xb4\x1f\xab\x02!\xcd\xc8\x0e{\x028'\xd2\xbb\x1c\x8e\xcfc\xba\xe0\x1b\n<'&G\x89\xb6\x8c\xba"
    b'q\x8b{\x86H?\xc1\xbf>g\x196\x1d\xd9M\\\xa1N\x82\x9c\x88\x925\x95\x1f7\xd6eD\x1cu\x86\xf6\xb6\x8a\x93BtI\xffQ\xc6\xf1\x1516i&B\x8fp\xeb5L\xb0.\xb8\xcd0\x1c,\x90\x1bF'
    b'V\x158#\xfdUU@uV\xaaP\x8b\xcf%\xf0\xd9\xd5\x8f\x8c\xb0l_\x81\xb7\x13t\x80!\xa1\x87\xb7\x96\x04g+Q^\xb1S\x1c&\xcb\x08\x11\xfc\xd2;B)\xb8k:k>]\x81D2\xb2\xac6\xcd+'
    b'\xc2\x9d/?\xf1\xce\x19\x8a\x17:\xfb\xa7Ca)6\x0f\xa2\xbd2H\xcep\x0e\xffe\xf2O\xfb.{?\xe2\x04\x1e\xa6\xaf\x06\x839\xf4\x8fS\xfc\x10\x94\x1f\x85w\xe7:1#v\x83\x974\x07\xb3\x90\xc8 \xf2M'
    b'\x11W\x14{@\xddKJ|\xd2\xb0[\xe33\xa3\x18\x82\x88\xc6@w\xd4,!\xd2\xf7hb\xf2\xa7q\x01x\xdd\xa4D\xd1\xea\x0c\xecEm\xb5\x06\xa3\t\xdd\xfe\xaa5\x88\x89f\\D\x9e\xc6\x11\x10\x15\xd4\x83\xcd\xb7'
    b'%O\xf9\x9d\x8cP\xee\x8a\xe1\x0b\xba\x06\xda\xdc\xdb$\xfb\x9f%\xe0"\x00\x11=\x08lS \xc85NRu85\xad\x06B\xcc\x98\x91\x16\x86\x06\xb1=\xad\x1e\xe9\x16\x95\x01\xdc\x8b\xbe=\x88\x1d\x18\xc0\x1f\xf9\xa6\xd9'
    b'\xdf`\xa0\x9c}\xcc\x9d\xbb\xe6\xa4~\xc1\xdf\x8c\nu\x08\xb1E\xda\x10\x8a\xd9\t\x91aB\xa3\xb1\xd1\xa0\xa7\xc7\xbe\x13\x15\x06_\r\xac\xae\x98\xa4gG\xb2\x13\xc5\xbc\x94\xc9\x1a\x84SG\xdb\x88}\xb2dZU=\xef'
    b'\x08\x1d\xc11Z\x1d\xc1\x8aQ\x0f\x88&C\xf4@\xf2\xad\xd7[0\x81\xe6\xe0WG\x9f\x03\xe3\t\xd0\x04\xb8a\x00\xdd\x9e\xd5\x1b\x87\x80C\xe2\t\x1b\xf9\x10Y\xc1\x93\xd5\x96\xa9\xa7\x86\xeb\xa1\xa1"\xef7\xd2\xad\xd9#'
    b's\x04\x85\xa3e\x0b\xd7\xfe\xd8\x1f*"0Jo\xfb\xad\xb3~\xa02\xd6\x1d\x9eb\xc6DLt|\xc3F\x1d_U\x18\xb6\xaaQ\x1b\x8co\x9b\xb4\xc1\xec\xb2x\xa9\xfd\x1c\x92"\x98\xce\xd8\x1d\xd9\x80\xe1\xa99V\xaa'
    b'\x90w\x97\xab\xfb\xf6\xa0\x81\xeb\xf7\xefl8\x92\xed\\\xc9\x9d+]\xe7\xe4\xf2\xd3\xce\x9514\x8f\xbf\xdb\x95\xf7\x89\x90\xa5\xd0N\x89\xde\xae\xb7\x0e\x1a\xc5\x8f8\xcd\xea\x95\x1f5o\x91\xad\xccTA\x9f\xb5\x0e\x1a\x85@'
    b'/\xa8\xd5\x85\xd8#\xeb"\x13*\xa3\xd9;\x02\xe4\xb5\x0e\xcd\x8f\x89\x9b\xde\x0e\xf5\x07\x01\x06\x0c\xe0fm W\xb7b\xca8\x0cX\xe4\x1c\x8a\xe99swF\xe4\xa0\xca%\xe5\x91\x1bE=x\x11\x99\x9a\xc4#"\xba'
    b'\xf3\x8e\x00"\xedN\xdei\xfe\xa9\xe0\xe4I\x84\xa4)\xae\x00\xc7\x0b\xee_\x9f\x96&Dr\x81\x05h\x88\x00\xeb\x82\x1f\xf0\xb7\x1at\x9a\xf6\x96C\xe0\xb9\xa6\\9\xebF\xcc\'\xde\xc1\xb3\x01}?.\xc7\xe3\x923R'
    b'\xc6\x0c[rB_\x80\x91\x1d\xd6d\x92\xd8\xe2\x82\'H\x83\x11{Z\xfe\xff!\xa8\xc4\xea\x7f|\xa0\x17_\xb3\x94\x12K8^\x18\x11Q\xbaI\xaa\x8c\xb3\xe2\x9a{\xf7[\xa4\x91 g\xa4\x02U\xb8"\x83\x05c\xc1'
    b'\x95Z\xbf\xf6\xef\x04\xe4A\x1f\x90\n\xdb1\xf6\xdb\xb0`\x1f\xa9\xca\x02R\xf0Ut\xe2D\xde\x02P\x0e\x95O\xe3\xd0\xef\xde\xed\xfe\xa8,\x1a\xed=M]W\x1e\xc7\xe9\xb3\x957\xaeJMxJ\xe8\xa7>\xf8\xd0\xd5'
    b']I\x06\x1ff\xeb\xe8\x16:)\x11.H,\xe7\xf9\x14O\xc1\xbfr\xea$\xa0\xad[\xbd\x1fM\x85L\xca"\'F\xb6\xec\xa6\x9a\xb1U\xfd\x8c\x98\x1c;5\xa0\xc5\x80\xafI\xd6X\x94\x81Z\xc9K\xc2v\xcb\x0f+'
    b'yNk\x8b)\x8e\xad*\xb7oT\x17\xd4Y?\xb1\xaa.\xfe>\xcbn\xfc\xfdc\xc1\x8c\xaf\t\xe27\x1c\xd0\xe2N|s\x17\xc2\xa9\xb7b\xb4\xaeS\xc3\x89>\xf7N\x84l\xe1\xf3\xeek\xf4\x02&$c\xf9\xa3\x87'
    b'\x8f\x1a\x05q\x8ev@\xdbu\xd7\x1d\x7fW\x82\xc7tkE?\x1eo\xd5.\xccsh\xf3\xbe\xa5/\xb7b\x8bc}\xff\xa5\x92\xb6\xaa\xe0\xc8\x80i4pF\xf0\xe6`+\xa3\x92\xa3a$qK\x9a%\r\xfejt'
    b'\xed\xf0=">\x8b\xe4n\x00e8\x85\x82Q\x82\x9c\x89\xe2\xc3\x00\xd2\xf9\x82S\x18\x90|\x83N\x1b\x80\xe1i>\xa1\x08N\xaa\xcc \x1b\x963\x0e\x1fb\xd3\x9dDR]\x07\x80\xea\x86q\xd8\x88x\xdagL3\xae'
    b'u\x11\x8e \xbf\xdd\x1b\xb1ZT\xff\xc2\xd4\xc05i\xc9\xb5\xfe\x85\x86>\xd0o\x08\xb3l^\xfa?\xa3VQ\xdd\x95Al\x10\x19\x99/b\x80&x\xd1W\xbd^R\xe6\x1b\xc0R%\xe3\xec\x98\x89\xe4\x9a\xdesh'
    b'>\xbbj\xd0\x9dD\x17\xb6\x9b\xe3z\x08X\xe2\x84W\xa9\xd2]]\xe9\xc8\xa6\x1b\xfb\xd7\x9dWs\x18WL\x90\xd8,;$/\x95\xcab\xb5h\x8fN\x8b\xcf\xbf\x94\xb3\x08\xb1@\xf00\xea\xd1\xf2\x91P\xd4\xfa\x8e\xf8'
    b'\xaf6\x17&5\xfc\xa1\xbbY>"\x05\xc8:\xfeC2\xd0\xfb\xd7o\x7f\xde\xdd\xa32\x04w{\xca\x81\xc6\xe1\x19yMy\xb8\x8c+\r\xcf\x11\xec\xe3\xe3\xb9\x98\x9e-\'-}\xab\x95i\xea\xa8\x9f\x1f;Fy\xa5'
    b"\xb3t\xdb\xf4\xc6$\x01\xd9M\xbcy\xd8\xde\xe9\xdd'\xa1[\xb1\xbe?\xee:\xc1\x14\x83[\x9b\x95\xe7'\xa7\xe0\xb7\xdc<E\x83b\xaf4\xe9\x17R!\xa4O#\xf8k\xf1\xa2\x14\xf6G\x97\xf0\x8btj\xd0\xf4\xb9\x98"
    b'N\xbf\x8a\xe9\x94G\xde\xa1\xcbn\x90\xad_%\xf3\xc2U\xca\xa7\xb4\xb5\xd2\xc9\xa1i\xa1\x99\x93u\xb0~\x13\x9c\xeb6Z\t~\xb4\xcda\x04\xbf\x8cKR\x9e%o;\xd9Z\xd6_\x07\xa6\x83\xc6\xae\n\xd3\x01\x06@'
    b'\xa7\xdbj}\x1c5\xa2\xfd\x7f\xc9\xf3,9Y\xe6\x8c\xe3\xaa\xcej\x84\x03\xf8\xb1\xf2Ni\xc0\xe1\xa4\n\xb9\x05\xc148\x9f\xf9h@\xc7|\x80[F\xcb\xde\xb5\xd8#\x15x?]|$\xee\xb4\x13\xe5Q\x104\xcb'
    b"a;%\x16\x042\xf5o\xee\x8f\xa0\xb2\x89a\xa5\xf7d\xc9\x06ReW\xa6x \xff^u3_Bbg\xe5=\x0e\xf1\xd5A\xc3\xfd\xc8C\xd1\xcd\xb1'0't\xb76\x95&\x85X\xe0E\xd1\xf1&\xef\x12\xf7"
    b'\x9cH\xb5\x81\xb7\xfeB\xcf\x06\xe2\x1d\xc8m\x0e\xfc4R\xad\x03\xfc\xef\xd5\x82\xdb\xd7\x13x1\x94\x91\x9d,\x06\xb4N\x00\xa1\xb0"[\\f\xcf\xf1\xbf\xf4\xb7\x81H\xf09\x1a\x94\x98;\xa2\xd9\xa3\x9fB\xcc\xe9\xcfy'
    b'\xd9\xcd\xb8\xd7N<\xa6[\x8bFE\x81\xb4\xa4\xe4X\xef\xdd\xa3\x94\x98\xe5\x90\x7f6\xe1\x81\xeaJ\xf8>\xf0p{\xe9\xda\xd5\xde\xe3yc\x95\xaa\\5\x1f\xd1\xacu\xf9\x14\r$\xebh\xd3\x97|D\x07z\xfa\xc9\x9d'
    b"\xc7\r'\x18\xeb\x9f\xfc\xf6\xe2\xd5\xdf\xdd\x99\xfb?\xbb\xaf_\xf5p\xf0\xda\xf8\xc9\xd9zF\xc7\x97m\xfe\x121\x94\x0bR\x9fd\xac\x08\xf2\xb9R\xd8\xc5q \x8e\x8f\xef\xf8\xcf6o\x01\\B\x9d+\xe39\xe1dY"
    b"\xcan\xa9\xefsJ\xedN4C\xdc\x10\xb1`\xc4\x81\xc6Z\x02\xf8t\xee\xb2\x07hT\xb4\x9b\xd9\x86\xc2\xd2\x07H\x15)\x88\xcc\xd1\r\x9f\xda\xec\x10n\x96\xb8X\x00\xc9A\xb5\x9d\xa0M\xc0\x97\xf1'\xbb\xa7\xf9\xb4H"
    b'?A,\x05l\xb0\xd7\xf7\xba\xa9z\xc3\x88\xf0\x1d\xec\x99\x0bu/\x95yW\x8b\x07k\xf7)0Adt\x8fIgP\x11S7%E\xce\xa3\xde\x18\xaec\xe1Bz\x9f\xfe\xdb\xbb/~}\xb5\xf3\xdb\x87w/^'
    b'\xbex\xf5\xeb\xee\x9e\xdfe\x07\x8d\xfa0\xed\xab\xaa\xc4\x16~\xbd8>(\x1cjN\x91\xc3\xfc\x8dI\x84Rw\x06m\xff\xf1u\x7f\xbf\xea@k\xe6*!\xfc\xd4;Yk\xabM\xfe\xa0=Jd\xd8\xe9\x88q\xd0\xa7'
    b'o\xe15\x1d\rS+\xba\x0c`O\xea9\x08\xde(^\'\x18\x19z\xa4|\xecF\xbep\x7fY\x87rye\x15\xf7<\xd2\xa0\xb8\xd7"\xa9\xea\x9e=\xadk\x9a{\xc6\x90\xd1z \xac6\n\x01\xbc\x83\x86#JT'
    b'\xcc\xc26\xeb\x80F3\xf6\x9c6y\x92\xf5\x1ae\x95*2\x9d\xd1D\xb9O\xce\x9cPpD\x10a\xacyF\xbc|>v\xbb/\xdc\x90ljB\xa1\xa1f\x9a\xe6\n\xe3\xa9j>W_\xa2\x18\n\x14iJI\xe2'
    b'a4\xb6\xf6\xfe\xd8\xaf\x06\x07w\x00\xbf\xb3\xf5]\x8bn\x9e\xff\xcd\xd9\xb6]\xa2\xea\xf8o?\xf5\x9dx\xeewt*\xcf\xcaO\xb0\xf3R\x84\x8eF\xe1\xcc\xd8%8:\xc8V\xaf\xc7\xee\x91H4\x06\x1fw\tK"'
    b'm!\xf4q\x8a0Y\xaa\x8cG\x02\xb6\x93\x0c{\xec\x0f)-\x0b\xe3\tpbw\x0e\xc9\xad\x9e nQ/\xab&g\xe8\x01g\x1c\xe36!\xb3\x00\xb34\xc0\xb3\xe2\xfc\x15\x11\x16\xc1\xcd\xc8_\x10\x10\xc5\xc3\x7f\x0b'
    b'Y\xee\x8e\x90v\x87\xee\xdeV\xec)K\xa6<\xd1\xa4\xd3\xaf\xc7\xd9\x06\xff\n\x9c\x81/*\xe5\xa8\x90T\xee\x19\x89*u\xb8\x91\xe9\xd8\xd2\x92{\xd5A\xa4\xff\xe0\xae\xf7p\xf7\xd1\xbe\x88\x1e\xec\xf1G\x07\xe9\xbde\xfb'
    b"\xc2>f\xd4\x1d(:\xb6\xb2\x8du\xf9#v\xb5\x11\x860'vY\xb0\x98\xdd\xe8\x1cMn\x13\xac\xbb^\x91\xc1\xb3\x00e\xb5\x03\x9c\x07`\xea\xf8f\xaa=F\xb9\xf6\xe4\xa7~%\xa2\x0e\xb9\x10\xc3\xb5d=#\xe4"
    b'\x1b\xd3N\xd4\xee\xa3\xba\xa3Z\xe2\xff\xd0\x90}!\xcdxe\x9cue5H-1\xb7\xbb\x9dej\xcf\xb73\xd1Z\x91\xd0\x0eM\x92\xaa\xc1w\xa39\x9d+\xc4\xf8q\t&G\xd5\\|\x04\xa8\xa1(\xee\xc3\x10\xa0'
    b"\x9b1\x1c\x98\xa2t\xb76\\b<\x9c\xba\x8d\x87\x0f\xee\xdf\x8b\xcb\xc66\xe4+\xc3=\xb9\xafj\xb8\x80o%N\xa7)\x14\xe6\x94pK\x008\xeb(\xc7'\x84\x8dL\x0b\x91]HG\x04\xdaK\xd8\xc6\xda-\x9e\xc8"
    b'-\x9d\xc2\x17\x1ck\x07\x04\xabK\xd3\x11)\xe6\xfd\xc0m\x97\xac\x8b#\x16-e\xef\xe2\xe1\xa1\xea.7\xdcQcU\xba\xd7\x04\xfb\x9djK\xd3\x83\x96\xc7\xc7\xd9OY\xbfX\xbd\x1f6l|X\x97\x1c#.\xe1\x0f'
    b'S\xe3\x99&\xae\xc5uq`\xfa)\xc1[W1\xc2g\xf0\xda9q\xa4\x9b\x83vLT+Ti$\x88\x9a\x9d|\x04\xed\xd0!G\x1c\x8b\xb6\x87\xc4\xbe\x89\xeb\xc9\xf9\x9c\x989\xfe\x96ME\x8c\xa5\x07\xc5\x9c\xc7\xe2'
    b'\xed\xfa\xa0-\xb2\xf3\x9eO\xc4\x17\x86tw\xaa$GA1\xac\xcc/Fd\xde?r\x17\x84O\xbb$\xed\x16\x1c\xa64&\xff\x84Kx) \xf6\xca\x1d\xa1\xca\x0f\x81\x0c\xaf\x02\x9b}\x8d\xee\x9f<-|\x94\x93W'
    b"y\xf9@Z.\xef\x040N\x89\x056v\x02\xe7\x1a\x8d<\x93\xbb'ghg\xca\xa3*\x9c.[\x7f\x19%g\x1c9\xfc\xf1\xb4s\xf6\x989\xc7\xe9\xd73\x84\xb2\x8c\xcd\x11\xd7u\xf8\xbd\xf3\x18i#\x8a\xd50\xc4"
    b"\xfc#+ \x91'\xec#\xd1r\xc1a\xf6\xd7\xcb\xc7\xf4zi\xd0\xd0\xc97{R\x0b\xf4\xb55\x8b\x13\xa2\xed\x8c\xbd)\x8d\xdcZfs\xa2o\xa3\xb4)\x99\x1f\x11\xeb`\x15r\x80\xcaE\x8d:\xc1\x98\x88\x80\xd5\xe3"
    b'\xc65S\x01\xc7;\x8b\x04\xed\xfa\xeeEk\xd2\xabJ$\x8f\r\xc6I\xefE(\x1f\xb1\x0b\xb7\xb2\xdb\xb4R{\x1a\xb6uP\x8bc\x9f4\x19\xc6\xc8>\x87\xf6\x1eo\xf9n\xd0\xb5\xec\xfb\xf1x\x8b\xe1\xbc\xca\xd4\xf1N'
    b'\xc2\x86\xa9\xf1(\x8d\xf0\x17\xd7\x83A\x86Y%m\x00\xebXYK`\x03\xd1\xea\xb9p\xaf\xd1a\x1f\xf6hq\xf3\xde\xc7GJ&"\xbc\xa6\x18\xcc\x00\x03U5\xf2hJ\xe7\x9cY\xd1Qe1\xf9yw\x07 n'
    b'\x84\xdeZ\xcfP\x0b\xf3\xce`\xe9\xf0\xdb\xe0\xca\x83\x1fW \x01\xa3\xa9\x1e=\xaf\xb2\xa3v+\xe3\x1ej\xb0Pn\x00S\x13A\xb2\x98`\xb6\x8b;\x9d-\ri\xdb\xff\xda\xde\xdf\xe5\x98\xb6\x91\x91\xde\x89z\tF\x14'
    b'\xd6\x94z\xc7{\x1e\xcfB\xf0\x1a6#\x0emr)"%8\xdb\xa2\x85Q\xc0h\xbaQ\x02_\x85\x92\xefF\xd9\x0e\x88\xcd>,\x88\x7fP\xde@\x8d\x93U\x99\x82\xe5:\x0e\x03\xcec\x1c\xba\xefK\xf6$\x03\x88&'
    b"\nV\x9c\xb7\x12\xb2\x15\xc5zV\x11\xc2\x970.Z;\xa3$Q \xcd\xa4r\xd7x|9W\x82p\x04\xb0\x85w\xf9h\xcct\x80'f\x13q!\x1et\x10\xd3\xc3_\xa5w4=s\x87\xd3\x02\xedr\x15>\xb2"
    b'"\xa0d8\xb9B\x9dPy\xa3\xe4\xba)OA\x93\x01\xa3Q\x0c\xbb!\xdd\xa7\x81\xeb\xcf\xc9\xd7\x8e\xd8\xb0\xa1m\x99\x01\'\xacuO\xb6[ \x03\x1e\xbdu\xa0\xbb\x9b\xbf\x95\xcb\xb72.\xa4\xd7S\xf3(\x8a\x15t'
    b'4m\xae\xc3c\xdb-\xe6<\xa1\xb5\x02=\x99\xc8\xd0l\x98!q\xe5\x10\xe7A>J\x01\xef\x8a\xfc\xb3\xcfG\xe3\xb9\x97\xdc$\x96\xd8\xfb\xed\xe6\xb3B\xe6\x90\xb3\x89\x95,\xb3U\xa2m\xb1\x19Y\xa4[\x9d\x04z\xf1'
    b'\xfa\x19h\x98\x83\xdb\xd7N\xc2\x17\xac\x93*\x96c\x8d\xadOXFc\x11\xe7\xc5/\x1e$\xd7\xfb\x96/\xf2BOR\x1e\x1b\x1fH\xf5M\x84\x13Wx\xde\x11\x80\xae\x1b\xf8~\xb0\x93\xbd\xc7{\xf1Y\xf8\x8c7\xb5\xf8'
    b'\x90\x8e\x86\x92mV\xb3\xbd\x99\x14\x0cg\xae\x12\xcdEk\x1dY\xac\xa2\xc8\x00\xd0\x7f\x93\xc7t\x93\xd74\x92\xf6^\xe7\x16\xb2\xc0!\xb3\xd1\rS\xbdE\xac\x17\xfaU\xfd6T\x07lI\x1a\xbc\xcc\x1d\xa4\xe6\xda\xe8-'
    b'\xcfQ\xcbW\x0b\xc3\xb9\xea\xee\xe6\x96!`\xefv@L\xda=/%S\xdf\xd5\xc4\x85\xc8^\xeeRQ\xc7\x8fM\x1eX\x9f\xb3\xa5G\x86\xa1v4\xfd.8@?$\x92\x8d\xc6\x85\xc5b\x9e\xd9\xdd\x7fm\xcd\x11\xb3'
    b'c\xea\x8e\xb3\xdb\x8a\xf4\xce\xc8.m\x84\x0c\xc5Lf\x12/\x04\xf5K\x02\xc4&l\x96\xa3)\xa3a\xce\x90OM<\xf2\xd2\xc0 \xff\xb1\x99\xfe\xdb\xd2Z-L($\xe9\x08\xdf\xed\x1d\x1d\xc4y\xba\xd0\x85,\xf0\xcc'
    b"\x9as\xb7\xcb\xfc41m\x1f\x93\xd4^\x10B\xb5\xf7\xc9\x1e\x15\xa84\xdd\xa2p\xf9\xa2\xf2q\xd4Zl\x0fJ\x0c\xeb\xd4\xa45\xae\xd3\xdf0\xb0'Qo\xaa|\xa9q\xb3\x0cK\xb5'\xf5\xc8}\x01\xa6\xb2\xae\xaf\x11"
    b'\xac\xd4\x9e\x01U\x0844\xae\xa2\x16E\xc2\xe3\xafo-\x0b\x17\x17Z\xc1T\xd4\xb0z5A\xcc\x9e\x9f)E\x824\xb8t\xf5\xb0\x95,\xac\xd7\xd4/X\xbaVa\x17\xda~_Y\xd1A\x8at\x10\xf3\x16\xa1!;'
    b'"\xcd\xbc0]\x80\x9c\xf3H\xb8\xd4#\x92&\x19yKY,\xa4\x90\x1b\xb3;>\xddQ\x9a\xb5\x02\x87\x13n\x95\x10\xad\xa1f\xcer\xad\xff$\x9f\x92\xcaY\xea5L\r\x9a\x91\x10\x00q\x11\xbb\xc9\x95\x1a\xf9\xb5\xd4'
    b'\xa4\x98\xa5\x8e-,\xa4\xac:\xe9\x80#I\xaf:1h\xc3x\x1c!O\xa8/\xe4gC\x1b2\xf5~iP8\xe9N\x8dQ\x13T\xc1\x81\xb6\x7fBu\x1di\x8b\xb7+\x00\x06\xdb\x13@ G\x85\xe1gDc7'
    b'\xabm?\xac\xefs\xe9\xab\xd6\x82\xf0\xd8~\xb3,\x86\xa2\x8f\x1b \x1c\x16u--\xd9\xd0\xbd\x84\x80sM1\xc6@\x9d\x90\x1f\xe5SJ\x108\x04\x01\xc3O}k\xef#-\xd5i<\x89\x1efO\xfd\xad\xb58\xfe'
    b'~d\x0c\xdeI\xb2\xbd@\x05\x9a*\xb6x*\x91(&\xc71z\xe6A\xf4\x85\xc1\xe3\x1d\xc9"ZW /\xaeb|\xb6(\xcd\xd5|\x96\x93s\x86\xba8\x106\x18\xd2\xd0\xfc9\xf0\xa1[\x01\xff\x8f\x05m\xd7\xba'
    b'L\xca \xbb\xc6{7\xc5\xb5t\x04\xc8B_*\x92\xe1b\x83\xb6\x92;\xde\x19W]\xc5\x06\\\xd4r\xc8\xa8\xe5\xdb\xf5\x9d\x91\x96M\x8a\xad%\x86\xf4\x04[\xd1\xb4/\xd9\x9e\x86\x97\xaa\xa2\x93th\x04\x8b Y\xe1'
    b"\xf4\x19'\xf2\x89$\xab$\xfb\x18\xe76\xcb\x18\x1a\xf4&\xd3\xa9\x14%\x9a?f]\xb4w\x7f\xb7{\xe1\x08xO\xd0\x9aO\xecf\x10\x13\xb3\x073\xac\xa5\x1a\xf1\xa9B|\xbe\xbe[\xde\xafWd\xc3\xaa\xf9\xcb\x14\xd5"
    b'\xce(\xfc\x81k\xe7\xd3\xa7\xa7\xe3\xf5\x99{"E\xc4"\xb4\xcb(\xcd\x86\xd5\xf3\xa9\xcd\xaf\xc1\xe7ed\x95Q\xfa\x1dg\xdb\x13m\x1aZ\xd8\xa3G\x07b^~d\x8b\x0b\xf6\x0c\xd5\x13S\xa3\xb0\xcd\x16\x87\xac\x96\xd7'
    b'\xb6n\xd1\xea;I\xc6-NXp\xdbk\xedM\x7f\x12o\xf7\x04\xac\r\x05Y\xe8\x8b\x92E\xaa\x1a\x04\x1eT\xffa\x82\xc8\x94f\x88\xc8\xf6\xff\xf6v}\xbfm\xdb@\xf8\xdd\x7f\x85\xa2\x97\xb9@\xe0f\xebC\x87\xa6'
    b'n\x90\xa4\xc6\x1a4\x88\x0b;\xc304E\xa0\xd8\xdabD\x91:K\xa9c\x0c\xf9\xdf\xc7\xef\x8eG\x1e)\xd9\xc9\x8a\xa0\x0fAd\x89\xfaER\xe4\xdd\xf1\xbb\xef\x93\x80\x83\xc4Dn\x1c\xfdb\xe6b:\x82*\xa7\xb2'
    b'\x8cm\xe0\xcd\xe1\xab\xbd\x0e\xf2+:6\xfe\x8b\xc8\xfdt\xd8\xea\xb1\xa0\xd5\xcbX\x95\xca\x05\xa8$*\xd5\x86\x15\xda\n\x9c\x9eON>M\xdb\x00h\xa6\xd4\xf2\x08h\xf3\xdb\x83u\xb0AP\xea\x03\xbe\xe1\x9b\x00\n\xe2'
    b"+\x07\xafK\xe2\x90\t$\xe4\xa3\xba\x02\x08n{\r\xf9\xf33\x1c \xae5\xfe9\xfce\xf0kG\xfd!,\xf6\x83\xaaO\xb1!\xda*\x8c\x18q7\xd6\xa0c!\x91\x0fcz<\x19\x8d\xce.?\x8d'-\xca\r"
    b'T\x9b\xcey0?\x07\x8b\xb9\xe3\xd4U\x8c\x85nb\xf5|\xa8\x9b[\xa7K\x97\xc9\x07\xc6"\xf1\x07\xa1\xc8a\xbeQ:\x15\xeb\xb3,\x83K\x07-\x97F\xc7P\xe4\xc3\xc5\xaa/0\x7f\xad,\x85n\x08\t[FR'
    b'\xca\x9c.\x15\x01\x1db\xa2\x14K\xe6\xab\x9b\x01\x05\x17)2<\xe3J\xd6\xact\xc8\xc4v90\xc7\xf6\x14K9\x80:4\x05pT\xb2\xbb\x815C\xbf\x8b/\xc7I]\x9d\xe1e\x02\xeb\xc6\x9d1\x18\xb9\x88\x1f\x9c'
    b'\xb2\xcf52\xe8\xe2\xe2\n\xa8 !\x89\x1b\xe2\xc9HA\x07\x0f\x17e\x03\x90c$\xf6\xa8\xd5c\xf2\xef\xc4\x925)\xf24\xd3\x04\xd7\xa4\xe2\x0e\x95\xa4\xba\x0fN\xf1Z\xbb\xbf\x97\x92\x90\t\x1ei\xcc\xf0>\xdb\xc5\xe7'
    b'c\xdaL\xe80\xef\x9d\xc0\xa5\x1d\xda^!\xbf~\x0fqI(\x13\r\x00cju\x1e\xff\xc9r\xd2\xd80\xc83V\x8f\xcd\x87\x0f\x92\xcf\xb4\xf1\xc5J+\xe05\xdc\r\xe8\xf6\x1d7\xf0\xe4\xe3\x8a\x04\xdd\x86:d\x06'
    b'\x81\x05\xe3f\x90\xe7\xa5\xbc\xd4\xab,\xa8\x022\xe5\x14\xf9E\x056\xa5y5#\xd5\x0e\x08\x9a\x8f\x8a\x1c\x9bG\xeb\x93y?E;\x12@"\xf5y!\xe6\x14oP\x05g\x9bO\xce|\x1b\xf6\x02\xfdt\xbe\xf8\x96:'
    b'+\xf5~@\x01NuE\x7fdf\xec*Z\xcd\x93\x02\x85*\x80\xcf\xda\xb5\xacM\xe2\xa7\xc5\x89\xea\xdeE\x92\xd9\x06 ;\x90\xad%\xcf\x14Q\xb3\xea\xbd\x97\xe9\xfb\xba\xcc\xbf-\xf2\xd5\xb6\xb7\xb6ER\xe5\x12\xd1\xc5'
    b'\x86r\xf2\x80\x1c\xea\x1a\xef\x987\xd9\xa20\xd5c\x99\xa8p\xd4\xae\x92\x9a3`\x13\x9b\xab\x9eUs8#u\xbel\x8e\xc8\xb9\xee\xd3\xc3\xa3D\x18D\xb6\xd2\xed\x12bh\x13\x13\x05\x10\xaf\x96-\xe3\x89\xc6\xef\x07\xd7'
    b'"%\xb0\xa3u\xdd\xe5(N;\xae\xca\x06l\x01":\xc3\xb1\x9d@\x04^\t\xa4\tm\xfdS\xda\x1b\xe5\xda\x8dZg\xeb\xd4\x1d\x8d\x1e\xe0\xb00-I\xa9\x11\x01\xf1\xbbuk\x0f\x92ta\xc9\xe8\xe8\x00%\xa2\xdb'
    b'\xd4LT"\x06\x9e.\x84n\x92\xa4\xbb\xb1\xe4\xe3\x9bT\xea\x00\ty\xe5\xfc\xd8\xf4\x97y\xffZ\x02\x80\xae\xea\xbb9/<\xd0-0&7C@\x96\xd5\xeai_\x88)\xd8\xae2\xb33Un\xb9\xe9F[.\x86'
    b'\xc3\xa9\xcb\xe2\x98\xe7Q\x1d\xcb\xc3\xfa\xdb\xe9\n\xc0\t\xaa\xbb\x83\xc7|\xcb\xad\xae\xee\x9a\xa6*\xe5f(\xdc~v\xecMU\x81\xa8\xc5/\xee\xf6\xf6\xe6\xaf\x83\x02\x8b\x86\xbe\xb1\x94\xd4S\xa8\xb5i\x82Q\xec\xe8\xd4\xd8'
    b'\xea\x14c\xd3\x18\xaf\x1f0\x84xL\xdf\x10\xa9\xf34\x97\xc2\xcdNv~w\x9d\xe0\x16j\xfc\xd2\x87\x96\xd6\xff\x0e\x01/\x02\xfc\x10\x96Z\xad\x1a\xaa 0Lt\x98\xd5\x8eq\x91KR\xe85H\xa7\x10\xc4\x0b\xb9\x98'
    b'~ \xe7!\x94\x96\xcb]\x18N\x9b\x9d\xec\xd3m\xed\xc9\x01\x95\xe6\xa3Y\xbf\x1a\x04\xf2\xff \x18\x8c\x9a\xd8\xec\xc9q:\xa9]s\xcd(\x04\xeb\xb7\xedY\xe2\x99\xbd\xd8\xef"\x0b\xb2\xdc\xa4\xdc\x086p\x9a)\xde('
    b'\xd6)\xc0\xd2")\x0f\xec&\xb7\xd9\x12\xf0\xce\xcaU\xba\xcd\x98\x15\xf5\x83\x9f@i\xaf@\xb8(\xff\xd1\xd7\xb8\x85)?\t8#\r\x125\xd8~{-6b\xc1%<\xc8\xa6\xe9\t\'\x99\xb9\xd4\x98ZG\xd92'
    b'\x8dHp\x01\xe6\x08\xd3V\xcd\xae\xc1?w\xf9r=\xb5MsX\x14\xfd\x14A\xc1N\xed\xb3YN\xf2<M\xbc\x9e\xe1W\rtHQp\xd4]\xab\x03\xe1ch\xc6[\x10\x19\r\x83\xc0\xea>\xef|\xab\x03\xa5\xbc'
    b'/\\YI|>\xe9g\x1c\xfd\x12\x1e4\x03\x9fy|\x1e\x8bN\x17u3\xc8\xe6\xd6\x88A\xe1\xf4\xc5~\xbb\xac\x1bu\xd0Q\x18\x8a\x9dy]\x02=q$b,\xdb[\x13\xb5\xba\x1bP\xc3uI\xbd\xef\xa1\x8d\xfe'
    b'\xdc\xa0\x86\xe8Y\x90\xef\xb7\xb7\xbf,v\xd6\x98\x1a\xcd\xff\xc9]Is"\xf2\\\xb1\xad\x81\x0fd\xae\xe9\xfb`,\xeb\xe8\x10\\CO\xa6\xcf\xddq\xdfi\xdc\xd2Lx\xfbX\x13P\xa9\xef\xaa|s\xcb\xb0\xea\x1f\xf4'
    b'P\x8cq}\x8b\xbb(Y\x06\xde\x14\xc6\xb9\xf17\xee=\x14\xf1(-x\xc3\x8a\x9f\x88P\x1e\x03\xbf;\x86xV\xce(X\xd7\x8e\x90\xa7V.\x82-\x1a\x82\x18*\xe4Ke\xc9%\xd8\xa9D\xec\xd3F\x04\xcb\x92i'
    b'\xff\xaa\xd2\x0fH\xa6\x85L\x8f\xc0\xe3ZHi\x94\x0e\x80\x95f\xf2\x9d~\xe4@/\x8e\xa6\x1d\xf0\xe54-e\xf7\xd0\xd3a\xe5\xc8\xc6u\x0fME\xb3\xa28\xa2\xe5\xec~W\x87\x84\xb3\x8bi\x83B\x11\xd6m\xee\xfb'
    b'\x1f2\xd9\xb4.\xec\xac\xe3@\xa1\xeci\x0ew\x10Z\x89\xc2>;\x8a\xeb}?^PX\x89\x9fJ\x02_\x94Tn\xcc\x08pn?Kp\xd0"o|@e\xb5\x84\xa6&\xeb#\x9a\x87\xcd\x08\xf5\xba(\xc1V,'
    b'yNY}\xe3A\xac\xd9\x9a}m\x97\xa4}\xc5\x1f_\xcfv>\xfe\x96X\xe4\xae^\x97\xb3\xa4\xcb{f#8\xc9\xa09e&u\xfaG\xef; \xf7\xd8t~\xe3\x0b!\xc5\rzu\x10\xa77\xe5\xfb\xde\xa3$'
    b"*b\xd6Dn\xf9\x1c\x94*3\x0c\xd5R>\x8c\x0e\xdf\x8f&Vv\xd9\x8b\x89\x9b\x92!\xb6\x9czFK\x07\xcfJu\x19?\xfen\xa6\xe3\x90D\xa0\xc1\x82\xd8-\x1eb:\x06\n$'+\xfb=\xbeY\xc0\xb8\xf3"
    b'\xb0\x9b\xec\xa9\xcf\x0e-F\xab-\xa5i\x99\xdb~z\x8e\x16\xa5\xb6]1\xf6\xce%\xf3]\xad}s\x0f\x92\xf1W\x8areL>\xe5\xc3\x1f\x07\x181\xbb\x9d\xa2\xc4\x8a\xc2\xa2\xfa~\xc6\x0c2.\xd9\xde\xc4\x1cBG'
    b'\x10\xc6a\x1f\x9cC:A\xcf\xc0\xc8\xb5\xe5\xda\xa9,\x1b$\xc7Yi\xa6Xf\xb3\x02\xf0;\xaf\xafy \xac3A\xd2!*a\xad`\xb1\xef\x07\xc1\xec\x85j\xd1\xadq\x9b#\x08D\xc8\x99\x00$\x1cO\xa4\xf8\x8b'
    b'5\x12\xd9jl_A\xc6z\x82]U\x9cZ\x03\x0b\x11\x0bM\xc4%Y\x11Z\\\xc7\x14\\\x03PL\x13/\x94syI)0\xdf\x18A\xe1\xb0\x82\xa3C0\xf1\xdd\xe9\xd5\xa0\xf5\xf8oRT\xb3\xac\x98\x9a!\x15'
    b'\xedZ\xe7\r\x18\xdf\xfa\x7fL\xc6\xe7\xa3\xcb\x8f\xa3?\x19\x95\x81A,\x99\x91\x02D\x1f\xdd\xed\xa1\xad-\xf57@\x00\xa8\xf2\xe7\x18c"y)\x9a\xeeX8\x8a\xdc\x16K\x93\xd7bX\x82\x98\xac\x9d)\xafYHy'
    b'M\x01\xdeP\xc4u\xc1\x19\x1a%Arwm\x9eV\x19\x882-)v\xcb\\64MR\x18\xbc\xa2\xef\xcb\xf4(\xb8\x9b\x1c&\xbc\xad\x98P\xbd\xa64\xae\x9c\xc9nz\xbd.\x91?\xb5\xa4\xbd\xaa\x967\xe3\xd2\xa6'
    b'\x85\x9fgWf\x17\x02 \xc7\xf4\x1b\x05\xc4KD_\xfc0>}\x7fr\xf6\xdb\xe5\xf4\xfc\xe4\xf4\x94V\xb7s\x86(\r^\xbdF\xee\xd5\xa2l`IQ\x131\xda\x8b\x92\x90hG\xef\xed\xcbzff\x8e\xe6\x9d\xd9'
    b'\xc2s\xe0\xffus[\xbc\xeb\xfd\x07\x0c\xbc\x80\xc7'
))

EDITOR = (56788, '<!doctype html>\n<html>\n<head>\n<meta charset="utf-8">\n<title>FX Editor</title>\n<script src="catalogue.js"></script>\n<style>\n:root{\n --bg:#f5f3ef; --panel:#fff; --ink:#26221e; --dim:#8a8378; --line:#e2ddd4;\n --accent:#00857d; --accent-ink:#fff; --warn:#b33; --warn-bg:#fbeaea;\n --target:#1f6feb; --effect:#0a7f78; --value:#a8500a; --scene:#7b3fb8;\n --comment:#8a8378; --faint:#5d656e;\n}\n*{box-sizing:border-box}\nbody{font:16px/1.5 system-ui,sans-serif;margin:0;background:var(--bg);color:var(--ink)}\nheader{display', ' +\n             "Boot once.", "hold");\n      return;\n    }\n    banner("The board wasn\'t happy with some of it:", true, text.trim());\n  } catch (e) {\n    if (e.name === "NotFoundError")\n      banner("Nothing reported. The board found no problem with the file.");\n    else\n      banner("Couldn\'t look: " + e.name + ". Is the drive showing?", true);\n  }\n};\n\nvar draft = null;\ntry { draft = localStorage.getItem("fx-editor-draft"); } catch (e) {}\nentry.value = draft || STARTER;\nrepaint();\n</script>\n</body>\n</html>\n', (
    b'x\xda\xcd}kw\xd3X\xb2\xe8\xf7\xfc\n\xa1\xee\xd3m\x83\xad<hh\xc6&\xb0\x02\x84i\xee\xd0\xc0%\xe9\xe1\x9c\x1b2,\xd9\x96\x13Md\xc9G\x92\t\x99\x90\xff~\xeb\xb9\x1f\x92\x9c\x04z\xce]\x97Y\xd3\xb1'
    b'\xa4\xfd\xac]\xbb^\xbb\xaa\xf6\xe3;\xb3bZ_,\x93\xe0\xb4^dO6\x1e\xeb\x9f$\x9e\xc1\x9fER\xc7\xc1\xf44.\xab\xa4\xde\rW\xf5|\xf8(\x84\xd7uZg\xc9\x93\x97\xff\x19\xec\xcf\xd2\xba(\x1fo\xf2'
    b'\x8b\x8d\xc7\xd5\xb4L\x97uP\x95\xd3\xddp\x1a\xd7qV\x9c\xac\x92\xe8\x9fU\xf8\xe4\xf1&\x7f\xc3B\xf5\x05\x16\x1e\x95EQ_n\x04\xc3\xe1\xe4d\xf4\xc3\xfc\xc1\xfc~2\x1f\xc3\xd32\xce\x93\x0c^\xcc\xe9)\xcd\xcf'
    b'F?\xec<\xdc\xd9\xd9N\xf0q\x96.F?<\x8a\x1f\xdd\xff\xf5\x11>fi\x9e\x8c~Hvf\xb3\xd9/cl*\x9eN\x93\xbc\x1e\xfd\xb0\xb5\xf5\xe8\xc1\xaf\xb3\xb1y\xc3\xedH\x9b\xe7q\x99\x8f~\x98\xdc\xbf\xaf'
    b"\x0f<\x82I\x12'1\xb5R\xc7\xe5I\x02\xadl\xcf\x1f\xce\x93\t\x96J\xe6\xf3d\x8a\xed\xc6\xbf\xce\xb9\xeb\xcfq\xb6\x82\xbe\xe3G\x0f\xb6\xb6b|QA?\xf0\xe2\xd7\xc9\xfd\xf9\xe4\x1153-\x16\x0b\x1a\x8d\x1d\xf0"
    b'<N\xf1\xc5\x83\xd9\xc3\x07\x0f\x93\xf1\xc6\xd5\xc6\xdd\xcbI\xf1eX\xa5\xffJ\xf3\x93\xd1\xa4(gI9\x847W\x1b\x93bvq9/\xa0\xf4\xf6\xc3\xe5\x97\xcd\xed\xe8AP]Tu\xb2\x18\xae\xd2A\x15\xe7\xd5\xb0'
    b'J\xcat>^\xc0X\xd3|\xb45\x9e\xc4\xd3\xb3\x93\xb2X\xe5\xb3\xd1\xe7\xb8\xec!X\xfb\xe3i\x91\x15\xa5<\x03\x08\xfaW\x1b\xb8\xb2Iy9K\xabe\x16_\x8c\xe6Y\xf2e\x1cg\xe9I>L\xa1\xf1j\x84\xd0'
    b'J\xca\xf1I\xbc\x1cE\x8f\xcad1^\xc6\xb3\x19\x0e\x8e\x9e\x82\xed\xe8\x17|\xd9\xea\x8cV\xad\x0f\xd36s\xa8\xebb1\xda^~\t\xaa"Kg\x01\x17\xc3\x05\xeb\x8f\x97E\x95\xd6i\x91\x8f\xaa:\x9d\x9e]\x8c\xeb'
    b'b\t\x13\xf8\x17\x8cp\x96|\x19=\xd0A\x06\xa7\xdb\x04\x01\x04O2\xda\x8e\xb6\xb1g\x9do\x10\xaf\xea"\xd8\n\xb6\x00T+\xe8+g`\xa5\xf9)\x80\xa5\xb6\xa3~@\xa3\xa61\xd3\xc8\xd6\x0cI\x86]\xc6\xb3t'
    b'U\x8d\x1e-\xbf\xe0T\xd6Lr\xba*+\x80\xea\xb2H\x11T\xda\x7f\xb4,S\x18\xdc\xc5e\xab\x1a\xa3\xa0\xbf\x18\x16-M\xdf\xed\xcf\xfd1M\xff<ION\xeb\xd1\xc3-3\xd7\x11,_<\xc9\x92\xd9e\xb1\x8c'
    b'\xa7i}1\x8a~\xd1a\xcd\x92y\xbc\xca\xea\xab\x8d\x05\xe0\xda\xe5"\xfe2<Og\xf5\xe9\xe8\xc1\x8e\x03\xbem\x86\x0b\xc2\xd0\x80jK\x16\xf7j\xe3\x87\xaa\x8e\xebU\xe5\x00?z\x84\xe5\xbd\x19\xc0V\x04t\x8a&'
    b'q\x9e\x03>5\xb1\xc4\x81\xb8\x02u{\x0b\xa0\xaa\xfdc)\x0fg\x7fH~\x9d\xef\xcc\xb7M\x8b\x11n\xcc6,e\xbb\xfa\xc0\xc4\x97v,\xd1i\x91\xcd\xdc\x9a?\xccg@\\\xb6\xa4\n\xec\xc6\x87\xbfl?0\xc5'
    b'\x83e\x99\\\xca\xb0h\xfe\x88T\xe3\xf3S\xd8\x0e\xc3\n\xa0\x9b\x8c\xa0\xc0\xf0\xbc\x8c\x97\xe3&<\xae66\xef\x06\x87\xa7\t }\\\xce~\xae\x82\x0c\x17\xaa\n\xe2*Hk}\xa8O\xa1Ih.K\x828\xa8\xe2'
    b"\xcfI\x90V\xc19\xe0h\x9d\xe4\xc1\xdd\xcd\x8d\xa8Z\x16ue6d\x9a#B\x0ei_\xd2&\xbco\x97m\x98%\xf3z\x14\xfd\x8ao>'%l\x9e8\x1b\xd2\xe6\x1d-\xd2\xd9,K\xae\xa4\xb5 5\xedM\xb2"
    b"bz6f\x14\x90U<e|\x92'\x7f\x91\xee\xc3\x1a\xb56Jy2\x89{\xdb\xf7\x1f\r\xb6\xb7\xb6\x06;\xdb\x83\xe8\x97\x07}\x7f\x7f\xb4Jl\xef\xf4\xed`\xa2,\xad\xfd\x05\x01B\xeca\xbd,\xca\x98\x88\xe1i"
    b'<+\xce\x01\x1d\xb7\x02\xa0|\x01\x0e\x83\x9a\xdfy\xf0`\xa0\xff\x8f\xfe\x02\xcdoD\t\xf1\x9fKCO\xca$\x8b\xeb\xf4s\xb2\x96>]K\x03\x0c\xf1R\x84\xfd\x05\x80Q\x00\xa0\xe7\x19\x8c\xe7\x14 \x9c\xe4\n\xbc\x1d'
    b"\xde)2\x02\xc4\xa1A\xa0\x0fu\xf2\x058H\x12\x03s3#\x8b'\xd0\xdf\xaaN\xc6i\x0e\xbc\x14\xa8\x9d\xa1\xdb\xbas\xb6y\xe3\xec8\xa4j\x0b\x86\xc4,\xe0\x17b\x01\x0f\x83U:\\\x14yAx9x^\xe4"
    b'\xd0h\\\r\xc2\xe7q5\x851\xc7\xc1\xef\xf01\x1c\x98"P\xbf\x81\xc8v>\xb4\xf7\xebx\xc2\x08\xfd\x0b2#g6\x97B\xdd\x86\xc9g D\xd5(/r\x0f\xaau\t,h\t\xb3\xcc\xeb\x16\x931\x94|\x1b'
    b'\xfa\x07\xb6_d\xd9$.\x85\x0caC^O\xa3\x11\x10\xb8\xc9Y\n;K\x8b\x1a\xe4\xf5\x0b\x1b\xb8^;\x0e\xef\r\xfc\xa9\x87\xad\xf1m\x04eB\xb3\xa6Y\x15\xab\x9a\xe4\x08z\xd0\xa1\xef\xb4\xbb\x1d\x8d\xaa$\x03)'
    b'\x00\x96\xf3\xb2\x89\xfa[\x83\xed\xfb\xf7\x07\xdb;\x80\x99\xdb\x8f\x085+\x91".\xdd\xde\xf9\x15\xed\x0c\x11)\xbc\xcf\xfc\xaa\x83\xeaCq\x927\xbc\xd2\xf4\x86\xdb"\xd9\xc3\xfbHo\xba[\xca\xe3\x85_\x96\x05\x03\xf8\xb2'
    b'\\\xe5S\xef\x0b\x89+\xfc\r_\xe7\xadj^\x07\xbfJ\x07"\xf7x\x85\xe5\x9dT \x11p\x94\x82\x80\x98N\xa9\xca$\x9e]"\x9c\x87\xb3dZ\x941m\x19\x00nR\xe2\xca\x04\xe7\xf1\xe7\x8b\xc0!\xf5\xe3F\xd1'
    b"au\x96.I\xc4c\x84\x81\x16W''IU[\xca0O\xbf$3\xb3\xba\x0f\xffM\x04b\x8b\xa8\xa5C\xb2\x88`=R\x8a\xb55\xc0\xff!-\x1c/\x80z\xf3\x06\xd8\x16>\xac|\x99(\t4\x8do\x84\xb8"
    b'l\xd3+\x7f\xa7\xba[b\xccD\xe1\xbe\xc8\x85\xddD\xc1\xbc\xba2\xe0\x88\xaa\xd3\xe2<\xf7Y\x83\xfd\x1a\xcc\xd2\xcf\x96\x8f\xef\x90\x80\xc0"\xa0/\xf0\x8c=\xd9\xd1\n\x8a\xae\x149\x89a\xaf\xa4y\xe2\xb7\x1eT\x8b8'
    b'\xcb.\x9bR\x84Lg\x87\xa6\xf3\xcbub.3@\x82\x87O\xd9\xf2\x82\x18t\x93X\x13\x9e\x98\x97I\x96\xa5\xcb*\xad\xfcA5\x99\xd3\xadd\xb6v\x13\x1ds[_\xbe\\e\xc9\xa5\xe0\x12\n\xbf\xdd\xe8\xa6B\t'
    b'/\x85\xe5\x14[-Qo#:\x85\xa5\xb9Y^3M>\xa4\xc5eL\x04\xb0*\xde\x91\xb0\x01c\x9d\xa3jv\xeb\xd6\x98iqsR9\x88; \x01P\x005\x90\xb5\xbf\xc7\x9b\xa2b\xa2\x9e#\ngR\xe2\x8f'
    b"mW\xb1\x84'P\x18ao\x06\xe9l7d\xb14|\x92\x175\xcc\xf7$(\x96 B]$5\xb4\nE\xb01\x92\x8e\xa9,~\x0b\x83)\xec\x84j7\x14\xd1<|\xf2\x16k\x80D\x16@\x1f\xb3\x12$\x85\xc7"
    b'\x9b\\\xc7\xaf\x8cbZ\x18\xa8\x90\xfd\xe4\xdd\xaaF\x81\xae\xe0\xaa$\xecu\xd7\x9b\x9e&\xd33\xa7\xe2\x0bXQ\xa8x^\x94gO\x9d\x1a\x9bf\xb6(\xa3\xc3\x1f\xdc\x1bX\x9f%RR\x97\xe1\x95|\x90907B'
    b'\xf5\x1b\x98&\x95^"u\x86\xb2\xd3b\xe6\xbcHfX\x1d\xdf\xc1\x1f(\x8a\xfa\xbap0*\x04\x0b\x01\x90\x08\xaa%l\x07\x1a\xefn8\x8f\xb3\n\xe6\x8b\xfbj\x1a/\x89,\xff+\x01\x10\xce\xe7\xf2\xb2X,\xb3\xa4'
    b'\xd6W\xb8\xd5\xf8\'\xf4\xa0m;\xb3\x10L7\xd0\xd7g3+grX\x1eq\xd7\x14>\xe59I\x91\xa5\xbeF\xa4\x82\xe5\x03f@\xe3\x0f\x96 \xb8\x13\xd7F20=\x15a{\x00"61\xaa\x01\xae\x14/\x17'
    b'3\xd5h\xc3\xc8\xe9\x01\xcd\x9a\x04\xf3`\x8eb\xf9\xb9\x16%\x8c\x08\x92\x7fByl*\x9f\x05\xa1\xbb\x82!\x88\r\xf1\x0c\x84\xf7\xd3\x98\xf0a\x01\x8b\xb8Q\xcc\x83$\xa6\x01\xe4I\x14\xbc\x8f\xa1\x1d\x10k@\xad\r\xe6'
    b'e\xb1\x08@\x02\x99UO\x83\xc7qpZ&\xf3\xdd\xf0\xdd\xab\xe7\x7f\xdb\x7f\x1f\xa1\x99%|\xe2<<\xde\x8c\x9f0\x82\xa5\xd5\x06\x8f\x03u\x84\xc4\x19\xe6\x1cd\x91\x8bb\x15\xc1\xaa"\x0c\x05u\xd4\xac\x12\xae\xaa$'
    b'\xa8\xea2\x9d\xd6\xe1xccs\x93\x14\x93e|\x82o\xd3,\x0b\x089`\xf0i}\n\x12\x0f5kL4\xc1\x04\xe4!D\xa2zL\x1fp\x11hF\xa0\xb0\\\xe0\x84/\xb0A\xddvS\xd8\x8e\x93$\x00\x04H'
    b'\xcad\xb6\x91\xce\x83\x1e\x9a\x90\x00\x12\xcf\xf7\x0e\xf7^\xbf\xfd\xeb\x1f\xfb\xc1\xee\xeen\x10"\x07\x9fC+\xb3\xb0\x0f\xfd\xe6\xc0"#\xa7D\x90\xaf\xb2\x8c\x87:\x84\x7f\x0cV3\xdbE|\x81\x9d\x0f\x18\x8c\xf8\xba\x02\xb9'
    b'%\xa8qcUv\x1f\xca\x92\x0c\xfd\x7f\x1b\x1b@w\x82\xc3\xffz\xb7\xff\xe9\xb7Wo\x0e\x0f\xa03\x10\xc6\xa1\xa9\x98\xc4\xb7Q\x10n\x05u\x11l\x0f\x02\x80i\x8c\xc8\x84\xf4)\xa8V\xb0\x90\xa0\xbc=\xd8\xfa\x8fp'
    b'\x00\xe5+\x900\xf2Y\x05\xc5\xe3\xa0N\xa1\xf74\xd7w\xf4=_-& ,\xe0g\xfeIo\xa7\xc0Fjzy\x0e\x9ah\xe2~B2\x05_\x80\x0b\xc3\xfc\xf2\x0bU\x11\x91{,y"\xc8\xac\xa8(\xd5\xedn'
    b"erQ':\x05P\x86\xe8]\x9c\x9fP\xf1YrR&\t`/}\xbd\xffpK\x86\x94\x15+\x19(BQ'\n\xd2\xd4\x82`P\xa5_\x80\xa4\x9f\xc0@N\x93/\x84#\xb0\xda\xc1\x0f\xdc]\x01\xfd\xd3\xb8\xeb"
    b'\x12P\x05J3\xbd\xc0o\xff\xbd\x8a\xcb\x9a@\xb05\x08\xfe\x02\xff\xdf~\xb4\x85%v~\xe5\x8e\xb17\xea\x96\xd6T\xf0\x9b\xf7Y\xb8qe\xf1\x14\xf9z\x80(\x08J4\x88(\x00\xe5\xba\x06T\xab\x82ST\x98A'
    b'\xbcZ\xca\xa2\x93\xad\x92\x90 \x98\x15\xf0\x0ep\x12\xf7XyA+\xfe\xfc\xb7\xbd7o\xf6_{\x8b\xfe\xa7\xe6\x0e8\x8e\xeaZ\x10\x02\x8d\x00\xaa\x8b#\x80\xbd]\xaf\xe0\xf7I\x81`\x86\x86\xbe|\x05,\xbd\x1b \x06'
    b'\x95\xb8=j\xc4c\x9c\x0bC\xcfJ\x16\x00@\xdct4\x9e \xa6wn\x8b\\\xfc\xe4V\xc5`G#\\\xcbd\x99@g0\x89EZ\x96\xa8\xab\x14\x08\xe9\x8c\xf7\xcb\x140!\xe7\tM\x8be*\xc3\x8dA\xcb\xaa'
    b'\xaa\xaf\xb0\x19so\t\xd4\x86\x81\xe0\x07\xf5\tt>\xc0Kx\\\xd5\xcb\x95\xd0\rl6-\x833\xd8\xcaL\x1e\x89\xf2!\xd1Y\xd2\xa3\xf4\xb8,\xca\x9az\xa2U\xc7\xf6\x85\x94!!\x95f`D\xc0\xea\xa6\xa8_'
    b'\xc1[\xc0\x89"\x8f\x82\x0f\x9d\xb4\xc9\xee\xf5\xd3\x18\x17<Oh\xad\xdf~x\x03+l\xe9\xc9S\xfb;\xa2\xe2\x00\xa6\xf6\xbfQp)3\x1a\x05G\xc7\x03\x8b\x1d\xe1\x80\'"\xefy*\xf2p\xba\x9a\x8c\x18\xe9\xe1\x03'
    b'/%=9\xd0S0\t\xa6#\xa6U\xb0Qe\xdb\x0e\xf0\xfb6\xcc\xf1\x1c\xd9\x01\xc3\x0e\xa7U \xb7 \xb8\xd8\n\xf0c`\x90\x14\xd4\x08\x9a\xec\x9b?~\x7f\xb6\xff~\xff\x05\xcc\x18\xe6\x1dIo\x11\xf4\x05\xbb\xaf'
    b'7\x07\xbd\r\xe9Z\xd0\xe3\x0f\xfd\xe0\x12\xe8" K\x1el\xfe\x03^\x1dm\r\xffr|\xef\xc7\xcd\x08\x16\xa1\x962G[\xc7\xfdqp\x05J\r\xb5\xbf\xf7\xfbw4~\xe7\x16\xad#\x80>\x9c&\xc4\x16q\xca\x0c'
    b'\x90df \x86:\x89,\xc3\x80\x11j\x02\xa4\xf0\x0cw\x12p\xa1"\x88\xca :\t"\x1f\x0e\x9f\x9e\xbf}\xfd\xf6\x8f\xf70b}\x13eI~\x02\xb8\xf5\x04(\xdfO?u\xae}`\x0b\'@f/\xae\x9b\x9a'
    b'Lc\xfb\x989\x19\x8f/\xb4Sz+\xa3\xffg\x81\xfc\x8d\x16\xb4\x04\x1a\x8c?\r\x12X\x06\xbe y\x84K\x80\x003#\xe1\xd5\x91&\xd1t\x18\x83n\xc0\xbd\xd2L\xff\xd7\xdbWo`\x9e\xfb\xff\xb9\xf7\xfb\xbb\xd7'
    b'\xfb\x9d\x13}\x008\x1f"b\r\xee\x0f\x1e\x0c\xc3\xe0^\xab\xccH\xbe\xef\xa0H@\x04\xf2\xed\x1fo\x0e?}x\xfb\xfe\x05\x92\xc7\xa3\x10w\x13`~(\x7f\xea\xf3\x82\xfe\x80\xacB\xcfs\x9c4\xfeEz\r\x7f\x81'
    b'T\xd2\x1f4\n\xe1\x0fR\x1b\xf0G\x9e\xe6L\x98Z\xff\xc2Z\x8afZ\xa9>O2h\xeeX\x86t\xb8\xf7\xfe\xaf\xfbD\xad\x8f\xe0\x15\n\x13\xed\x99n\xf7\xa1i)\x18-W\xd5i\xef\x88&\xd65i\xe8\x01\x14'
    b'\xb1\x00\xbf8\xb3=j\x94:\x86\xcf\xa1\xe2`\x08\xc8\xbaA[\x00\x94\x97r\x1fp\xb0\x135\xfc\x01\x18D\x1f0\xc1\xc6\x0eq\xfb0\xaa(\xfa\xe3\x1b\xa1%\x1dm#\xa5l\xb7\x8co\xb9\xddXI*\x14\xc6\xf6\xe9'
    b'\xcb\xf6\xb16\x8e\xc0\xc2\x0e\x80>u\x00\x08\xde\xee\x85\x8dF\xe2\xe0\x80\x7f\xff\xb6\x9a\x88h\x85\xc5\x90o\xc0\xdf\x97\x96\xf0\xe0\xdb\xe1s\x02\x0cM\x81Hc\xc7\x0c\xe8C{\n\xf4Z\xe6\x90\x07\xaf\x81\xb60\x97\x90y'
    b'\xf0\xe7\xf6D\x88\xb8\xf6\x1bmY\xb2\x1e\xaffi\xc13"\xae\x88V\x08\xd8q"\xbcZa\x9f\x17\xb4\x01\x0e\xdah\x8c\xbd"[\xa0@m\x99\x0b0\xbb$\x9b\x87\xc7\r,>\n\x8f\x14\x88\t\xc8\xc3\xa8\xb9A\xe5'
    b'Ap\xf4\x86D\x9b\xed\xad\xeaxL:\t\xf0\xd7 \x9e\x80\xfc&2l\t\xfb\x19\x14\xa3 \xce\xceQ\x86.r\x1a\x14\xa1\xfc\xb3\xb7{\xef_xB\nID\xb0[A*\\\xc5Yp\x96$\xcb\xcaQI\xd8\x9c'
    b'\x11\x80\\\x99f\xb0:g0i\x18<m\xb82\xc9\x8a\x18e\x0b:\x0fC\x888*\x03\xfeX\x14hx\x13.\x8b\x8a-\xf0n\x90oH\xcb\t\xf2$\x99\x81x\x8e\r-\xcb\xe2\xa4\x8c\x17$(\xbd\xbb\x00F\x9c'
    b'K\x1bEP\xae@\xbd\xcd\xab\x1a\xe6\x0e\x12\x91\x07h\x92=\xcb\x93\x8aD$\x94\xdfa\x0c\xa0\xb0\xb1\x10$M\x0e\xd0\xe6\x01+4C\xfe\xf6\x95\x84\x8e[m\x0bh\xda\x81\x94n\x8b\xa8.^\x17\xe7I\xf9<\xae\x92'
    b'^\x1f\xe8\xb3\xf4\x8c\x96\n\x1c\x9d ;\x89\x14\xee\xa6\t\xee\xada\n\xad\x7f\xba\xa7\x90\xbc\x92\x84\x88\xbf\xe7\xa4)\xd8\xdd\x13"q\raE\xafn\xb5E\x06\x01Y\x1e\xdb\xb3\xd2\x9d\xd2\x9e\x16U\xc01\x18\xe5\x07\xc7'
    b'\xe0n\x9f\xdbN\xc8\xc8>V\xf3\x80-Y\x11z\x12Q\xe0\xcd\xb9\xccPQ\x9f1\xdbu\xfb\xe1I\xaa\xa8C\x96\x03\xe4`\xa8k\x93a\x00\xa7\x89\xe7\x1a%\xaa\xcdVR&\xf4a\xb5f\x82\x96/\xd0\x9e\x16h\x86'
    b'\x05\xd9\xaeJ\x9c\x8d\xf0|\xef\x00\x19\xdce\x03/@B\x04!\xb0ga\xdb\xefB\x95\x98)\xa8m\xe9\x08_u\x02T>X&\xfe\x1c\r\x01\x01\x10\x9f\x18\x15\xfc\x19\xe3L\xa2(\xde\x12\x88\x01\xfeY\x06M\x12\x1e'
    b'\x1bmu\x19\xd7 &\x013\x8f\xcfP\xc2\x16\x02\x8a\xcd\xd3\xa8_\xb3%b{\xb8\xbd\x15\x05{\xa6\xf4"\xae\xa7\xa4L\xabR\r\xad!\xdb\xa2V\xb8{\\\x1d\x94\x067\xccla$\xef` =\x1c\xec\x80\xc74'
    b'0\x83b\xd4B\xa8\xe2#JX\xbb4+\x1f\x0ec"\x19$\xe2P} \xb9\x8b\xa4\rO\xc2,l\x8bT&\x03\xbav[\xa65\xe94\xaa\xb2t\x9a\xf4@\x13\xc4\x9a\xc2l\xfb$DQS?\xfdd\x06\xcc\xf2'
    b'\xa2_\xcf\xadD\xed\xe3R]mX\x10\xf0\t\xca\xdf`o\x10\x14n?id1\xa6\x0c\x8at\xcc\x0f\xfa:~y\xd6\xa2V\xaf\x80\x11\xbb\xf5\x1a\xdc\xc8\xd6\xa7\xc7\xb0\xd1\x95\x05\xc7C\x06B\xc8\xd8\x1d\x06_\xbf\xb6'
    b'Av_\xca\x00\xbdq\x06&5\xd6\xb6\xfc@[Fts\xeb\xd1\xb3\xb3\xe0!\x8b,\xa1\x0f\xd1\xe9)\x1a\x1d\xb3\x03\xe1\x8a=\xd4\xee\x18\xac\x80\xc2{\xc2i\xe3\xbc:GM\x05\x08C\xeel\x11\xa9k\xd4\xf5\x01\x99'
    b'\x0b\xe7_\xd0r\x83H]\x15B\x0ePi\xa3\x06\xed\xd9\xb7L\xe7\x8e\x854\x80\x04;w\x97\xc7\x7f\xc7 63Dy\x91\x1b\xb1E\x04X\xa6\x8c].\xfe\xf2\xc9p\x7fh\x99\x1bh\x95d0\xb5J\xba@c\xf6'
    b'\x87"\x80\x0b0\x7f>\xdf4\xce\xb7\x13\xe4\xc7\xd1YrQ\xf5Zc\x16f\xdbo7\xd3\x80Hw+T\xc8k\xe4\xda\xe2\xb6`{\xc6\x87H\x9ez\xac\xa3\xde8o\xb6\xef}\xf3\nI\xffGD\x0b\x1aD\x1c\x96'
    b'\xa2\xbb\xd5\x06 \xd6L\xfe\xa66\x91\x90pQ\xd7\xb4\x10]S\xdb\x81\xa6T|\xaa\x16g&\xe5#i\xdc\x85\xa5`\xd6\xe1\xc52\xf9VX\xfa\xa4\xae=\xa0N\x84\x96m\xfa\t{\xa9\x8e\xa4:N\xdc\n\x10\x0c\xca'
    b';\xce\xce\x03\xba\xe7,\x8d\xec\x05S\xb9o\xc1\xe6\xce\x8c\xce\xa4\xab\x97E\xf9?1/\x7f\xc5\x95~3\xaf"Z\x85r\x9a\x9e\xf8:\x9c\x14%CT\xcaE2\x9c\x91\xe1.K*\xfe\x8a\x95X\xf6\xa7\x86\x1c\x9d\n'
    b'A\xf0\xdb\x1f\xcf>\xbd{\xbd\xf7|\xff\xc0cW\xfd\xbe\x80\xae\x05k\x1a\x96\xa1\x1dG\x8e@\x03\xfc\xb3-\x96\xb4\xad,8Z\x9d\x95\xd3\x03\x89\xb7w\x94;\x8c\xe5\xf3\x950a\x04_,\xc2\xc9\xee\xfa\xd1\xe8\xeay'
    b'\x9c[\xeb\xc1l\xe5\xa7*\xdeO\xcd\x8bE\xbc\xec\x1d\x90y\xb3o0\x1az\xef\xe2\xabb*q\x18\x9c\xac\x971\x84v|;\t\xfb\x1b\x9d\xe0\xe4\xd6\xaaN\x0e^\x165\x1d\xff;\x1c!\xdcBe\xed/\xf4\xdf\xed'
    b"G\xf4\x07M\xd1\xc7\x9d\xf5\xd1\x88\xdaE2\xe0=2/\xc3 \xb0\xe2\xba-+\xa8H\x16rw\x1ch*'\xcb\t\x99\xca]2a6\x8d\x9e{\xd0\xc1\x0c\xe9\x94F\xd0/\x0b=\xe4\x10\x85\xf0\x04\xb4\xc0\x8a\xadc"
    b'$\xa9\x0e\xbb\xff\xb9\xf4\xba\x9a\xf6\xf0l\x8eQI\xfa\xc6\x17Q\x99\x80\x96\x08\xa2\xc3\xe6O\x9b\xd0g\xf8S\xbcX\x8e\xc3\xbe}\xfd\x98_g\xb5\xf7\xf6\t\xbf=\xc1\xb7\xfe\x9e_\xc4\xe5Y\x0fG<\x08:;\x044'
    b'\xfa\x99\xcfp\xe5,\xefgP-\xb0<\xfc\xf99|\x82OT\xec^\x10\xcaA.\xeaV\xf8\xaa\x9bj\x16g\xbd\xba8Kr+\xfb\xd5e\xccK\x06kA[\x83\xdd\xed\xb8\x98\x08J\xc3mY\xac\x81\xa1\x19n\xb5'
    b'\x01\xea;\xfa\x82\xb7\x07\xd5\x86on+ nAC\x8a\xfb\xb4\xebjS\x84\x14\xb6\xb7\xf3^\xb8\x1b\x1az\x05\x9f\x1f\x07[\x061\x08V!\xfb\xe0\x00z\xc8<\xfc\x9e\xaf)jG\x11\xd7}\xac\xa7\x85\xd0s\x07\xd1'
    b'\rzv\xf5\\\xfdLd\xb9\xd1H\x8c\x10\xdf\xee\xfb\xbd{\xa26\x16\xae\x08\x89\xf0\xe0\xe0\x83\x11\xb7]d\xaa\x96YZ\xf76{\x1f\xab{\xfd\xcd>\xd1\tK\xca\xac\x84n*\xdda\xe9\xbcL\x17\xbd> \x06!'
    b'\xf3HZ\xe7\xf2,\xf5GhX\xed\x85\x82kdC\x8e\xc9\x82\x81Sb+k\x96\x9e%\x19(be\x81\xa6bT\xdd2G-\x93\x83\xc2\xb3\xbc8\x1f\xb1u=\n\xfeN\xdc\t\xd5^l\x91\xce\x9cV\xf9?W'
    b'\xb3\x13\xb4\x89\xfc\x07\x19qg\xc9\t\xfd\xcd\xd2\xaa\xc6.>\xf3\x89N\x82\xfe}j\xb5g{QU\xab\xa9\x85Z\xb0p\x9b\xc4\xb3\x0f%\xc0\x81G\xea\x81\xcc\xdf\x07\xe4\xf6\xc4\x1b@f\xe5l\x01\x9d\xf7\x9ecs\x00'
    b'eT\xd9\x1bq0T%\xa1\x16\x99\xef^"HP\x0fG\x93z\x9a\x9d\x81&\nC\x07\x88\xa0\xdd\xa2b\xd3s5\x12\xbb\xde`\x9f\xd4o\xcb\xdc\x00\x877\xff\x01\xdf\x8e\xe2\xe1\xfc\xb87\xa4?\xfd\xa7\xbd\x81\xff\xdc'
    b'\xbf\xfb\xe3\xe6\xd8\xe7\xf6\xe9\xec\x80\x9c\xe2\x80\xe3\xfb\xfa\x18\xa9\xaf]\xca\x98%)\xff\x18\xdc\xfb:\xb8\xf7#\x11\x16\xbbc\xeePM \xbe\x1d\xd2\x02RU-\xc7\x1d\xf8\xaa\x82*\xc8\xf8m\x108\xbcw\x00\xd3\xfbq'
    b'\xb3\xdf\xd9\xd05\xdc\x1e\xdbY_\x89U#\xa8f\x86\xb2N9tkv\x8c\x91\xac\x1b8\xc4\x1e\x9d\xa5\xe0\x7f\x06\x1f\x87\xc7w\xfbO\xd7\x8d\xb9i"\x87A\xd8\xb3\x18\xa9\x1f\x95\'\x93\xbb\xc7w\xf5`f\xfd\\\xfc'
    b"\x11\x91\x1d\x9c\x06\xf31\xea\x95_O\xbeN\xbe~\xbc\xdb\xef\x1e\n\xe1'2\xf5e\x10\xcf\x01\x19\xd9$\xb4\x88\xe58\xcb=?\xc4\xc6G\xc1\x0e\xa8\xab\xc3\xfb\xa0\xe9F\xa5\xdd\x15\x9b\xff\xf0\xa7\xdd\xea\xd8\x99\x80\xdd\x16"
    b'\xc2\x0et\xeb0\x19`m\x13\xfb%kC\xca\x07\xc4"\xc5\x0c`\xb7\x93\xd8\x97\xd6\xc1<e\xd7lc\x90A\x0e\x9b\x0f\xb0i:\xc0\xe1=N\xbe&?W\x9e`Y\x81\x00\xe9j\xcf\xc9\x14\xba\x17\xedY,3\xa6'
    b'?i\xdc\xee\n\x19\xec\xae\xcb\xcc\x0c\xd5#\xec\x8f\xd5\x9a\xe3\xb0\x81d\xa6"\xb2\x98chW1\xe9E\x92\x8fb\xa5\xd9U\xb8\xa3hCu\x0b\xd0\xdc\x82\n]\xda\xa0+\x9di_\x04\xa2]#\x02*w\xc3\x1a\xfd'
    b'\xe0\xc9n\xb0\x85;\xae\xa7\xf0\x03\x0c\x94\x9f\xbcZT\xccUG\xa8\xb9\xa7\n\x81Q\x93L\xfa\xbc\xe74=9%\xe7\x88\xd7i\x9e\xf4\xd0\x13\x05\x8fjQLZ\x91\xc8\xc7O\xc4\x99\xd2\xfc\x80|]\r\x8cO\xe3\xea'
    b'\x14\xc6M\x0e9\x86%\xff\xc0\x04\x86(S1\xbb\x80\xefT\x0cx3\x8c\x89<]F\\\xc3pX\xfcn\xea\x88\xfb\xaa_-D9EY\xac\x94\x00&\x8b\x92\x97\xd3\x14\xb5\x83\x900\xf4\r\xfa\x17\x0ehV\x19\xeb'
    b'\xe0{\xe4\xc6\xd2\x92\xa1sX\xdc\xd2L`\xb4\xb2\xbcf\xa4*\xd9\x1c\xf9B\xb4\x8e\x8c\x0e.d\\\xd4\x87\xd7\x89+\xc6PW\x06d\xa3\xb6\x14\xe3\xe8Z\xeej0\x00\xd1\r\x03\x0fA\x88\x0f\xab\xca1\x06\xaey\xc1'
    b'\x16\xce\x04$a\xad\xc6\x9e\x1b\xf8\xda(]w\xdc\x16\r`\x14K\xba\x07\xdfV}\x04-<\xed\x15\x1f\xe4\xbd\xa8\xf2-\xc3\xf9S\xcf\xbe\xe1\x176\xb8\x16\xb1\xc8o\xf5\x1f+\n\xb1\xa8d\x069\x08\xba\x85 S\x81'
    b'6\xb0+/\xf2\x86zz-=\xc1\xae\xf1\x05w}\xd5\x80\xc4\x95.%z>\xb2TK\xeb\xe9\x8a\x8c\x11\x99\x9d\t\x8b\xee\xf6\x8e\xe0\xbf\xc7(\xb5)\x92\xb3nm\xea?u\x8d\xad\xf2\xf2h\xfb\xb8/\xa7\xcalI'
    b'$l8 Fh\xfcq\xd8\xc0\xcb\x07fh\x11/\x88 \xb3\xdf\xde$\xc9\n\xb4\xa9\xf1I\x19\x1d\xc3\xeb\x99\x9a\x92H\xf2.\x9e\xd2j6\xed;\xb8\x92\xb2\xdf\x8d\xd1\x00\xa4\xb8\xbd\xb6\xe6\xdbq4\xf2\xb4m=\x80'
    b'wG\xc70\x9fN\x1b\xa8]i\x1dY\x91\x17\xd0\x07\xa9tn\xf7\xaa\x00X\x04\xf0\xe5\xf4u\xd8\x80X\xdf\x8d\x08\x06\xfd;\xd1\xc1\x99\xb2\xa8\xff\xbeeD\x16\x07\x81\xe57\x1f\x99\xe6e*\xca\xc7\x1b\xccI)\x07\xaf'
    b'?\x90\x0e\xc3\xa2\x0c\x02w\x89~\xd0\xdf\x1d\xbbz\xd7\x91z6\\0\xf2\x1c\x9a\xd3R\x12\xa3H#`\xf1\xc1\x9e3\x8e}\x8eL\'\x99j\x9d\xc5R\xec"w\x1e_8lr\xd6\\\xaa\x12\xf9I\x07\xaa\xe0\xb8\x9b'
    b'\x88\xd1u\xb2\xf6t\x8d\xbd\xd4\xb7\xb1\xb8\xf4\xc1\xf4\xba\x16CT\t\xbb\x0eE\xee\xf0lZ\xab\x89\xc8\xe2P\xe5\xc0\xcc\xda\xae\xea\x9aue\xa0\xfa\xeb\xba\xd6Bg\x05\x906\xa65\xceP:\xd6\xb9q\x8eD3\xb8\x8d'
    b'\xa8B\xa8\xe6/\xd8\x1a\x0b\xb47|\xb7\xcaM\xc3\x126Fnvb\xbbe\x073fW\xa0S\x91k\x12\x1d\x90\xeaA\x07\x1d\xc7\xe7,"\xc2$\xd2\x9c]8\x9d!\xd0\xce\xf2l\xa7\xae\xf5\xf88\xb2\xc0\x13C\xd9'
    b"M\xc3\xecX\x86+w'v\x92\x08\x17\x0e\x83\xa0\x83\xec9\xaa\x1f\xe3\xab\xbb+\xf5H\x0fi\xdb=G\xc2\x01\xd2\x8dF\x86\x11\x1a\x19\x04\xb1\x1d\x16\xe4\xcaod\xd3r\xecO\xca\x97\x8c\xd7/\xbf\x12Z\xde\xdc\xa9\xe2"
    b'\xc7\x8e\xa8lm\x0c\xe1\xc7<l\x1a\x18(N\xc29\xad\x14\xd1\x8e\xa5/\xae\xf5\x03\x89\xc7\x96\xc8\xa9\x80\xc0|\xce\x11!\xd6\n@\xdf!\x869\x13\xb3\x9b\xb1)\xfc\xa1\xf8\xfcm\xad\xeaFo@\x12\xff\xd9i\xd9\xb7'
    b'W,r\x89\x00\xc7\x84\xff\xd2\xd9\x93\xdf%(hesL\xe2\x8e\xa2M\xd9\xd4@\x843\xeb:\xbf\xf7\xa5#\xcb\x13\xd7\x92;\xe22\x12(\xe7Pi3\x9c5\x14\xa6i07@\xbc\xc4\xcd1\xfa\x16\xa1g \x9d'
    b'\x8d\xe4\xef\xd5\xb5k\xe0n\xd5.\xad\xe6\xce\x1d\xa3\xc9\xb4T\x1a\xdd\x92\xce\x91=m\x0c1\x8e\xe1\x86@\x93\xd1\xc7<\xf4\x0c\xca\xd6\x03\x83\xe2\x1f\xd1R\x95\xcf\xc8S\xa0d\xa7\xfd\x944\xe5\xd8j\xc1P\xfcf\x832'
    b'r\xdeg\t4\x92\x88M\x90Z7G\xc5\xe4\xc6]\x9c`L\xb2p\xe9\xd5\x12\x89\xa8\x19\xc7\x88\x9d\xbfy\xda\xcbl\xc5\xac\x1b\x1fU\x1cLk\xf2\x1b\x92\x93\xe2\xda*\x0bd\xcc\x9a&\xa0K\x18\x95\x9c\xa8\x91x\xf9'
    b'\xe0,X\x84\xc0\xd6T2\x83\x9f\x07\xb0\x98\xb5\x92\x11\xf4\xb0|\xa5\xd8\xf4\x11)\x19\x83g\x88{\x0cpu\xecTD\xc5\xf7\x88\x89\x0fa\xb3iLg}\xec\x98\x99mO\xec|\xca-\xa0R\xee\xd1 \x8f\xb0\xb8\x9c'
    b'\x9bH^\x99|N\x8bUu\xc3\x88mW\xc3`\xc7\x8c\xdao\xc2\x90M\x1a\xb9\xd7\xb0\xdf\x80\xd9\x9d\x1e\x91$2\xa5\xb5\x1cRe^\xdd\x9a\\\x91\x1f/7J\x10\x89Vyu\x9a\xcek3\xa6\xbe\xfd\xa8\xf3\xf6\x86'
    b'k\x07d:\xf7`\xc8$\xcdts\xe5\xb0.\xea\x8f\xb7I\xe0\x1a\x911VHMR\x80~\x95A\xc0\x0c\x1d\x95.\x98\xc1\x0f\xc4\\J\x16_\xf4q*r\x0c\x82\x0e\x92/Kx\x93\xcc\x1c\x8f\x1cn\xea\x8f*\x99'
    b'\x11\x1aT\x96\xdd\xad*\xe2`\x97D\x1ex<m\xf2\xf7\x1d\x0c\xec&F\xc5\xba:\x19P\x89|\xabUp3\x153\x1ak\xd1\x0c(\xae\xd6&\xff\xdfD\xb5o\xd6c\x94BvX\x83e\x96\x83\xb0\xab\x1f\xe7\x9c\x87'
    b'\xff\xf9g2\x16\x13a\x92\x8a\x89\xdc^\xe4@M!\xc7\xee\xd7ZY9\x1c\xdb\\\xef\xf5\x87\xfa\xe3G\xcb\xe8xnT\xcf\x1d\x85\xd8\xc7\xd0{v7\xf8=\xaeO\xa3\x05 \xda=*\x07\xccb\x10\xc8\xcf\x9dc\xa7'
    b'%9\xaa*L\x95\xf8\xcb\xcdU\x90d\xf7H~F\x19\t:\x1c\xc3\xaf\xc78\x05\xf8q\xef^\x9f\xb0\xec(?nH\xfd\x1e\xef\x17\xf3\xaa\xf1\xd0g\xa0\xfa\xf3\xa1f\xee\xd1\x97\x8e\xb6\x1a\xbc\xf3\xaa\xcd\x98\xb0\xben'
    b'\xb2C%\xf8\x1a\xcb\x83\xbcl@D\x9a\xecD$V\xc2\x82\xd9\x03\x15v\x91\x1d\xd2\x19\x1f\xaf\xbcq\xa4\xc5\x06\x99\xb4\x8b\x95 \n\xf6\x1aN\xb6\xf2\x81O}\xce\x0b\xf1jLL\xeb\x95\xe7CG\xa39\x98\x02ko'
    b's1\x97\xfa7%O\xe5\x0e\xc4,=\n\xbb\xa5mx\x82\xaa\x18\xe6\x87L\xa1\xada\x93\x07\xebm|\x87f58\xc6-I\xad{\x1eY\t!\xdd\xa2n\x15}\x80\x15\xef\xd2\xd0\xc7\xf8\x13\xb7&\xfe\x18\x0e\xfb\x86'
    b'l\xb8\x03\xab\x8eV\xcbc\xc4\x10\xd3\x1aTB^#\xb4\xd6t\x96\x90\xc1\x88\x89\x1bO\xd8\xeb\x15c\x8c\xa4_\xaeN/\x1e\xfb\x15\xe8%\xa0\xf2\x9a\x91\xe0W\x1e\x0bw\x86\xcf\xadq0"\\3\x92\nc\x16i\xd6'
    b"\xf4\xab9\x04|\xb9~\x08\xf8\x95\x87\xa0\xfd\xe0\x1bo\x10\xb2\x84\xbc\x9e\x9c\tJ\xba\xe0\xe5\xaa\x98\xfb\xc2\x14\xfam\x8f\x8fO\x9es\xb0\xeb\xf3A\xd0\xbf'\x9e\xc0\xe8\xfcAK(\x9b\x90\x1d\xd5y\xef\x8c\xa4\xec\x13c"
    b"\xcf\xae,\xa2\xd0\xa8Q\x82=B\x8f\xe1+\xdd\xa7M\xefWjA\xec)\xf1E\x97'l%\xf6\x9e\x8al}\xee\xc9<\xbf'\xa6\xfd\xfd~\x99m\x97\xc6\x86}\xe1\xd6'`\x9b\rg\x9d\x1b\x8e\xfd\xec\xd1\xe7M\x15"
    b'5:HN\xcc\xa4\x9cw\xd4\xd8\xf6[\x963\xb5>\x1e\xaam6\x0e:D\xe6\xdf\xab\xd7S\xa3\xef\x16b}2\xd5\x12a\r\xf4\x9b\x07%\xbe\t\xd2\xf5\xb7\xa3\xa2\xb7\x96\xff\xbc\x06\x0c\xc5@\xcd`w\xad6aL'
    b'\x00e2O\xbf\xa8($\xbc\x1a\x15\xd1\x11\x9eh*o\xa7\xbdO\xc6g\x10\xb4\xb8\xcaH\xaa\x0eD\x91c\xeb\x06\xdb@\xbat8\xfa\xda4\xf7\xd1!\xa6\t\xf9C\xe66\x02A\xeeJM\x96{r\xca9\xcd\x8aJ'
    b'\x8e9\x89u\x92\xad\xbb\xa9w\x91g7\xf0\xee\xa4b\xdf\x9d\r#\xd1\xc2(\xd7;\xa7\xd0\xb4"\xee\xc7e\xc8\xfc\xde\x80\xc7\xfc\x08C\xef\x10`B\xa0U@\xdb\xf5\xe1G\xc3\x9cd\x14\xe2qmO\xbbP\xb7\xda\x95'
    b'FZr&\x0fA,\xdf\\\xf61\xf2\x9b\xd6\xf9\x03w\xd64%\x8c\x8c-\x81\x0e\x9f\xb9\xb4?m^:{\x16A1\x08\xf6\xb3\x1cTtk\xea\x06\x0c\xbaP,\xbd\xe39\x94\x9c\x0es\xe0\x9d\x12\xad`a\x1c\x05'
    b'\xd5\xca\xe7\xd9\xf6hQcn\xef\x1ak!\xeb\xdcb3d\x7fB \xa12I\x06\x12\x1d\xf1\x90\x03\xbc\x9d\x84c\xaf\xef;3\x14\xfb|\xe7\xe2\xb9\xcb\xd1\x90\xd4\x1b\xce\xfc\xb7<z\x12\xabJ\xf7Y\x81\x15\xf9\x18\x04'
    b'\x1f\xd4\xc1\x86w\xb2\xeaMU\x82\xb1\x08\xa2\xee#\xa7V\x0fq\x11\x04Y\xebGH\xaa\xe5\xde\xf8\x83\xd3y!\x9e\x04iF\x01x3u\xb5\xf8\xfd\xdc\x98\x02\xd36\xe93X\xcb\x87\x00\x024\n\xef\x0b[1?\x0e'
    b"=\xa4\xca\x03\xd3\x01\x1f\xe92\x8d\xd5\xe0I\xf9\xd6\xa1&S_\n\xfb\xa3\x8f\xd5\xe0\xf8fE\xc9(o\xad\x15\xf0\x94\xb7'H{\x19\x0bH*\xe7\xb3~W9k\x05\xb6(u\xb8\xb2\xa7\xccf[6\x0em\x91\x9c"
    b'\x08m\xd0(\xf3\x9c\x93<\xc49E#\x8bJ\x8bE\xf18\x8fH3\xa7\xd8Hi\x93hc\x14\xdcZ\xfe\xcc!\x01\x12\xe4\\\x15f?\xe0\xba\xcaj\xaa\x1cn\x93J\x80\x1e\x8d\xfb\xab\xf2\x10~Ff`\x87\xea='
    b'\r\xc2\x05\x8c\x13\x0f\xd9\x85\x10\x19\xb7\xb1Pv*\x05a\xc9)\x15\x01\x80\xb5\x9e\xcbu\rw\x18\xc25\x1c\x90\x9a\x92\x83\x11\xd1\x8a\xb9S\xc1\x16\x02\xd4\xb7[4og\xcf\xe4\xd1\x89U\xd3Q\xcc\xdc\xf77\xdb6\x1b'
    b'S633\xb6\xcf\rW\x8b\xf3\x8e\xdeh\x88\x05\x8a\x82yr\xce\x8bD\t8H\xf4\xe0\x97\xbc\xad\x80^R\xba\x05\r_\xe6\xc0\x0ej\x8dt6B\x82\t \x01\xaba\x82\x02\x1c\xb8H\x92%I\x9a\x9cT\x04\x90'
    b'\xca \xbe/\x84\x8c\x9aG[\xa6\x88\xd9\x08\xf4\xb4\x86\x8f)\xa2\xd0J\x87m\x80*\x80\x88)[\xf0\xb8\xc8c\xb6\x8c\x03\x1fJC1#\xbfC"c\xc2?\x10\xcc\x19\x89\x01#c\xd1D\xfc\'\xb0\xb9\x8d1\x049'
    b'\x1b\xcby\x9c\x92\xf7\xd2\x9c\x12 T\x9a\xb5\x06\x8f\xcf\x05\xac\xa2\x03\x13\xb49^\xdc3f\x88\xb4\xee\x0bH\x1d<\xd6\xc2Oj\x00\xbe\xf9\xf2:\xbfG\xd6\xe9\xdb\x04\x1a\xac\xd8\x14\x1b\xb7\xca\xb4\xf9\xb1m\xb3]\xba\xf3'
    b'\xe4\xa0\xbd8\xba\xc5\xdb%<\xcb\x9a\xfes\xb4\xe7\xdb\x12d\x17\x9c\xe4\xfe\xb5\x9e6\xbbp\xe4\xa2\xd7\x93i*s\r\xa56\xa6\x95~\x87\x99\xc5\x1c\x1c\\y\xde9\xae\xe4\xb7\xce\xd7\xd8=\xe4\xf1\xc1\xc9.\xc0\xae\x14'
    b'\xa5\x0et\x8d\x96]V\xd3)rv\x94\x96\xc3\x1e#z\xe1h\xdc\xee\xc9\xdb\x9e\xc94\x1a&\x9b\x9fx\x1f\xba|\xb2B\x03\r)\xda\x9d\xd6\x1ao\x1aX\xe4\x0fF\t\xd7\x1cKMD\x959H\xd1\xf2\xac0\xaf\xad'
    b'\xc0\x9f\xfb\r{2U\xf557\xa2m\x15O\xd3\tq\x91g/\xf4\x8b\xa4\xe2U-)\x0ed\x86\t\xe1\x9b\x07\xcc\x86r\xec\xda\x8d\xa8\xb7\x1e\x07\xd9\x0e\x88\x95\xba.\x02\xfc\xbeiY\xd5\x85\xc4\xae\xbcHL\xea\x9b'
    b'\\i\xb0\x1a\x19\x16\xdcq\xe8\xb9\x1a\x0c\x99\x83\xe7/\xb9\xe0(p\xfb\x1f1C\x87\xe5\x0c\xc3+O\xea\x9e\xc7\xb3D\xd2\xc3\x00=Us\x9c\xa2\x9b\xa6\xbeES\x1d\x82\x9a8\x06E6`V\xbc\xca\xe6E\xc1\xfe]'
    b'\x10\xacr\xdch\xe2\x7fh\xe7\xee\xec\xc1\x8e\xf8,\xb3\x12\xe6\x80\xb9\xe9\x06\x89\xa3\r\xadX\x8e\rE8\xf0\x9bkb\xa9fMl\xad\xabf\xc3\x8ep\xe5-\xae\x90\xba\xb7\x8cQ:\xb9\xa6S\x92\xa5\xb5]\x84\xcd\x05'
    b'\x8b\xa0\xa2\x0b\xb0\xa6%\x9el\xd1\x17\xbc\xc7Z\xa1-NO\xe6\xb4\x94\xf0\x8f\xe6~\x0f\xc3\x0c\x06~\xae%vn@d\xb0I\xb7\x8e\xb0\xfdcF\x10\xcfr\xac\xad\x85\xa3\x80\xb3\x8dx\x99\xda\xc2~\x1b@2\xc4\x06'
    b'\x80h\x0e\xa4\xbc\xad\x93\xef6Z\x1e`n\xbe\xa0\xdb\xba\xf3\x1c\x1d\xf77\x9a\x91\xf4\x1e+\xf3\xbd\x07\xddO\x1e,=\xcf\xc1\x1e\x8f\x9c\x82\x8c\xfeM\xebI\xd9=\x01\x16N,\xbcY\x16\xfc\xe1\x96\xa5\xbd{\x8dX\xec'
    b"\xa6(\xa0F6Z\xc9\x04\x9c\x95\xbe\x16\x85\x8e}\x1c\xe2Q\n\x12Y\x12\xd2\xc0\x10\x8d\xe7sC\x1e8\x9d\x86\xf1\xd8\xb6\xc7\xdc\x92FI\x03\xe6\x99\xa4\x14,\x85\xa9\x08\x8a\xaa9\n%\r\xba\xd1\x9a:lg'\xa5"
    b"\x8a\x83\xac\x189\xb1+\xf8\xaa\xa1\x84\x14\x94G\xf6\x1d\x1b\xa4a\xc6\xdbL\xa6\xb2\xbb\x13=\n\x1b\xe6\t\x92+U\x87\x86\xb1\x93\xa0'\xc7\x93h\xa8F$\tP\x0b\x12}\x1a3\x96\xe5&9\x98P\x08\xccQ\xc1\r"
    b'\x9e\x148O\xf2\xb6\xe4\x18\xd4\xe0\xb78\x9b\x0f\x95\xe4b\x94P\xad.\xbbI\xfcY\xa8-\xabo\x95j\xef\xac\xd9\xf9\xdb\x8f\xe5\xc5\x8e\xfdg\xd29\xad\xcb\xc4\xe4Ze\xe5\x04\xd2\xe35\xaeg\x8e9h\xdd\x05\xfc\xd7'
    b'\x86\xa1\x89F\xd6\xa7\xbe\x1b\xea\xe16\xe6\x04/|\x8c\xcc1\x1e\xab\xc3\xa6mC\xaf\xbb-p\x91\xebgC+\xef\x89?\x80\xb7\x94\x11\xe9\x9f\xab\x8a%\xf5\x12\xb3\x1b\x8e\xaf\xadp\xe2U8\xe1\xf0\xe7\xeb\xabL\xbc*'
    b'\x13\x14\xddn\xa8q7\x94\xc4G\x94\xbcI2iQ\x00\xc6\xb9\x18\xb2\xc2\x86K\x99\xeb\xa0B\xe7\x84G\xc3hp\xac\xa7\x84\xde"\xf9\xd4\x86\xb8\xa0.\xcf\xda\xa5\xf0#[\x18\x01\xfa\xbe\x03R\x1d\x83V\xd8\x14(\xed'
    b'y\xf0\xb2X\xf6n\x98\xf5\x80f\xed[.8\x12\x05\xb51\x8c\xe9\xf3\xf3hy\xde\x82\xad\x83Q\x18\x8ec\xdd>\x8a\x87\xff\x02-"%\x1d\xbboY@\xf7H\x86\x9c%\x88\xcf\x98a\'\xf9\x83\x1aP\x0e\x9d$\xa5'
    b'W \xf5\x84\xde@\xae\xc1u|E\xe3\xf2\x0cs\xa8\x1b\xdf0\x9eH\xd2z5h\x05\x10\x9b\x02\x0f\xa74\xab\x1a\xe5\xb7\x89\xee\xde\x84]\xd7pj\xef\xac\xf9\x86]\xf9\xa3\x8b\x01\xff?\x8d{\xf3\x1f=\xa2\xff_9'
    b'n\xeb\xc7NR\xe5\x05\xccK\xaf\xebQ\x7fm\x16\x1b\x01DGk\xcd\xf0\xb3\xf5\xca\xc1\x8d`\xbc~\xe2\x0e\x0f\xc2\x94\xba\xb2qL\xba\xc2\x91s\xbaN>[\x9c\xfb\xca8\xf8sR\xaa\x8bD\x8e\xf0M\xf2Xn\xd1'
    b"=\x99\xcf(WN\xe7\x19\xbf\x9a\x155\xb3\x16\xda\x9b\x88\xdda\nT\x97\xfb\xcc.\x901N9\xe3\x9e\xc7|@oL<;\x82J\x84\xd8\x84\xf7\xc1\xf3\xa3\xd8\x16'\x8a\x06\xc3\x12\x8f\nW\xe4jh\x98G9\xe8"
    b'\x13\xea\x946n\x95\xb3\x9a%\x15\xf4\x9d\x1a\xed\xb0vy`}o\xa4\r#\x145J\xb33\xa5\x1d#\x96L{\xdc2\x18\x04\xb6\xe2\x1d\xad\xe8K1\x05\x06\x06\xdc\xa3&\x06\x81\xe9a\x9b2\t\x1aL`\xb3*J'
    b'\x06\xe8\xce(\xd8\x81\x0bO\x96\x17\x14\xbb\\\x9b\xb5\x99\xc6\xf5]j1DK\x12}\xa9N\x9c;\x98!=\xb1[\x9d\x83x(2V]z\x01\x19\x0e\xc8\x8ae\xa5\x92\x06\xba\xf085\x17\\W\x02\xa9\xb4\xc4\xa3}'
    b'\x1e,>Q\xda:\xfa\xb1\xad\xf9\xe9\xe8T\xbf!\x04\xdd\xc6\xd8aL1\xee8I\xb1w\xd7\xb9QW\r_\r=\xd0\xf6{}u\xdd\xeaR\xdb\xcdT\xf3-\x1a\xe4-R\xa1\x1c\xb7\xb7\x80z\xbfKM\xf3k\xbd'
    b'\xdb{\x87RrseD\xd7II\xe1\x1f*\xe2H\xa2\x08N\xcb\xd6\xd6Z\xc5f\xe2\x9df]\x03D5\x9d+<\x1a\n\xe8M\xd5}\x83\x16I\xfa\xc6\xaeN\xd7Z\x18O\xd6\x915\xf0r\x86y>w!\xfa9'
    b'0\xe7\xc6b\x87\x9f\xb3\\\xce\xd6vN\xaa\x87\x15\xc5\xe9\xb5c\x94F3D\xa1\x8a\xcd]\x8ewL\x0b/\x8d\xa5\x98\x8a\x03\xfcmy\x90\xe6\xe9m\x9f\xdeq>?$\\\xf4\xf2&p\xb0\xedQ\xc1\xd1\xb3Ib<'
    b'C\xa4\xaf+\xafU\x8c\xf9\xda\x93\x06\xfb\xe3\x97\x1d*\xe42]&\x94\xa4U\xa3}\xd1\x04N\x07\x1dT\x85\xf3\x14\xe2A.*Wc\x13\xbf\xac\xd1\xcc\\HL\xef\xc2\xdb8W\xb5u\x96q\x89$\xc5B7TL'
    b'\x95\x1e.\xdb\xe10\xde\xfc\xbb\x83`\xc8\x19"]\xb2\xc5\x1b\xadK\x98\xf69\xad\x92\xaf\xf3\x18\xdd\x1a<1\xdf\xcdM\xde\xfa\x87\xd6\xaa\xef\xadk\xd2`_\x9f\xeb\xba\xf5O\xd2T\xbb)\xa7;\xcb\xe1\x8d]#\xe6@'
    b'I>\xfbjt\xfa\xee\xd2\x92o\xd2\xc0\x1e\x9eW\x14{{\xe5\x12$\x02\x1a\xd3\xa9\x9bd\xe5\xaf +\xb9\xc5\xb5\x19\x83\xd0\xd6\xe6\xa7\x04\xc8h\x91\x86X5G\xea~\xf6\x97V\xb2\xd7\x9cL>M`\xeb\x9e\x85\xb7'
    b'\x19\x9eQrD,\x06\r\x83*\xa3\xbaW\xacNN}\x85\xc2\xf1\xd0\xf0\xfd\r\xee\xb8)\xe8:>\x89\xc3\xd5\r\x03B\xad\xab\x05\x92\x96\xad-\x8cu\xb0(}\x11\xb2\x89x\xd1\xb2\xa6\xb1\xa0\xda\xd0\xe3(U\xb8\t'
    b'\xf3\x83=+\xa8\xeaK\xb1\x81\x93\xb1\xb9\x19C\x9e\xd7\x86\xc8\xac\xb5\xd0\x87&\xb1\x9e\x13\xfb\xe6\x9al\xbd\x8b,5\xa3\x80I9\x0b\xcfx\xc7\x82w\xf6-\xf7#\xc8\xb5\x17\xc9l\xdctD\x90\x04\xefKs\x8a\xaa\xb7'
    b"\x91\x10%Jk3\xa4&!\xa5\xf3p\x7ftk\x8f\xedGAl\xb3\x8f#-c\xd5\xd4\xdcq\x80i\x18:\xc6%\x19D\x0c\xd8K\xeb'`\x86\xf5=g;f\x83\xdc`\x0f\xf2gW8i\xb65\x93=\xd0\xe7"
    b'\xcax\xe8\xfbj5\xeb#\xaa#\xb6\xa6G*\xa3\x98\x8c\xd7\xa9\x98ka\xcfL\x8cr\x1e\xac\x93\x16\x9a\xb6\xa5~G&\xcd5\xcd>m\x1c\xca\x8d\xbc\x86\xc67X-\r67\xcd\xb6\x1d\xb9\xeeT:"\xf68+'
    b"\xe3s\xcaBJ\x01\xb7^\xe2_\xd5\xcf4b;\xcd\xedw\xbe\x8b\xa61(\x95\x16qX'e\xbc\x84\xda\x15\x81\xa4=\x10k\xcd\x98s\x0e.\xac\xb4\xd5\xc8\xa9\xd6\xc8CL\xab\x1f\xd3\x88{\xb0\xc3>#\x12$Y"
    b'\xbc\xac0\xd23E\xb4\x1d\x98\xb3%x<\x84\x8a\xf9E\xdb\x05\x08\x91\xe0\xef\x07\xc1s\\\x802\x96\xb4\xf4q\xceZ\x8d\xa3E\xde\xfalDOv\xb0\xc2S\x9ek\xdbECT\xf2\xce\x1c\xc4\xbd\xf6IJ\xc7\xb25'
    b'\xcfU\xfaF\xd0\xbd\xdah\xafB\xd7\x11\xc9\xad\xce(|\xb5\xae\xea{\x07\xa0\xba\xc4\xe8[E\x9f\xd9\xc4F?%\xd8f\x10\x84\xfd\xf6\xa0Zy\x1a\xfdM\x8e*\x9eI\xe8-\x0e\x93x\xdf\nog\x9b<\xa0\xc2\x9f'
    b"n\xe6\x00/'\xf7\xda\x9dk\x14*\xaf\xd7\xa6\x17\xd4(@\xcf=\xc9\xe4\xee.Sk\x0e\xca?\x9f\xeaO\x89G'\xddC\xaf\x00-\xe9\xc43t\x83$B?L\xaf\xd6\xfby\x86\x7f\xf6\x1fg\x15W\xd7\xdaY1"
    b'%q(\x02\x92\xbc\x9f%\xf8\xf3\xd9\xc5\xabYOn~\x92\x1b\x1fl\x8c\xed\xda\xf2z\x9d\x94[\xe3Y\xf1\xe5\xc6*ZAo<\xbb\xa6\xbc^\r%5\x90e\xbff\xcf\xe5\xb5UN\xa5\x07\x84\xe3>aA\xd3|'
    b'eO\x86.(\xa7\xb2w\xc3\x04\x8a"(\xd653<\x0b/pn``\x03,]\x8b\xd14\xca\xca\xbd\x0b]\xd7\x0f\xdc\x94\x93{\x14\xf4\xf8\xa6\x01\x93c\x91\x1e99\xa4^\xd80\xfc5\xd4\\\xf1\x07\x87{\xef'
    b'\x0f\xf7\xf1\xa6\x8b\xf0\x87\xe0O\xdc\x7f\xf51oS\x1fhQO\x97\xf1f)>\x13"O\x052\xc4\xf1m/\xab\n\x13\x10\x12\x9b\x82F:\x9b!8\x8e$\x15\xfd.\xa6\x00\xee.h J\xd4\xb0\x04\\\x99\x14\xe7'
    b'\x9f\xce\xe9\x8a\x9fe\x92\xccv\xb7\xa2\xfb\x14\xcc\xba!\x1eN5b\xc2\xe5,-\x7f\x03B\x80\xaa\x04\xfbr#?\xf0\xdf\xd0\x08\x0eI\xea\xe1\x17r\xec\xc7\xf7\xb7\x94\xc5\xb9\xdc\xe4\x92\xe1\xb1\xc0\xd6\x95\x9b\xc4\x0c\x885'
    b'\x05\xab3\xc9\xd4\x08\xdb\x14/b\xfb\xed\xf0\xf7\xd7\x94\xfc\x1a\xbf\xb3\xf3\xadU4\xcd\xb59_P\xeb;\xb77\xe4\x08\xf7\x8c\x03\xba\x85\x14;\x0ffI\xb24\xce\xe1\x14#\x9c\x93\xc3+\xdfxZqkz\xa3ov'
    b'\x81~\x16lQ5\xce\x93D(4\xc3N\x1c Kf\xb6(y\xf95\xdbDq\xfe["\x19\'\x96xm\xfbKX\x92\xba\x07{\xe8y\xb1\x00\xc4Nf\x07x\xff\x1eO\xa6\x1f!\x06qy\xebE\x1b\x0bYp'
    b"'\xdc\x15\xd9\x84\x0e?\xa0\n\xda\x1e\xef\x05\xbf\xe0\xbd\xe7\x86ND|\t\xeb\x1b\xa0\xc3\x11\xdd\xfa\x17\x9d\xea\xd0L\x00\xdc\xfdG\xbf\x0c\xa4K\xe2\x91\xcb/\xa1\xd7\x04\x03\xe8\xb0XZgh}\xd3Q\xee5\xbb\xa4\xbb"
    b'\x05\xf1\x95\x1b\x98\xe6n\xf9*\xa6\xec~q\x9e.$\xa9\x94\xac\x10\xdf\x9avJ\x8b\xcaw\xbd\x99\xab\x9d\xf1\xed\x88\x84G\xba~R\xd2?\xa0e\xa0\x044\xe6\xbc\xf8\x9d\xd7\xdc\xb0\xb53\x98\xa5\x8b`\x9e\x15\x05P\xa2'
    b"\xed\x9d\xad\x05\xa5\xa5\xad\x119HD\xe7\x1c'\xce\x15m\x0b\x8a\x7f\xcb\xe2\x8a\x9djEW\xc7\xfb4(\x98\x1b\x19'\xd4\xe6{\xc9>'y\x14\x901\x873\xd4\xf3\xf4\x00\xaf\xe9j\xa6\xbaX.\x13c\x8dG\x05\x01"
    b'\x9b\xe6\x0b\x07\x074M\xc2H\xbc\x8a\x0cx0\x93\x9ewo\x0f?\x1d\x1c\xee\xbf\xfb\xf4;&\x08\x84\xf1\x8e\xcd\xfb\x83\x8e\x03_\x90R\xb6\xb9\xc4\xcb\xd7{\x07\xbfQU,\xf7\xeb\x18\xbb\xfa\r\xf6\x01\xa1-\x9d\x06('
    b'\xcc\x03\xba}WO\xa2\xe9\xe8y\xe4\xde\xf8Td\xb3\xca\xc2\x9ff\xfd`\x8b\xe0F\x16\x1a\x89\x10\xa4\xcbs\xa8\xb2n\x98\x1c5\x03\x96\xf2\xe9>\nP\x1fO\xf1(\x1c\xc1U\xf1!:\x93P\\>\x9a\xd4\xde\xdf_'
    b'\xbd\xf9\xeb\xa7\xc3\xbdW\xafy\xba\xd0\r`$\xcf\xf5\xae\x0f\x8b\xcd`G8\xdc\xb2\xa8\x0fAP\xb1\x87\rNP\x14@\xfc\x00\xef\xbf\xeeY\xdd\xd3\x967\xb6\xf2`\nT\xb7|\x85\x17\xab\xc2V\xb3%hC\xb6\xdb'
    b'\xf7\x12\xa2\xf2\x02\xdb,\x1b\xbc\x9a\xe2)\x17"\xecl\xdc"\x92!\x87\xab\x82\xdc\x02+.\x8c\x15\xf8\xf02\x16\xbd\x1a\xcaE\x94\x9f\xf2\x8dd\x86\xa3;\xbcC/\x9a.\xe5P\xba4x\xcc\xf0\x81\x9fxr\x82Uc'
    b"\xc0\xb2|\xf6\xfc4\xcdf\xbdu\x9d\xa5!'\x86[\xcb\xe2\xf5\x1aL\x8c\x95+\xab\x9aZ\xf3Z\x86\x9e\xcc\xc4b\x13\xed\xc8L\x03oN\xd9\x95u{B'\x1b\xfc{\xe4be\x13\xb8 \xaa\x99%\xb0\xa6F\xebI"
    b'\xd9\x9e8\xc1\t\x07S\x1a\xe7:\x06\x83*1\xce\xf7\xa3\xf4\xd8\x83iJrd\xcf\x1d#\xccb\x84\xff\x19\x06=w\xf3\x0c)C\xebS\x14+k\xd7\xb4M\x93V\xb7\xcb\xe0?x\xda$w\x0f<TmD\x9by'
    b"\x08\x82W)\x0f\x805\xe1\xf12\xcf\xd4AY\x9b,\xefZy\xcf\xac\xd4\x98.\n\xfc\xe2\xf1M\xc7\xb4\xc28j-\xfe\xa4\x10\x17ur\rJ\xce\xd2\xcf\xa12Z\x1c*\x1d\x10\xc6\x19\xba\x97'\x82\xdc\x9c19&"
    b'\x99\x8fl\xba\x94\x0bG<\xaca\xff\xe7\x1cf\x82\x1dy\xf0\xa7\xe6\xf8\xa6\x05l\x86N\x13h"\x01?\x8f\xb8\x84}\x8d\x8f\x04~~\xa6yQ\xab8\xaf\xe7\x18\xc2\x97k\x84\x9eN\xd9\x85\xab\x1fY\xbcn\xc2K{'
    b'\xac\xc6\x01\x9c~\xe3\xdc \x7f\xa7\xbe\xdd\r\xc1\xb9\x07T\xf1\xc2\x85p\xbfbq\'\x07\x82\x97\x1dDbsX\xb7\x12s\x14k5\xa2\x17"\xcb\xe0\xdb\x05M\x905\n0\x9c\xdc#\xad\x9dPFl\xee\x1d)\xbeN'
    b'\xc2K\xbe\x97\xf0\x16\xcb\xcc\xbb\xf7"#\x18\xad\x11X\xb0\xdcQ\x88\x17\x13\xa3\xa2I\x1c\xf8\x00\xef\x7f\xa6\xb3\xeexr\x90\xfe+\t\x8f;\xce\x0c\xce\x92\x0b]\t\x1e\x10\x0b$G\xf0\xfe\x98\\\xdb\xb1[z\xb2\x91\xed'
    b'n\xc1\xc8d\x95G\x15vR\x15\x19\x8c,l\x95\xfa\x9cV\xe9$\x85\xad\x8ajX\xc8\x976\xb5K\xd9ac\xa9\xa5\x98\x1d8J\xfb\xd0F}\x89\xe0\xe5\xc7~\x99\x1b\xe8\x89\xcf\xbb\xe3\xf4\x91\x05[\x92\xba\xf4\xb3\x19'
    b'6\xda7\xfe\xdaf](\t\x84\x8b5\xdc\xb0\x15\x0c\xf1\xb6rL"\xc6\xfd\xf1\x91\xc0\x07|\xd9n\xa6L\x16 \xef4\x9aQF\xc4G\x8a<\x1fX\xe7g\x88d\x80Z\xcf\xb3\x14\xde\xbd\x87\xaf=\x97iu\x89\xb3'
    b'\xbc^]\xd2+\xbebi\xb1d\xb3;\xc6\xad\xb7k\xcaM\xdaP\xb2\xdfa\x92a\x90u\x07\xf3\xfb"\xef\xb0K(\xf5b\xc1\xe9\xc2r\x1e\x8c\xa4\xd3Z;\x1a\x14Uq]\x18\xd0\xc3\x96\x18;\x90\xa8$\xbc\xca\xdc'
    b"L\xf4\x9e'\x80\xefHL8\x9aHl\x99a\xb0c\xe2\xbe\xad\xf0\x00\x82\xec\x01k\xdf\xe8[\xe9lY\x0e^\xdd\xed\xc48\xa5n\\\x06\x85\x98F\xa9}\xc7\xb4\x0e\x1b \xf1\xbah\x86\xec\xda\xe0g\x07\xe5]\x1f\x7f"
    b'\xb5\x074\xb0\xdb\xb7\xec\xdb\xc0Sq\xf5\xdc\xf5}\xf3\r\x13\x92\xef\xc6\x15~\xfd0\x89\x17\x02\x95\x8a\x1aMr\x026\xfe\xa4\x93\x90\xd0\x00}\xcd\x07\xad[\xf6\x05\xe9\x86\xea\xf9/\xf6\x8e\x0e6\xa9\x833\x1b\xfe\x97\xad'
    b'\xae\xd3\xcf\x82Ri\xb8\xd9\x02\xd8\xff\x1f\x13\x04\x90G?\xfe@\xd6\xa6\xed\xc9Q\xad\x7f\xfc\x88\x9e\xf6\xb7\xa1\xc9$\xc8@Y_"\xc47\xe6\x88]g\xe4\x89gP\xa0\xef\xba\x17\xde,\x80:]:\xc6\xf2\x9b\xc5\xd5'
    b'@\xac\xcb\x1e~\x14\x14K\x86\xa1\nb\xa2m\x08\xa6\xe4\xe9`-\x9dX\xdc\x8d\xa8\xd0p\xd2\x8b\xebF\xb0\x00E\xdd\x02\t\nw\x8c\x01\x1b\x1d;\xf2\xa0;\x06\xa8\xd1oz`\xda\xd5\xdb\xea\xb7\x05\xf1,\xd5\xc8D'
    b'\xfcT\xe4\x8b\x02\xddq\xd8\xe5\xdb"\x08\xaa\x81\xceL\xe8\x11O\x11\xf0\xef\x8bd\x1e\xaf\xb2\xda\x1e.\xc7\xd3i\xb2\xac\xb9_\x1d\x8dx\xbbt-\xabH\xdd.fs\x80\x88~\xb9R\x81\xed\x1d\xe7\x00%b\xd5\x11\x07'
    b'\x8c\xca\xaef\xfc\xb2n\xdcbLe\xc5\x8db?t\x147\xb0W-\xe6\xeb-b}$\x7fs\xc3b\xc90\x8f\xa4\xc7\x11V\xf4[M\x8c\x83JD4r\xa5\x1c\xccF\xb4\x17\xe6|Bs\x9f\xe8\xc5\xe6\xbc\xa3\x95'
    b'-<\xea\xcb\x15\x12K\xd7\xda\xf1h \xad\xf3\xe4\x87\x9dM\xf6\xc7\xad\x89s3<\n5\x91\xf8%$\x18\xdf\xed\xc9\xe4%\xe2.3\xc3A\x02o\xc8\x1f\x84\xdb\xf8C\xd1\xb7\x8f\xfa\xfd\xb5}\xfa\xcb\x116\x0f_\x1b'
    b'D\x95\x15\x8ck\x16*\x1cwP\xdd\xe6\xbd[\xa4\xaf\xf7\x1c\xfa\xc7\x8e\xe3\xab\\"\x14\x15+\xad\x93\x8bK\x95e\x83\xdd\xe3\x1a\xa87\xd1\x0f\x9fVw\x10]x\rD\xd7\xa4\xebilL\xd6\xe6l?Mm\x8d7'
    b'\x85\xed\xe0\xc8\x14=\x16\xee\x0e\xaag\xf1\xf749\xef]N\xb2bz\x06\x15\xf3\x04\xf0\x13`\xd2\xbc\xfe\xce\xdb\xb06\xb3&Y\xcc=\xd8\x1dYZ\x82\x0eGs\xba\xa5\xf8\xa93\xca\x11\xf3\x8ac\xcb\x1d\xf3\xa4\xa9\xa1'
    b'\xdd$\t\xb8\xf9\x864\r\x89\xc3\x1c#/*\xd7\xb1\x99r0\xb5d\xcf0Q\xc1r \x93\xd6\x922Zty\xccL\xcf\xd63\xf2\x9e\x8f\x97\x1b\x96jK\xdc[+\xfb\xc8H\xcez$A_\xe5&\xe7sD\x8d'
    b'\xa3J3\xe1\xc95\xcf\x01\x08\xc6\xf4n8\xc4\xe1r\xd19\xb0\x00\x11^\x14\x10\xf5\x81\xc2\xe2=\x1eCkz\x1f+\xb8`f\x03\x1a\x1b\xda\xa4\x9d\xeb\\\x01*\x05\xec\rP\xb4\xcb\x8b1Z\x1d\xa8>\x15J\xe5\xde'
    b'V\xe0+4e\xb5\x02\x92[-\xad\x90\xe1E\xc9\x97d\xfa\x1c\xcf\xc1sP\xc1m?\xa0\x05I\xc6\x12\x0b\x1b9O7\x037\xfd9\xf0\x1b\x04\xee\xf8\xf1\xae\xe6\\\x0cG\x9d\x12\x1c\x1e\xa7\x9d$\xb3^\xbf}\x8f '
    b'\xbd\x96\x0bO\xc4\xaa\x8e5\xf0\xc0\xe22\x00\xd4\x8e\xb3\x03\x98y|\x92\xe0P^\xd5\xc9\xa2\x17\xce\xbf\x0c\xf94y8+\xe39efq\r\xed\xc1\x15\xde\x04?=\x05\xc6\x06\r#\xabl\t\xae4\x0c\xae\x04\x82\xf4'
    b'>2\xba\xd7\x00\xe1\x04-\x1d\x00\x1dN\xf7"\xa3\x83\xc2\xebJ\xf2V\x0c\xddL\xcc\xce\x91\xc0\xbf\xd1\x18\xdd\tV\xdc\xe8\xb2;fe\xb1$\xb6\x8e\xbe%H\xa3g\x1a\x99\xa3z9\xa6\xd1\xd0\xac\xfa\xa0h\xe1\x1f\xf6'
    b'*\x84M\x93%\xa0\xc7\x9f\x14\xec/\xb3!\x94\xbe=[\xa0.\xa8,\x0f\x9ac\x81a\xac\xad\xd3\x01!G\xda@\x14eiCB\xc6\xf1d"\xce\xa7\t\x8c\x04\xcf\x00(\xf0\\\xe9?\x88I\x98\x00\xc2\xab\xe0E\x99'
    b't\x81h@\xe1\x93\xd7,\xe1\x14\xe8\xc0\x19\x8c\xaf\x81"\xd7\xd4\x98dt\xc1ys\xc9\x01;\xd12\x08\xdb\xaf\xd7\x18\x08\xd0\x98\x07[\xb2^\xeb\x1a=K.\xd8\xd5m=\xa0\xeex\xc4\xdah$V\xa2g\xc0@K'
    b'J\x98\x88t\xd1\xcbi]f\x7f\xb3\x06\x8d\x9bd\xbc\x8e\xfd\xd2LL\xeb\x1e\xd87:\xde\x03\xe5\xfd\xfc\x05y]a\n\xb6\xee\x9e\x84-[\xe6B\xc6\x05j\xd2\xb8\xd0u\xb5\xfb\xc7\xf2\x9bZ\x1d\xde\xd8\xeaa<!'
    b'\x0f\x9d\xc6\xeb}4\xedZ\x8f\xe8k\xc0%\xfc\xd5X\xd2\xd6u\xb4_M\xe3%:\xae\xac\xd9\xca\xde!?\xbbv\r\xff\r\xc7\xfc\xdaj\tZ\x08Z=\xd5"\xf7gz\xd8\xb0t\x07\x1a\xc1\xcbn\xe8d\x15\xf6j'
    b'\xf9\x99\x0ef\xd2< \xd3Q2{\xf1\x8ci\x8f\x1e\xbdH\x98\x07\n\x82z\xc1x\x89~~\xc9\x0c\xdb\xa4\xf3Pr\xb3\xc2mI\x0731\x1e\xba,\xd2\xaa"c\xf4j2\xb1\x07\x98\x9a0\x88\x0e5g)z\xdc'
    b'\x89\x93\x07z\x82D\xc1\x1e6)\xa7\xa09\xba\xe0\x01\x8d\xcb\x8a\xe2L\x93hX0p\xf2\xa5q\x0bH|\x87-\xdd@+9\x8c\xf8\x1e\xb0\xb4\x82\xd6\x95\x9c\xce\xe5J\xb8\x94=\x82\x88\x1d\x8b\x0c"D\x98\xc7\xe6\x9e'
    b"\x1fs7/\xb0\xf3\x1e\x03\x8fQ\x8d\xd8\xde\x86\x9bm[o\xf5FPF\xf8\x82\xf8\x1f\xce\xaa\n\x07b\x90\xe3\xcc\xd4\xa0\xdf\xad\x96'e\x0c*\x0e]\xd1\xee\xe9x\x14\xaf\xb0\xa4\x04\xa8\x15 \xaf\xe8\xa6\x1c\xce\x8c\x0c"
    b"6\xe9\x85<\x0e4\xcc\xabF'\xadV+@\xf1\xaaj\xb6'\xc4\xc2\x0e\xd9T\x91>\xea\x12\xe0\x17S\x05\xdb:\xc8\n\x18\xbaJ'o\xa1\x1f$\x1d\x15\x9d\xc3\x890(\x83\x9f\xa02-\x98\x93\x9c\xbb\xc9\xebE\x1d"
    b'm\xbc\xbf\xdahC\x1f J\xf0\xf7\xae[C\x9f\xfbwe\x01\x08\xe7f\xc5\xe2|-\xf6\x12\xc0\x8bVR\xf4\xdb-\xd3\xff\xd4B\x99v\x131\x9d\xfb\xed\xf1\xf0{\x9c\xb3\xbfU\xe7\xfa\xe5m.\xb0\x9c\xa0Ug\x92'
    b'j\xed\xda\xc5\xee\xaf[R\xe0\xdd\xbd\xe6R\x121\xad\xce\xd6\x8fH\xe7\x81\x85\xb8W\xbdQ\xd6\x9d\x95m\xe6\x9b\x80\xd1@\x99f1E7\r\x03\xbc\xbe\xa8\xe8`qu\x91Om\xf7K\xa0i.\xca\xd1\x05:\xc0;'
    b'\xf0\xc6,L\xee\xd3\xc6Ls\x85-\x94\xea\xc2>J\xe1BU\xb1\x04\x00\xe5\xbfW\xc0U\xde\x19\x82\xd9\xbbD\x97\xb6\x91\xbb\xe5\xae\xfa\xc6\xdd\x92=\xb5\x9c\xb5u\x9a\x82\x05zi\\fz\x12!TE\xf5\x97\xda]'
    b'0\xd94X\xa3\x11Y\xd6\xdc\x96\x9av\x15a\xc0&Q;\x0f~g\xa0 \xc2$\n!/\xd2\x92\x02\xa8.\xdea\x91\xb2g:&\xb0=\r\xda\xd3\x13\xc5\xe4U>\xa22W\xa0\xb4v\xc1\xa0E"\xac\x14\x15Y'
    b'7\xf5\xbdIQ\xd6\xfb\x88E\x00&\xf4\x9a?\x0f$\x86\xef\xf6C^\xdb;\xd1\x1c\x97\x0fp\x9b^\xee~\x01\x96\xf8\xa2\x88\x83\x95\xe1\xba\xce\xa2\x00\xf1\xd1Dz\xa4\x19\xe1\xed\x9b\xcc\xe78\x17\x95\xdcq\x07Z\xf3*'
    b"#N+\xfe\xa6\x01\xa6\xffc6\xa6\x8e\xb0\xf6\xe2JN1@\x9e\x15\xab\xba\xc6l\nsr9\xa9\xe2\xcfNvdt\xe0z\t\x14\x93'Q\xe4\xcf\xd0\x0b\x83\x96\xa1^\xa1\xdb\x04\xd0\x88\xd7\xf1$\xc9\x9c\xdb\xd60"
    b'\xc6\xd3?\xb3\xe2\xec[&\xc1#7\xa29\xb98\x8bmF\xb1\xce\xbd;\xf4\x0b\xf6=\xb7\x02\x9f\xc4\xdd\xcd\xe6\x9d\xb7w+\xc0\xecA_|\r#\xf4\x80Ei\xb8-\xf7\xe7\xb92<\xce\xe5\xceP\x17\x1aO;\xbc'
    b"p\xc3?P-\xef=\x07\xc1\xfa\xde\xff\xc1\x84\xf2\xea\x11W\xf2Y'\xb2\xff(\xb4A\xb7$0Q\xd8EK\xa9\x1f\xf0\x9d\xf7\xd0\xef9&~\xa0\x95b7\x14n\x1dq\xec\xc2Q\xc9\x1d\xe3\xc2z\xf3\xc2\x96\xa7\x14"
    b'\xbb\xd9:\xbf\xc32@\xab\x01SqZ$s5\xbd\xbfq\x1c[\xc6\xeb\xd9\xd1\xef\xaf\xaes\xe6\xa03y\xe0\x12\xb3\xb4\xc2+Y\xbdk\x99\xd6\xfb\x85\x12\xc2\xe1\xc5@\x9eQ\x9d_;\x96$\x8a\xff1\xf7\xf5\xc02'
    b"\xa8\x8b\x9c\xba\xf5\xaeJ{\xb7\x87\x04\xd5\x91w\x10\xfb\xce\xf87\xd3\xac\x1d\r~gJIL\xd2\xb3^\x86\xe6u\xc3\xfe\xaf[\xc5\x18\xca\xd0\xcd\xf1:W\xd8X\xf9'\xfe\xf2;Y\xc2n\x88\xcb\x8b\xd0|m\x03\xb3"
    b'\xcd\xa1`\xcb\xe4t\x9a\xea\xde\xbf\xfe\xe6\xd3\xfb\xfd\xbd\xe7\xbf}\xda\xfb\xf4\xe2\xfd\xab\xbf\xdb[\x9e\xa40\x0c%7a\xb3\x94\xc2;-\ratX\x9e\xb5h\x1a\xe7L\x9c[Z:\xe7c\x86\xe3\x98\x06\xe0\xfb\x8d\xbc'
    b'\x88\xed\x99\x84\x8c\xa6\x9e\xb0\xc5f\xbb\xdaV\xaf\xcfx\xc2\xc3ZC\xc2B\x99\xa1\xb5\xa6\xb0\xc4\x02_\xde\xe2\xf2\xa3k\x1ei\xe3\xb9\xc4\xb7\xcb\xad\x117 \x05H&\xac\xde\xc0X}\xf0\xf7\x9aJ\x00O\xc2\xac\x8a$'
    b'\x99d\x8f\x1c\xc9\x7f\xf3\x8d\\\xac\x99\x94\xc3-\xf8\xa6\xa8\xf7\xf2\x97_^\xf0T\x8c\\\xa0\xfd\x1d\xd2\xf5/E\x86V#\xcec\xeb\x12U\xb5\xc0\x9a\x88\x7f\xd4\xb4$\xf1a\x8e\xd1J\xed\xb0\n\x82Y\x14 \xa3l\xe9'
    b'b\x03\x93\xd3\x90\xaf({\xf9\x9f\x98\xe5A\x8c9\xebR\x92\xe8H\x9f#\x97\xa3A\xd065ms\xec\x81L\x19\x13G\x04\xaf\xe8fW\xe4\xdb\xb0\xb5[t>\xdc\x83\xe9\xacP\xe3\x04\xd5\x9f=\x02\x9f\x15\x18\xca\xa5'
    b'q\xc4B\xe6\x9d\x81\x81\xaa\xd1\xa9\xca\xabiVD\xe0\xe0\xfbt\xee\x83x\x1e\x97)1\xac\x97 g\xcc\x8b/\xaa\xda\x9e\x8a\xae\x8c\xdan\xac\xab\x04X\xcb\x1e\x8eu\x11!\xed+\x13\x17\xce\x15\xcb\x01\xf1L\x03\x02m'
    b'\xc5\xe9iQT\xe8\xe4\xc9\xad\x12\x1d:\xa5\xcc\xd4.\x1b\x95M1\xc1\x13\n\xcc\xeb\x8a\xed\xa1\x15\x0b\xb7\x93\x86\x02\x11\xb3\x83\xaf|\x8ae\xdc\x85h\x08\x1b|\xb0\x8f=\x12\t\xb9\xe6\xec\x94m\xb2\x00a\xa7x$\x01'
    b'7\x1c\x10\xe4\x7f\x02F\xb4W\x83@\x00\x82\x0bP\x8c\xf3dr\x96\xd63\x95\xccBI\x81\xeaU\xa0\xf3\xa9\x19]EH\x87S9\x07v\xad\xf7uqj\xab\xe3=\xbf: u\xc0\xb8_\xba\xbd\xc0\xce?\x95\x1bE'
    b'\x9a\x9b\x9e\xef$`W\xa6\xbd\xb2\x8c/\xa2eY\xd4\x05\xce\x91\x0f+"\xf4\xf3v{%\xb2VIzm\xfbV\xd9s\x18\xda\xbc\x812 w|\xb6Zc\xbc\xe2v*\x1a\xaf\xe86\xda\xd5\xd5\x98oR\x06@\xa1'
    b'\x8a\x01\x1bS\xec.l)\xa9\xc4\x95\xde\x89lD\nF\x82#\xa7k\xce\xc9\xff\xcb\x07\tZ|\xb35 \xf97\x8c]\xae\xaa\xf3<\xf8\x19\xc1_R\x1b\xdfn\x00h\xf4]\x99A\xf9+AT\xbegN\xb9Y\x8a'
    b'w7\x10%<D\xc2\xcc\x8fH\x1f4\x076o\xc0\x9f+\xc6\t\xcc\xac\xe9\x89\xfe%\x92!\xcc\x82\x1da\x9bJ\x0bx\x8b\x92\xe5i\x06\xdf)\xe2\x1a\x05\x9b\xa2`r\x8a\x11\x02 \xed\xf0%Ed\x9e\x0ch\xed\x82'
    b'\xdf\xe3\xa9d\xf7r\xbc}\x80k\x08\x80x\xf5-\x9aj\xfa|\x99\x8b\x06P\xf0T\xf4I(.>\\\xads\x05\xa6\x86=WX\xf7~+\xc9V\xcb\xdd\xa3C,\xef\xe3\xf7I\x16\xd7\xd0\xf6\xbb\x98\x1d\xc8\xcdg\xf2'
    b"\xd1P'\xacM7\xdf\x085\xa5.Y\xa8N\xec\xd0\xf5T\x92p6\x82MY\xee\xd5\xbd-'\x9f\x97\x9f\xb2\x85\xcf&\x99n\xeeJ=\xf7\xf2+m\xc9M\xa7!\x02\x8a\x17\x06G&\r\x19\xae\xc8\xcdj-n4"
    b'a\xb0\xc2\xb6@\xaf\x1a\rt\xe6\x1b\xed\x16\xea\x8c\x9c\xd6"7"ex[\xc2\x04\xc6q\x99FJ\x19\x12\xf3J\x0e\x0f\xd8\xa5-C\xf2E/\xb4\xd6NRf\x0c\x99\xd0\xc5\x90J\x91\xde!\xee\xc8&\\\x80\xb5l'
    b')\xe6^R\xa3H\xd7B\xcb\xb1\x17\xa4\xad\x80vG\n\x9bC\xf2\xff:#\xf5\xa5\x97\xd0\xe8(T\xd4\x8c\xcf\x13\x89\xdc\x11JA\x1d!\xcb\x99&\xa4\xc8\x00\xd5\x1b\xd3Z\x89\xb3Q\xbb\x9d\xc1\x80\xac\x07\xac\xb6\xa2\x04'
    b"\xd3s\xf1\xd1\x04\x10\xb38erol\x9b\x00a.'\xe9\x0fDP\xed\xe8\xe35\nl.\x9d\t\xe2\x13P\xd8\xecUh{,\x08\x90\x91>/\xce\xf5\xfa\x02\x89\xc0p\t\xdbI\x91T-\xf1\xc0\x91\r\x80\xfel"
    b'Hj\x0cq\x97\x96\xfc\xdeb\xa60W>\xe73\x13b\xc9\xd1\x1d\xc2g\xbc\x88\x86\xe4\xd9\x05J\xf7\x0ef\xcb\x9d\x8a\x8e\xbe\xda\xd6\x13\x9aKf\xe2\x9c\xc5)\xf4\xec\x1aq$f|\xc1R\xd1)\xa0\x02\x14\xfd\xe3\xfd'
    b'k\xcfV\x0b\xcf=D\xb7gY1\xe9\xd1\xbd\x80\xc7\x83\xe0\x12\xd99.\x04<nRB\xfb\xf0\xaao\x9bR\x00\x05\r"r\xbd\xd3-V\xb5m8L\x87\x9e\xd9\xaf\xd6U\xbf\\,U\xf7s\x95\x9c=\x93\x92]'
    b"1\xbaD\xeb\x1dy\x16\xb4\xf2\x0f\xa4\xb9xH\t\xeb\x82\xbd\x89r\xbb'J\xf7(J\xf7\x15I\xf6\xaa_\xb9\xb6\xff\xa7\x98zL\xe3\xd6x\xa19\xae7\xadIp\xcdE\x00\xff\xf9E:c3Vy\xf6\xf4\xe7\xc8"
    b'\xcd\nA\xd9\xcbHOO\x10\xfc\x0e\x16\x17\xa5\xd4~\xc6Lsj\x82\x84\xb9\x93\x88bK\x18\xc5\x9d\xf6\xc9\x84\xc6\xe1O\xa8\xc5\xfa\xe7f\xb43\xa2\xe0-\xdeCA\x11\xc6\xe6\xa0\x08\xc3 \xf3\xb1\xda\x916\xe4\xda\x03'
    b"4%\t\xe08R\xac\xa6\xa8\xe5\x8a\x8f\xc0\x9a\x14\x1b:\xf6\xa9\xb5.\x8fQ\x95\x0c\xf4i \xe6\xc2t\x19\x86d\x93@\xa2A\xb9\xf1\xfc\xb0\x9e\xef'\xfb\xbe\xe6\xd9<\n\xfe\x13T\xfa\x7fF\xc5\xfcs\nf{r"
    b'U\x9c\x1a\xef]e\xc7O\xd5\xd2\xe0\xbe\x15Bo.\x15\x18\xf9\xe2)5\x03\xa0}\xfe\xdb\xfe\xf3\xbf\xbdz\xf3\xd7~\x03\x06&\x92\x8d/\x8bQ\x1dM\x0e:/\x12\xd8\x13|\x11\x97\xbb[3\xbafR\x91\xac\x13\x12'
    b'\xde\xfe\xc0\x9d\xdc\xda\x18\rl1\xc2\t\x0ey\xdd(\x81\xcf\xe7?\xa3\x02\xba\\^H\x02\x96b\x91\xb03\xc9H@: \xd8\x996\xbd\x96\xde\x88\xa2P&\xcb\x02\xe3\x10#\x1bt)\xe8\x04X\x00\xba\x10\xa8\xe1\x0b'
    b"?`6\xb2\xac\x896\xe2\xf3S\x94\xdbW\x0be9\x95n\x84S\x86M\xb7^\xbc\x0f\x03:\xf7uc>\xe2\xbd^7vUcbw@'\x1c\x06\x87\xde\x9a\x1c\x12\xde\xb4\x9f!\xd5\x05.\x00\xf0Y\x7fj y"
    b'P\x84\x1e\x84\x12\xb9>;!\xcb0\xe3+]\x81c\x18fj\xaf#\x15\x0cX\xc4\xd3SL\xf2\x85cx\xfbf\xff\xd3\xf3\xd7\xaf\x9e\xff\xed\xd3\xb3\xf7o?\x1c\xec\xbf\xc7`\xc5\x90\xc0\x95\x90<\xb1\xf9!\xcd%\xa3'
    b'i\x1e\x7fNOb\x18J\x04\xc4\xb1\x06\xa1}A\xc1d\x88,8\x00\xf6Q\xecwf\xa5Pdcg]I2#k\x11LViF\xccCWi\x80\xd3Zgbt\x89\xde!f\xcc\xd1f\xc4\xdc\xa1\xcbg\xd7'
    b'Lo\n\xc2\xf5\xd0u\xf0\xcd\x15\xa8\x80x\xfb"\xc4\x00vh\x03M\x0f\xa4\x98F$]u@\x0b\xb3WT\x94\xfc\xb8\xaa\xcb\x98\x1cvU\xba\xa1\x83\nAD{\x9d\xb2sU\x87ei\xdf\xefkA\xe8m\x1b\xa2'
    b'\xd9W\x8e\xea\xc8\x0c\xcdG\t\xa4\x1ee2\xf4\x88\x87\\L\x85\xd7R\xb1\x1d\xa2\xd6\xe3\x06\xd8`\xb4c\x83xJ{\xf0UmTz\x01jJWl\xae\x88\xd2\x95\x9a\xfb\x0b\xd5Ol\xee\ri\xf7\xd4\x97\x0brv'
    b'\xa6\x14hD @\x96M\xb7\rJX\x8c\xedk\xe0n1\x9fk\x88\xae,2\x99\xe5)\xb0\xab\x948=Jy\x94\xd3\xb6n\x8a\rD\xe1\xd8\xe6\x80\xc1\xbb0\xf8\x05\xa8q\x84+\xd8d\x95\xb0\xb7\xe8"\x89\xab\x15'
    b'\xfa\x0b\xefl\xed<\x1cn=\x1a\xee\xecx\xe1\xde\xb7\x9a<A\xb3\x82Y\xe0=\xd3xf\x04\xf4\xebT\xe8\x18E\x89S\xbct\x95~\xa11\x9e\xa3\x99\x16_\xff\xf7*MjX)\xf2\x89\x19x\x19e\xaa\x94S\xf9'
    b'\xc8\x1e\x16vn\xaf\xc2\xc1\x98,rj)\xb2\x0c\xc1\xa9\xabX\xb8f\x04\xb3\x9a6\xc9\x11+\xfch\x1c\xe0\xab\x1aq\x9d\x99\xe2\x13}\xe0\x14@\x07\xfb\x87\x87\xaf\xf79\x92\xf9\xe1\xd6\x96Dn\xf3\xb7\x0f{\xaf\x0e%'
    b'\xa4\xfb\x01}jFg\xabMQnE\x81\x11aZ)\xf1\xc4%\xf80FN(\x07:\xfe\x07O\xb5\x1cZO1\xd96\xc1\xf8\x1f\x07\xcf\x80d\x90\xbd0\x96,\x11Bq\xd1V\xc1\xf9i\xda+\x82\xfd.\xc8\xb5'
    b';%8\x89t\xd4X\xed\xbf\x0c\xb7\x7f\x1dXV"PF\xd4\xc4\x03\x12\xa6\x9e\x05\xca\xda*l8\x80\xd8\xfb\xb0\xf7_\x02\x88\xad\x06\x8c\xde\xbd}-q\xe0;\x0f\xb6\\c\x93+\xfc\xda\xc8kQ\xdb7?Nx'
    b'z\x1f\xab\xbb\xbb\xf0\x7fJ\x851\xd1<WT\xdc\x84a\x9aTE\xfe\x82\x8b\x174\x9fO\x99\x8c\x04\x9a\xb6\xc0\x8a\xa6\x9c5\xd5\xdd\xff#\x9aa\x92%\xb5\x80\x9d\xd3&\xd9\xf0\n\xc4}\x04LE1\xe7\xb9\x1c\x95\n'
    b'\xfd\xd1H\x0cl\x0f\x88\xb2\xf4,\xf7\xb5\x83\xc4\x94\xa7\x95^\xec\xe5\xc0\xd9be\x14\x1c\x00H\x86\xb3\xa4\x9a\x96\xe9\x84\xc7\xcew\xb6S\x9e\x01\xd9\xcf\xb1f\xbe\xe0q\x98Q\n\xb2\xa4D\x8a\x81\xc9\xb3\xac\x00<+)'
    b'\x99\xf1\x8at\x85\xac\xee62\x95p\xd9\x0f<7f\xa1%\xf0\xe2\xb1\xac\x14\xa9\xa74t\xea\xb28\xa3\\\x9b \xd7\t\xeeO\x12U\x11\xa0\xed\n\x96\x1d\xbai\n\xf6\xd8"\x89n\x9ce\xa1\xed\xf1u\xea\x9f~5'
    b"\xce\xcbZ'a\xd6J\x04\xba%k\x9f#\x12\xb8\xae\x9c\xc0(\\-Blm\x95;\x11m\xf5\x83|5\xee\x8c\xec\xd0 o#Z\xea\x9e\x81%0\xc2\x8f&\x8c\xaaQ\x94\x9c\xf3{\xfd\xee\xcbKZ\xa7T\xcd\xfb"
    b'N\xael\xac\xb1\xd0C\x87\xa8\x98\xab\x12a\x9dI+\x1b\xa0\xb8\x95\xa5U\xad9.\xd8\xcf\x81\x15~JR\x96~\xe6L\x9d\xd8&.:\x85\xbb\xb0/C\x05<a6\x14\xa2\xc2W9\xb2\xdb\xe0\x12-\x8a\x8c\xb7J'
    b'\x1fE\xac \x7f\x1a\xc9\x9f\xb2\xe1\xdcA\xa8\xef5\xff0Z\xbfD\x92\xd3\x1b\x1d\x99e\xa9\xdd\xa2\x81\x104\xce=\xfe\xd6B\x08\xf2\xb6\xe0\xd3L\x9b\xac\xa9\x98\xb7\xb0\x82\x93\xa3\xf6\xdaW\xcf\xfe\x89e8\xd4\xa0m\xe4'
    b'#\x8e\x9c\x81\x8a\x8c%\x10,;\xe4\x14a\x88\xa4\x81\x9a\t\xce;O\x9a\x90\xde\xbb\x80W\xbeM.K\x1c\x0c\x9es\x9eD\x01\x16\xd0k\xd8\x97M\x88\xe1\xc6%\x13^\xf5\xef\xdd@>\xde\xf6\xbcS\xe4\xd35g\xc7'
    b'}\xc7o\xe5\xdas\xd8;r\xbc\xfa\x12i\x94\x7f\x14\xdbq\xe3\x8f\xf4\xea\xe3\x06J\xe1\x04\xfcQ{\xb1\xdeaF \x11\x13\x1c\xbe\xc0\xa7\xd3\x15\xdb\r%+\r+\xb1N"3$\xf1\x18\xc6Ayh\x84\x92#\xd5'
    b'\xfe\xaf\x04\x8d\x0f\xc4\xba\xf9\xeaS:\xec@\xc7Z\xca\x8eB7\xa6\xc4\x17J\xf28\x8b\x02\xe64s\x13)\x8c`%i\xe9\xadY\x02}-\xd0la\xfc\x81\xb9\xe1\xe6E\x90\xd3,N\x17\xfe-\x801\xab9\x18\xd6'
    b"C\x87\x1e\x07I\xd2\xb0\xc9 \x82\x19\xe1\xc71\x19\xa2D+\x11\x10\xd0\xa0\x84u\xe8\xa0t$L)\xe8\x0e>@\xb1\xccH\x05\x8et\x86\t\x98\xe32\xa3{\xae\xad\xdc\xa9\x03\x03\x8cHD\x05'\xbf*\x95b-\xff"
    b'E\xec\x96S3\x87^(\x8dc\xc8\x15\x9cL\x13\xa7\x82\xb2S\x13\xfb\xb1\xb3\x97EI\x06\xb4\x1e\xaf\xe2\xc0Y1k\x01\x9d\xc16\x91\x0b\x9d_\xe0\x16\xc8\x8b\xf3\x1e\xc6\xe5y\xe2\x9c\x7f@8\xeb.k\xc4B\x13\xd5'
    b'\x0f\x84h\xef\x9cNI\r&r,d\xe6y\xeaH$\x95\xd3\xe4c3\xac\xbe\xe7\xe0p\xc3\x99\x9b\x1b[\xa1\xe8\xe2\x89\\N\xcau\xce\x12r\xee\xb8TZr\xe1\\E\x82%ve\xac\x8d+\x93tz}\x17\x86'
    b'&JR\xdf\r\xba@%\xc2\xa1\r\xf1\xb5\x90ro\xf1\xf3\xcf\x96\xae\xbcQ!\xa5\xe0u\xb5\x97asT\xa9\\\x0cjF\xd7\xf5\xf5\x0e\xad\xc1O?\xb9\x83{\xa2\xcbk\xe7\xe9nq\x1d\x94\xac\x9e\x1dg#W.'
    b'\x0f\xcaf\x04\x89I\xee\xaa\xe8\xd6w\xa1\x11\xde\x16\r\x0eD1\xb2d\x9d\xba b\x14\xbb\xd2\x1dpg\xa1;\xc1I!N\xf6|S\x04\x9b\xfb\xc8\x12\xc3\xb6\xa1\xc0\xb9>\x99\x08\x99\xb7=+J\xddw\x9ed\x99{'
    b"<p\x81c\xfd\x8d\x0c\xe6xc\x1f\xd4\x1aPN\x18'\xc5\xd2m\rr\xb3\x94\xbdJ\x96jP$\xf9x\xb5\x8c\x82}csV\xcb\xec\xc0\x9a\xd7\x9a\xc6\xb8\xb5vh\xc7\xfe\xf8\xff\xc4\xf4\xf6.\x8b/\x1cu\x93m"
    b"\x19\xc1\x1bcn\xb3\x80\x8f\xc8LD\xa9t\xf8\xea\xad\x1b<\x9d\xd83\xedFO\xa7\xeb\xcc?\x81w\xb4\xd3e\x93\x05\xa4y\x86\xd7\xc6\x92'(\x85\xbfYv\x01(8K\xa7\x94\xd1\x98uC^+A\xc6\x8c\xe0\x9e"
    b';\xda0\xea51]!\xed^G20\t\x82\xa4"\xa9\r\x1c\xdaa\x14\x04\xb9v"f2\xceJ\xa9Z\x18\xf9\xa8\xcb4\xaa~\xb4\xa0\x1b#\xdc\xa9!\xdcB\xb5\xa7\x9f\xa8\xf8\xa3\xf9\x94\xa8\x12\xeeM\xe8\xc7\xc4'
    b'\xd9\xd2\xa8vo\xf4\xa1\xf4=\xad\x9d82\xeb\x13\xd7_\xe3fF\xdd\xban\x83\x966P\xe3\xdd\x9f\xd6\x1f\xbf9\xf9\x0f\x85-\x8bzO\xa0s\x8cWF-\xf3\r\x9b"T\xc8\xb1\x0c)a\x03mVt^\xd6\x02'
    b'\xa8="-\xac\xb7\xf1\xa1\x15\xf3W\x8c\xb8\xa8\x88\x93\xe3\x8e\xb5G\xc4\xd2\xf6w\xb9\x0f\x06\x9aV-<\xe0\xf4\x80\x9em0\x8a\xdc,\x15,\x9e=c\xf9k\xd73\r\xc8\x18P\xd0k\xf3.\x10\xfbLP\xb6\x07L'
    b'\xc1A{#\xbd\xca5\x98r\xf9\x84\xb2\xde\xea\xbdwJ9\x89\xb6\xb0\x18TYI\xd5\x1d\xd8\x1d/\x06\x1c\xf8\t\x0f\xc8W_\xfb\xcd\xc9(\xf9\xbcF\xf5l\x01\xf4\x1b\x94P\xb1\x85\xdc\xa4y\xd2\x96\x89\x99\xe8|\xcf'
    b'Z"0\xa8>\x02\x81\xcd5|\xe4\xdfps \x0c\xb5\xf4\xc0\xb8\x82f\xe6\xa6.\x0f\xdd9\xa0\xdb\xa6%t\x92?\xb2W\xbd\x98\x9c\xacdl3\x14\xf2\xc1\x8d\xb6\xe9g)\xe4{(D\x8c\x94EeG ?7'
    b'\xa5M\x8b\x88\x84\x12\x15\xe2\x82\x9c\x99\xff\x84\x0c\xe6\xe7?t\x840\xbeF\xa3,N\xcaxa\xb6\x96\x8dhg\x80\x80\x1e\xce\xae\xef\xb9X\x84tS\x02\x9e"<\x98wrp`\xc5!\xedr\x07\xdb\xc7\x89\xb4\xbd+'
    b"g\x16\xbas\xda>\xabo\x8d8\xed\x1e+\xa5\x95%&:N\x1a\n\xf7\x895\xde'0K%\xbdxF\x80n\x81\x8d[\x08\xee\xa1G\x05\xbb\xeaG\xd7\xdd\x94G\xe0\xe0\x9e%\x7f\xa8H\xf9\xb8\x12\xb5\x04\x1c\xb0\xdd"
    b"4\xb6`K\xf4\xbe\x90\x822\xd6\xa7j_3J\xb7\xb9\xd6\x857<\xb2\x1c>\x88,o\xb9\xa9\xdb\x80$t\xbf-\x14\x9b#$TS`\x8a\xf7'\xdbi\x839 \x97\x9e\x18\xdct\xa7\xa0OT\xdc1_?0"
    b"\x92PZ\xa6\xd6\x8d\xe6\r\x13\xd7Jj\x8ed\xa6knV\xb8\xb9\xfa\xb4\xfe\xe8\xc3C\xfa\x86ed\xec\xb8`W8j\xd4\x1bu\x8d\x81E\xb0\xb42'\x1d\xeb\xdd!^\x90G\xf2PD\xcb\x8e1\xd1$\xd0V\xd6"
    b'\x88\xf5E2%G\xc0\x18\xbe\xd7\xf4\xa5\xe8\xdf\xc2\xb1\xfa\x00\x0fj\xa2\xe0C\xe7\xf1\x16B\x0c\x85\xbd\x143\xfd!\xdb\xf3\xce\x925U0\xa5\x95o.1\xdb\x8d\x8c\x81\xc3\xfd\xae\x0c\xd6\x17\xe3\x85\x01\xb8\xda\xf09f'
    b'\xf7\xef\x8a`\xbc^\xdaU~F\x93Q\xb9\xb7c\xf4\xe2\xa7s\xb3\xbb\xfd\xff^\x15u\xbc\xffeJ\xa1\x9dj\xeb\xd1\xb1\xb8q\xd3\xc6\xb09\x10A\xa7J\x17K\x10\x82\xd0\xa6<RJ!\xa6\xf6\x188\xd1\x02D\xf1'
    b"\x18D9\xbc\x05\xc46'r*\xabJ,\xdd(w\xfa\xb9\xe2\xdbf\xf1\xce\xb6\x96/\xbf\xeb\xc1SQ\x9f\x0e}9g\xdf\x8b\xb2\xc08\xa9\x82\xe3G\x82\x17tN\x00Ci{\xf2\xc3\xba\x03\xca\x90\xab\rg\xe5'"
    b'-OsQ\xc3\x98\xd9_\xe6f\x0f\xfe\x8e8\x10{#_;z\xc4~\xf3<H@OC\xbd\x88x\x87]\xebN\xef\x7fo\x13\xfe\xb98\x80\xb1$P\xef\x9c\xee\x15\xacHN\x89\xba/\xd7H\xd7\x8e\x1d\xb0%^'
    b'\xbb\x16\xbf\xf15j\x97\x06N\xfd9\xbd\xcbu?Z\xa3w\xed\xc9UB\x8e!\x91\xd9\x10\xdb\xd98\xf6\x90\xa0@\xa1\xfe\x13\x987*\xcf6\xdaP\xc5\xd2\xdc*G\xce9\\%\xda\xf5"q\xfc\x00\xf6*\xe3\x84e'
    b"$ko\x93~\xb7 s\x1f\xf3s\x88\xf4\xf2\xef5';\xda\xd0\xad,\xca\xce]\x1a\xf0\xac\xfeC\x9em\xa2#.\xe7\x16\x0eC\xdfb\xa0pM\x14-:x\x1d{\xf8V\xcb\x843\xc7[\x12\xd7\x86\r\xbd\x01\x89"
    b'?\xe9J\xa4\xfe\xd8\x8dV)\x9a\x08g\x83\xeefk\x89\x88OA\xda!A\xec2\x1dS\x82\x1f&[\x9c\xe2H\xdfy\xa9\x8eN\xd6\xa5:jg7\xf2c2\xb9\xb5\xaf_5(v\xbc\xe1D]>\xde\xc4\x83\xd6'
    b'e\xfd\x04~\xa1\x17)\xfe=\xad\x17\xd9\x93\x8d\xff\x0bY\xc9\x9bA'
))

CATALOGUE = (5210, '// Generated from the autofx tables. Do not edit.\nvar CATALOGUE = {\n "effects": {\n  "binary_counter": {\n   "kind": "mono",\n   "takes": [\n    "interval",\n    "count",\n    "step"\n   ]\n  },\n  "blink": {\n   "kind": "mono",\n   "takes": [\n    "speed",\n    "phase",\n    "duty"\n   ]\n  },\n  "blink_wave": {\n   "kind": "mono",\n   "takes": [\n    "speed",\n    "length",\n    "phase",\n    "duty"\n   ]\n  },\n  "flash": {\n   "kind": "mono",\n   "takes": [\n    "speed",\n    "flashes",\n    "window",\n    "phase",\n    "duty"\n   ]\n  }', 'eload": [\n   "manual",\n   "auto"\n  ],\n  "program": null,\n  "args": null,\n  "screen": [\n   "2.8",\n   "1.54"\n  ],\n  "stripdat": null,\n  "stripclk": null,\n  "stripapa": null\n },\n "board": {\n  "outputs": [\n   [\n    "rgb",\n    "colour"\n   ]\n  ],\n  "colour": "RGB LED",\n  "strips": [\n   [\n    "stripDat",\n    "DAT"\n   ],\n   [\n    "stripClk",\n    "CLK"\n   ],\n   [\n    "stripApa",\n    "both terminals, DAT and CLK"\n   ]\n  ],\n  "screens": [\n   [\n    "screen",\n    "SP/CE"\n   ]\n  ],\n  "hub": false,\n  "sound": false\n }\n};\n', (
    b'x\xda\xcdX\xddO\xe46\x10\x7f\xdf\xbf\xc2\xca3\x02\xb5j\xa5\x8a\xaa\x0f\x14\x10\x0f\x87\xd4\xaa\xbd>!\x14y\x93Ib\xadc\xe7lg\x17T\xdd\xff^\x7f\xc7q\x02\xc7.T\xba\x17\x14\xcfx~3\x9e\xef\xe5\xe2'
    b"\x02\xdd\x01\x03\x81\x15\xd4\xa8\x11\xbcG\xaa\x03\x84G\xc5\x9b'\xa4\xf0\x96\x82<G7\x1c1\xae\x10\xd4D\x9do\xf6X\xa0\xeb\xab\xcfW\xf7\x7f\xdc\xfds\x8b~C\xffnP\x01M\x03\x95\x92\xc5\xa59\xa1bK\x18\x16"
    b'\xcfe\xc5G\xa6@x**v\x84\xd5\xfaP\xf4\x9c\xf1\xe2\xcc\x92\x14\xde\x81\x11{0\'T\x10s\x7f\x8f\xa9\xe3\xa2\xc2"\x84\x83T0\x14\xe6\xf3Q\xff\xf9zf\x15Q\xc2vG\xe0\xcb\x01\xa0\x0exC\x87%\x84'
    b'C=\xaa\xe75\xf0\xf2\x80\xf7p\xaa\x06\n\xacU\xdd[\xf55\x14\xcb\xeeTUVXs\xfd\xf1\xa0\xa5\xf9\xe1(\xcd\xa5\x84/#\xb0\xea\x83^\xfbN\x83H\xb5;*s\xb6\x82\xb4\x9db \xa3\xc6\x9a\xf4\xe9\xd1]'
    b'({\xc2r\n~JD\xd2\x0b\xf6\xa8\xb9\xab\xb6\x95\x80\xab\xee\xbb4\xb0\x93\xfb\x85]\x15\xa7|\x14\xeb\x96uc\x0c\x85\xc4\xb1\xdaL\x15f\xb8#\x94\xb6\x06\x8f\x01\xcf+\xfaeeI\x95\xcbL3\xe3\xecmY9'
    b'\x89\x0c\xa0\xc3\x84YY\t.%a\xed\x11\x91\x12P\x97\xb9\xd96\x9b5\xcc\x82\xd1\n\x00\xb6\xa0\xe2~\xab3$R\xe7\xaf\x19F*\xe1}Mk\x05\xf0\xc3\x1b\xd5\\\x87\xc0\x84mu\x01\x1f\x13\xfb\x99\x8aWS\xcb'
    b'\xa3\xaf\xbf\xe1\xcd*\xe6\xaf\xf8\x86B\xdd\x8e\xfawL\xa6\xa9\x9c\x97\x15\xeb\xa8\x8b\xbat:\x8f\xed\x1b\x1f\xa1\xb8\xdd\x1e\xe5T1\xb9\xd4\xa6wTBGXB\x97\xebC\xf85\x05)\xef\xc8\xa1,\x15V\xa4:\xad\xef'
    b'fH\x07X\xe9e\'\x15\x0c<)\x98\xf6\x94\x8e\xd3:\xd3\xa5\x04n\x1aR\x95\xd4\xd8\xf2\xceVdhY\x7f9\xa9\x17m\xacm\x85\xac\xacT\xb6\xc1\xb5\xa4\tV\x14\r\xa1>"E3\xf8q\x95\xa5eA9\x1f'
    b'\xfc\xe7`\xda\xe4\xc0u\xcb\xf52DHUbY\xea\x16\xea}\x14]\xf4h\xbd\xd3\n<t\xa4\x92Gi<\x90:\x04\xa0\xe8\xc0\xfa5\x02\x92\x1e\xb70G\x8b\xbcd\xcb\xf1lm\x0b\x88\xff\xeb\x81\xde\xcbx\xac\t'
    b'7\xb1v\x1f\x91\x94\xfb]7\xc05/X\xed\t\x9c\x04\xa5\xb4\x15Q\xcc\xe5\xa6\x86g\xa3\x89v\xe1\xc6\x82-%Ml\x04\xae\x14\xe1\xae\x8e]Q-\xa8~?[\xd0}\xa2_\xa6\xbbx\xdc\xed\xe6T7\xb9\xe74'
    b'_\x19\x97\xc6D\xec!\x93\x8a\\\xa8\xcb\xba\xdb\xab|\xdd\xe7\x96\x8f\xf3;\xd5\x0b\x82\x01TB\xc5Y-\xe7,\x877c\x85}k\x95\xber?&M\xce\xb0\xf9\x90\x13\x9d\x9f4\xf5\xa0\xd9091#\xcd\x9a@\x8e'
    b'\xb1\xd2\r\xf2+\xcb\xdd%\xbf\x915\x8e\x9c\xfd\r|\xe1Ro\xfb\xac \x81\x9b\x93\xec\xe8\x98Q:G\xc0\xac\x8dO\xc7j\x197\xafpN\xf4\xf3c>e\\\xbd\x98\x1a\xc0\xbdG\xf4\xa5=\xa7\xb9\x1cM\x0b\xc5V'
    b'\x971\x8ek\x9f\x87,\x9d\xaa<\xe7\xcc\xeb=\xe7\xba\xbe4\xaf\x02\xdf\x9f"\xd1W\xb13>\xb4=\xed#\\\xed\x12w\xf9\xa7r\xea\xbf\x9e\x83\x8ai(\x17\xa6\xd11\x85\xdd\x81\xeb\r\xa3\x85h\xbe\xc7\x1aF1$'
    b'\xa9\xe4\xad\xc4\xa2\xf7_\x1d\t!y\x06Ju\x0f\xd8\xd8NYT\x1df\x0chi\xa6Tl4\x14\xf6\xb0\x12\x90\x06\xd7\xb0\xc8\x0b\xf0\xedg^l\xfa\x8da\nf \x82\x9b\xd9\xcem\xe6|\x19\xb1P!>=\x11'
    b"\x82\x8b\x95\x08=i\xf3j>n]\xdc\x03s>\xd8\x06.Tt\xb1\xa3\x85\x17J%\xc80\xf1\xcc\xa9\xc6\xb1\x99\xe9SEw\xc9\t\x0f8H\xf2Q\r\xa3*\x936\xfc0y'M\xd1\xc9;\x93K\x82vg_"
    b"\x8e19h\xee\x94\xd4\x13.\xdaM\xa3e'\xaf\xb6B\xe7V\xbd\xe2\x1a\xb7\x81\xb8!h5\xebo\xf7\x8b\xe8\xc1\xe3\x84\xe4\x18 <\xdf+\xf2\x02[\x8eE]\xe6C\xa7\x16d?\x8d\xd1\x1e\xb3\xd1\xad\x17\x8f\x1e\x8d"
    b'r\\\xe7l7\xce\xcc\xbf\x97\xa6\x9b\x83\xe0z\x030\xcb8\x1b)u\x1dGX5\xf1\xec\xe3\x16\xc0~<\xff\xc5#\xfdp\xfe\xf3O\xc9l\x0f!LEC s\x9a\t\xa7\xa3\xf9\x84\xb1\xaf\x0c\x8fs\x11\x8e+I'
    b'\xd8\xc7\xf4&}6\xdba\xc3:\xf5\x985\xa6\xbf\xee~G\xf7\xb77I\xfa\xe4X\x96x3\xfdH\xb9\xb9\xfa\xec\xd0\xce\xf2K\xd7>\r\xf5\xf9\xfa\xfe\xd3\x0b\x97\xae\x06\x1c\xf7t\xae:\xa4\xabGO.L\xe5\x19\xd2'
    b'\xc8H\xff\xf6@Qxr\x98\xf5\xeb\xc2\xb2*\xdd\xfa\xff\xfe\xf3\xe2\xfa6\x93\xebF\xf3\x8b\xa2\xd1\xe8\xe0pl\xeay\x8av\xe7\xe6\xeb\xaf\x9b\xff\x00\xc1\xdbx\xc9'
))

CATALOGUE_WITHOUT_SCREENS = (5119, '// Generated from the autofx tables. Do not edit.\nvar CATALOGUE = {\n "effects": {\n  "binary_counter": {\n   "kind": "mono",\n   "takes": [\n    "interval",\n    "count",\n    "step"\n   ]\n  },\n  "blink": {\n   "kind": "mono",\n   "takes": [\n    "speed",\n    "phase",\n    "duty"\n   ]\n  },\n  "blink_wave": {\n   "kind": "mono",\n   "takes": [\n    "speed",\n    "length",\n    "phase",\n    "duty"\n   ]\n  },\n  "flash": {\n   "kind": "mono",\n   "takes": [\n    "speed",\n    "flashes",\n    "window",\n    "phase",\n    "duty"\n   ]\n  }', 'epeat",\n  "mirror"\n ],\n "board_settings": {\n  "drive": [\n   "manual"\n  ],\n  "reload": [\n   "manual",\n   "auto"\n  ],\n  "program": null,\n  "args": null,\n  "stripdat": null,\n  "stripclk": null,\n  "stripapa": null\n },\n "board": {\n  "outputs": [\n   [\n    "rgb",\n    "colour"\n   ]\n  ],\n  "colour": "RGB LED",\n  "strips": [\n   [\n    "stripDat",\n    "DAT"\n   ],\n   [\n    "stripClk",\n    "CLK"\n   ],\n   [\n    "stripApa",\n    "both terminals, DAT and CLK"\n   ]\n  ],\n  "screens": [],\n  "hub": false,\n  "sound": false\n }\n};\n', (
    b'x\xda\xcdXKO\xe48\x10\xbe\xf7\xaf\xb0rF3wV{`a\xc4a\x90FZ\xcd\x9e\x10\x8a\xaa\x93Jb\xb5cgl\xa7\x1b\xb4\x9a\xff\xbe~\xc5\x89\x9d\xc0\xd0\xc0JsA\xa9*\xfb\xabr\xbd\x9b\xcf\x9f\xc9'
    b'-r\x94\xa0\xb1&\x8d\x14=\xd1\x1d\x12\x18\xb5h\x1e\x89\x86=C\xf5\x89\xdc\x08\xc2\x85&XS\xfdiw\x04I\xae\xaf\xbe_\xdd}\xbb\xfd\xe7\x0b\xf9\x93\xfc\xbb#\x056\rVZ\x15\x97\x96"\xc5\x9er\x90Oe'
    b'%F\xaeQ\x06.)\x0e\x94\xd7\x86(z\xc1Eq\xe1X\x1a\x0eh\xaf\xdd[\x8a\x14\xd4\x9e?\x02\xf3RR8\x84\x89P\x1a\x87\xc2~>\x98??/\x9c"F\xf9\xe1\x0c|5 \xd6\x13\xde\xd0\x81\xc2\x89\xa8G'
    b'\xfd\xb4\x05^\x9e\xe0\x88o\xd5\xc0\x90\xb7\xba{\xad\xbe\x86\x81\xea\xde\xaa\xca]6\xd2@\x9e\xccmq:Ks\xa9\xf0\xc7\x88\xbc\xfa\xa0\xd7\xbe\xd3 Z\x1d\xce\xca\x9c\xbd\xa4m\xa79\xaa\xa8\xb1\xa6\xfd\x92\xf4\x07\xca\x9e'
    b'\xf2\x9c\x03\x8f\x8b+\xcb\x03\x8e4\xd2M\xdbJ\x84\xaa\xfb-\r\xec\xd4qeW%\x98\x18\xe5\xb6e\xdd\x18C\xa1 V\x9b\xad\xc2\x0cw\xc4\xd2\xd5\xe09\xe0yE?\xaflQ\xe5*\xd3\xcc\x05\x7f]V\xceW\x06'
    b'4a\x02^VR(Ey{F\xa4$\xd6en\xb6\xcbf\x03\xb3\x12\xb4\x12\x91\xaf\xb8\xd0\xefM\x86Dn\xfa\x9aad\n\xdf\xd7\xb46\x00?\xbcQ\xa5:$P\xbe7\x05|N\xec\x13\x15/\xa6V@\xdf~'
    b'\xc3\xabU\xa4\xaf\xf8\x85B\xd3\x8e\xfawL\xa6\xb9\x9c\xd7\x15\xeb\xb9\xab\xba\xf4:\xcf\xed\x1b\x1f\xa1\xb8\xdd\x9f\xe5T9\xbb\xd4\xa5wT\xc2F\\C\x97\xdbC\xf8%\x05K\xd9\x99CYi\xd0\xb4z[\xdf\xcd\x90N'
    b'\xb8\xd1\xcb\xdeT0\xf8\xa8q\xdeS:\xc1\xeaL\x97\x96\xd04\xb4*\x99\xb5\xe5\x9d\xad\xc8\xf2\xb2\xfe\xf2\xa6^\xb4s\xb6\x15\xaar\xb7\xb2\r\xae\xa5\xcddE\xd1P\x16"R4C\x18WYZ\x16L\x88!|\x0e'
    b'\xb6M\x0e\xc2\xb4\xdcp\x87J\xa5KP\xa5i\xa1\xc1G\xd1E\x0f\xce;\xad\x84\xa1\xa3\x95:K\xe3\x89\xd6S\x00\x8a\x0e\x9d_# \xed\xa1\xc5\x14-\xca\x16[N\x10\x1b[P\xfe_\x0f\x0c^\x86\xb1\xa6\xc2\xc6\xda'
    b'\x7fDV\xeew\xd3\x00\xb7\xbc\xe0\xb4/\xe0\x14jm\xac\x88\xd7|n\x1ax>\xdah\x17~,\xb8R2\xccFB\xa5\xa9\xf0u\xec\x8bj\xc5\r\xfb\xd9\x8a\x1f\x12\xfdr\xb9\x8b\xc7\xdd.\xe5\xfa\xc9\x9d\xf2Be\\'
    b"Z\x13!@.*r\xa5.\xebn/\xcaM\x9f[?.\xecT\xcf\\\x9c@\x15V\x82\xd7*\x15y\xbcD4\xed[\x9b\xfc\x8d\xf31ir\x81\xcb\x87\x9c\xe9\xfdd\xb8'#\xc6\xd9\x89\x19+i\x029\xc6F7"
    b'\xc8\x8f\xacw\x97\xfcD\xd68r\xf1/\xf0\xa5O\xbd\xfd\x93\xc6\x05\\\xcar\xa3#\xe1t\x9e\x01\xbc\x8dO\x07\xbd\x8e[P\x982\xc3\xfcH\xa7\x8c\xaf\x17[\x03\xd0\x07\xc4P\xda)\xcf\xe7\xe8\xb2P\\uY\xe3\x84'
    b'\xf1\xf9\x94\xa5s\x95\xe7\x92\xb4\xdes\xa9\xefKi\x15\x84\xfe\x14\x99\xa1\x8a\xbd\xf1S\xdb3>\x82\xea\xb0pWx\xaa`\xe1\xebiR1\x0f\xe5\xc26:\xae\xc1\x13\xc2l\x18-F\xf3\x03\xd60\xcaa\x91J\xc1J'
    b'\x90}\xf8\xea\xe8\x14\x92\'d\xcc\xf4\x80\x9d\xeb\x94E\xd5\x01\xe7\xc8J;\xa5b\xa3ax\xc4\x8d\x804P\xe3*/0\xb4\x9f\xb4\xd8\xcc\x1b\xa7)\x98\x81Hag\xbbp\x99\xf3c\x04\xa9\xa7\xf8\xf4TJ!7"'
    b'\xf4h\xcc\xab\xc5\xb8\xf7q\x9f\x84\xe9`\x1b\x84\xd4\xfe\xb7\x81cjI\x87\xe8qG\xd5\x10\xfb\x97\xa1*vXP0\xc0\xe4\x0e1\xeaa\xd4\xe5\xa2\xf3\xde\xcf\x0eYf\xe5\xec\x90\xd9\x0b\x01#\x98\x94c\xcc>I\xfd'
    b'\xb0|\xbc\x0fp\xd3\x98\xbb\xb3#[i\xd2\xa9\xde\xf0\x86_:\xfc\xdcs\x9a\xcd\xb7\xff\x11t\x1fp\xa6|\x18pz~P\x14.\xec\x05\xc8\xba\xcc\xe7L-\xe9q\x9e\x9c=\xf0\xd1o\x14\x0f\x01\x8d\t\xa8s\xb1\x9f'
    b'`\xf6?J\xf3\xc9A\n3\xf4\xed\xfe\xcdG\xc6|\x93\x91NM\xa4clr\x9e\x8dP\xce\xb3q\xf2\xbc\x10|g\xfed\xb5\x0f]\\/\xa6\xdd\xcal\xc5\x17\xc9>:\xadF\x0fY\x93\xf9\xfb\xf6/r\xf7\xe5f'
    b'\x91\x179\x96c\xde\xcc?8n\xae\xbe{\xb4\x8b\xfc\xd0u\xc8/C_\xdf}}\xe6\xd0\xd5\x00q\xe7\x16\xba#\xa6\x12\xcc\x14\x02\xa6.\x88A&\xe6w\x04\x89\x97\xe7\xc5\xc6%WLu\xdba\xed\xda\xdf\x98k\xe8'
    b'\x0f\xb8d\t\x1c\xe3\xa7\xdd\xcf?v\xff\x01\x9f\xdaf\x9b'
))
